date,side,signal_ts,entry_ts,entry,stop,exit_ts,exit,reason,risk,net_points,netR,dollars
2016-01-04,-1,2016-01-04 10:00:00,2016-01-04 10:05:00,7217.0,7251.75,2016-01-04 15:55:00,7251.75,stop,34.75,-35.5,-1.0215827338129495,-710.0
2016-01-05,-1,2016-01-05 09:50:00,2016-01-05 09:55:00,7257.75,7279.75,2016-01-05 15:55:00,7241.25,close,22.0,15.75,0.7159090909090909,315.0
2016-01-06,1,2016-01-06 10:05:00,2016-01-06 10:10:00,7195.75,7166.25,2016-01-06 15:55:00,7202.0,close,29.5,5.5,0.1864406779661017,110.0
2016-01-07,1,2016-01-07 10:30:00,2016-01-07 10:35:00,7145.5,7096.75,2016-01-07 13:10:00,7096.75,stop,48.75,-49.5,-1.015384615384615,-990.0
2016-01-08,1,2016-01-08 09:55:00,2016-01-08 10:00:00,7119.0,7088.5,2016-01-08 10:10:00,7088.5,stop,30.5,-31.25,-1.024590163934426,-625.0
2016-01-11,-1,2016-01-11 09:45:00,2016-01-11 09:50:00,7040.0,7070.0,2016-01-11 15:55:00,7041.25,close,30.0,-2.0,-0.0666666666666666,-40.0
2016-01-13,-1,2016-01-13 09:50:00,2016-01-13 09:55:00,7092.25,7117.5,2016-01-13 15:55:00,6939.0,close,25.25,152.5,6.03960396039604,3050.0
2016-01-14,-1,2016-01-14 09:50:00,2016-01-14 09:55:00,6916.0,6961.5,2016-01-14 10:25:00,6961.5,stop,45.5,-46.25,-1.0164835164835164,-925.0
2016-01-20,-1,2016-01-20 09:50:00,2016-01-20 09:55:00,6819.5,6856.25,2016-01-20 13:50:00,6856.25,stop,36.75,-37.5,-1.020408163265306,-750.0
2016-01-21,-1,2016-01-21 09:55:00,2016-01-21 10:00:00,6865.5,6911.5,2016-01-21 10:10:00,6911.5,stop,46.0,-46.75,-1.016304347826087,-935.0
2016-01-22,1,2016-01-22 09:50:00,2016-01-22 09:55:00,6989.25,6965.75,2016-01-22 15:55:00,7016.0,close,23.5,26.0,1.1063829787234043,520.0
2016-01-25,1,2016-01-25 10:00:00,2016-01-25 10:05:00,7015.0,6997.75,2016-01-25 10:40:00,6997.75,stop,17.25,-18.0,-1.0434782608695652,-360.0
2016-01-26,-1,2016-01-26 09:45:00,2016-01-26 09:50:00,6940.0,6977.25,2016-01-26 10:25:00,6977.25,stop,37.25,-38.0,-1.0201342281879195,-760.0
2016-01-27,-1,2016-01-27 09:55:00,2016-01-27 10:00:00,6951.5,6976.25,2016-01-27 12:05:00,6976.25,stop,24.75,-25.5,-1.0303030303030305,-510.0
2016-01-28,-1,2016-01-28 10:00:00,2016-01-28 10:05:00,6919.75,6955.5,2016-01-28 15:55:00,6942.5,close,35.75,-23.5,-0.6573426573426573,-470.0
2016-01-29,1,2016-01-29 10:15:00,2016-01-29 10:20:00,6988.5,6941.0,2016-01-29 15:55:00,7031.5,close,47.5,42.25,0.8894736842105263,845.0
2016-02-01,-1,2016-02-01 10:00:00,2016-02-01 10:05:00,6997.0,7022.75,2016-02-01 10:40:00,7022.75,stop,25.75,-26.5,-1.029126213592233,-530.0
2016-02-03,-1,2016-02-03 09:50:00,2016-02-03 09:55:00,6941.0,6976.5,2016-02-03 15:55:00,6929.0,close,35.5,11.25,0.3169014084507042,225.0
2016-02-04,1,2016-02-04 10:10:00,2016-02-04 10:15:00,6929.25,6884.25,2016-02-04 15:55:00,6928.75,close,45.0,-1.25,-0.0277777777777777,-25.0
2016-02-05,-1,2016-02-05 09:45:00,2016-02-05 09:50:00,6867.25,6915.75,2016-02-05 15:55:00,6782.5,close,48.5,84.0,1.731958762886598,1680.0
2016-02-08,-1,2016-02-08 10:25:00,2016-02-08 10:30:00,6682.5,6719.0,2016-02-08 15:40:00,6719.0,stop,36.5,-37.25,-1.0205479452054795,-745.0
2016-02-09,1,2016-02-09 09:45:00,2016-02-09 09:50:00,6737.0,6663.0,2016-02-09 15:55:00,6708.75,close,74.0,-29.0,-0.3918918918918919,-580.0
2016-02-10,1,2016-02-10 09:50:00,2016-02-10 09:55:00,6772.25,6737.75,2016-02-10 15:25:00,6737.75,stop,34.5,-35.25,-1.0217391304347827,-705.0
2016-02-11,1,2016-02-11 09:50:00,2016-02-11 09:55:00,6699.5,6670.0,2016-02-11 11:10:00,6670.0,stop,29.5,-30.25,-1.0254237288135593,-605.0
2016-02-12,-1,2016-02-12 09:45:00,2016-02-12 09:50:00,6741.5,6770.0,2016-02-12 11:25:00,6770.0,stop,28.5,-29.25,-1.0263157894736843,-585.0
2016-02-15,1,2016-02-15 09:55:00,2016-02-15 10:00:00,6844.25,6832.0,2016-02-15 12:55:00,6841.75,close,12.25,-3.25,-0.2653061224489796,-65.0
2016-02-16,-1,2016-02-16 10:00:00,2016-02-16 10:05:00,6832.25,6854.5,2016-02-16 12:55:00,6854.5,stop,22.25,-23.0,-1.0337078651685394,-460.0
2016-02-17,1,2016-02-17 10:05:00,2016-02-17 10:10:00,6913.25,6890.25,2016-02-17 15:55:00,6962.25,close,23.0,48.25,2.097826086956522,965.0
2016-02-18,-1,2016-02-18 10:05:00,2016-02-18 10:10:00,6944.25,6977.25,2016-02-18 15:55:00,6916.0,close,33.0,27.5,0.8333333333333334,550.0
2016-02-19,1,2016-02-19 10:15:00,2016-02-19 10:20:00,6923.75,6885.75,2016-02-19 15:55:00,6928.5,close,38.0,4.0,0.1052631578947368,80.0
2016-02-22,1,2016-02-22 09:55:00,2016-02-22 10:00:00,6984.75,6962.25,2016-02-22 15:55:00,6994.5,close,22.5,9.0,0.4,180.0
2016-02-23,-1,2016-02-23 10:05:00,2016-02-23 10:10:00,6958.25,6982.0,2016-02-23 15:55:00,6926.5,close,23.75,31.0,1.305263157894737,620.0
2016-02-24,-1,2016-02-24 09:45:00,2016-02-24 09:50:00,6862.75,6880.75,2016-02-24 11:40:00,6880.75,stop,18.0,-18.75,-1.0416666666666667,-375.0
2016-02-25,-1,2016-02-25 09:55:00,2016-02-25 10:00:00,6946.25,6981.25,2016-02-25 13:40:00,6981.25,stop,35.0,-35.75,-1.0214285714285714,-715.0
2016-02-26,-1,2016-02-26 10:00:00,2016-02-26 10:05:00,7018.75,7039.25,2016-02-26 15:55:00,7000.0,close,20.5,18.0,0.8780487804878049,360.0
2016-02-29,1,2016-02-29 09:50:00,2016-02-29 09:55:00,7012.5,6990.25,2016-02-29 14:20:00,6990.25,stop,22.25,-23.0,-1.0337078651685394,-460.0
2016-03-01,1,2016-03-01 10:00:00,2016-03-01 10:05:00,7015.5,6989.5,2016-03-01 15:55:00,7097.75,close,26.0,81.5,3.1346153846153846,1630.0
2016-03-02,-1,2016-03-02 09:50:00,2016-03-02 09:55:00,7080.25,7098.25,2016-03-02 10:10:00,7098.25,stop,18.0,-18.75,-1.0416666666666667,-375.0
2016-03-03,-1,2016-03-03 10:10:00,2016-03-03 10:15:00,7070.75,7096.0,2016-03-03 15:55:00,7090.5,close,25.25,-20.5,-0.8118811881188119,-410.0
2016-03-04,-1,2016-03-04 09:50:00,2016-03-04 09:55:00,7066.5,7098.75,2016-03-04 11:05:00,7098.75,stop,32.25,-33.0,-1.0232558139534884,-660.0
2016-03-07,-1,2016-03-07 09:50:00,2016-03-07 09:55:00,7060.25,7077.25,2016-03-07 11:20:00,7077.25,stop,17.0,-17.75,-1.0441176470588236,-355.0
2016-03-08,1,2016-03-08 09:45:00,2016-03-08 09:50:00,7047.0,7024.25,2016-03-08 15:55:00,7024.25,stop,22.75,-23.5,-1.032967032967033,-470.0
2016-03-10,1,2016-03-10 09:55:00,2016-03-10 10:00:00,7096.75,7064.75,2016-03-10 10:30:00,7064.75,stop,32.0,-32.75,-1.0234375,-655.0
2016-03-11,1,2016-03-11 09:50:00,2016-03-11 09:55:00,7104.0,7088.0,2016-03-11 10:05:00,7088.0,stop,16.0,-16.75,-1.046875,-335.0
2016-03-14,1,2016-03-14 10:25:00,2016-03-14 10:30:00,7123.5,7108.75,2016-03-14 15:55:00,7132.5,close,14.75,8.25,0.559322033898305,165.0
2016-03-15,-1,2016-03-15 10:00:00,2016-03-15 10:05:00,7105.75,7124.0,2016-03-15 10:30:00,7124.0,stop,18.25,-19.0,-1.0410958904109588,-380.0
2016-03-16,1,2016-03-16 09:50:00,2016-03-16 09:55:00,7135.5,7121.0,2016-03-16 15:55:00,7171.0,close,14.5,34.75,2.396551724137931,695.0
2016-03-17,-1,2016-03-17 10:10:00,2016-03-17 10:15:00,7146.5,7168.75,2016-03-17 12:25:00,7168.75,stop,22.25,-23.0,-1.0337078651685394,-460.0
2016-03-18,-1,2016-03-18 09:45:00,2016-03-18 09:50:00,7154.25,7181.25,2016-03-18 11:05:00,7181.25,stop,27.0,-27.75,-1.0277777777777777,-555.0
2016-03-22,1,2016-03-22 09:50:00,2016-03-22 09:55:00,7181.0,7165.25,2016-03-22 15:55:00,7203.75,close,15.75,22.0,1.3968253968253967,440.0
2016-03-24,1,2016-03-24 09:50:00,2016-03-24 09:55:00,7154.75,7139.5,2016-03-24 15:55:00,7169.25,close,15.25,13.75,0.9016393442622952,275.0
2016-03-28,-1,2016-03-28 09:45:00,2016-03-28 09:50:00,7156.5,7183.25,2016-03-28 15:55:00,7164.25,close,26.75,-8.5,-0.3177570093457944,-170.0
2016-03-29,1,2016-03-29 10:05:00,2016-03-29 10:10:00,7167.0,7149.75,2016-03-29 15:55:00,7233.75,close,17.25,66.0,3.8260869565217392,1320.0
2016-03-30,1,2016-03-30 09:45:00,2016-03-30 09:50:00,7279.5,7255.5,2016-03-30 11:30:00,7255.5,stop,24.0,-24.75,-1.03125,-495.0
2016-03-31,1,2016-03-31 09:45:00,2016-03-31 09:50:00,7259.5,7247.75,2016-03-31 14:05:00,7247.75,stop,11.75,-12.5,-1.0638297872340423,-250.0
2016-04-01,1,2016-04-01 09:45:00,2016-04-01 09:50:00,7234.5,7215.75,2016-04-01 15:55:00,7297.0,close,18.75,61.75,3.293333333333333,1235.0
2016-04-04,1,2016-04-04 10:05:00,2016-04-04 10:10:00,7298.75,7288.5,2016-04-04 10:15:00,7288.5,stop,10.25,-11.0,-1.0731707317073171,-220.0
2016-04-05,1,2016-04-05 10:05:00,2016-04-05 10:10:00,7257.25,7239.0,2016-04-05 11:45:00,7239.0,stop,18.25,-19.0,-1.0410958904109588,-380.0
2016-04-06,1,2016-04-06 09:50:00,2016-04-06 09:55:00,7254.25,7241.5,2016-04-06 15:55:00,7310.5,close,12.75,55.5,4.352941176470588,1110.0
2016-04-07,-1,2016-04-07 09:45:00,2016-04-07 09:50:00,7275.0,7291.75,2016-04-07 15:55:00,7243.0,close,16.75,31.25,1.8656716417910448,625.0
2016-04-08,1,2016-04-08 09:55:00,2016-04-08 10:00:00,7276.5,7263.75,2016-04-08 10:50:00,7263.75,stop,12.75,-13.5,-1.0588235294117647,-270.0
2016-04-11,1,2016-04-11 10:05:00,2016-04-11 10:10:00,7281.0,7254.25,2016-04-11 11:30:00,7254.25,stop,26.75,-27.5,-1.02803738317757,-550.0
2016-04-12,-1,2016-04-12 10:05:00,2016-04-12 10:10:00,7212.75,7233.5,2016-04-12 10:50:00,7233.5,stop,20.75,-21.5,-1.036144578313253,-430.0
2016-04-13,1,2016-04-13 10:10:00,2016-04-13 10:15:00,7317.0,7291.75,2016-04-13 15:55:00,7320.75,close,25.25,3.0,0.1188118811881188,60.0
2016-04-14,-1,2016-04-14 09:50:00,2016-04-14 09:55:00,7310.5,7324.0,2016-04-14 10:20:00,7324.0,stop,13.5,-14.25,-1.0555555555555556,-285.0
2016-04-18,1,2016-04-18 09:55:00,2016-04-18 10:00:00,7308.5,7293.5,2016-04-18 15:55:00,7333.5,close,15.0,24.25,1.6166666666666667,485.0
2016-04-19,-1,2016-04-19 09:50:00,2016-04-19 09:55:00,7310.0,7343.0,2016-04-19 15:55:00,7306.5,close,33.0,2.75,0.0833333333333333,55.0
2016-04-20,1,2016-04-20 09:50:00,2016-04-20 09:55:00,7312.75,7289.75,2016-04-20 15:55:00,7308.5,close,23.0,-5.0,-0.217391304347826,-100.0
2016-04-21,-1,2016-04-21 09:45:00,2016-04-21 09:50:00,7291.5,7309.75,2016-04-21 10:35:00,7309.75,stop,18.25,-19.0,-1.0410958904109588,-380.0
2016-04-22,-1,2016-04-22 10:15:00,2016-04-22 10:20:00,7235.5,7271.25,2016-04-22 15:55:00,7241.0,close,35.75,-6.25,-0.1748251748251748,-125.0
2016-04-26,1,2016-04-26 09:45:00,2016-04-26 09:50:00,7254.75,7240.25,2016-04-26 10:10:00,7240.25,stop,14.5,-15.25,-1.0517241379310345,-305.0
2016-04-27,-1,2016-04-27 09:50:00,2016-04-27 09:55:00,7169.75,7192.75,2016-04-27 15:45:00,7192.75,stop,23.0,-23.75,-1.0326086956521738,-475.0
2016-04-28,1,2016-04-28 09:55:00,2016-04-28 10:00:00,7199.25,7182.25,2016-04-28 13:10:00,7182.25,stop,17.0,-17.75,-1.0441176470588236,-355.0
2016-04-29,-1,2016-04-29 09:45:00,2016-04-29 09:50:00,7112.75,7138.0,2016-04-29 15:55:00,7105.25,close,25.25,6.75,0.2673267326732673,135.0
2016-05-02,1,2016-05-02 10:15:00,2016-05-02 10:20:00,7119.5,7100.75,2016-05-02 15:55:00,7146.25,close,18.75,26.0,1.3866666666666667,520.0
2016-05-03,-1,2016-05-03 09:45:00,2016-05-03 09:50:00,7106.0,7125.75,2016-05-03 13:20:00,7125.75,stop,19.75,-20.5,-1.0379746835443038,-410.0
2016-05-04,1,2016-05-04 09:55:00,2016-05-04 10:00:00,7088.25,7074.25,2016-05-04 11:25:00,7074.25,stop,14.0,-14.75,-1.0535714285714286,-295.0
2016-05-05,-1,2016-05-05 09:55:00,2016-05-05 10:00:00,7080.5,7095.5,2016-05-05 10:10:00,7095.5,stop,15.0,-15.75,-1.05,-315.0
2016-05-09,1,2016-05-09 09:55:00,2016-05-09 10:00:00,7122.5,7097.0,2016-05-09 15:55:00,7109.5,close,25.5,-13.75,-0.5392156862745098,-275.0
2016-05-10,1,2016-05-10 09:45:00,2016-05-10 09:50:00,7134.25,7117.75,2016-05-10 15:55:00,7170.75,close,16.5,35.75,2.1666666666666665,715.0
2016-05-11,1,2016-05-11 10:20:00,2016-05-11 10:25:00,7169.25,7155.75,2016-05-11 11:00:00,7155.75,stop,13.5,-14.25,-1.0555555555555556,-285.0
2016-05-12,-1,2016-05-12 09:55:00,2016-05-12 10:00:00,7117.25,7146.25,2016-05-12 15:55:00,7111.5,close,29.0,5.0,0.1724137931034483,100.0
2016-05-16,1,2016-05-16 09:45:00,2016-05-16 09:50:00,7112.75,7097.75,2016-05-16 15:55:00,7150.25,close,15.0,36.75,2.45,735.0
2016-05-17,-1,2016-05-17 10:00:00,2016-05-17 10:05:00,7134.0,7159.0,2016-05-17 15:55:00,7094.25,close,25.0,39.0,1.56,780.0
2016-05-18,1,2016-05-18 10:00:00,2016-05-18 10:05:00,7102.25,7086.5,2016-05-18 14:25:00,7086.5,stop,15.75,-16.5,-1.0476190476190477,-330.0
2016-05-19,-1,2016-05-19 09:50:00,2016-05-19 09:55:00,7083.5,7103.75,2016-05-19 15:55:00,7088.0,close,20.25,-5.25,-0.2592592592592592,-105.0
2016-05-20,1,2016-05-20 09:45:00,2016-05-20 09:50:00,7124.0,7102.75,2016-05-20 15:55:00,7135.0,close,21.25,10.25,0.4823529411764706,205.0
2016-05-24,1,2016-05-24 09:45:00,2016-05-24 09:50:00,7172.0,7152.0,2016-05-24 15:55:00,7217.5,close,20.0,44.75,2.2375,895.0
2016-05-25,1,2016-05-25 09:50:00,2016-05-25 09:55:00,7241.5,7226.5,2016-05-25 15:55:00,7249.5,close,15.0,7.25,0.4833333333333333,145.0
2016-05-26,-1,2016-05-26 09:50:00,2016-05-26 09:55:00,7245.0,7260.25,2016-05-26 10:30:00,7260.25,stop,15.25,-16.0,-1.0491803278688523,-320.0
2016-05-27,1,2016-05-27 09:45:00,2016-05-27 09:50:00,7273.5,7264.75,2016-05-27 15:55:00,7285.5,close,8.75,11.25,1.2857142857142858,225.0
2016-05-31,1,2016-05-31 09:45:00,2016-05-31 09:50:00,7295.5,7288.0,2016-05-31 10:40:00,7288.0,stop,7.5,-8.25,-1.1,-165.0
2016-06-01,1,2016-06-01 10:00:00,2016-06-01 10:05:00,7287.75,7277.75,2016-06-01 15:55:00,7294.75,close,10.0,6.25,0.625,125.0
2016-06-02,-1,2016-06-02 09:45:00,2016-06-02 09:50:00,7267.25,7287.5,2016-06-02 10:35:00,7287.5,stop,20.25,-21.0,-1.037037037037037,-420.0
2016-06-03,-1,2016-06-03 09:45:00,2016-06-03 09:50:00,7279.0,7297.75,2016-06-03 15:55:00,7283.0,close,18.75,-4.75,-0.2533333333333333,-95.0
2016-06-06,1,2016-06-06 09:45:00,2016-06-06 09:50:00,7295.25,7285.25,2016-06-06 12:50:00,7285.25,stop,10.0,-10.75,-1.075,-215.0
2016-06-07,1,2016-06-07 09:45:00,2016-06-07 09:50:00,7305.75,7297.25,2016-06-07 10:45:00,7297.25,stop,8.5,-9.25,-1.088235294117647,-185.0
2016-06-08,-1,2016-06-08 10:05:00,2016-06-08 10:10:00,7291.5,7302.75,2016-06-08 15:55:00,7294.75,close,11.25,-4.0,-0.3555555555555555,-80.0
2016-06-09,1,2016-06-09 09:50:00,2016-06-09 09:55:00,7291.5,7275.25,2016-06-09 12:10:00,7275.25,stop,16.25,-17.0,-1.0461538461538462,-340.0
2016-06-10,-1,2016-06-10 10:00:00,2016-06-10 10:05:00,7241.25,7251.5,2016-06-10 10:30:00,7251.5,stop,10.25,-11.0,-1.0731707317073171,-220.0
2016-06-13,1,2016-06-13 09:45:00,2016-06-13 09:50:00,7222.75,7209.5,2016-06-13 11:50:00,7209.5,stop,13.25,-14.0,-1.0566037735849056,-280.0
2016-06-15,-1,2016-06-15 10:20:00,2016-06-15 10:25:00,7200.5,7212.5,2016-06-15 14:00:00,7212.5,stop,12.0,-12.75,-1.0625,-255.0
2016-06-16,-1,2016-06-16 09:50:00,2016-06-16 09:55:00,7151.0,7167.0,2016-06-16 12:25:00,7167.0,stop,16.0,-16.75,-1.046875,-335.0
2016-06-17,-1,2016-06-17 09:45:00,2016-06-17 09:50:00,7162.5,7190.5,2016-06-17 15:55:00,7146.5,close,28.0,15.25,0.5446428571428571,305.0
2016-06-20,1,2016-06-20 10:00:00,2016-06-20 10:05:00,7214.5,7196.5,2016-06-20 14:25:00,7196.5,stop,18.0,-18.75,-1.0416666666666667,-375.0
2016-06-22,-1,2016-06-22 09:50:00,2016-06-22 09:55:00,7186.5,7193.0,2016-06-22 10:30:00,7193.0,stop,6.5,-7.25,-1.1153846153846154,-145.0
2016-06-23,-1,2016-06-23 09:50:00,2016-06-23 09:55:00,7193.25,7213.5,2016-06-23 10:25:00,7213.5,stop,20.25,-21.0,-1.037037037037037,-420.0
2016-06-24,1,2016-06-24 10:00:00,2016-06-24 10:05:00,7138.75,7063.75,2016-06-24 14:30:00,7063.75,stop,75.0,-75.75,-1.01,-1515.0
2016-06-27,-1,2016-06-27 10:05:00,2016-06-27 10:10:00,6988.75,7025.75,2016-06-27 15:55:00,6971.75,close,37.0,16.25,0.4391891891891892,325.0
2016-06-28,1,2016-06-28 09:45:00,2016-06-28 09:50:00,7037.0,7013.25,2016-06-28 15:55:00,7061.25,close,23.75,23.5,0.9894736842105264,470.0
2016-06-29,1,2016-06-29 09:45:00,2016-06-29 09:50:00,7109.0,7093.0,2016-06-29 15:55:00,7137.5,close,16.0,27.75,1.734375,555.0
2016-06-30,-1,2016-06-30 09:50:00,2016-06-30 09:55:00,7137.5,7153.25,2016-06-30 10:50:00,7153.25,stop,15.75,-16.5,-1.0476190476190477,-330.0
2016-07-01,1,2016-07-01 09:50:00,2016-07-01 09:55:00,7210.75,7185.5,2016-07-01 15:55:00,7210.25,close,25.25,-1.25,-0.0495049504950495,-25.0
2016-07-04,-1,2016-07-04 09:55:00,2016-07-04 10:00:00,7216.0,7220.5,2016-07-04 10:20:00,7220.5,stop,4.5,-5.25,-1.1666666666666667,-105.0
2016-07-05,-1,2016-07-05 09:45:00,2016-07-05 09:50:00,7173.0,7194.5,2016-07-05 15:55:00,7183.75,close,21.5,-11.5,-0.5348837209302325,-230.0
2016-07-06,1,2016-07-06 10:00:00,2016-07-06 10:05:00,7182.0,7149.5,2016-07-06 15:55:00,7220.75,close,32.5,38.0,1.1692307692307693,760.0
2016-07-07,1,2016-07-07 09:45:00,2016-07-07 09:50:00,7237.25,7223.25,2016-07-07 11:00:00,7223.25,stop,14.0,-14.75,-1.0535714285714286,-295.0
2016-07-08,1,2016-07-08 09:45:00,2016-07-08 09:50:00,7275.0,7249.25,2016-07-08 15:55:00,7302.25,close,25.75,26.5,1.029126213592233,530.0
2016-07-12,-1,2016-07-12 10:05:00,2016-07-12 10:10:00,7351.5,7364.0,2016-07-12 15:55:00,7352.5,close,12.5,-1.75,-0.14,-35.0
2016-07-14,-1,2016-07-14 09:45:00,2016-07-14 09:50:00,7362.25,7372.75,2016-07-14 10:05:00,7372.75,stop,10.5,-11.25,-1.0714285714285714,-225.0
2016-07-15,-1,2016-07-15 10:15:00,2016-07-15 10:20:00,7366.5,7385.5,2016-07-15 15:55:00,7364.25,close,19.0,1.5,0.0789473684210526,30.0
2016-07-18,1,2016-07-18 09:55:00,2016-07-18 10:00:00,7375.25,7366.5,2016-07-18 15:55:00,7395.0,close,8.75,19.0,2.1714285714285717,380.0
2016-07-19,-1,2016-07-19 09:45:00,2016-07-19 09:50:00,7373.5,7392.75,2016-07-19 15:55:00,7378.25,close,19.25,-5.5,-0.2857142857142857,-110.0
2016-07-20,1,2016-07-20 09:45:00,2016-07-20 09:50:00,7407.75,7397.5,2016-07-20 15:55:00,7432.25,close,10.25,23.75,2.317073170731707,475.0
2016-07-22,1,2016-07-22 10:20:00,2016-07-22 10:25:00,7432.0,7410.5,2016-07-22 15:55:00,7440.75,close,21.5,8.0,0.3720930232558139,160.0
2016-07-25,-1,2016-07-25 10:10:00,2016-07-25 10:15:00,7430.75,7442.5,2016-07-25 15:55:00,7441.75,close,11.75,-11.75,-1.0,-235.0
2016-07-26,1,2016-07-26 09:45:00,2016-07-26 09:50:00,7457.5,7439.5,2016-07-26 10:50:00,7439.5,stop,18.0,-18.75,-1.0416666666666667,-375.0
2016-07-29,-1,2016-07-29 10:00:00,2016-07-29 10:05:00,7492.25,7513.25,2016-07-29 11:05:00,7513.25,stop,21.0,-21.75,-1.0357142857142858,-435.0
2016-08-01,1,2016-08-01 09:50:00,2016-08-01 09:55:00,7516.0,7503.0,2016-08-01 15:55:00,7530.25,close,13.0,13.5,1.0384615384615383,270.0
2016-08-02,-1,2016-08-02 10:15:00,2016-08-02 10:20:00,7497.5,7528.0,2016-08-02 15:55:00,7494.75,close,30.5,2.0,0.0655737704918032,40.0
2016-08-03,1,2016-08-03 10:10:00,2016-08-03 10:15:00,7504.5,7488.0,2016-08-03 15:55:00,7510.5,close,16.5,5.25,0.3181818181818182,105.0
2016-08-04,-1,2016-08-04 09:55:00,2016-08-04 10:00:00,7506.25,7517.25,2016-08-04 10:40:00,7517.25,stop,11.0,-11.75,-1.068181818181818,-235.0
2016-08-05,1,2016-08-05 09:45:00,2016-08-05 09:50:00,7562.75,7541.75,2016-08-05 15:55:00,7568.5,close,21.0,5.0,0.238095238095238,100.0
2016-08-08,-1,2016-08-08 09:50:00,2016-08-08 09:55:00,7561.75,7572.5,2016-08-08 15:55:00,7563.75,close,10.75,-2.75,-0.2558139534883721,-55.0
2016-08-09,1,2016-08-09 09:45:00,2016-08-09 09:50:00,7578.75,7564.0,2016-08-09 15:55:00,7574.5,close,14.75,-5.0,-0.3389830508474576,-100.0
2016-08-10,-1,2016-08-10 09:55:00,2016-08-10 10:00:00,7566.75,7578.5,2016-08-10 15:55:00,7562.25,close,11.75,3.75,0.3191489361702128,75.0
2016-08-11,-1,2016-08-11 10:05:00,2016-08-11 10:10:00,7573.0,7593.0,2016-08-11 15:55:00,7582.5,close,20.0,-10.25,-0.5125,-205.0
2016-08-15,1,2016-08-15 09:45:00,2016-08-15 09:50:00,7606.0,7589.75,2016-08-15 15:55:00,7606.25,close,16.25,-0.5,-0.0307692307692307,-10.0
2016-08-17,-1,2016-08-17 10:00:00,2016-08-17 10:05:00,7563.75,7583.25,2016-08-17 13:40:00,7583.25,stop,19.5,-20.25,-1.0384615384615383,-405.0
2016-08-18,1,2016-08-18 10:15:00,2016-08-18 10:20:00,7592.75,7577.5,2016-08-18 12:35:00,7577.5,stop,15.25,-16.0,-1.0491803278688523,-320.0
2016-08-19,-1,2016-08-19 09:45:00,2016-08-19 09:50:00,7567.75,7582.25,2016-08-19 10:20:00,7582.25,stop,14.5,-15.25,-1.0517241379310345,-305.0
2016-08-22,1,2016-08-22 09:55:00,2016-08-22 10:00:00,7582.5,7571.5,2016-08-22 15:55:00,7590.5,close,11.0,7.25,0.6590909090909091,145.0
2016-08-23,1,2016-08-23 09:50:00,2016-08-23 09:55:00,7617.0,7608.0,2016-08-23 11:05:00,7608.0,stop,9.0,-9.75,-1.0833333333333333,-195.0
2016-08-24,-1,2016-08-24 10:20:00,2016-08-24 10:25:00,7593.25,7603.25,2016-08-24 15:55:00,7567.25,close,10.0,25.25,2.525,505.0
2016-08-25,1,2016-08-25 10:20:00,2016-08-25 10:25:00,7566.5,7550.25,2016-08-25 15:55:00,7559.5,close,16.25,-7.75,-0.4769230769230769,-155.0
2016-08-26,1,2016-08-26 10:15:00,2016-08-26 10:20:00,7593.25,7562.0,2016-08-26 11:50:00,7562.0,stop,31.25,-32.0,-1.024,-640.0
2016-08-30,-1,2016-08-30 10:10:00,2016-08-30 10:15:00,7562.0,7580.5,2016-08-30 15:55:00,7559.25,close,18.5,2.0,0.1081081081081081,40.0
2016-09-01,-1,2016-09-01 10:20:00,2016-09-01 10:25:00,7551.25,7567.0,2016-09-01 12:30:00,7567.0,stop,15.75,-16.5,-1.0476190476190477,-330.0
2016-09-02,1,2016-09-02 09:50:00,2016-09-02 09:55:00,7596.0,7581.25,2016-09-02 11:25:00,7581.25,stop,14.75,-15.5,-1.0508474576271187,-310.0
2016-09-05,-1,2016-09-05 09:50:00,2016-09-05 09:55:00,7569.75,7575.25,2016-09-05 12:55:00,7574.5,close,5.5,-5.5,-1.0,-110.0
2016-09-06,1,2016-09-06 09:45:00,2016-09-06 09:50:00,7594.75,7581.0,2016-09-06 10:20:00,7581.0,stop,13.75,-14.5,-1.0545454545454545,-290.0
2016-09-08,-1,2016-09-08 09:50:00,2016-09-08 09:55:00,7583.0,7600.0,2016-09-08 15:55:00,7584.5,close,17.0,-2.25,-0.1323529411764706,-45.0
2016-09-12,1,2016-09-12 09:55:00,2016-09-12 10:00:00,7477.25,7436.0,2016-09-12 15:55:00,7546.0,close,41.25,68.0,1.6484848484848484,1360.0
2016-09-13,-1,2016-09-13 09:55:00,2016-09-13 10:00:00,7511.5,7537.25,2016-09-13 15:55:00,7504.0,close,25.75,6.75,0.2621359223300971,135.0
2016-09-14,1,2016-09-14 10:05:00,2016-09-14 10:10:00,7533.75,7509.0,2016-09-14 15:55:00,7528.5,close,24.75,-6.0,-0.2424242424242424,-120.0
2016-09-15,1,2016-09-15 10:10:00,2016-09-15 10:15:00,7560.5,7527.75,2016-09-15 15:55:00,7603.25,close,32.75,42.0,1.282442748091603,840.0
2016-09-16,-1,2016-09-16 10:00:00,2016-09-16 10:05:00,7581.75,7604.0,2016-09-16 15:45:00,7604.0,stop,22.25,-23.0,-1.0337078651685394,-460.0
2016-09-19,1,2016-09-19 09:55:00,2016-09-19 10:00:00,7625.0,7610.5,2016-09-19 10:25:00,7610.5,stop,14.5,-15.25,-1.0517241379310345,-305.0
2016-09-20,1,2016-09-20 09:50:00,2016-09-20 09:55:00,7604.75,7590.5,2016-09-20 10:30:00,7590.5,stop,14.25,-15.0,-1.0526315789473684,-300.0
2016-09-21,1,2016-09-21 09:55:00,2016-09-21 10:00:00,7612.0,7602.25,2016-09-21 11:05:00,7602.25,stop,9.75,-10.5,-1.0769230769230769,-210.0
2016-09-22,1,2016-09-22 10:25:00,2016-09-22 10:30:00,7668.5,7657.5,2016-09-22 15:55:00,7673.25,close,11.0,4.0,0.3636363636363636,80.0
2016-09-23,-1,2016-09-23 09:55:00,2016-09-23 10:00:00,7657.0,7667.75,2016-09-23 15:55:00,7641.75,close,10.75,14.5,1.3488372093023255,290.0
2016-09-26,1,2016-09-26 10:10:00,2016-09-26 10:15:00,7615.75,7598.5,2016-09-26 11:30:00,7598.5,stop,17.25,-18.0,-1.0434782608695652,-360.0
2016-09-27,1,2016-09-27 09:45:00,2016-09-27 09:50:00,7617.25,7593.5,2016-09-27 15:55:00,7648.75,close,23.75,30.75,1.2947368421052632,615.0
2016-09-29,-1,2016-09-29 10:05:00,2016-09-29 10:10:00,7635.75,7653.5,2016-09-29 15:55:00,7620.25,close,17.75,14.75,0.8309859154929577,295.0
2016-10-03,-1,2016-10-03 09:45:00,2016-10-03 09:50:00,7638.75,7650.75,2016-10-03 10:45:00,7650.75,stop,12.0,-12.75,-1.0625,-255.0
2016-10-04,1,2016-10-04 09:45:00,2016-10-04 09:50:00,7671.5,7661.0,2016-10-04 10:10:00,7661.0,stop,10.5,-11.25,-1.0714285714285714,-225.0
2016-10-05,1,2016-10-05 09:45:00,2016-10-05 09:50:00,7661.75,7653.5,2016-10-05 15:55:00,7659.5,close,8.25,-3.0,-0.3636363636363636,-60.0
2016-10-06,-1,2016-10-06 09:50:00,2016-10-06 09:55:00,7642.5,7657.25,2016-10-06 11:45:00,7657.25,stop,14.75,-15.5,-1.0508474576271187,-310.0
2016-10-07,-1,2016-10-07 09:45:00,2016-10-07 09:50:00,7639.75,7667.5,2016-10-07 15:55:00,7645.5,close,27.75,-6.5,-0.2342342342342342,-130.0
2016-10-10,1,2016-10-10 09:45:00,2016-10-10 09:50:00,7683.5,7669.0,2016-10-10 15:55:00,7676.75,close,14.5,-7.5,-0.5172413793103449,-150.0
2016-10-11,-1,2016-10-11 09:45:00,2016-10-11 09:50:00,7657.5,7674.0,2016-10-11 15:55:00,7604.0,close,16.5,52.75,3.196969696969697,1055.0
2016-10-13,-1,2016-10-13 09:50:00,2016-10-13 09:55:00,7545.25,7570.25,2016-10-13 11:30:00,7570.25,stop,25.0,-25.75,-1.03,-515.0
2016-10-14,1,2016-10-14 09:45:00,2016-10-14 09:50:00,7625.25,7605.25,2016-10-14 11:25:00,7605.25,stop,20.0,-20.75,-1.0375,-415.0
2016-10-17,-1,2016-10-17 09:50:00,2016-10-17 09:55:00,7573.0,7591.75,2016-10-17 10:25:00,7591.75,stop,18.75,-19.5,-1.04,-390.0
2016-10-18,-1,2016-10-18 10:20:00,2016-10-18 10:25:00,7619.25,7637.0,2016-10-18 11:50:00,7637.0,stop,17.75,-18.5,-1.0422535211267605,-370.0
2016-10-19,1,2016-10-19 10:25:00,2016-10-19 10:30:00,7622.5,7612.0,2016-10-19 12:05:00,7612.0,stop,10.5,-11.25,-1.0714285714285714,-225.0
2016-10-20,1,2016-10-20 10:00:00,2016-10-20 10:05:00,7621.0,7593.75,2016-10-20 10:35:00,7593.75,stop,27.25,-28.0,-1.0275229357798166,-560.0
2016-10-21,1,2016-10-21 10:30:00,2016-10-21 10:35:00,7620.75,7601.25,2016-10-21 15:55:00,7631.75,close,19.5,10.25,0.5256410256410257,205.0
2016-10-24,1,2016-10-24 09:45:00,2016-10-24 09:50:00,7674.0,7662.25,2016-10-24 15:55:00,7690.25,close,11.75,15.5,1.319148936170213,310.0
2016-10-27,-1,2016-10-27 09:45:00,2016-10-27 09:50:00,7651.75,7666.25,2016-10-27 15:55:00,7619.0,close,14.5,32.0,2.206896551724138,640.0
2016-10-28,1,2016-10-28 09:45:00,2016-10-28 09:50:00,7616.25,7586.0,2016-10-28 13:35:00,7586.0,stop,30.25,-31.0,-1.024793388429752,-620.0
2016-10-31,-1,2016-10-31 09:50:00,2016-10-31 09:55:00,7593.75,7605.75,2016-10-31 15:55:00,7583.5,close,12.0,9.5,0.7916666666666666,190.0
2016-11-01,-1,2016-11-01 10:10:00,2016-11-01 10:15:00,7571.5,7592.75,2016-11-01 15:55:00,7546.75,close,21.25,24.0,1.1294117647058823,480.0
2016-11-02,-1,2016-11-02 10:30:00,2016-11-02 10:35:00,7535.25,7551.5,2016-11-02 15:55:00,7507.5,close,16.25,27.0,1.6615384615384616,540.0
2016-11-03,-1,2016-11-03 09:50:00,2016-11-03 09:55:00,7498.5,7516.0,2016-11-03 15:55:00,7462.25,close,17.5,35.5,2.0285714285714285,710.0
2016-11-07,1,2016-11-07 10:05:00,2016-11-07 10:10:00,7527.5,7512.75,2016-11-07 15:55:00,7556.75,close,14.75,28.5,1.9322033898305084,570.0
2016-11-08,-1,2016-11-08 09:50:00,2016-11-08 09:55:00,7540.75,7554.0,2016-11-08 10:45:00,7554.0,stop,13.25,-14.0,-1.0566037735849056,-280.0
2016-11-10,-1,2016-11-10 09:55:00,2016-11-10 10:00:00,7603.0,7636.0,2016-11-10 15:55:00,7528.75,close,33.0,73.5,2.227272727272727,1470.0
2016-11-11,1,2016-11-11 10:05:00,2016-11-11 10:10:00,7526.0,7494.25,2016-11-11 11:10:00,7494.25,stop,31.75,-32.5,-1.0236220472440944,-650.0
2016-11-14,-1,2016-11-14 09:55:00,2016-11-14 10:00:00,7497.0,7537.25,2016-11-14 15:55:00,7483.75,close,40.25,12.5,0.3105590062111801,250.0
2016-11-15,1,2016-11-15 10:00:00,2016-11-15 10:05:00,7547.75,7512.5,2016-11-15 15:55:00,7550.0,close,35.25,1.5,0.0425531914893617,30.0
2016-11-16,1,2016-11-16 10:20:00,2016-11-16 10:25:00,7566.75,7527.25,2016-11-16 15:55:00,7577.5,close,39.5,10.0,0.2531645569620253,200.0
2016-11-17,1,2016-11-17 10:05:00,2016-11-17 10:10:00,7586.5,7564.5,2016-11-17 15:55:00,7612.75,close,22.0,25.5,1.1590909090909092,510.0
2016-11-18,-1,2016-11-18 09:55:00,2016-11-18 10:00:00,7609.25,7627.0,2016-11-18 15:55:00,7594.0,close,17.75,14.5,0.8169014084507042,290.0
2016-11-21,1,2016-11-21 09:45:00,2016-11-21 09:50:00,7629.5,7603.75,2016-11-21 15:55:00,7644.5,close,25.75,14.25,0.5533980582524272,285.0
2016-11-22,1,2016-11-22 09:45:00,2016-11-22 09:50:00,7669.25,7658.25,2016-11-22 10:25:00,7658.25,stop,11.0,-11.75,-1.068181818181818,-235.0
2016-11-24,1,2016-11-24 10:00:00,2016-11-24 10:05:00,7638.25,7635.5,2016-11-24 12:55:00,7649.5,close,2.75,10.5,3.8181818181818175,210.0
2016-11-25,1,2016-11-25 09:45:00,2016-11-25 09:50:00,7648.75,7638.5,2016-11-25 13:10:00,7656.5,close,10.25,7.0,0.6829268292682927,140.0
2016-11-28,1,2016-11-28 09:50:00,2016-11-28 09:55:00,7653.0,7640.75,2016-11-28 15:45:00,7640.75,stop,12.25,-13.0,-1.0612244897959184,-260.0
2016-11-29,-1,2016-11-29 09:45:00,2016-11-29 09:50:00,7636.75,7653.25,2016-11-29 10:20:00,7653.25,stop,16.5,-17.25,-1.0454545454545454,-345.0
2016-11-30,-1,2016-11-30 09:50:00,2016-11-30 09:55:00,7651.5,7668.0,2016-11-30 15:55:00,7599.5,close,16.5,51.25,3.106060606060606,1025.0
2016-12-01,-1,2016-12-01 09:50:00,2016-12-01 09:55:00,7569.25,7601.0,2016-12-01 15:55:00,7519.25,close,31.75,49.25,1.5511811023622046,985.0
2016-12-02,-1,2016-12-02 10:10:00,2016-12-02 10:15:00,7508.75,7545.5,2016-12-02 15:55:00,7525.5,close,36.75,-17.5,-0.4761904761904761,-350.0
2016-12-05,1,2016-12-05 09:50:00,2016-12-05 09:55:00,7557.5,7528.25,2016-12-05 15:55:00,7563.25,close,29.25,5.0,0.1709401709401709,100.0
2016-12-06,1,2016-12-06 10:00:00,2016-12-06 10:05:00,7579.5,7554.75,2016-12-06 11:45:00,7554.75,stop,24.75,-25.5,-1.0303030303030305,-510.0
2016-12-07,-1,2016-12-07 09:50:00,2016-12-07 09:55:00,7554.75,7571.0,2016-12-07 10:15:00,7571.0,stop,16.25,-17.0,-1.0461538461538462,-340.0
2016-12-09,1,2016-12-09 10:20:00,2016-12-09 10:25:00,7675.5,7661.75,2016-12-09 15:55:00,7681.5,close,13.75,5.25,0.3818181818181818,105.0
2016-12-12,1,2016-12-12 09:50:00,2016-12-12 09:55:00,7663.5,7650.25,2016-12-12 10:25:00,7650.25,stop,13.25,-14.0,-1.0566037735849056,-280.0
2016-12-13,1,2016-12-13 09:50:00,2016-12-13 09:55:00,7725.75,7674.0,2016-12-13 15:55:00,7722.0,close,51.75,-4.5,-0.0869565217391304,-90.0
2016-12-16,-1,2016-12-16 09:45:00,2016-12-16 09:50:00,7720.25,7738.0,2016-12-16 15:55:00,7700.75,close,17.75,18.75,1.056338028169014,375.0
2016-12-19,1,2016-12-19 09:45:00,2016-12-19 09:50:00,7723.25,7698.75,2016-12-19 15:55:00,7721.75,close,24.5,-2.25,-0.0918367346938775,-45.0
2016-12-27,1,2016-12-27 09:45:00,2016-12-27 09:50:00,7774.0,7734.25,2016-12-27 15:55:00,7752.0,close,39.75,-22.75,-0.5723270440251572,-455.0
2016-12-28,-1,2016-12-28 09:50:00,2016-12-28 09:55:00,7738.0,7765.25,2016-12-28 15:55:00,7710.75,close,27.25,26.5,0.9724770642201837,530.0
2016-12-29,-1,2016-12-29 09:45:00,2016-12-29 09:50:00,7701.75,7719.75,2016-12-29 15:55:00,7702.25,close,18.0,-1.25,-0.0694444444444444,-25.0
2016-12-30,-1,2016-12-30 09:50:00,2016-12-30 09:55:00,7690.5,7712.75,2016-12-30 15:55:00,7652.25,close,22.25,37.5,1.6853932584269662,750.0
2017-01-03,1,2017-01-03 10:05:00,2017-01-03 10:10:00,7710.75,7672.0,2017-01-03 11:40:00,7672.0,stop,38.75,-39.5,-1.0193548387096774,-790.0
2017-01-06,1,2017-01-06 09:55:00,2017-01-06 10:00:00,7763.5,7738.75,2017-01-06 15:55:00,7789.75,close,24.75,25.5,1.0303030303030305,510.0
2017-01-09,1,2017-01-09 10:20:00,2017-01-09 10:25:00,7805.0,7791.0,2017-01-09 15:55:00,7807.0,close,14.0,1.25,0.0892857142857142,25.0
2017-01-11,1,2017-01-11 10:30:00,2017-01-11 10:35:00,7826.0,7815.25,2017-01-11 11:20:00,7815.25,stop,10.75,-11.5,-1.069767441860465,-230.0
2017-01-12,-1,2017-01-12 10:05:00,2017-01-12 10:10:00,7787.75,7815.5,2017-01-12 13:45:00,7815.5,stop,27.75,-28.5,-1.027027027027027,-570.0
2017-01-13,1,2017-01-13 10:10:00,2017-01-13 10:15:00,7841.5,7826.25,2017-01-13 15:55:00,7841.0,close,15.25,-1.25,-0.081967213114754,-25.0
2017-01-16,-1,2017-01-16 09:50:00,2017-01-16 09:55:00,7837.25,7840.25,2017-01-16 11:25:00,7840.25,stop,3.0,-3.75,-1.25,-75.0
2017-01-17,1,2017-01-17 10:30:00,2017-01-17 10:35:00,7830.5,7814.0,2017-01-17 15:05:00,7814.0,stop,16.5,-17.25,-1.0454545454545454,-345.0
2017-01-19,1,2017-01-19 09:50:00,2017-01-19 09:55:00,7856.5,7841.75,2017-01-19 10:15:00,7841.75,stop,14.75,-15.5,-1.0508474576271187,-310.0
2017-01-23,-1,2017-01-23 10:15:00,2017-01-23 10:20:00,7834.0,7856.0,2017-01-23 15:55:00,7847.75,close,22.0,-14.5,-0.6590909090909091,-290.0
2017-01-24,-1,2017-01-24 09:55:00,2017-01-24 10:00:00,7853.0,7865.5,2017-01-24 13:05:00,7865.5,stop,12.5,-13.25,-1.06,-265.0
2017-01-25,1,2017-01-25 10:05:00,2017-01-25 10:10:00,7919.5,7909.75,2017-01-25 15:55:00,7933.25,close,9.75,13.0,1.3333333333333333,260.0
2017-01-26,-1,2017-01-26 10:20:00,2017-01-26 10:25:00,7936.5,7949.5,2017-01-26 15:55:00,7938.5,close,13.0,-2.75,-0.2115384615384615,-55.0
2017-01-27,-1,2017-01-27 09:45:00,2017-01-27 09:50:00,7937.75,7953.75,2017-01-27 15:55:00,7948.5,close,16.0,-11.5,-0.71875,-230.0
2017-01-30,-1,2017-01-30 10:10:00,2017-01-30 10:15:00,7885.0,7932.0,2017-01-30 15:55:00,7909.75,close,47.0,-25.5,-0.5425531914893617,-510.0
2017-01-31,-1,2017-01-31 09:50:00,2017-01-31 09:55:00,7883.0,7898.75,2017-01-31 15:45:00,7898.75,stop,15.75,-16.5,-1.0476190476190477,-330.0
2017-02-01,-1,2017-02-01 09:50:00,2017-02-01 09:55:00,7932.25,7944.5,2017-02-01 15:55:00,7933.0,close,12.25,-1.5,-0.1224489795918367,-30.0
2017-02-02,1,2017-02-02 09:45:00,2017-02-02 09:50:00,7931.5,7909.75,2017-02-02 15:55:00,7928.25,close,21.75,-4.0,-0.1839080459770115,-80.0
2017-02-06,1,2017-02-06 09:50:00,2017-02-06 09:55:00,7938.25,7929.0,2017-02-06 15:55:00,7948.5,close,9.25,9.5,1.027027027027027,190.0
2017-02-07,1,2017-02-07 10:05:00,2017-02-07 10:10:00,7969.25,7954.25,2017-02-07 15:55:00,7966.5,close,15.0,-3.5,-0.2333333333333333,-70.0
2017-02-08,-1,2017-02-08 09:45:00,2017-02-08 09:50:00,7950.0,7961.25,2017-02-08 10:05:00,7961.25,stop,11.25,-12.0,-1.0666666666666669,-240.0
2017-02-09,1,2017-02-09 10:20:00,2017-02-09 10:25:00,7989.5,7978.0,2017-02-09 15:55:00,7994.75,close,11.5,4.5,0.391304347826087,90.0
2017-02-10,-1,2017-02-10 10:05:00,2017-02-10 10:10:00,7997.25,8007.75,2017-02-10 10:30:00,8007.75,stop,10.5,-11.25,-1.0714285714285714,-225.0
2017-02-13,1,2017-02-13 10:00:00,2017-02-13 10:05:00,8033.75,8025.0,2017-02-13 15:55:00,8040.75,close,8.75,6.25,0.7142857142857143,125.0
2017-02-14,-1,2017-02-14 10:00:00,2017-02-14 10:05:00,8033.25,8043.0,2017-02-14 11:55:00,8043.0,stop,9.75,-10.5,-1.0769230769230769,-210.0
2017-02-15,1,2017-02-15 09:50:00,2017-02-15 09:55:00,8063.0,8052.5,2017-02-15 15:55:00,8089.75,close,10.5,26.0,2.4761904761904763,520.0
2017-02-16,-1,2017-02-16 09:50:00,2017-02-16 09:55:00,8087.25,8103.25,2017-02-16 15:55:00,8087.75,close,16.0,-1.25,-0.078125,-25.0
2017-02-17,1,2017-02-17 10:10:00,2017-02-17 10:15:00,8092.0,8079.75,2017-02-17 15:55:00,8110.75,close,12.25,18.0,1.469387755102041,360.0
2017-02-21,1,2017-02-21 09:45:00,2017-02-21 09:50:00,8129.25,8118.0,2017-02-21 15:55:00,8136.75,close,11.25,6.75,0.6,135.0
2017-02-23,-1,2017-02-23 10:10:00,2017-02-23 10:15:00,8120.5,8145.75,2017-02-23 15:55:00,8118.75,close,25.25,1.0,0.0396039603960396,20.0
2017-02-24,1,2017-02-24 09:55:00,2017-02-24 10:00:00,8107.0,8092.5,2017-02-24 15:55:00,8129.0,close,14.5,21.25,1.4655172413793105,425.0
2017-02-27,1,2017-02-27 09:55:00,2017-02-27 10:00:00,8122.0,8109.5,2017-02-27 15:55:00,8134.75,close,12.5,12.0,0.96,240.0
2017-02-28,-1,2017-02-28 09:50:00,2017-02-28 09:55:00,8126.5,8136.25,2017-02-28 15:55:00,8118.25,close,9.75,7.5,0.7692307692307693,150.0
2017-03-01,1,2017-03-01 10:00:00,2017-03-01 10:05:00,8158.75,8142.25,2017-03-01 15:55:00,8176.5,close,16.5,17.0,1.0303030303030305,340.0
2017-03-02,-1,2017-03-02 10:10:00,2017-03-02 10:15:00,8164.0,8176.0,2017-03-02 15:55:00,8149.0,close,12.0,14.25,1.1875,285.0
2017-03-03,-1,2017-03-03 10:20:00,2017-03-03 10:25:00,8136.0,8150.75,2017-03-03 12:30:00,8150.75,stop,14.75,-15.5,-1.0508474576271187,-310.0
2017-03-06,-1,2017-03-06 10:20:00,2017-03-06 10:25:00,8127.25,8145.5,2017-03-06 13:10:00,8145.5,stop,18.25,-19.0,-1.0410958904109588,-380.0
2017-03-07,1,2017-03-07 10:15:00,2017-03-07 10:20:00,8145.0,8130.25,2017-03-07 15:40:00,8130.25,stop,14.75,-15.5,-1.0508474576271187,-310.0
2017-03-08,1,2017-03-08 09:45:00,2017-03-08 09:50:00,8153.5,8134.25,2017-03-08 15:55:00,8145.75,close,19.25,-8.5,-0.4415584415584415,-170.0
2017-03-09,1,2017-03-09 09:45:00,2017-03-09 09:50:00,8150.0,8133.5,2017-03-09 14:00:00,8133.5,stop,16.5,-17.25,-1.0454545454545454,-345.0
2017-03-13,-1,2017-03-13 10:05:00,2017-03-13 10:10:00,8168.75,8178.25,2017-03-13 14:25:00,8178.25,stop,9.5,-10.25,-1.0789473684210529,-205.0
2017-03-14,-1,2017-03-14 09:50:00,2017-03-14 09:55:00,8164.0,8171.5,2017-03-14 15:55:00,8168.0,close,7.5,-4.75,-0.6333333333333333,-95.0
2017-03-15,-1,2017-03-15 10:00:00,2017-03-15 10:05:00,8166.5,8180.75,2017-03-15 12:35:00,8180.75,stop,14.25,-15.0,-1.0526315789473684,-300.0
2017-03-16,-1,2017-03-16 10:05:00,2017-03-16 10:10:00,8203.25,8211.75,2017-03-16 15:55:00,8197.0,close,8.5,5.5,0.6470588235294118,110.0
2017-03-17,1,2017-03-17 09:50:00,2017-03-17 09:55:00,8203.0,8194.75,2017-03-17 10:10:00,8194.75,stop,8.25,-9.0,-1.0909090909090908,-180.0
2017-03-20,1,2017-03-20 09:50:00,2017-03-20 09:55:00,8194.5,8188.25,2017-03-20 13:40:00,8188.25,stop,6.25,-7.0,-1.12,-140.0
2017-03-21,-1,2017-03-21 10:00:00,2017-03-21 10:05:00,8210.0,8224.0,2017-03-21 15:55:00,8117.0,close,14.0,92.25,6.589285714285714,1845.0
2017-03-24,1,2017-03-24 09:45:00,2017-03-24 09:50:00,8175.25,8156.0,2017-03-24 13:55:00,8156.0,stop,19.25,-20.0,-1.0389610389610389,-400.0
2017-03-27,1,2017-03-27 09:50:00,2017-03-27 09:55:00,8117.5,8100.25,2017-03-27 15:55:00,8158.75,close,17.25,40.5,2.347826086956522,810.0
2017-03-29,1,2017-03-29 09:55:00,2017-03-29 10:00:00,8204.5,8189.5,2017-03-29 15:55:00,8216.75,close,15.0,11.5,0.7666666666666667,230.0
2017-03-30,1,2017-03-30 09:55:00,2017-03-30 10:00:00,8222.5,8209.5,2017-03-30 15:55:00,8224.25,close,13.0,1.0,0.0769230769230769,20.0
2017-03-31,1,2017-03-31 09:50:00,2017-03-31 09:55:00,8221.75,8210.25,2017-03-31 15:55:00,8219.5,close,11.5,-3.0,-0.2608695652173913,-60.0
2017-04-05,1,2017-04-05 09:45:00,2017-04-05 09:50:00,8244.25,8227.25,2017-04-05 15:15:00,8227.25,stop,17.0,-17.75,-1.0441176470588236,-355.0
2017-04-06,-1,2017-04-06 09:45:00,2017-04-06 09:50:00,8195.0,8214.75,2017-04-06 09:55:00,8214.75,stop,19.75,-20.5,-1.0379746835443038,-410.0
2017-04-07,-1,2017-04-07 09:50:00,2017-04-07 09:55:00,8189.75,8214.5,2017-04-07 13:25:00,8214.5,stop,24.75,-25.5,-1.0303030303030305,-510.0
2017-04-10,1,2017-04-10 10:30:00,2017-04-10 10:35:00,8224.75,8205.75,2017-04-10 11:30:00,8205.75,stop,19.0,-19.75,-1.0394736842105263,-395.0
2017-04-11,-1,2017-04-11 09:45:00,2017-04-11 09:50:00,8174.5,8207.5,2017-04-11 15:55:00,8182.25,close,33.0,-8.5,-0.2575757575757575,-170.0
2017-04-13,1,2017-04-13 09:50:00,2017-04-13 09:55:00,8170.5,8148.25,2017-04-13 13:45:00,8148.25,stop,22.25,-23.0,-1.0337078651685394,-460.0
2017-04-17,1,2017-04-17 10:05:00,2017-04-17 10:10:00,8164.5,8150.0,2017-04-17 15:55:00,8181.0,close,14.5,15.75,1.0862068965517242,315.0
2017-04-18,1,2017-04-18 09:55:00,2017-04-18 10:00:00,8187.5,8160.25,2017-04-18 12:00:00,8160.25,stop,27.25,-28.0,-1.0275229357798166,-560.0
2017-04-19,1,2017-04-19 09:55:00,2017-04-19 10:00:00,8210.0,8195.0,2017-04-19 13:05:00,8195.0,stop,15.0,-15.75,-1.05,-315.0
2017-04-21,-1,2017-04-21 09:50:00,2017-04-21 09:55:00,8216.5,8230.75,2017-04-21 11:45:00,8230.75,stop,14.25,-15.0,-1.0526315789473684,-300.0
2017-04-24,1,2017-04-24 09:55:00,2017-04-24 10:00:00,8287.0,8275.25,2017-04-24 15:55:00,8289.75,close,11.75,2.0,0.1702127659574468,40.0
2017-04-25,1,2017-04-25 10:00:00,2017-04-25 10:05:00,8312.5,8303.75,2017-04-25 15:55:00,8330.5,close,8.75,17.25,1.9714285714285715,345.0
2017-04-26,-1,2017-04-26 10:20:00,2017-04-26 10:25:00,8327.75,8345.5,2017-04-26 15:55:00,8322.0,close,17.75,5.0,0.2816901408450704,100.0
2017-04-27,1,2017-04-27 09:55:00,2017-04-27 10:00:00,8340.5,8331.0,2017-04-27 15:55:00,8353.75,close,9.5,12.5,1.3157894736842106,250.0
2017-04-28,-1,2017-04-28 09:50:00,2017-04-28 09:55:00,8363.0,8378.5,2017-04-28 15:55:00,8363.0,close,15.5,-0.75,-0.0483870967741935,-15.0
2017-05-01,1,2017-05-01 09:50:00,2017-05-01 09:55:00,8389.25,8379.5,2017-05-01 15:55:00,8411.0,close,9.75,21.0,2.1538461538461537,420.0
2017-05-02,-1,2017-05-02 09:45:00,2017-05-02 09:50:00,8409.0,8421.5,2017-05-02 12:00:00,8421.5,stop,12.5,-13.25,-1.06,-265.0
2017-05-03,-1,2017-05-03 10:05:00,2017-05-03 10:10:00,8394.75,8412.0,2017-05-03 15:55:00,8404.25,close,17.25,-10.25,-0.5942028985507246,-205.0
2017-05-04,-1,2017-05-04 09:50:00,2017-05-04 09:55:00,8388.0,8409.5,2017-05-04 11:35:00,8409.5,stop,21.5,-22.25,-1.0348837209302326,-445.0
2017-05-05,-1,2017-05-05 09:55:00,2017-05-05 10:00:00,8408.75,8422.5,2017-05-05 15:50:00,8422.5,stop,13.75,-14.5,-1.0545454545454545,-290.0
2017-05-08,-1,2017-05-08 09:55:00,2017-05-08 10:00:00,8422.25,8435.0,2017-05-08 12:40:00,8435.0,stop,12.75,-13.5,-1.0588235294117647,-270.0
2017-05-09,1,2017-05-09 09:45:00,2017-05-09 09:50:00,8456.25,8441.75,2017-05-09 15:55:00,8457.75,close,14.5,0.75,0.0517241379310344,15.0
2017-05-10,-1,2017-05-10 10:00:00,2017-05-10 10:05:00,8446.5,8462.25,2017-05-10 15:05:00,8462.25,stop,15.75,-16.5,-1.0476190476190477,-330.0
2017-05-11,-1,2017-05-11 09:45:00,2017-05-11 09:50:00,8439.75,8451.25,2017-05-11 13:55:00,8451.25,stop,11.5,-12.25,-1.065217391304348,-245.0
2017-05-12,-1,2017-05-12 10:25:00,2017-05-12 10:30:00,8456.5,8465.5,2017-05-12 11:30:00,8465.5,stop,9.0,-9.75,-1.0833333333333333,-195.0
2017-05-15,1,2017-05-15 09:45:00,2017-05-15 09:50:00,8481.75,8465.5,2017-05-15 15:55:00,8486.5,close,16.25,4.0,0.2461538461538461,80.0
2017-05-16,1,2017-05-16 09:50:00,2017-05-16 09:55:00,8500.75,8491.5,2017-05-16 10:25:00,8491.5,stop,9.25,-10.0,-1.0810810810810811,-200.0
2017-05-17,-1,2017-05-17 09:50:00,2017-05-17 09:55:00,8456.25,8475.5,2017-05-17 15:55:00,8365.0,close,19.25,90.5,4.701298701298701,1810.0
2017-05-18,1,2017-05-18 10:00:00,2017-05-18 10:05:00,8404.0,8355.5,2017-05-18 15:55:00,8412.25,close,48.5,7.5,0.1546391752577319,150.0
2017-05-22,1,2017-05-22 09:45:00,2017-05-22 09:50:00,8466.25,8446.25,2017-05-22 15:55:00,8484.0,close,20.0,17.0,0.85,340.0
2017-05-23,-1,2017-05-23 09:45:00,2017-05-23 09:50:00,8480.0,8500.5,2017-05-23 15:55:00,8489.0,close,20.5,-9.75,-0.4756097560975609,-195.0
2017-05-25,1,2017-05-25 10:05:00,2017-05-25 10:10:00,8539.25,8524.0,2017-05-25 15:55:00,8563.25,close,15.25,23.25,1.524590163934426,465.0
2017-05-26,1,2017-05-26 09:50:00,2017-05-26 09:55:00,8568.75,8556.75,2017-05-26 15:55:00,8573.0,close,12.0,3.5,0.2916666666666667,70.0
2017-05-29,-1,2017-05-29 10:05:00,2017-05-29 10:10:00,8581.0,8584.5,2017-05-29 12:55:00,8579.0,close,3.5,1.25,0.3571428571428571,25.0
2017-05-31,-1,2017-05-31 09:45:00,2017-05-31 09:50:00,8582.25,8598.75,2017-05-31 15:55:00,8575.25,close,16.5,6.25,0.3787878787878788,125.0
2017-06-01,1,2017-06-01 09:45:00,2017-06-01 09:50:00,8595.25,8582.25,2017-06-01 09:50:00,8582.25,stop,13.0,-13.75,-1.0576923076923077,-275.0
2017-06-02,1,2017-06-02 10:10:00,2017-06-02 10:15:00,8630.0,8610.5,2017-06-02 15:55:00,8665.0,close,19.5,34.25,1.7564102564102564,685.0
2017-06-05,1,2017-06-05 09:45:00,2017-06-05 09:50:00,8669.0,8655.75,2017-06-05 15:55:00,8663.25,close,13.25,-6.5,-0.490566037735849,-130.0
2017-06-06,1,2017-06-06 10:15:00,2017-06-06 10:20:00,8671.5,8653.5,2017-06-06 15:20:00,8653.5,stop,18.0,-18.75,-1.0416666666666667,-375.0
2017-06-07,-1,2017-06-07 10:25:00,2017-06-07 10:30:00,8652.5,8665.5,2017-06-07 15:40:00,8665.5,stop,13.0,-13.75,-1.0576923076923077,-275.0
2017-06-08,-1,2017-06-08 09:45:00,2017-06-08 09:50:00,8652.0,8678.25,2017-06-08 15:55:00,8668.0,close,26.25,-16.75,-0.638095238095238,-335.0
2017-06-09,1,2017-06-09 10:10:00,2017-06-09 10:15:00,8678.75,8661.5,2017-06-09 11:20:00,8661.5,stop,17.25,-18.0,-1.0434782608695652,-360.0
2017-06-15,-1,2017-06-15 10:20:00,2017-06-15 10:25:00,8418.0,8460.0,2017-06-15 11:20:00,8460.0,stop,42.0,-42.75,-1.0178571428571428,-855.0
2017-06-16,-1,2017-06-16 10:15:00,2017-06-16 10:20:00,8453.25,8483.0,2017-06-16 15:55:00,8460.5,close,29.75,-8.0,-0.2689075630252101,-160.0
2017-06-19,1,2017-06-19 10:00:00,2017-06-19 10:05:00,8540.0,8503.5,2017-06-19 15:55:00,8551.75,close,36.5,11.0,0.3013698630136986,220.0
2017-06-21,1,2017-06-21 10:20:00,2017-06-21 10:25:00,8532.75,8517.0,2017-06-21 15:55:00,8563.0,close,15.75,29.5,1.873015873015873,590.0
2017-06-23,1,2017-06-23 10:30:00,2017-06-23 10:35:00,8565.0,8541.25,2017-06-23 15:55:00,8583.25,close,23.75,17.5,0.7368421052631579,350.0
2017-06-26,-1,2017-06-26 10:00:00,2017-06-26 10:05:00,8608.75,8627.5,2017-06-26 15:55:00,8555.75,close,18.75,52.25,2.786666666666666,1045.0
2017-06-28,-1,2017-06-28 09:50:00,2017-06-28 09:55:00,8442.25,8475.25,2017-06-28 10:30:00,8475.25,stop,33.0,-33.75,-1.0227272727272727,-675.0
2017-06-29,-1,2017-06-29 10:10:00,2017-06-29 10:15:00,8454.25,8508.5,2017-06-29 15:55:00,8431.75,close,54.25,21.75,0.4009216589861751,435.0
2017-06-30,-1,2017-06-30 10:00:00,2017-06-30 10:05:00,8430.5,8460.5,2017-06-30 15:55:00,8426.5,close,30.0,3.25,0.1083333333333333,65.0
2017-07-03,-1,2017-07-03 10:00:00,2017-07-03 10:05:00,8438.0,8466.25,2017-07-03 13:10:00,8364.5,close,28.25,72.75,2.575221238938053,1455.0
2017-07-04,1,2017-07-04 09:50:00,2017-07-04 09:55:00,8388.5,8380.75,2017-07-04 10:10:00,8380.75,stop,7.75,-8.5,-1.096774193548387,-170.0
2017-07-05,-1,2017-07-05 10:00:00,2017-07-05 10:05:00,8375.0,8407.5,2017-07-05 10:45:00,8407.5,stop,32.5,-33.25,-1.023076923076923,-665.0
2017-07-06,-1,2017-07-06 10:20:00,2017-07-06 10:25:00,8363.0,8395.75,2017-07-06 11:35:00,8395.75,stop,32.75,-33.5,-1.0229007633587786,-670.0
2017-07-07,1,2017-07-07 09:50:00,2017-07-07 09:55:00,8415.25,8393.75,2017-07-07 15:55:00,8434.5,close,21.5,18.5,0.8604651162790697,370.0
2017-07-10,-1,2017-07-10 09:50:00,2017-07-10 09:55:00,8430.0,8456.5,2017-07-10 10:50:00,8456.5,stop,26.5,-27.25,-1.028301886792453,-545.0
2017-07-11,1,2017-07-11 09:50:00,2017-07-11 09:55:00,8471.5,8456.5,2017-07-11 11:20:00,8456.5,stop,15.0,-15.75,-1.05,-315.0
2017-07-13,1,2017-07-13 09:45:00,2017-07-13 09:50:00,8572.5,8555.75,2017-07-13 10:30:00,8555.75,stop,16.75,-17.5,-1.044776119402985,-350.0
2017-07-17,1,2017-07-17 09:45:00,2017-07-17 09:50:00,8629.5,8615.75,2017-07-17 11:05:00,8615.75,stop,13.75,-14.5,-1.0545454545454545,-290.0
2017-07-18,1,2017-07-18 09:45:00,2017-07-18 09:50:00,8614.25,8595.75,2017-07-18 15:55:00,8656.75,close,18.5,41.75,2.256756756756757,835.0
2017-07-20,-1,2017-07-20 10:10:00,2017-07-20 10:15:00,8691.75,8711.0,2017-07-20 15:55:00,8699.0,close,19.25,-8.0,-0.4155844155844156,-160.0
2017-07-21,1,2017-07-21 10:10:00,2017-07-21 10:15:00,8688.5,8674.0,2017-07-21 11:05:00,8674.0,stop,14.5,-15.25,-1.0517241379310345,-305.0
2017-07-24,1,2017-07-24 10:20:00,2017-07-24 10:25:00,8701.25,8691.0,2017-07-24 11:10:00,8691.0,stop,10.25,-11.0,-1.0731707317073171,-220.0
2017-07-25,1,2017-07-25 09:55:00,2017-07-25 10:00:00,8709.5,8691.25,2017-07-25 15:55:00,8708.0,close,18.25,-2.25,-0.1232876712328767,-45.0
2017-07-26,1,2017-07-26 10:20:00,2017-07-26 10:25:00,8728.25,8717.25,2017-07-26 10:50:00,8717.25,stop,11.0,-11.75,-1.068181818181818,-235.0
2017-07-31,-1,2017-07-31 09:50:00,2017-07-31 09:55:00,8692.0,8707.75,2017-07-31 15:55:00,8657.25,close,15.75,34.0,2.1587301587301586,680.0
2017-08-01,-1,2017-08-01 10:20:00,2017-08-01 10:25:00,8656.25,8681.0,2017-08-01 15:55:00,8670.0,close,24.75,-14.5,-0.5858585858585859,-290.0
2017-08-02,-1,2017-08-02 09:55:00,2017-08-02 10:00:00,8685.0,8711.0,2017-08-02 15:55:00,8687.25,close,26.0,-3.0,-0.1153846153846153,-60.0
2017-08-03,-1,2017-08-03 09:50:00,2017-08-03 09:55:00,8669.75,8695.5,2017-08-03 15:55:00,8665.0,close,25.75,4.0,0.1553398058252427,80.0
2017-08-04,-1,2017-08-04 09:55:00,2017-08-04 10:00:00,8660.5,8682.75,2017-08-04 11:15:00,8682.75,stop,22.25,-23.0,-1.0337078651685394,-460.0
2017-08-07,1,2017-08-07 09:55:00,2017-08-07 10:00:00,8689.0,8676.0,2017-08-07 15:55:00,8708.25,close,13.0,18.5,1.4230769230769231,370.0
2017-08-08,1,2017-08-08 10:05:00,2017-08-08 10:10:00,8702.75,8687.5,2017-08-08 15:35:00,8687.5,stop,15.25,-16.0,-1.0491803278688523,-320.0
2017-08-09,1,2017-08-09 09:55:00,2017-08-09 10:00:00,8664.25,8637.25,2017-08-09 15:55:00,8692.5,close,27.0,27.5,1.0185185185185186,550.0
2017-08-10,-1,2017-08-10 09:55:00,2017-08-10 10:00:00,8640.75,8661.75,2017-08-10 15:55:00,8564.5,close,21.0,75.5,3.595238095238096,1510.0
2017-08-11,1,2017-08-11 10:05:00,2017-08-11 10:10:00,8600.0,8565.25,2017-08-11 15:55:00,8608.25,close,34.75,7.5,0.2158273381294964,150.0
2017-08-14,1,2017-08-14 10:00:00,2017-08-14 10:05:00,8673.0,8653.25,2017-08-14 15:55:00,8683.25,close,19.75,9.5,0.4810126582278481,190.0
2017-08-15,-1,2017-08-15 10:30:00,2017-08-15 10:35:00,8676.0,8698.5,2017-08-15 15:55:00,8687.0,close,22.5,-11.75,-0.5222222222222223,-235.0
2017-08-17,-1,2017-08-17 09:55:00,2017-08-17 10:00:00,8666.5,8679.75,2017-08-17 15:55:00,8576.0,close,13.25,89.75,6.773584905660377,1795.0
2017-08-18,-1,2017-08-18 09:50:00,2017-08-18 09:55:00,8558.0,8585.25,2017-08-18 10:40:00,8585.25,stop,27.25,-28.0,-1.0275229357798166,-560.0
2017-08-21,-1,2017-08-21 09:55:00,2017-08-21 10:00:00,8560.5,8583.0,2017-08-21 15:55:00,8564.5,close,22.5,-4.75,-0.2111111111111111,-95.0
2017-08-22,1,2017-08-22 09:45:00,2017-08-22 09:50:00,8619.25,8592.25,2017-08-22 15:55:00,8651.25,close,27.0,31.25,1.1574074074074074,625.0
2017-08-23,1,2017-08-23 09:55:00,2017-08-23 10:00:00,8635.5,8617.0,2017-08-23 15:55:00,8630.0,close,18.5,-6.25,-0.3378378378378378,-125.0
2017-08-24,-1,2017-08-24 09:45:00,2017-08-24 09:50:00,8623.75,8649.75,2017-08-24 15:55:00,8612.5,close,26.0,10.5,0.4038461538461538,210.0
2017-08-25,1,2017-08-25 09:50:00,2017-08-25 09:55:00,8638.75,8622.5,2017-08-25 10:45:00,8622.5,stop,16.25,-17.0,-1.0461538461538462,-340.0
2017-08-28,-1,2017-08-28 09:50:00,2017-08-28 09:55:00,8601.5,8618.25,2017-08-28 10:20:00,8618.25,stop,16.75,-17.5,-1.044776119402985,-350.0
2017-08-29,1,2017-08-29 09:45:00,2017-08-29 09:50:00,8598.5,8561.75,2017-08-29 15:55:00,8641.0,close,36.75,41.75,1.1360544217687074,835.0
2017-08-30,1,2017-08-30 09:45:00,2017-08-30 09:50:00,8666.25,8641.0,2017-08-30 15:55:00,8710.25,close,25.25,43.25,1.7128712871287128,865.0
2017-08-31,1,2017-08-31 10:20:00,2017-08-31 10:25:00,8750.5,8722.25,2017-08-31 15:55:00,8767.0,close,28.25,15.75,0.5575221238938053,315.0
2017-09-01,-1,2017-09-01 09:50:00,2017-09-01 09:55:00,8760.5,8789.0,2017-09-01 15:55:00,8764.25,close,28.5,-4.5,-0.1578947368421052,-90.0
2017-09-04,1,2017-09-04 10:10:00,2017-09-04 10:15:00,8746.0,8739.25,2017-09-04 12:55:00,8754.75,close,6.75,8.0,1.1851851851851851,160.0
2017-09-06,-1,2017-09-06 10:10:00,2017-09-06 10:15:00,8714.0,8737.0,2017-09-06 15:20:00,8737.0,stop,23.0,-23.75,-1.0326086956521738,-475.0
2017-09-07,-1,2017-09-07 10:00:00,2017-09-07 10:05:00,8721.0,8739.75,2017-09-07 10:35:00,8739.75,stop,18.75,-19.5,-1.04,-390.0
2017-09-08,-1,2017-09-08 10:00:00,2017-09-08 10:05:00,8722.0,8737.0,2017-09-08 15:55:00,8689.25,close,15.0,32.0,2.1333333333333333,640.0
2017-09-11,1,2017-09-11 09:50:00,2017-09-11 09:55:00,8761.25,8734.0,2017-09-11 15:55:00,8755.25,close,27.25,-6.75,-0.2477064220183486,-135.0
2017-09-12,-1,2017-09-12 09:45:00,2017-09-12 09:50:00,8760.25,8779.5,2017-09-12 15:55:00,8770.75,close,19.25,-11.25,-0.5844155844155844,-225.0
2017-09-13,-1,2017-09-13 09:45:00,2017-09-13 09:50:00,8752.25,8763.75,2017-09-13 09:55:00,8763.75,stop,11.5,-12.25,-1.065217391304348,-245.0
2017-09-15,1,2017-09-15 10:00:00,2017-09-15 10:05:00,8746.5,8730.75,2017-09-15 15:55:00,8760.5,close,15.75,13.25,0.8412698412698413,265.0
2017-09-18,1,2017-09-18 09:45:00,2017-09-18 09:50:00,8780.75,8761.75,2017-09-18 14:15:00,8761.75,stop,19.0,-19.75,-1.0394736842105263,-395.0
2017-09-21,-1,2017-09-21 09:50:00,2017-09-21 09:55:00,8708.75,8742.25,2017-09-21 15:55:00,8708.75,close,33.5,-0.75,-0.0223880597014925,-15.0
2017-09-22,1,2017-09-22 10:05:00,2017-09-22 10:10:00,8709.5,8686.5,2017-09-22 13:15:00,8686.5,stop,23.0,-23.75,-1.0326086956521738,-475.0
2017-09-25,-1,2017-09-25 10:30:00,2017-09-25 10:35:00,8652.0,8680.25,2017-09-25 15:55:00,8640.25,close,28.25,11.0,0.3893805309734513,220.0
2017-09-26,-1,2017-09-26 10:30:00,2017-09-26 10:35:00,8661.0,8681.25,2017-09-26 15:55:00,8656.75,close,20.25,3.5,0.1728395061728395,70.0
2017-09-27,-1,2017-09-27 10:10:00,2017-09-27 10:15:00,8684.0,8705.5,2017-09-27 14:00:00,8705.5,stop,21.5,-22.25,-1.0348837209302326,-445.0
2017-09-28,1,2017-09-28 10:25:00,2017-09-28 10:30:00,8705.25,8680.0,2017-09-28 15:55:00,8705.5,close,25.25,-0.5,-0.0198019801980198,-10.0
2017-09-29,-1,2017-09-29 09:50:00,2017-09-29 09:55:00,8712.0,8726.0,2017-09-29 10:35:00,8726.0,stop,14.0,-14.75,-1.0535714285714286,-295.0
2017-10-02,1,2017-10-02 09:55:00,2017-10-02 10:00:00,8772.5,8757.75,2017-10-02 11:35:00,8757.75,stop,14.75,-15.5,-1.0508474576271187,-310.0
2017-10-03,1,2017-10-03 09:45:00,2017-10-03 09:50:00,8772.25,8755.75,2017-10-03 10:10:00,8755.75,stop,16.5,-17.25,-1.0454545454545454,-345.0
2017-10-06,1,2017-10-06 10:00:00,2017-10-06 10:05:00,8828.75,8809.25,2017-10-06 15:55:00,8836.25,close,19.5,6.75,0.3461538461538461,135.0
2017-10-09,1,2017-10-09 10:05:00,2017-10-09 10:10:00,8850.0,8837.25,2017-10-09 10:45:00,8837.25,stop,12.75,-13.5,-1.0588235294117647,-270.0
2017-10-10,-1,2017-10-10 09:50:00,2017-10-10 09:55:00,8840.75,8857.25,2017-10-10 15:55:00,8835.75,close,16.5,4.25,0.2575757575757575,85.0
2017-10-11,-1,2017-10-11 09:50:00,2017-10-11 09:55:00,8825.75,8838.25,2017-10-11 10:05:00,8838.25,stop,12.5,-13.25,-1.06,-265.0
2017-10-12,1,2017-10-12 10:15:00,2017-10-12 10:20:00,8852.75,8838.75,2017-10-12 15:50:00,8838.75,stop,14.0,-14.75,-1.0535714285714286,-295.0
2017-10-13,1,2017-10-13 10:25:00,2017-10-13 10:30:00,8870.25,8858.75,2017-10-13 15:55:00,8864.75,close,11.5,-6.25,-0.5434782608695652,-125.0
2017-10-16,-1,2017-10-16 10:15:00,2017-10-16 10:20:00,8875.5,8887.0,2017-10-16 15:55:00,8885.25,close,11.5,-10.5,-0.9130434782608696,-210.0
2017-10-17,-1,2017-10-17 10:25:00,2017-10-17 10:30:00,8875.25,8885.0,2017-10-17 11:00:00,8885.0,stop,9.75,-10.5,-1.0769230769230769,-210.0
2017-10-18,-1,2017-10-18 09:45:00,2017-10-18 09:50:00,8882.25,8899.75,2017-10-18 15:55:00,8885.5,close,17.5,-4.0,-0.2285714285714285,-80.0
2017-10-19,-1,2017-10-19 09:45:00,2017-10-19 09:50:00,8831.5,8860.25,2017-10-19 15:15:00,8860.25,stop,28.75,-29.5,-1.0260869565217392,-590.0
2017-10-23,-1,2017-10-23 09:45:00,2017-10-23 09:50:00,8877.5,8891.0,2017-10-23 15:55:00,8838.0,close,13.5,38.75,2.8703703703703702,775.0
2017-10-25,-1,2017-10-25 09:50:00,2017-10-25 09:55:00,8833.5,8856.25,2017-10-25 15:55:00,8824.25,close,22.75,8.5,0.3736263736263736,170.0
2017-10-26,-1,2017-10-26 10:05:00,2017-10-26 10:10:00,8808.25,8831.75,2017-10-26 10:45:00,8831.75,stop,23.5,-24.25,-1.0319148936170213,-485.0
2017-10-27,1,2017-10-27 09:50:00,2017-10-27 09:55:00,8924.0,8896.75,2017-10-27 15:55:00,8981.5,close,27.25,56.75,2.0825688073394497,1135.0
2017-10-30,1,2017-10-30 09:50:00,2017-10-30 09:55:00,9003.0,8974.75,2017-10-30 12:15:00,8974.75,stop,28.25,-29.0,-1.0265486725663715,-580.0
2017-10-31,-1,2017-10-31 09:50:00,2017-10-31 09:55:00,9002.0,9017.75,2017-10-31 11:15:00,9017.75,stop,15.75,-16.5,-1.0476190476190477,-330.0
2017-11-01,-1,2017-11-01 09:50:00,2017-11-01 09:55:00,9031.0,9046.0,2017-11-01 15:55:00,9016.0,close,15.0,14.25,0.95,285.0
2017-11-02,1,2017-11-02 09:45:00,2017-11-02 09:50:00,9010.0,8994.5,2017-11-02 10:00:00,8994.5,stop,15.5,-16.25,-1.0483870967741935,-325.0
2017-11-03,-1,2017-11-03 10:10:00,2017-11-03 10:15:00,9009.25,9032.75,2017-11-03 11:55:00,9032.75,stop,23.5,-24.25,-1.0319148936170213,-485.0
2017-11-06,1,2017-11-06 10:20:00,2017-11-06 10:25:00,9080.75,9055.75,2017-11-06 15:55:00,9082.5,close,25.0,1.0,0.04,20.0
2017-11-07,1,2017-11-07 09:45:00,2017-11-07 09:50:00,9093.75,9077.25,2017-11-07 10:05:00,9077.25,stop,16.5,-17.25,-1.0454545454545454,-345.0
2017-11-09,-1,2017-11-09 09:45:00,2017-11-09 09:50:00,9042.75,9070.25,2017-11-09 10:05:00,9070.25,stop,27.5,-28.25,-1.0272727272727271,-565.0
2017-11-10,-1,2017-11-10 10:30:00,2017-11-10 10:35:00,9056.0,9075.25,2017-11-10 12:10:00,9075.25,stop,19.25,-20.0,-1.0389610389610389,-400.0
2017-11-13,1,2017-11-13 09:50:00,2017-11-13 09:55:00,9070.5,9053.75,2017-11-13 15:55:00,9085.25,close,16.75,14.0,0.835820895522388,280.0
2017-11-14,-1,2017-11-14 10:00:00,2017-11-14 10:05:00,9032.75,9066.5,2017-11-14 10:45:00,9066.5,stop,33.75,-34.5,-1.022222222222222,-690.0
2017-11-16,1,2017-11-16 10:00:00,2017-11-16 10:05:00,9083.5,9063.75,2017-11-16 15:55:00,9113.0,close,19.75,28.75,1.4556962025316456,575.0
2017-11-17,-1,2017-11-17 10:10:00,2017-11-17 10:15:00,9104.25,9118.0,2017-11-17 15:55:00,9087.5,close,13.75,16.0,1.1636363636363636,320.0
2017-11-20,-1,2017-11-20 10:25:00,2017-11-20 10:30:00,9084.5,9098.0,2017-11-20 15:55:00,9082.5,close,13.5,1.25,0.0925925925925925,25.0
2017-11-21,1,2017-11-21 09:50:00,2017-11-21 09:55:00,9138.25,9109.25,2017-11-21 15:55:00,9150.5,close,29.0,11.5,0.396551724137931,230.0
2017-11-23,-1,2017-11-23 10:00:00,2017-11-23 10:05:00,9155.25,9159.75,2017-11-23 12:55:00,9154.0,close,4.5,0.5,0.1111111111111111,10.0
2017-11-24,1,2017-11-24 09:55:00,2017-11-24 10:00:00,9168.75,9161.25,2017-11-24 13:10:00,9183.25,close,7.5,13.75,1.8333333333333333,275.0
2017-11-27,1,2017-11-27 09:45:00,2017-11-27 09:50:00,9187.5,9172.5,2017-11-27 11:20:00,9172.5,stop,15.0,-15.75,-1.05,-315.0
2017-11-28,-1,2017-11-28 09:45:00,2017-11-28 09:50:00,9181.5,9193.0,2017-11-28 11:35:00,9193.0,stop,11.5,-12.25,-1.065217391304348,-245.0
2017-11-29,-1,2017-11-29 09:45:00,2017-11-29 09:50:00,9153.0,9187.5,2017-11-29 15:55:00,9083.25,close,34.5,69.0,2.0,1380.0
2017-11-30,1,2017-11-30 10:30:00,2017-11-30 10:35:00,9123.75,9093.0,2017-11-30 15:55:00,9135.0,close,30.75,10.5,0.3414634146341463,210.0
2017-12-01,1,2017-12-01 10:15:00,2017-12-01 10:20:00,9133.5,9092.75,2017-12-01 11:10:00,9092.75,stop,40.75,-41.5,-1.01840490797546,-830.0
2017-12-04,-1,2017-12-04 09:55:00,2017-12-04 10:00:00,9122.0,9153.75,2017-12-04 15:55:00,9034.0,close,31.75,87.25,2.748031496062992,1745.0
2017-12-05,1,2017-12-05 10:00:00,2017-12-05 10:05:00,9083.5,9007.5,2017-12-05 15:55:00,9036.0,close,76.0,-48.25,-0.6348684210526315,-965.0
2017-12-07,1,2017-12-07 10:30:00,2017-12-07 10:35:00,9092.0,9057.5,2017-12-07 15:55:00,9087.0,close,34.5,-5.75,-0.1666666666666666,-115.0
2017-12-11,1,2017-12-11 10:30:00,2017-12-11 10:35:00,9138.25,9115.25,2017-12-11 15:55:00,9163.0,close,23.0,24.0,1.0434782608695652,480.0
2017-12-13,-1,2017-12-13 10:05:00,2017-12-13 10:10:00,9172.25,9187.5,2017-12-13 15:55:00,9166.5,close,15.25,5.0,0.3278688524590163,100.0
2017-12-14,1,2017-12-14 10:20:00,2017-12-14 10:25:00,9186.5,9169.75,2017-12-14 13:10:00,9169.75,stop,16.75,-17.5,-1.044776119402985,-350.0
2017-12-15,1,2017-12-15 10:15:00,2017-12-15 10:20:00,9193.0,9174.5,2017-12-15 15:55:00,9232.75,close,18.5,39.0,2.108108108108108,780.0
2017-12-18,1,2017-12-18 10:05:00,2017-12-18 10:10:00,9282.75,9264.0,2017-12-18 15:55:00,9286.0,close,18.75,2.5,0.1333333333333333,50.0
2017-12-19,-1,2017-12-19 10:20:00,2017-12-19 10:25:00,9252.5,9282.5,2017-12-19 15:55:00,9248.75,close,30.0,3.0,0.1,60.0
2017-12-20,-1,2017-12-20 09:45:00,2017-12-20 09:50:00,9228.0,9272.75,2017-12-20 15:55:00,9241.5,close,44.75,-14.25,-0.3184357541899441,-285.0
2017-12-21,-1,2017-12-21 09:50:00,2017-12-21 09:55:00,9236.5,9258.75,2017-12-21 11:20:00,9258.75,stop,22.25,-23.0,-1.0337078651685394,-460.0
2017-12-26,-1,2017-12-26 09:45:00,2017-12-26 09:50:00,9187.5,9211.5,2017-12-26 12:35:00,9211.5,stop,24.0,-24.75,-1.03125,-495.0
2017-12-27,1,2017-12-27 10:10:00,2017-12-27 10:15:00,9223.0,9203.75,2017-12-27 11:55:00,9203.75,stop,19.25,-20.0,-1.0389610389610389,-400.0
2017-12-28,-1,2017-12-28 10:00:00,2017-12-28 10:05:00,9203.75,9218.5,2017-12-28 15:55:00,9200.5,close,14.75,2.5,0.1694915254237288,50.0
2017-12-29,-1,2017-12-29 10:00:00,2017-12-29 10:05:00,9189.0,9209.0,2017-12-29 15:55:00,9160.0,close,20.0,28.25,1.4125,565.0
2018-01-02,1,2018-01-02 09:45:00,2018-01-02 09:50:00,9219.5,9177.25,2018-01-02 15:55:00,9271.75,close,42.25,51.5,1.2189349112426036,1030.0
2018-01-03,1,2018-01-03 09:50:00,2018-01-03 09:55:00,9305.75,9277.0,2018-01-03 15:55:00,9334.75,close,28.75,28.25,0.982608695652174,565.0
2018-01-05,1,2018-01-05 10:15:00,2018-01-05 10:20:00,9383.0,9365.25,2018-01-05 15:55:00,9411.75,close,17.75,28.0,1.5774647887323945,560.0
2018-01-08,1,2018-01-08 10:15:00,2018-01-08 10:20:00,9423.75,9409.75,2018-01-08 15:55:00,9437.0,close,14.0,12.5,0.8928571428571429,250.0
2018-01-10,-1,2018-01-10 09:50:00,2018-01-10 09:55:00,9387.75,9420.0,2018-01-10 13:50:00,9420.0,stop,32.25,-33.0,-1.0232558139534884,-660.0
2018-01-11,-1,2018-01-11 10:30:00,2018-01-11 10:35:00,9425.25,9440.75,2018-01-11 11:00:00,9440.75,stop,15.5,-16.25,-1.0483870967741935,-325.0
2018-01-12,1,2018-01-12 10:25:00,2018-01-12 10:30:00,9491.25,9454.25,2018-01-12 15:55:00,9516.5,close,37.0,24.5,0.6621621621621622,490.0
2018-01-15,1,2018-01-15 10:10:00,2018-01-15 10:15:00,9533.5,9526.25,2018-01-15 12:10:00,9526.25,stop,7.25,-8.0,-1.103448275862069,-160.0
2018-01-18,-1,2018-01-18 10:00:00,2018-01-18 10:05:00,9555.0,9577.5,2018-01-18 11:15:00,9577.5,stop,22.5,-23.25,-1.0333333333333334,-465.0
2018-01-19,-1,2018-01-19 09:50:00,2018-01-19 09:55:00,9587.25,9608.0,2018-01-19 15:55:00,9596.25,close,20.75,-9.75,-0.4698795180722891,-195.0
2018-01-22,1,2018-01-22 10:05:00,2018-01-22 10:10:00,9615.0,9585.25,2018-01-22 15:55:00,9668.75,close,29.75,53.0,1.781512605042017,1060.0
2018-01-23,1,2018-01-23 09:45:00,2018-01-23 09:50:00,9708.75,9686.75,2018-01-23 15:55:00,9724.75,close,22.0,15.25,0.6931818181818182,305.0
2018-01-24,1,2018-01-24 10:10:00,2018-01-24 10:15:00,9749.25,9723.25,2018-01-24 11:10:00,9723.25,stop,26.0,-26.75,-1.0288461538461535,-535.0
2018-01-25,-1,2018-01-25 09:50:00,2018-01-25 09:55:00,9696.75,9728.75,2018-01-25 15:55:00,9675.0,close,32.0,21.0,0.65625,420.0
2018-01-26,1,2018-01-26 10:30:00,2018-01-26 10:35:00,9718.75,9700.25,2018-01-26 15:55:00,9778.25,close,18.5,58.75,3.175675675675676,1175.0
2018-01-31,-1,2018-01-31 10:00:00,2018-01-31 10:05:00,9722.0,9742.0,2018-01-31 15:55:00,9714.0,close,20.0,7.25,0.3625,145.0
2018-02-01,1,2018-02-01 10:00:00,2018-02-01 10:05:00,9707.75,9662.0,2018-02-01 15:30:00,9662.0,stop,45.75,-46.5,-1.0163934426229508,-930.0
2018-02-02,-1,2018-02-02 09:45:00,2018-02-02 09:50:00,9614.25,9646.75,2018-02-02 15:55:00,9516.0,close,32.5,97.5,3.0,1950.0
2018-02-05,1,2018-02-05 09:55:00,2018-02-05 10:00:00,9497.25,9433.5,2018-02-05 14:20:00,9433.5,stop,63.75,-64.5,-1.011764705882353,-1290.0
2018-02-06,1,2018-02-06 09:50:00,2018-02-06 09:55:00,9343.5,9124.75,2018-02-06 15:55:00,9417.25,close,218.75,73.0,0.3337142857142857,1460.0
2018-02-07,1,2018-02-07 10:05:00,2018-02-07 10:10:00,9432.75,9374.5,2018-02-07 13:00:00,9374.5,stop,58.25,-59.0,-1.0128755364806867,-1180.0
2018-02-08,-1,2018-02-08 10:25:00,2018-02-08 10:30:00,9298.75,9355.25,2018-02-08 15:55:00,9053.25,close,56.5,244.75,4.331858407079646,4895.0
2018-02-12,-1,2018-02-12 10:15:00,2018-02-12 10:20:00,9202.0,9265.25,2018-02-12 11:55:00,9265.25,stop,63.25,-64.0,-1.0118577075098814,-1280.0
2018-02-13,1,2018-02-13 10:15:00,2018-02-13 10:20:00,9272.25,9227.0,2018-02-13 15:55:00,9306.5,close,45.25,33.5,0.7403314917127072,670.0
2018-02-14,1,2018-02-14 10:05:00,2018-02-14 10:10:00,9334.5,9267.25,2018-02-14 15:55:00,9431.75,close,67.25,96.5,1.4349442379182156,1930.0
2018-02-15,1,2018-02-15 09:55:00,2018-02-15 10:00:00,9504.0,9453.75,2018-02-15 10:40:00,9453.75,stop,50.25,-51.0,-1.0149253731343284,-1020.0
2018-02-16,1,2018-02-16 09:45:00,2018-02-16 09:50:00,9567.25,9533.75,2018-02-16 13:30:00,9533.75,stop,33.5,-34.25,-1.0223880597014925,-685.0
2018-02-19,-1,2018-02-19 10:05:00,2018-02-19 10:10:00,9530.0,9558.25,2018-02-19 12:55:00,9530.75,close,28.25,-1.5,-0.0530973451327433,-30.0
2018-02-20,1,2018-02-20 09:45:00,2018-02-20 09:50:00,9545.0,9496.0,2018-02-20 15:55:00,9535.25,close,49.0,-10.5,-0.2142857142857142,-210.0
2018-02-21,1,2018-02-21 10:05:00,2018-02-21 10:10:00,9581.0,9557.25,2018-02-21 15:10:00,9557.25,stop,23.75,-24.5,-1.0315789473684212,-490.0
2018-02-27,-1,2018-02-27 09:50:00,2018-02-27 09:55:00,9723.0,9751.0,2018-02-27 10:10:00,9751.0,stop,28.0,-28.75,-1.0267857142857142,-575.0
2018-02-28,1,2018-02-28 09:55:00,2018-02-28 10:00:00,9709.0,9679.0,2018-02-28 10:50:00,9679.0,stop,30.0,-30.75,-1.025,-615.0
2018-03-01,-1,2018-03-01 09:50:00,2018-03-01 09:55:00,9556.75,9640.25,2018-03-01 10:35:00,9640.25,stop,83.5,-84.25,-1.0089820359281436,-1685.0
2018-03-02,1,2018-03-02 10:30:00,2018-03-02 10:35:00,9456.25,9399.75,2018-03-02 15:55:00,9562.75,close,56.5,105.75,1.8716814159292037,2115.0
2018-03-05,-1,2018-03-05 10:05:00,2018-03-05 10:10:00,9518.25,9552.75,2018-03-05 10:40:00,9552.75,stop,34.5,-35.25,-1.0217391304347827,-705.0
2018-03-06,1,2018-03-06 09:55:00,2018-03-06 10:00:00,9680.0,9653.0,2018-03-06 10:50:00,9653.0,stop,27.0,-27.75,-1.0277777777777777,-555.0
2018-03-08,-1,2018-03-08 10:00:00,2018-03-08 10:05:00,9699.0,9722.0,2018-03-08 11:15:00,9722.0,stop,23.0,-23.75,-1.0326086956521738,-475.0
2018-03-09,1,2018-03-09 10:05:00,2018-03-09 10:10:00,9782.0,9759.25,2018-03-09 15:55:00,9852.75,close,22.75,70.0,3.076923076923077,1400.0
2018-03-12,1,2018-03-12 10:00:00,2018-03-12 10:05:00,9895.25,9866.75,2018-03-12 11:20:00,9866.75,stop,28.5,-29.25,-1.0263157894736843,-585.0
2018-03-13,-1,2018-03-13 10:30:00,2018-03-13 10:35:00,9904.0,9936.25,2018-03-13 15:55:00,9797.5,close,32.25,105.75,3.2790697674418605,2115.0
2018-03-14,-1,2018-03-14 09:45:00,2018-03-14 09:50:00,9802.75,9837.5,2018-03-14 15:55:00,9792.25,close,34.75,9.75,0.2805755395683453,195.0
2018-03-15,-1,2018-03-15 09:45:00,2018-03-15 09:50:00,9766.0,9800.25,2018-03-15 10:30:00,9800.25,stop,34.25,-35.0,-1.0218978102189782,-700.0
2018-03-19,-1,2018-03-19 10:10:00,2018-03-19 10:15:00,9666.75,9699.25,2018-03-19 15:55:00,9611.5,close,32.5,54.5,1.676923076923077,1090.0
2018-03-21,1,2018-03-21 09:50:00,2018-03-21 09:55:00,9622.25,9604.0,2018-03-21 14:40:00,9604.0,stop,18.25,-19.0,-1.0410958904109588,-380.0
2018-03-22,1,2018-03-22 09:45:00,2018-03-22 09:50:00,9532.75,9491.75,2018-03-22 10:45:00,9491.75,stop,41.0,-41.75,-1.0182926829268293,-835.0
2018-03-26,-1,2018-03-26 10:10:00,2018-03-26 10:15:00,9375.5,9405.75,2018-03-26 14:10:00,9405.75,stop,30.25,-31.0,-1.024793388429752,-620.0
2018-03-27,-1,2018-03-27 09:45:00,2018-03-27 09:50:00,9503.75,9545.5,2018-03-27 15:55:00,9269.5,close,41.75,233.5,5.592814371257485,4670.0
2018-03-28,1,2018-03-28 10:00:00,2018-03-28 10:05:00,9277.0,9170.0,2018-03-28 10:45:00,9170.0,stop,107.0,-107.75,-1.0070093457943925,-2155.0
2018-03-29,-1,2018-03-29 09:45:00,2018-03-29 09:50:00,9185.75,9251.5,2018-03-29 10:45:00,9251.5,stop,65.75,-66.5,-1.011406844106464,-1330.0
2018-04-02,-1,2018-04-02 09:45:00,2018-04-02 09:50:00,9242.5,9296.0,2018-04-02 15:55:00,9125.25,close,53.5,116.5,2.177570093457944,2330.0
2018-04-03,-1,2018-04-03 09:50:00,2018-04-03 09:55:00,9156.25,9193.0,2018-04-03 11:05:00,9193.0,stop,36.75,-37.5,-1.020408163265306,-750.0
2018-04-05,-1,2018-04-05 09:45:00,2018-04-05 09:50:00,9326.0,9371.5,2018-04-05 15:55:00,9331.25,close,45.5,-6.0,-0.1318681318681318,-120.0
2018-04-06,1,2018-04-06 09:50:00,2018-04-06 09:55:00,9322.5,9250.25,2018-04-06 10:45:00,9250.25,stop,72.25,-73.0,-1.0103806228373702,-1460.0
2018-04-09,1,2018-04-09 09:45:00,2018-04-09 09:50:00,9243.25,9208.25,2018-04-09 15:55:00,9208.25,stop,35.0,-35.75,-1.0214285714285714,-715.0
2018-04-10,-1,2018-04-10 09:50:00,2018-04-10 09:55:00,9273.25,9325.0,2018-04-10 10:35:00,9325.0,stop,51.75,-52.5,-1.0144927536231885,-1050.0
2018-04-11,1,2018-04-11 10:20:00,2018-04-11 10:25:00,9348.75,9312.25,2018-04-11 15:20:00,9312.25,stop,36.5,-37.25,-1.0205479452054795,-745.0
2018-04-12,1,2018-04-12 09:55:00,2018-04-12 10:00:00,9399.75,9353.0,2018-04-12 15:55:00,9393.5,close,46.75,-7.0,-0.1497326203208556,-140.0
2018-04-13,-1,2018-04-13 09:50:00,2018-04-13 09:55:00,9411.5,9438.75,2018-04-13 15:55:00,9361.0,close,27.25,49.75,1.8256880733944956,995.0
2018-04-17,1,2018-04-17 10:00:00,2018-04-17 10:05:00,9497.25,9465.75,2018-04-17 15:55:00,9552.0,close,31.5,54.0,1.7142857142857142,1080.0
2018-04-18,-1,2018-04-18 10:10:00,2018-04-18 10:15:00,9524.5,9567.5,2018-04-18 11:00:00,9567.5,stop,43.0,-43.75,-1.0174418604651163,-875.0
2018-04-19,1,2018-04-19 10:10:00,2018-04-19 10:15:00,9540.75,9517.5,2018-04-19 10:50:00,9517.5,stop,23.25,-24.0,-1.032258064516129,-480.0
2018-04-20,-1,2018-04-20 09:50:00,2018-04-20 09:55:00,9448.25,9492.25,2018-04-20 15:55:00,9398.75,close,44.0,48.75,1.1079545454545454,975.0
2018-04-23,-1,2018-04-23 09:50:00,2018-04-23 09:55:00,9389.25,9431.0,2018-04-23 10:45:00,9431.0,stop,41.75,-42.5,-1.0179640718562877,-850.0
2018-04-24,-1,2018-04-24 09:50:00,2018-04-24 09:55:00,9380.25,9417.75,2018-04-24 15:55:00,9238.5,close,37.5,141.0,3.76,2820.0
2018-04-25,-1,2018-04-25 09:55:00,2018-04-25 10:00:00,9169.0,9251.5,2018-04-25 11:00:00,9251.5,stop,82.5,-83.25,-1.009090909090909,-1665.0
2018-04-26,1,2018-04-26 10:05:00,2018-04-26 10:10:00,9358.0,9307.5,2018-04-26 15:55:00,9381.0,close,50.5,22.25,0.4405940594059406,445.0
2018-04-27,-1,2018-04-27 09:50:00,2018-04-27 09:55:00,9418.0,9482.25,2018-04-27 15:55:00,9387.5,close,64.25,29.75,0.4630350194552529,595.0
2018-04-30,1,2018-04-30 09:50:00,2018-04-30 09:55:00,9428.5,9397.5,2018-04-30 11:30:00,9397.5,stop,31.0,-31.75,-1.0241935483870968,-635.0
2018-05-01,1,2018-05-01 09:55:00,2018-05-01 10:00:00,9340.75,9304.5,2018-05-01 15:55:00,9410.75,close,36.25,69.25,1.910344827586207,1385.0
2018-05-03,1,2018-05-03 09:50:00,2018-05-03 09:55:00,9350.0,9315.75,2018-05-03 10:20:00,9315.75,stop,34.25,-35.0,-1.0218978102189782,-700.0
2018-05-04,1,2018-05-04 10:00:00,2018-05-04 10:05:00,9380.0,9336.25,2018-05-04 15:55:00,9498.5,close,43.75,117.75,2.6914285714285717,2355.0
2018-05-08,-1,2018-05-08 09:55:00,2018-05-08 10:00:00,9520.5,9548.75,2018-05-08 11:15:00,9548.75,stop,28.25,-29.0,-1.0265486725663715,-580.0
2018-05-10,1,2018-05-10 10:25:00,2018-05-10 10:30:00,9659.75,9637.25,2018-05-10 15:55:00,9692.75,close,22.5,32.25,1.4333333333333331,645.0
2018-05-14,1,2018-05-14 10:20:00,2018-05-14 10:25:00,9730.25,9699.5,2018-05-14 13:00:00,9699.5,stop,30.75,-31.5,-1.024390243902439,-630.0
2018-05-15,-1,2018-05-15 09:55:00,2018-05-15 10:00:00,9589.0,9643.0,2018-05-15 15:55:00,9617.75,close,54.0,-29.5,-0.5462962962962963,-590.0
2018-05-16,1,2018-05-16 09:45:00,2018-05-16 09:50:00,9637.75,9622.25,2018-05-16 15:55:00,9663.5,close,15.5,25.0,1.6129032258064515,500.0
2018-05-17,1,2018-05-17 10:00:00,2018-05-17 10:05:00,9652.75,9632.0,2018-05-17 13:40:00,9632.0,stop,20.75,-21.5,-1.036144578313253,-430.0
2018-05-18,-1,2018-05-18 10:30:00,2018-05-18 10:35:00,9598.0,9618.25,2018-05-18 11:05:00,9618.25,stop,20.25,-21.0,-1.037037037037037,-420.0
2018-05-22,-1,2018-05-22 09:50:00,2018-05-22 09:55:00,9663.25,9680.5,2018-05-22 15:55:00,9628.25,close,17.25,34.25,1.9855072463768115,685.0
2018-05-23,1,2018-05-23 10:05:00,2018-05-23 10:10:00,9613.5,9574.0,2018-05-23 15:55:00,9686.5,close,39.5,72.25,1.8291139240506329,1445.0
2018-05-24,-1,2018-05-24 09:45:00,2018-05-24 09:50:00,9655.75,9694.25,2018-05-24 15:30:00,9694.25,stop,38.5,-39.25,-1.0194805194805194,-785.0
2018-05-25,1,2018-05-25 09:45:00,2018-05-25 09:50:00,9692.5,9668.25,2018-05-25 15:55:00,9690.0,close,24.25,-3.25,-0.134020618556701,-65.0
2018-05-28,1,2018-05-28 09:55:00,2018-05-28 10:00:00,9707.0,9697.0,2018-05-28 12:55:00,9718.25,close,10.0,10.5,1.05,210.0
2018-05-29,1,2018-05-29 09:45:00,2018-05-29 09:50:00,9672.5,9641.25,2018-05-29 11:45:00,9641.25,stop,31.25,-32.0,-1.024,-640.0
2018-05-30,-1,2018-05-30 09:50:00,2018-05-30 09:55:00,9676.5,9691.75,2018-05-30 10:15:00,9691.75,stop,15.25,-16.0,-1.0491803278688523,-320.0
2018-06-01,1,2018-06-01 10:00:00,2018-06-01 10:05:00,9763.0,9735.0,2018-06-01 15:55:00,9812.5,close,28.0,48.75,1.7410714285714286,975.0
2018-06-05,1,2018-06-05 09:55:00,2018-06-05 10:00:00,9899.0,9881.25,2018-06-05 11:05:00,9881.25,stop,17.75,-18.5,-1.0422535211267605,-370.0
2018-06-06,-1,2018-06-06 09:55:00,2018-06-06 10:00:00,9886.5,9913.0,2018-06-06 11:35:00,9913.0,stop,26.5,-27.25,-1.028301886792453,-545.0
2018-06-07,-1,2018-06-07 10:05:00,2018-06-07 10:10:00,9908.75,9941.25,2018-06-07 15:55:00,9880.25,close,32.5,27.75,0.8538461538461538,555.0
2018-06-08,1,2018-06-08 09:50:00,2018-06-08 09:55:00,9859.0,9836.75,2018-06-08 10:30:00,9836.75,stop,22.25,-23.0,-1.0337078651685394,-460.0
2018-06-12,-1,2018-06-12 10:25:00,2018-06-12 10:30:00,9903.75,9919.75,2018-06-12 11:05:00,9919.75,stop,16.0,-16.75,-1.046875,-335.0
2018-06-13,1,2018-06-13 10:00:00,2018-06-13 10:05:00,9955.5,9939.25,2018-06-13 14:05:00,9939.25,stop,16.25,-17.0,-1.0461538461538462,-340.0
2018-06-14,1,2018-06-14 10:00:00,2018-06-14 10:05:00,9989.0,9959.75,2018-06-14 15:55:00,10008.0,close,29.25,18.25,0.6239316239316239,365.0
2018-06-18,1,2018-06-18 09:50:00,2018-06-18 09:55:00,9938.5,9907.25,2018-06-18 15:55:00,9973.0,close,31.25,33.75,1.08,675.0
2018-06-19,-1,2018-06-19 10:20:00,2018-06-19 10:25:00,9874.0,9917.25,2018-06-19 11:50:00,9917.25,stop,43.25,-44.0,-1.0173410404624277,-880.0
2018-06-21,-1,2018-06-21 10:00:00,2018-06-21 10:05:00,9995.5,10028.25,2018-06-21 15:55:00,9939.5,close,32.75,55.25,1.6870229007633588,1105.0
2018-06-22,-1,2018-06-22 09:55:00,2018-06-22 10:00:00,9918.75,9966.75,2018-06-22 15:55:00,9916.25,close,48.0,1.75,0.0364583333333333,35.0
2018-06-25,-1,2018-06-25 09:45:00,2018-06-25 09:50:00,9816.0,9868.0,2018-06-25 15:55:00,9759.0,close,52.0,56.25,1.0817307692307692,1125.0
2018-06-27,1,2018-06-27 09:45:00,2018-06-27 09:50:00,9831.75,9804.75,2018-06-27 11:05:00,9804.75,stop,27.0,-27.75,-1.0277777777777777,-555.0
2018-06-28,-1,2018-06-28 09:45:00,2018-06-28 09:50:00,9676.0,9715.25,2018-06-28 09:55:00,9715.25,stop,39.25,-40.0,-1.019108280254777,-800.0
2018-07-02,1,2018-07-02 09:45:00,2018-07-02 09:50:00,9728.25,9686.0,2018-07-02 15:55:00,9816.0,close,42.25,87.0,2.059171597633136,1740.0
2018-07-04,-1,2018-07-04 09:45:00,2018-07-04 09:50:00,9731.25,9745.75,2018-07-04 12:55:00,9741.0,close,14.5,-10.5,-0.7241379310344828,-210.0
2018-07-05,-1,2018-07-05 10:10:00,2018-07-05 10:15:00,9767.0,9798.25,2018-07-05 12:00:00,9798.25,stop,31.25,-32.0,-1.024,-640.0
2018-07-09,-1,2018-07-09 09:50:00,2018-07-09 09:55:00,9955.5,9979.5,2018-07-09 14:55:00,9979.5,stop,24.0,-24.75,-1.03125,-495.0
2018-07-10,-1,2018-07-10 09:45:00,2018-07-10 09:50:00,9991.0,10007.5,2018-07-10 10:35:00,10007.5,stop,16.5,-17.25,-1.0454545454545454,-345.0
2018-07-11,1,2018-07-11 10:00:00,2018-07-11 10:05:00,9977.0,9936.25,2018-07-11 15:55:00,9962.25,close,40.75,-15.5,-0.3803680981595092,-310.0
2018-07-12,1,2018-07-12 09:50:00,2018-07-12 09:55:00,10010.75,9986.75,2018-07-12 15:55:00,10083.5,close,24.0,72.0,3.0,1440.0
2018-07-13,-1,2018-07-13 09:50:00,2018-07-13 09:55:00,10072.0,10094.5,2018-07-13 10:25:00,10094.5,stop,22.5,-23.25,-1.0333333333333334,-465.0
2018-07-16,-1,2018-07-16 10:20:00,2018-07-16 10:25:00,10081.5,10105.75,2018-07-16 15:55:00,10074.5,close,24.25,6.25,0.2577319587628865,125.0
2018-07-17,1,2018-07-17 09:50:00,2018-07-17 09:55:00,10035.5,9994.0,2018-07-17 15:55:00,10120.5,close,41.5,84.25,2.0301204819277108,1685.0
2018-07-18,-1,2018-07-18 10:10:00,2018-07-18 10:15:00,10092.25,10125.25,2018-07-18 15:55:00,10103.5,close,33.0,-12.0,-0.3636363636363636,-240.0
2018-07-19,-1,2018-07-19 09:50:00,2018-07-19 09:55:00,10068.75,10100.25,2018-07-19 15:55:00,10066.75,close,31.5,1.25,0.0396825396825396,25.0
2018-07-20,1,2018-07-20 10:25:00,2018-07-20 10:30:00,10094.25,10076.25,2018-07-20 12:10:00,10076.25,stop,18.0,-18.75,-1.0416666666666667,-375.0
2018-07-25,1,2018-07-25 09:45:00,2018-07-25 09:50:00,10138.25,10114.75,2018-07-25 15:55:00,10219.5,close,23.5,80.5,3.425531914893617,1610.0
2018-07-26,-1,2018-07-26 09:45:00,2018-07-26 09:50:00,10111.5,10137.25,2018-07-26 11:20:00,10137.25,stop,25.75,-26.5,-1.029126213592233,-530.0
2018-07-27,-1,2018-07-27 09:55:00,2018-07-27 10:00:00,10102.0,10155.5,2018-07-27 15:55:00,10005.5,close,53.5,95.75,1.7897196261682242,1915.0
2018-07-30,-1,2018-07-30 09:50:00,2018-07-30 09:55:00,9910.75,10007.25,2018-07-30 15:55:00,9902.25,close,96.5,7.75,0.0803108808290155,155.0
2018-07-31,-1,2018-07-31 10:15:00,2018-07-31 10:20:00,9901.5,9969.25,2018-07-31 12:00:00,9969.25,stop,67.75,-68.5,-1.011070110701107,-1370.0
2018-08-01,1,2018-08-01 10:10:00,2018-08-01 10:15:00,9989.5,9951.5,2018-08-01 12:25:00,9951.5,stop,38.0,-38.75,-1.019736842105263,-775.0
2018-08-02,1,2018-08-02 09:50:00,2018-08-02 09:55:00,9962.25,9923.25,2018-08-02 15:55:00,10079.25,close,39.0,116.25,2.980769230769231,2325.0
2018-08-03,1,2018-08-03 10:25:00,2018-08-03 10:30:00,10098.5,10066.5,2018-08-03 15:55:00,10101.25,close,32.0,2.0,0.0625,40.0
2018-08-06,1,2018-08-06 09:50:00,2018-08-06 09:55:00,10107.25,10086.0,2018-08-06 15:55:00,10145.5,close,21.25,37.5,1.7647058823529411,750.0
2018-08-07,-1,2018-08-07 09:45:00,2018-08-07 09:50:00,10153.25,10185.25,2018-08-07 15:55:00,10169.75,close,32.0,-17.25,-0.5390625,-345.0
2018-08-08,1,2018-08-08 09:45:00,2018-08-08 09:50:00,10168.5,10141.0,2018-08-08 15:55:00,10176.25,close,27.5,7.0,0.2545454545454545,140.0
2018-08-09,1,2018-08-09 10:05:00,2018-08-09 10:10:00,10188.25,10163.25,2018-08-09 15:55:00,10172.5,close,25.0,-16.5,-0.66,-330.0
2018-08-13,1,2018-08-13 09:50:00,2018-08-13 09:55:00,10153.5,10125.75,2018-08-13 11:30:00,10125.75,stop,27.75,-28.5,-1.027027027027027,-570.0
2018-08-14,-1,2018-08-14 09:45:00,2018-08-14 09:50:00,10114.25,10143.5,2018-08-14 10:50:00,10143.5,stop,29.25,-30.0,-1.0256410256410255,-600.0
2018-08-15,-1,2018-08-15 09:45:00,2018-08-15 09:50:00,10090.0,10116.75,2018-08-15 15:55:00,10063.75,close,26.75,25.5,0.9532710280373832,510.0
2018-08-17,-1,2018-08-17 10:05:00,2018-08-17 10:10:00,10041.5,10080.75,2018-08-17 14:05:00,10080.75,stop,39.25,-40.0,-1.019108280254777,-800.0
2018-08-20,-1,2018-08-20 09:50:00,2018-08-20 09:55:00,10067.75,10105.75,2018-08-20 15:55:00,10079.25,close,38.0,-12.25,-0.3223684210526316,-245.0
2018-08-21,1,2018-08-21 09:50:00,2018-08-21 09:55:00,10126.75,10096.75,2018-08-21 15:55:00,10105.5,close,30.0,-22.0,-0.7333333333333333,-440.0
2018-08-23,1,2018-08-23 09:45:00,2018-08-23 09:50:00,10160.0,10120.75,2018-08-23 11:15:00,10120.75,stop,39.25,-40.0,-1.019108280254777,-800.0
2018-08-24,1,2018-08-24 10:00:00,2018-08-24 10:05:00,10167.5,10144.5,2018-08-24 15:55:00,10191.5,close,23.0,23.25,1.0108695652173914,465.0
2018-08-27,1,2018-08-27 09:55:00,2018-08-27 10:00:00,10240.0,10216.25,2018-08-27 15:55:00,10266.25,close,23.75,25.5,1.0736842105263158,510.0
2018-08-28,-1,2018-08-28 10:20:00,2018-08-28 10:25:00,10275.5,10295.75,2018-08-28 15:55:00,10277.75,close,20.25,-3.0,-0.1481481481481481,-60.0
2018-08-29,1,2018-08-29 10:20:00,2018-08-29 10:25:00,10316.5,10287.75,2018-08-29 15:55:00,10365.75,close,28.75,48.5,1.6869565217391305,970.0
2018-08-30,1,2018-08-30 10:15:00,2018-08-30 10:20:00,10364.75,10341.0,2018-08-30 15:00:00,10341.0,stop,23.75,-24.5,-1.0315789473684212,-490.0
2018-08-31,1,2018-08-31 09:45:00,2018-08-31 09:50:00,10367.0,10339.25,2018-08-31 14:10:00,10339.25,stop,27.75,-28.5,-1.027027027027027,-570.0
2018-09-03,1,2018-09-03 09:55:00,2018-09-03 10:00:00,10373.5,10367.0,2018-09-03 12:55:00,10379.75,close,6.5,5.5,0.8461538461538461,110.0
2018-09-05,-1,2018-09-05 09:50:00,2018-09-05 09:55:00,10279.75,10314.5,2018-09-05 15:55:00,10227.0,close,34.75,52.0,1.4964028776978415,1040.0
2018-09-06,-1,2018-09-06 10:10:00,2018-09-06 10:15:00,10170.5,10237.5,2018-09-06 15:55:00,10156.75,close,67.0,13.0,0.1940298507462686,260.0
2018-09-07,1,2018-09-07 09:45:00,2018-09-07 09:50:00,10139.0,10100.5,2018-09-07 15:55:00,10135.25,close,38.5,-4.5,-0.1168831168831168,-90.0
2018-09-10,-1,2018-09-10 10:00:00,2018-09-10 10:05:00,10131.75,10175.25,2018-09-10 15:55:00,10153.5,close,43.5,-22.5,-0.5172413793103449,-450.0
2018-09-11,1,2018-09-11 10:05:00,2018-09-11 10:10:00,10173.75,10103.0,2018-09-11 15:55:00,10210.25,close,70.75,35.75,0.5053003533568905,715.0
2018-09-12,-1,2018-09-12 09:50:00,2018-09-12 09:55:00,10168.75,10204.75,2018-09-12 15:55:00,10189.25,close,36.0,-21.25,-0.5902777777777778,-425.0
2018-09-17,-1,2018-09-17 10:00:00,2018-09-17 10:05:00,10186.0,10236.5,2018-09-17 15:55:00,10135.25,close,50.5,50.0,0.99009900990099,1000.0
2018-09-18,1,2018-09-18 09:45:00,2018-09-18 09:50:00,10192.75,10137.25,2018-09-18 15:55:00,10197.0,close,55.5,3.5,0.063063063063063,70.0
2018-09-19,-1,2018-09-19 10:05:00,2018-09-19 10:10:00,10164.25,10216.0,2018-09-19 15:55:00,10190.5,close,51.75,-27.0,-0.5217391304347826,-540.0
2018-09-20,1,2018-09-20 10:00:00,2018-09-20 10:05:00,10268.0,10222.75,2018-09-20 15:55:00,10271.0,close,45.25,2.25,0.0497237569060773,45.0
2018-09-21,-1,2018-09-21 09:50:00,2018-09-21 09:55:00,10283.5,10304.5,2018-09-21 15:55:00,10229.5,close,21.0,53.25,2.5357142857142856,1065.0
2018-09-24,1,2018-09-24 09:50:00,2018-09-24 09:55:00,10188.25,10143.75,2018-09-24 15:55:00,10249.25,close,44.5,60.25,1.353932584269663,1205.0
2018-09-26,1,2018-09-26 10:00:00,2018-09-26 10:05:00,10289.25,10262.75,2018-09-26 15:45:00,10262.75,stop,26.5,-27.25,-1.028301886792453,-545.0
2018-09-27,1,2018-09-27 10:00:00,2018-09-27 10:05:00,10338.5,10291.5,2018-09-27 15:55:00,10329.5,close,47.0,-9.75,-0.2074468085106383,-195.0
2018-09-28,-1,2018-09-28 10:10:00,2018-09-28 10:15:00,10298.75,10322.5,2018-09-28 10:35:00,10322.5,stop,23.75,-24.5,-1.0315789473684212,-490.0
2018-10-01,1,2018-10-01 09:50:00,2018-10-01 09:55:00,10393.25,10361.25,2018-10-01 12:40:00,10361.25,stop,32.0,-32.75,-1.0234375,-655.0
2018-10-02,1,2018-10-02 09:55:00,2018-10-02 10:00:00,10349.25,10305.25,2018-10-02 15:55:00,10324.0,close,44.0,-26.0,-0.5909090909090909,-520.0
2018-10-03,1,2018-10-03 10:10:00,2018-10-03 10:15:00,10372.25,10346.25,2018-10-03 10:55:00,10346.25,stop,26.0,-26.75,-1.0288461538461535,-535.0
2018-10-04,-1,2018-10-04 10:15:00,2018-10-04 10:20:00,10232.25,10302.75,2018-10-04 15:55:00,10184.0,close,70.5,47.5,0.6737588652482269,950.0
2018-10-05,-1,2018-10-05 09:55:00,2018-10-05 10:00:00,10148.75,10201.25,2018-10-05 15:55:00,10090.75,close,52.5,57.25,1.0904761904761904,1145.0
2018-10-08,1,2018-10-08 09:50:00,2018-10-08 09:55:00,10089.0,10029.25,2018-10-08 11:30:00,10029.25,stop,59.75,-60.5,-1.0125523012552302,-1210.0
2018-10-09,1,2018-10-09 10:20:00,2018-10-09 10:25:00,10094.75,10031.75,2018-10-09 15:55:00,10065.25,close,63.0,-30.25,-0.4801587301587302,-605.0
2018-10-10,-1,2018-10-10 09:45:00,2018-10-10 09:50:00,9963.25,10026.25,2018-10-10 15:55:00,9741.5,close,63.0,221.0,3.507936507936508,4420.0
2018-10-11,1,2018-10-11 09:45:00,2018-10-11 09:50:00,9762.0,9672.0,2018-10-11 11:00:00,9672.0,stop,90.0,-90.75,-1.0083333333333333,-1815.0
2018-10-15,-1,2018-10-15 10:00:00,2018-10-15 10:05:00,9753.25,9831.0,2018-10-15 13:45:00,9831.0,stop,77.75,-78.5,-1.0096463022508038,-1570.0
2018-10-16,1,2018-10-16 09:55:00,2018-10-16 10:00:00,9860.0,9821.75,2018-10-16 10:30:00,9821.75,stop,38.25,-39.0,-1.0196078431372548,-780.0
2018-10-17,-1,2018-10-17 10:00:00,2018-10-17 10:05:00,9927.5,10005.0,2018-10-17 15:55:00,9966.75,close,77.5,-40.0,-0.5161290322580645,-800.0
2018-10-18,-1,2018-10-18 10:05:00,2018-10-18 10:10:00,9886.75,9940.5,2018-10-18 15:55:00,9801.75,close,53.75,84.25,1.5674418604651164,1685.0
2018-10-19,1,2018-10-19 10:00:00,2018-10-19 10:05:00,9907.5,9841.25,2018-10-19 11:35:00,9841.25,stop,66.25,-67.0,-1.0113207547169811,-1340.0
2018-10-22,-1,2018-10-22 09:50:00,2018-10-22 09:55:00,9793.25,9853.0,2018-10-22 10:45:00,9853.0,stop,59.75,-60.5,-1.0125523012552302,-1210.0
2018-10-23,-1,2018-10-23 10:00:00,2018-10-23 10:05:00,9640.0,9719.25,2018-10-23 12:25:00,9719.25,stop,79.25,-80.0,-1.0094637223974765,-1600.0
2018-10-24,-1,2018-10-24 09:45:00,2018-10-24 09:50:00,9753.0,9801.0,2018-10-24 15:55:00,9468.25,close,48.0,284.0,5.916666666666667,5680.0
2018-10-25,1,2018-10-25 09:55:00,2018-10-25 10:00:00,9621.75,9542.75,2018-10-25 15:55:00,9700.5,close,79.0,78.0,0.9873417721518988,1560.0
2018-10-26,1,2018-10-26 09:45:00,2018-10-26 09:50:00,9564.0,9460.0,2018-10-26 10:05:00,9460.0,stop,104.0,-104.75,-1.0072115384615383,-2095.0
2018-10-29,1,2018-10-29 10:00:00,2018-10-29 10:05:00,9647.25,9593.25,2018-10-29 10:45:00,9593.25,stop,54.0,-54.75,-1.0138888888888888,-1095.0
2018-10-30,1,2018-10-30 09:50:00,2018-10-30 09:55:00,9448.75,9331.0,2018-10-30 15:55:00,9488.0,close,117.75,38.5,0.3269639065817409,770.0
2018-10-31,1,2018-10-31 09:55:00,2018-10-31 10:00:00,9652.75,9597.25,2018-10-31 15:55:00,9643.5,close,55.5,-10.0,-0.1801801801801801,-200.0
2018-11-01,-1,2018-11-01 09:45:00,2018-11-01 09:50:00,9624.75,9683.5,2018-11-01 10:35:00,9683.5,stop,58.75,-59.5,-1.0127659574468084,-1190.0
2018-11-02,-1,2018-11-02 10:00:00,2018-11-02 10:05:00,9687.5,9762.5,2018-11-02 15:55:00,9635.5,close,75.0,51.25,0.6833333333333333,1025.0
2018-11-05,-1,2018-11-05 10:10:00,2018-11-05 10:15:00,9547.5,9641.25,2018-11-05 15:55:00,9613.0,close,93.75,-66.25,-0.7066666666666667,-1325.0
2018-11-06,1,2018-11-06 09:45:00,2018-11-06 09:50:00,9695.75,9609.5,2018-11-06 14:25:00,9609.5,stop,86.25,-87.0,-1.008695652173913,-1740.0
2018-11-07,1,2018-11-07 10:10:00,2018-11-07 10:15:00,9786.0,9731.75,2018-11-07 15:55:00,9880.25,close,54.25,93.5,1.7235023041474655,1870.0
2018-11-08,1,2018-11-08 09:55:00,2018-11-08 10:00:00,9864.25,9823.5,2018-11-08 13:25:00,9823.5,stop,40.75,-41.5,-1.01840490797546,-830.0
2018-11-09,-1,2018-11-09 10:05:00,2018-11-09 10:10:00,9734.0,9786.25,2018-11-09 15:55:00,9716.0,close,52.25,17.25,0.3301435406698564,345.0
2018-11-12,-1,2018-11-12 10:00:00,2018-11-12 10:05:00,9582.75,9679.0,2018-11-12 15:55:00,9508.25,close,96.25,73.75,0.7662337662337663,1475.0
2018-11-13,-1,2018-11-13 09:55:00,2018-11-13 10:00:00,9531.5,9590.5,2018-11-13 11:00:00,9590.5,stop,59.0,-59.75,-1.0127118644067796,-1195.0
2018-11-14,-1,2018-11-14 09:50:00,2018-11-14 09:55:00,9554.75,9594.0,2018-11-14 15:55:00,9452.25,close,39.25,101.75,2.5923566878980893,2035.0
2018-11-15,-1,2018-11-15 10:30:00,2018-11-15 10:35:00,9391.75,9481.25,2018-11-15 11:20:00,9481.25,stop,89.5,-90.25,-1.0083798882681565,-1805.0
2018-11-16,1,2018-11-16 09:45:00,2018-11-16 09:50:00,9527.5,9477.5,2018-11-16 15:55:00,9549.0,close,50.0,20.75,0.415,415.0
2018-11-19,-1,2018-11-19 09:50:00,2018-11-19 09:55:00,9465.75,9522.5,2018-11-19 15:55:00,9322.75,close,56.75,142.25,2.5066079295154187,2845.0
2018-11-20,-1,2018-11-20 10:10:00,2018-11-20 10:15:00,9123.25,9224.5,2018-11-20 10:35:00,9224.5,stop,101.25,-102.0,-1.0074074074074073,-2040.0
2018-11-22,-1,2018-11-22 10:05:00,2018-11-22 10:10:00,9215.0,9224.75,2018-11-22 12:55:00,9191.0,close,9.75,23.25,2.3846153846153846,465.0
2018-11-26,1,2018-11-26 09:50:00,2018-11-26 09:55:00,9311.5,9268.75,2018-11-26 12:35:00,9268.75,stop,42.75,-43.5,-1.0175438596491229,-870.0
2018-11-27,1,2018-11-27 10:05:00,2018-11-27 10:10:00,9349.0,9283.25,2018-11-27 15:55:00,9376.75,close,65.75,27.0,0.4106463878326996,540.0
2018-11-28,-1,2018-11-28 10:25:00,2018-11-28 10:30:00,9404.25,9435.0,2018-11-28 12:00:00,9435.0,stop,30.75,-31.5,-1.024390243902439,-630.0
2018-11-29,-1,2018-11-29 10:15:00,2018-11-29 10:20:00,9541.75,9581.25,2018-11-29 13:45:00,9581.25,stop,39.5,-40.25,-1.018987341772152,-805.0
2018-11-30,1,2018-11-30 10:30:00,2018-11-30 10:35:00,9593.5,9542.5,2018-11-30 15:55:00,9620.5,close,51.0,26.25,0.5147058823529411,525.0
2018-12-03,-1,2018-12-03 09:45:00,2018-12-03 09:50:00,9727.75,9777.75,2018-12-03 15:55:00,9735.75,close,50.0,-8.75,-0.175,-175.0
2018-12-04,-1,2018-12-04 09:50:00,2018-12-04 09:55:00,9685.5,9716.75,2018-12-04 10:15:00,9716.75,stop,31.25,-32.0,-1.024,-640.0
2018-12-07,-1,2018-12-07 10:10:00,2018-12-07 10:15:00,9453.25,9522.0,2018-12-07 15:55:00,9285.75,close,68.75,166.75,2.4254545454545453,3335.0
2018-12-10,-1,2018-12-10 09:50:00,2018-12-10 09:55:00,9267.25,9342.5,2018-12-10 13:50:00,9342.5,stop,75.25,-76.0,-1.0099667774086378,-1520.0
2018-12-11,-1,2018-12-11 10:10:00,2018-12-11 10:15:00,9423.25,9466.0,2018-12-11 15:55:00,9376.25,close,42.75,46.25,1.08187134502924,925.0
2018-12-12,1,2018-12-12 09:55:00,2018-12-12 10:00:00,9480.5,9456.25,2018-12-12 14:40:00,9456.25,stop,24.25,-25.0,-1.0309278350515465,-500.0
2018-12-13,-1,2018-12-13 09:50:00,2018-12-13 09:55:00,9453.5,9502.75,2018-12-13 10:10:00,9502.75,stop,49.25,-50.0,-1.015228426395939,-1000.0
2018-12-14,1,2018-12-14 10:00:00,2018-12-14 10:05:00,9373.0,9323.75,2018-12-14 11:50:00,9323.75,stop,49.25,-50.0,-1.015228426395939,-1000.0
2018-12-19,1,2018-12-19 09:45:00,2018-12-19 09:50:00,9197.5,9137.25,2018-12-19 14:00:00,9137.25,stop,60.25,-61.0,-1.012448132780083,-1220.0
2018-12-20,1,2018-12-20 10:05:00,2018-12-20 10:10:00,9039.0,8965.25,2018-12-20 11:05:00,8965.25,stop,73.75,-74.5,-1.0101694915254238,-1490.0
2018-12-21,-1,2018-12-21 09:50:00,2018-12-21 09:55:00,8899.75,8956.75,2018-12-21 10:15:00,8956.75,stop,57.0,-57.75,-1.013157894736842,-1155.0
2018-12-24,-1,2018-12-24 09:45:00,2018-12-24 09:50:00,8605.25,8711.0,2018-12-24 10:40:00,8711.0,stop,105.75,-106.5,-1.0070921985815602,-2130.0
2018-12-26,-1,2018-12-26 10:10:00,2018-12-26 10:15:00,8605.75,8696.0,2018-12-26 11:55:00,8696.0,stop,90.25,-91.0,-1.0083102493074791,-1820.0
2018-12-27,-1,2018-12-27 09:45:00,2018-12-27 09:50:00,8799.75,8872.5,2018-12-27 15:25:00,8872.5,stop,72.75,-73.5,-1.0103092783505154,-1470.0
2018-12-28,-1,2018-12-28 10:20:00,2018-12-28 10:25:00,8926.75,8992.0,2018-12-28 14:05:00,8992.0,stop,65.25,-66.0,-1.011494252873563,-1320.0
2018-12-31,-1,2018-12-31 09:50:00,2018-12-31 09:55:00,8982.25,9021.0,2018-12-31 15:55:00,8990.0,close,38.75,-8.5,-0.2193548387096774,-170.0
2019-01-02,1,2019-01-02 09:45:00,2019-01-02 09:50:00,8902.0,8849.75,2019-01-02 15:55:00,9017.5,close,52.25,114.75,2.196172248803828,2295.0
2019-01-03,-1,2019-01-03 09:45:00,2019-01-03 09:50:00,8895.0,8948.5,2019-01-03 15:55:00,8803.0,close,53.5,91.25,1.705607476635514,1825.0
2019-01-04,1,2019-01-04 09:55:00,2019-01-04 10:00:00,8952.0,8885.75,2019-01-04 15:55:00,9079.75,close,66.25,127.0,1.916981132075472,2540.0
2019-01-07,1,2019-01-07 10:30:00,2019-01-07 10:35:00,9120.5,9069.25,2019-01-07 15:55:00,9144.75,close,51.25,23.5,0.4585365853658537,470.0
2019-01-08,-1,2019-01-08 09:45:00,2019-01-08 09:50:00,9201.5,9230.5,2019-01-08 15:55:00,9208.75,close,29.0,-8.0,-0.2758620689655172,-160.0
2019-01-09,1,2019-01-09 09:50:00,2019-01-09 09:55:00,9254.5,9213.25,2019-01-09 10:40:00,9213.25,stop,41.25,-42.0,-1.018181818181818,-840.0
2019-01-10,-1,2019-01-10 09:45:00,2019-01-10 09:50:00,9184.0,9214.25,2019-01-10 10:20:00,9214.25,stop,30.25,-31.0,-1.024793388429752,-620.0
2019-01-11,1,2019-01-11 10:05:00,2019-01-11 10:10:00,9248.25,9220.5,2019-01-11 10:25:00,9220.5,stop,27.75,-28.5,-1.027027027027027,-570.0
2019-01-14,1,2019-01-14 10:15:00,2019-01-14 10:20:00,9201.0,9165.75,2019-01-14 15:55:00,9196.5,close,35.25,-5.25,-0.1489361702127659,-105.0
2019-01-15,1,2019-01-15 09:50:00,2019-01-15 09:55:00,9288.75,9220.25,2019-01-15 15:55:00,9326.0,close,68.5,36.5,0.5328467153284672,730.0
2019-01-16,1,2019-01-16 09:45:00,2019-01-16 09:50:00,9369.75,9330.0,2019-01-16 10:40:00,9330.0,stop,39.75,-40.5,-1.018867924528302,-810.0
2019-01-17,1,2019-01-17 09:50:00,2019-01-17 09:55:00,9329.5,9288.5,2019-01-17 15:55:00,9374.5,close,41.0,44.25,1.079268292682927,885.0
2019-01-18,-1,2019-01-18 09:50:00,2019-01-18 09:55:00,9392.75,9430.5,2019-01-18 10:40:00,9430.5,stop,37.75,-38.5,-1.0198675496688745,-770.0
2019-01-22,-1,2019-01-22 09:45:00,2019-01-22 09:50:00,9368.75,9393.0,2019-01-22 15:55:00,9310.0,close,24.25,58.0,2.391752577319588,1160.0
2019-01-23,1,2019-01-23 09:45:00,2019-01-23 09:50:00,9361.0,9334.0,2019-01-23 10:20:00,9334.0,stop,27.0,-27.75,-1.0277777777777777,-555.0
2019-01-24,1,2019-01-24 10:10:00,2019-01-24 10:15:00,9351.0,9317.0,2019-01-24 11:10:00,9317.0,stop,34.0,-34.75,-1.0220588235294117,-695.0
2019-01-25,1,2019-01-25 09:55:00,2019-01-25 10:00:00,9412.25,9383.25,2019-01-25 15:55:00,9437.5,close,29.0,24.5,0.8448275862068966,490.0
2019-01-28,-1,2019-01-28 09:45:00,2019-01-28 09:50:00,9307.25,9348.0,2019-01-28 15:20:00,9348.0,stop,40.75,-41.5,-1.01840490797546,-830.0
2019-01-29,-1,2019-01-29 10:10:00,2019-01-29 10:15:00,9318.5,9354.0,2019-01-29 15:55:00,9282.25,close,35.5,35.5,1.0,710.0
2019-01-30,-1,2019-01-30 09:55:00,2019-01-30 10:00:00,9354.25,9381.0,2019-01-30 12:05:00,9381.0,stop,26.75,-27.5,-1.02803738317757,-550.0
2019-01-31,1,2019-01-31 09:45:00,2019-01-31 09:50:00,9504.75,9484.5,2019-01-31 15:55:00,9554.5,close,20.25,49.0,2.419753086419753,980.0
2019-02-01,1,2019-02-01 10:05:00,2019-02-01 10:10:00,9557.5,9515.5,2019-02-01 13:45:00,9515.5,stop,42.0,-42.75,-1.0178571428571428,-855.0
2019-02-04,1,2019-02-04 09:45:00,2019-02-04 09:50:00,9548.75,9517.75,2019-02-04 15:55:00,9607.25,close,31.0,57.75,1.8629032258064515,1155.0
2019-02-05,1,2019-02-05 10:25:00,2019-02-05 10:30:00,9657.25,9613.75,2019-02-05 15:55:00,9669.5,close,43.5,11.5,0.264367816091954,230.0
2019-02-06,-1,2019-02-06 10:00:00,2019-02-06 10:05:00,9650.25,9683.0,2019-02-06 15:55:00,9647.25,close,32.75,2.25,0.0687022900763358,45.0
2019-02-07,1,2019-02-07 10:20:00,2019-02-07 10:25:00,9590.25,9558.5,2019-02-07 10:50:00,9558.5,stop,31.75,-32.5,-1.0236220472440944,-650.0
2019-02-08,-1,2019-02-08 10:15:00,2019-02-08 10:20:00,9489.5,9521.25,2019-02-08 10:35:00,9521.25,stop,31.75,-32.5,-1.0236220472440944,-650.0
2019-02-11,-1,2019-02-11 10:20:00,2019-02-11 10:25:00,9572.25,9608.75,2019-02-11 15:55:00,9560.0,close,36.5,11.5,0.3150684931506849,230.0
2019-02-12,1,2019-02-12 10:00:00,2019-02-12 10:05:00,9635.0,9598.25,2019-02-12 15:55:00,9663.0,close,36.75,27.25,0.7414965986394558,545.0
2019-02-14,1,2019-02-14 09:55:00,2019-02-14 10:00:00,9653.0,9616.25,2019-02-14 15:55:00,9672.25,close,36.75,18.5,0.5034013605442177,370.0
2019-02-15,-1,2019-02-15 09:50:00,2019-02-15 09:55:00,9685.25,9728.5,2019-02-15 15:55:00,9704.0,close,43.25,-19.5,-0.4508670520231214,-390.0
2019-02-18,1,2019-02-18 09:50:00,2019-02-18 09:55:00,9715.75,9708.0,2019-02-18 12:55:00,9725.0,close,7.75,8.5,1.096774193548387,170.0
2019-02-19,1,2019-02-19 10:05:00,2019-02-19 10:10:00,9711.75,9680.0,2019-02-19 15:55:00,9716.5,close,31.75,4.0,0.1259842519685039,80.0
2019-02-20,1,2019-02-20 10:25:00,2019-02-20 10:30:00,9741.5,9719.25,2019-02-20 12:05:00,9719.25,stop,22.25,-23.0,-1.0337078651685394,-460.0
2019-02-21,-1,2019-02-21 09:45:00,2019-02-21 09:50:00,9663.0,9710.5,2019-02-21 12:30:00,9710.5,stop,47.5,-48.25,-1.0157894736842106,-965.0
2019-02-22,1,2019-02-22 09:55:00,2019-02-22 10:00:00,9721.0,9698.5,2019-02-22 15:55:00,9739.75,close,22.5,18.0,0.8,360.0
2019-02-26,1,2019-02-26 10:00:00,2019-02-26 10:05:00,9775.5,9735.25,2019-02-26 15:55:00,9772.75,close,40.25,-3.5,-0.0869565217391304,-70.0
2019-02-27,-1,2019-02-27 09:55:00,2019-02-27 10:00:00,9734.75,9763.25,2019-02-27 13:20:00,9763.25,stop,28.5,-29.25,-1.0263157894736843,-585.0
2019-02-28,-1,2019-02-28 10:05:00,2019-02-28 10:10:00,9732.0,9762.0,2019-02-28 11:35:00,9762.0,stop,30.0,-30.75,-1.025,-615.0
2019-03-01,-1,2019-03-01 10:10:00,2019-03-01 10:15:00,9784.5,9806.25,2019-03-01 14:25:00,9806.25,stop,21.75,-22.5,-1.0344827586206895,-450.0
2019-03-05,-1,2019-03-05 09:45:00,2019-03-05 09:50:00,9776.5,9806.75,2019-03-05 10:50:00,9806.75,stop,30.25,-31.0,-1.024793388429752,-620.0
2019-03-06,-1,2019-03-06 09:45:00,2019-03-06 09:50:00,9794.25,9812.25,2019-03-06 15:55:00,9761.75,close,18.0,31.75,1.7638888888888888,635.0
2019-03-07,-1,2019-03-07 09:45:00,2019-03-07 09:50:00,9702.5,9746.0,2019-03-07 15:55:00,9674.75,close,43.5,27.0,0.6206896551724138,540.0
2019-03-08,1,2019-03-08 09:45:00,2019-03-08 09:50:00,9616.5,9588.0,2019-03-08 10:05:00,9588.0,stop,28.5,-29.25,-1.0263157894736843,-585.0
2019-03-11,1,2019-03-11 09:45:00,2019-03-11 09:50:00,9733.5,9689.75,2019-03-11 15:55:00,9809.25,close,43.75,75.0,1.7142857142857142,1500.0
2019-03-12,1,2019-03-12 10:30:00,2019-03-12 10:35:00,9845.5,9811.5,2019-03-12 15:55:00,9848.25,close,34.0,2.0,0.0588235294117647,40.0
2019-03-13,1,2019-03-13 09:50:00,2019-03-13 09:55:00,9897.0,9875.0,2019-03-13 15:55:00,9901.75,close,22.0,4.0,0.1818181818181818,80.0
2019-03-15,1,2019-03-15 09:50:00,2019-03-15 09:55:00,9944.25,9912.5,2019-03-15 15:55:00,9954.75,close,31.75,9.75,0.3070866141732283,195.0
2019-03-18,1,2019-03-18 09:45:00,2019-03-18 09:50:00,9976.25,9953.75,2019-03-18 11:25:00,9953.75,stop,22.5,-23.25,-1.0333333333333334,-465.0
2019-03-21,1,2019-03-21 09:45:00,2019-03-21 09:50:00,10056.5,10005.5,2019-03-21 15:55:00,10145.25,close,51.0,88.0,1.7254901960784317,1760.0
2019-03-22,-1,2019-03-22 09:45:00,2019-03-22 09:50:00,10088.0,10131.75,2019-03-22 15:55:00,9976.75,close,43.75,110.5,2.525714285714286,2210.0
2019-03-25,-1,2019-03-25 09:45:00,2019-03-25 09:50:00,9925.25,9990.0,2019-03-25 15:55:00,9965.5,close,64.75,-41.0,-0.6332046332046332,-820.0
2019-03-26,1,2019-03-26 09:55:00,2019-03-26 10:00:00,10060.0,10018.75,2019-03-26 11:45:00,10018.75,stop,41.25,-42.0,-1.018181818181818,-840.0
2019-03-27,-1,2019-03-27 09:55:00,2019-03-27 10:00:00,9987.0,10023.25,2019-03-27 15:55:00,9953.75,close,36.25,32.5,0.896551724137931,650.0
2019-03-28,1,2019-03-28 10:00:00,2019-03-28 10:05:00,9988.25,9941.0,2019-03-28 11:05:00,9941.0,stop,47.25,-48.0,-1.0158730158730158,-960.0
2019-03-29,-1,2019-03-29 09:45:00,2019-03-29 09:50:00,9994.25,10022.5,2019-03-29 15:00:00,10022.5,stop,28.25,-29.0,-1.0265486725663715,-580.0
2019-04-01,-1,2019-04-01 10:05:00,2019-04-01 10:10:00,10072.75,10101.5,2019-04-01 11:05:00,10101.5,stop,28.75,-29.5,-1.0260869565217392,-590.0
2019-04-02,1,2019-04-02 10:25:00,2019-04-02 10:30:00,10133.25,10111.75,2019-04-02 11:10:00,10111.75,stop,21.5,-22.25,-1.0348837209302326,-445.0
2019-04-03,1,2019-04-03 10:10:00,2019-04-03 10:15:00,10188.25,10172.75,2019-04-03 15:10:00,10172.75,stop,15.5,-16.25,-1.0483870967741935,-325.0
2019-04-04,-1,2019-04-04 10:20:00,2019-04-04 10:25:00,10176.0,10211.25,2019-04-04 15:55:00,10184.0,close,35.25,-8.75,-0.2482269503546099,-175.0
2019-04-05,1,2019-04-05 10:00:00,2019-04-05 10:05:00,10220.0,10199.0,2019-04-05 15:55:00,10222.5,close,21.0,1.75,0.0833333333333333,35.0
2019-04-09,1,2019-04-09 10:05:00,2019-04-09 10:10:00,10230.25,10203.0,2019-04-09 15:55:00,10203.0,stop,27.25,-28.0,-1.0275229357798166,-560.0
2019-04-11,-1,2019-04-11 09:50:00,2019-04-11 09:55:00,10234.75,10267.0,2019-04-11 15:55:00,10235.5,close,32.25,-1.5,-0.0465116279069767,-30.0
2019-04-15,-1,2019-04-15 09:45:00,2019-04-15 09:50:00,10266.25,10277.5,2019-04-15 15:55:00,10269.75,close,11.25,-4.25,-0.3777777777777777,-85.0
2019-04-16,1,2019-04-16 10:00:00,2019-04-16 10:05:00,10304.75,10286.75,2019-04-16 15:30:00,10286.75,stop,18.0,-18.75,-1.0416666666666667,-375.0
2019-04-17,-1,2019-04-17 09:55:00,2019-04-17 10:00:00,10317.5,10352.0,2019-04-17 15:55:00,10319.75,close,34.5,-3.0,-0.0869565217391304,-60.0
2019-04-18,-1,2019-04-18 09:50:00,2019-04-18 09:55:00,10312.75,10335.5,2019-04-18 15:55:00,10329.0,close,22.75,-17.0,-0.7472527472527473,-340.0
2019-04-22,1,2019-04-22 09:55:00,2019-04-22 10:00:00,10315.25,10289.5,2019-04-22 15:55:00,10351.5,close,25.75,35.5,1.3786407766990292,710.0
2019-04-23,1,2019-04-23 09:50:00,2019-04-23 09:55:00,10392.75,10358.0,2019-04-23 15:55:00,10447.25,close,34.75,53.75,1.5467625899280577,1075.0
2019-04-25,-1,2019-04-25 10:10:00,2019-04-25 10:15:00,10427.5,10483.25,2019-04-25 15:55:00,10449.75,close,55.75,-23.0,-0.4125560538116592,-460.0
2019-04-26,-1,2019-04-26 09:50:00,2019-04-26 09:55:00,10391.25,10442.5,2019-04-26 15:00:00,10442.5,stop,51.25,-52.0,-1.0146341463414634,-1040.0
2019-04-29,-1,2019-04-29 09:50:00,2019-04-29 09:55:00,10453.5,10470.25,2019-04-29 10:35:00,10470.25,stop,16.75,-17.5,-1.044776119402985,-350.0
2019-05-01,1,2019-05-01 10:10:00,2019-05-01 10:15:00,10471.0,10449.75,2019-05-01 12:40:00,10449.75,stop,21.25,-22.0,-1.035294117647059,-440.0
2019-05-02,1,2019-05-02 10:00:00,2019-05-02 10:05:00,10408.5,10372.25,2019-05-02 11:20:00,10372.25,stop,36.25,-37.0,-1.0206896551724138,-740.0
2019-05-03,1,2019-05-03 09:50:00,2019-05-03 09:55:00,10424.5,10403.75,2019-05-03 15:55:00,10475.5,close,20.75,50.25,2.421686746987952,1005.0
2019-05-06,1,2019-05-06 09:55:00,2019-05-06 10:00:00,10369.5,10294.5,2019-05-06 15:55:00,10427.0,close,75.0,56.75,0.7566666666666667,1135.0
2019-05-07,-1,2019-05-07 09:45:00,2019-05-07 09:50:00,10327.75,10371.0,2019-05-07 15:55:00,10272.75,close,43.25,54.25,1.254335260115607,1085.0
2019-05-09,-1,2019-05-09 09:50:00,2019-05-09 09:55:00,10121.0,10184.0,2019-05-09 12:30:00,10184.0,stop,63.0,-63.75,-1.011904761904762,-1275.0
2019-05-10,-1,2019-05-10 09:55:00,2019-05-10 10:00:00,10168.75,10199.25,2019-05-10 14:05:00,10199.25,stop,30.5,-31.25,-1.024590163934426,-625.0
2019-05-13,-1,2019-05-13 09:50:00,2019-05-13 09:55:00,10003.75,10063.5,2019-05-13 15:55:00,9953.0,close,59.75,50.0,0.8368200836820083,1000.0
2019-05-14,-1,2019-05-14 09:45:00,2019-05-14 09:50:00,9972.0,10013.5,2019-05-14 10:15:00,10013.5,stop,41.5,-42.25,-1.0180722891566265,-845.0
2019-05-15,1,2019-05-15 09:55:00,2019-05-15 10:00:00,10026.5,9981.5,2019-05-15 15:55:00,10135.0,close,45.0,107.75,2.3944444444444444,2155.0
2019-05-16,1,2019-05-16 09:45:00,2019-05-16 09:50:00,10182.5,10130.25,2019-05-16 15:55:00,10211.0,close,52.25,27.75,0.5311004784688995,555.0
2019-05-17,1,2019-05-17 09:45:00,2019-05-17 09:50:00,10183.0,10134.5,2019-05-17 15:15:00,10134.5,stop,48.5,-49.25,-1.0154639175257731,-985.0
2019-05-20,1,2019-05-20 10:30:00,2019-05-20 10:35:00,10050.0,9980.0,2019-05-20 15:55:00,10006.75,close,70.0,-44.0,-0.6285714285714286,-880.0
2019-05-21,-1,2019-05-21 09:50:00,2019-05-21 09:55:00,10060.75,10083.25,2019-05-21 10:40:00,10083.25,stop,22.5,-23.25,-1.0333333333333334,-465.0
2019-05-22,1,2019-05-22 09:50:00,2019-05-22 09:55:00,10069.0,10038.5,2019-05-22 13:10:00,10038.5,stop,30.5,-31.25,-1.024590163934426,-625.0
2019-05-23,-1,2019-05-23 10:05:00,2019-05-23 10:10:00,9931.5,9964.5,2019-05-23 15:55:00,9934.5,close,33.0,-3.75,-0.1136363636363636,-75.0
2019-05-24,-1,2019-05-24 10:25:00,2019-05-24 10:30:00,9960.0,9998.25,2019-05-24 15:55:00,9927.25,close,38.25,32.0,0.8366013071895425,640.0
2019-05-29,1,2019-05-29 10:15:00,2019-05-29 10:20:00,9873.5,9831.0,2019-05-29 11:20:00,9831.0,stop,42.5,-43.25,-1.0176470588235291,-865.0
2019-05-30,1,2019-05-30 09:45:00,2019-05-30 09:50:00,9883.75,9856.5,2019-05-30 11:00:00,9856.5,stop,27.25,-28.0,-1.0275229357798166,-560.0
2019-06-03,-1,2019-06-03 09:45:00,2019-06-03 09:50:00,9692.0,9751.0,2019-06-03 15:55:00,9598.75,close,59.0,92.5,1.5677966101694916,1850.0
2019-06-04,1,2019-06-04 10:20:00,2019-06-04 10:25:00,9695.0,9650.5,2019-06-04 15:55:00,9790.0,close,44.5,94.25,2.117977528089888,1885.0
2019-06-05,-1,2019-06-05 09:50:00,2019-06-05 09:55:00,9813.25,9860.5,2019-06-05 15:55:00,9844.5,close,47.25,-32.0,-0.6772486772486772,-640.0
2019-06-06,-1,2019-06-06 10:25:00,2019-06-06 10:30:00,9828.5,9866.0,2019-06-06 11:25:00,9866.0,stop,37.5,-38.25,-1.02,-765.0
2019-06-07,1,2019-06-07 09:55:00,2019-06-07 10:00:00,9990.75,9929.5,2019-06-07 15:55:00,10039.75,close,61.25,48.25,0.7877551020408163,965.0
2019-06-10,1,2019-06-10 10:05:00,2019-06-10 10:10:00,10145.75,10087.5,2019-06-10 15:55:00,10124.75,close,58.25,-21.75,-0.3733905579399141,-435.0
2019-06-12,-1,2019-06-12 10:25:00,2019-06-12 10:30:00,10092.0,10131.0,2019-06-12 15:55:00,10093.75,close,39.0,-2.5,-0.0641025641025641,-50.0
2019-06-17,1,2019-06-17 09:45:00,2019-06-17 09:50:00,10149.75,10110.5,2019-06-17 15:55:00,10148.25,close,39.25,-2.25,-0.0573248407643312,-45.0
2019-06-18,1,2019-06-18 09:45:00,2019-06-18 09:50:00,10295.5,10217.5,2019-06-18 15:55:00,10259.25,close,78.0,-37.0,-0.4743589743589743,-740.0
2019-06-20,-1,2019-06-20 10:15:00,2019-06-20 10:20:00,10364.5,10394.75,2019-06-20 15:55:00,10355.25,close,30.25,8.5,0.2809917355371901,170.0
2019-06-21,1,2019-06-21 10:30:00,2019-06-21 10:35:00,10360.25,10329.25,2019-06-21 15:55:00,10347.75,close,31.0,-13.25,-0.4274193548387097,-265.0
2019-06-24,-1,2019-06-24 10:00:00,2019-06-24 10:05:00,10353.5,10369.0,2019-06-24 15:55:00,10345.25,close,15.5,7.5,0.4838709677419355,150.0
2019-06-25,-1,2019-06-25 10:10:00,2019-06-25 10:15:00,10307.75,10345.0,2019-06-25 15:55:00,10214.0,close,37.25,93.0,2.4966442953020134,1860.0
2019-06-28,-1,2019-06-28 09:45:00,2019-06-28 09:50:00,10269.0,10302.5,2019-06-28 15:55:00,10286.0,close,33.5,-17.75,-0.5298507462686567,-355.0
2019-07-01,-1,2019-07-01 09:45:00,2019-07-01 09:50:00,10413.25,10442.0,2019-07-01 15:55:00,10385.5,close,28.75,27.0,0.9391304347826088,540.0
2019-07-02,1,2019-07-02 10:25:00,2019-07-02 10:30:00,10390.5,10369.25,2019-07-02 11:40:00,10369.25,stop,21.25,-22.0,-1.035294117647059,-440.0
2019-07-03,1,2019-07-03 10:15:00,2019-07-03 10:20:00,10447.5,10427.25,2019-07-03 13:10:00,10480.5,close,20.25,32.25,1.5925925925925926,645.0
2019-07-04,-1,2019-07-04 10:05:00,2019-07-04 10:10:00,10487.5,10492.75,2019-07-04 10:50:00,10492.75,stop,5.25,-6.0,-1.1428571428571428,-120.0
2019-07-05,-1,2019-07-05 09:55:00,2019-07-05 10:00:00,10401.0,10433.5,2019-07-05 12:25:00,10433.5,stop,32.5,-33.25,-1.023076923076923,-665.0
2019-07-09,1,2019-07-09 10:00:00,2019-07-09 10:05:00,10398.5,10358.0,2019-07-09 15:55:00,10442.5,close,40.5,43.25,1.067901234567901,865.0
2019-07-10,1,2019-07-10 09:45:00,2019-07-10 09:50:00,10532.75,10479.75,2019-07-10 11:15:00,10479.75,stop,53.0,-53.75,-1.0141509433962264,-1075.0
2019-07-11,-1,2019-07-11 10:30:00,2019-07-11 10:35:00,10515.25,10541.5,2019-07-11 11:20:00,10541.5,stop,26.25,-27.0,-1.0285714285714285,-540.0
2019-07-12,1,2019-07-12 09:45:00,2019-07-12 09:50:00,10537.25,10516.75,2019-07-12 10:40:00,10516.75,stop,20.5,-21.25,-1.0365853658536586,-425.0
2019-07-15,-1,2019-07-15 09:45:00,2019-07-15 09:50:00,10557.25,10576.75,2019-07-15 14:20:00,10576.75,stop,19.5,-20.25,-1.0384615384615383,-405.0
2019-07-16,1,2019-07-16 09:45:00,2019-07-16 09:50:00,10578.0,10564.25,2019-07-16 10:15:00,10564.25,stop,13.75,-14.5,-1.0545454545454545,-290.0
2019-07-19,-1,2019-07-19 09:50:00,2019-07-19 09:55:00,10537.25,10566.5,2019-07-19 15:55:00,10445.5,close,29.25,91.0,3.111111111111111,1820.0
2019-07-22,1,2019-07-22 09:45:00,2019-07-22 09:50:00,10495.75,10467.5,2019-07-22 15:55:00,10513.5,close,28.25,17.0,0.6017699115044248,340.0
2019-07-23,-1,2019-07-23 09:55:00,2019-07-23 10:00:00,10524.5,10555.0,2019-07-23 15:30:00,10555.0,stop,30.5,-31.25,-1.024590163934426,-625.0
2019-07-24,1,2019-07-24 09:45:00,2019-07-24 09:50:00,10562.25,10531.0,2019-07-24 15:55:00,10618.0,close,31.25,55.0,1.76,1100.0
2019-07-25,-1,2019-07-25 10:10:00,2019-07-25 10:15:00,10551.75,10591.25,2019-07-25 15:55:00,10539.0,close,39.5,12.0,0.3037974683544304,240.0
2019-07-29,-1,2019-07-29 09:50:00,2019-07-29 09:55:00,10568.75,10617.0,2019-07-29 15:55:00,10594.5,close,48.25,-26.5,-0.5492227979274611,-530.0
2019-07-30,1,2019-07-30 10:00:00,2019-07-30 10:05:00,10565.25,10525.75,2019-07-30 15:55:00,10559.25,close,39.5,-6.75,-0.170886075949367,-135.0
2019-08-01,1,2019-08-01 09:55:00,2019-08-01 10:00:00,10520.75,10459.75,2019-08-01 13:40:00,10459.75,stop,61.0,-61.75,-1.0122950819672132,-1235.0
2019-08-02,-1,2019-08-02 09:45:00,2019-08-02 09:50:00,10317.25,10358.0,2019-08-02 15:55:00,10293.5,close,40.75,23.0,0.5644171779141104,460.0
2019-08-05,-1,2019-08-05 10:00:00,2019-08-05 10:05:00,10080.25,10133.0,2019-08-05 15:55:00,10015.25,close,52.75,64.25,1.2180094786729858,1285.0
2019-08-06,-1,2019-08-06 10:10:00,2019-08-06 10:15:00,10078.5,10120.75,2019-08-06 14:15:00,10120.75,stop,42.25,-43.0,-1.017751479289941,-860.0
2019-08-07,-1,2019-08-07 09:45:00,2019-08-07 09:50:00,9998.25,10055.75,2019-08-07 10:10:00,10055.75,stop,57.5,-58.25,-1.0130434782608695,-1165.0
2019-08-08,1,2019-08-08 10:25:00,2019-08-08 10:30:00,10230.0,10175.75,2019-08-08 15:55:00,10324.5,close,54.25,93.75,1.728110599078341,1875.0
2019-08-09,-1,2019-08-09 09:45:00,2019-08-09 09:50:00,10270.75,10312.25,2019-08-09 15:55:00,10248.75,close,41.5,21.25,0.5120481927710844,425.0
2019-08-13,1,2019-08-13 09:45:00,2019-08-13 09:50:00,10319.0,10147.5,2019-08-13 15:55:00,10330.25,close,171.5,10.5,0.0612244897959183,210.0
2019-08-14,-1,2019-08-14 10:00:00,2019-08-14 10:05:00,10183.5,10226.75,2019-08-14 15:55:00,10094.0,close,43.25,88.75,2.052023121387283,1775.0
2019-08-16,1,2019-08-16 10:20:00,2019-08-16 10:25:00,10187.5,10147.5,2019-08-16 15:55:00,10204.75,close,40.0,16.5,0.4125,330.0
2019-08-19,-1,2019-08-19 10:05:00,2019-08-19 10:10:00,10301.0,10337.0,2019-08-19 11:40:00,10337.0,stop,36.0,-36.75,-1.0208333333333333,-735.0
2019-08-22,-1,2019-08-22 10:05:00,2019-08-22 10:10:00,10335.75,10365.75,2019-08-22 15:55:00,10307.0,close,30.0,28.0,0.9333333333333332,560.0
2019-08-23,-1,2019-08-23 09:45:00,2019-08-23 09:50:00,10231.5,10266.5,2019-08-23 10:00:00,10266.5,stop,35.0,-35.75,-1.0214285714285714,-715.0
2019-08-26,-1,2019-08-26 09:45:00,2019-08-26 09:50:00,10120.25,10157.5,2019-08-26 11:10:00,10157.5,stop,37.25,-38.0,-1.0201342281879195,-760.0
2019-08-28,1,2019-08-28 10:05:00,2019-08-28 10:10:00,10160.25,10096.5,2019-08-28 15:55:00,10185.75,close,63.75,24.75,0.388235294117647,495.0
2019-08-29,1,2019-08-29 09:45:00,2019-08-29 09:50:00,10311.75,10275.75,2019-08-29 10:35:00,10275.75,stop,36.0,-36.75,-1.0208333333333333,-735.0
2019-08-30,-1,2019-08-30 09:55:00,2019-08-30 10:00:00,10319.75,10343.0,2019-08-30 15:55:00,10283.5,close,23.25,35.5,1.5268817204301075,710.0
2019-09-03,1,2019-09-03 09:50:00,2019-09-03 09:55:00,10265.75,10220.0,2019-09-03 10:00:00,10220.0,stop,45.75,-46.5,-1.0163934426229508,-930.0
2019-09-04,-1,2019-09-04 10:05:00,2019-09-04 10:10:00,10268.5,10290.0,2019-09-04 11:30:00,10290.0,stop,21.5,-22.25,-1.0348837209302326,-445.0
2019-09-05,1,2019-09-05 09:50:00,2019-09-05 09:55:00,10436.5,10396.5,2019-09-05 15:55:00,10457.75,close,40.0,20.5,0.5125,410.0
2019-09-09,-1,2019-09-09 09:55:00,2019-09-09 10:00:00,10444.25,10476.25,2019-09-09 15:55:00,10429.75,close,32.0,13.75,0.4296875,275.0
2019-09-10,-1,2019-09-10 09:50:00,2019-09-10 09:55:00,10339.5,10392.25,2019-09-10 12:20:00,10392.25,stop,52.75,-53.5,-1.014218009478673,-1070.0
2019-09-11,1,2019-09-11 10:10:00,2019-09-11 10:15:00,10457.5,10403.75,2019-09-11 15:55:00,10482.0,close,53.75,23.75,0.4418604651162791,475.0
2019-09-12,1,2019-09-12 10:15:00,2019-09-12 10:20:00,10558.75,10517.0,2019-09-12 10:50:00,10517.0,stop,41.75,-42.5,-1.0179640718562877,-850.0
2019-09-13,1,2019-09-13 09:50:00,2019-09-13 09:55:00,10508.25,10479.75,2019-09-13 10:10:00,10479.75,stop,28.5,-29.25,-1.0263157894736843,-585.0
2019-09-16,1,2019-09-16 09:50:00,2019-09-16 09:55:00,10489.75,10457.75,2019-09-16 11:55:00,10457.75,stop,32.0,-32.75,-1.0234375,-655.0
2019-09-19,1,2019-09-19 10:30:00,2019-09-19 10:35:00,10571.75,10526.0,2019-09-19 12:25:00,10526.0,stop,45.75,-46.5,-1.0163934426229508,-930.0
2019-09-23,1,2019-09-23 09:50:00,2019-09-23 09:55:00,10446.75,10420.5,2019-09-23 10:05:00,10420.5,stop,26.25,-27.0,-1.0285714285714285,-540.0
2019-09-24,-1,2019-09-24 10:20:00,2019-09-24 10:25:00,10452.25,10490.25,2019-09-24 15:55:00,10333.75,close,38.0,117.75,3.098684210526316,2355.0
2019-09-25,-1,2019-09-25 10:25:00,2019-09-25 10:30:00,10315.25,10341.25,2019-09-25 10:50:00,10341.25,stop,26.0,-26.75,-1.0288461538461535,-535.0
2019-09-26,-1,2019-09-26 10:15:00,2019-09-26 10:20:00,10365.0,10415.75,2019-09-26 15:30:00,10415.75,stop,50.75,-51.5,-1.0147783251231528,-1030.0
2019-09-27,-1,2019-09-27 09:50:00,2019-09-27 09:55:00,10366.5,10412.75,2019-09-27 15:55:00,10300.5,close,46.25,65.25,1.4108108108108108,1305.0
2019-09-30,1,2019-09-30 10:10:00,2019-09-30 10:15:00,10345.75,10312.25,2019-09-30 15:55:00,10369.5,close,33.5,23.0,0.6865671641791045,460.0
2019-10-01,1,2019-10-01 09:45:00,2019-10-01 09:50:00,10440.5,10395.5,2019-10-01 10:05:00,10395.5,stop,45.0,-45.75,-1.0166666666666666,-915.0
2019-10-02,-1,2019-10-02 10:20:00,2019-10-02 10:25:00,10205.5,10254.25,2019-10-02 15:55:00,10167.75,close,48.75,37.0,0.7589743589743589,740.0
2019-10-03,-1,2019-10-03 10:00:00,2019-10-03 10:05:00,10101.5,10186.75,2019-10-03 11:00:00,10186.75,stop,85.25,-86.0,-1.0087976539589445,-1720.0
2019-10-04,1,2019-10-04 09:55:00,2019-10-04 10:00:00,10319.25,10283.75,2019-10-04 15:55:00,10367.0,close,35.5,47.0,1.323943661971831,940.0
2019-10-07,1,2019-10-07 10:25:00,2019-10-07 10:30:00,10362.5,10329.75,2019-10-07 15:55:00,10338.75,close,32.75,-24.5,-0.7480916030534351,-490.0
2019-10-08,-1,2019-10-08 09:50:00,2019-10-08 09:55:00,10256.75,10295.5,2019-10-08 12:45:00,10295.5,stop,38.75,-39.5,-1.0193548387096774,-790.0
2019-10-09,-1,2019-10-09 09:50:00,2019-10-09 09:55:00,10270.75,10299.25,2019-10-09 11:45:00,10299.25,stop,28.5,-29.25,-1.0263157894736843,-585.0
2019-10-10,1,2019-10-10 09:45:00,2019-10-10 09:50:00,10326.75,10292.75,2019-10-10 15:55:00,10356.0,close,34.0,28.5,0.8382352941176471,570.0
2019-10-11,1,2019-10-11 10:00:00,2019-10-11 10:05:00,10484.25,10444.5,2019-10-11 12:30:00,10444.5,stop,39.75,-40.5,-1.018867924528302,-810.0
2019-10-14,1,2019-10-14 10:05:00,2019-10-14 10:10:00,10474.0,10437.75,2019-10-14 15:55:00,10455.75,close,36.25,-19.0,-0.5241379310344828,-380.0
2019-10-15,1,2019-10-15 10:00:00,2019-10-15 10:05:00,10503.75,10473.5,2019-10-15 15:55:00,10554.75,close,30.25,50.25,1.6611570247933884,1005.0
2019-10-16,-1,2019-10-16 10:00:00,2019-10-16 10:05:00,10512.75,10537.0,2019-10-16 10:25:00,10537.0,stop,24.25,-25.0,-1.0309278350515465,-500.0
2019-10-17,-1,2019-10-17 10:25:00,2019-10-17 10:30:00,10568.0,10592.75,2019-10-17 15:55:00,10555.75,close,24.75,11.5,0.4646464646464646,230.0
2019-10-18,-1,2019-10-18 10:00:00,2019-10-18 10:05:00,10540.0,10555.75,2019-10-18 15:55:00,10477.5,close,15.75,61.75,3.920634920634921,1235.0
2019-10-21,-1,2019-10-21 09:45:00,2019-10-21 09:50:00,10511.0,10538.0,2019-10-21 11:10:00,10538.0,stop,27.0,-27.75,-1.0277777777777777,-555.0
2019-10-22,-1,2019-10-22 09:45:00,2019-10-22 09:50:00,10567.75,10588.25,2019-10-22 15:55:00,10486.5,close,20.5,80.5,3.926829268292683,1610.0
2019-10-24,-1,2019-10-24 09:50:00,2019-10-24 09:55:00,10538.25,10563.0,2019-10-24 11:25:00,10563.0,stop,24.75,-25.5,-1.0303030303030305,-510.0
2019-10-25,1,2019-10-25 09:45:00,2019-10-25 09:50:00,10560.0,10531.0,2019-10-25 15:55:00,10637.5,close,29.0,76.75,2.646551724137931,1535.0
2019-10-28,1,2019-10-28 10:15:00,2019-10-28 10:20:00,10704.5,10675.75,2019-10-28 15:55:00,10718.25,close,28.75,13.0,0.4521739130434782,260.0
2019-10-29,-1,2019-10-29 10:00:00,2019-10-29 10:05:00,10684.0,10715.75,2019-10-29 15:55:00,10656.25,close,31.75,27.0,0.8503937007874016,540.0
2019-10-31,-1,2019-10-31 10:10:00,2019-10-31 10:15:00,10669.25,10719.25,2019-10-31 15:55:00,10692.75,close,50.0,-24.25,-0.485,-485.0
2019-11-01,1,2019-11-01 09:50:00,2019-11-01 09:55:00,10746.5,10719.25,2019-11-01 12:10:00,10719.25,stop,27.25,-28.0,-1.0275229357798166,-560.0
2019-11-04,-1,2019-11-04 10:00:00,2019-11-04 10:05:00,10812.0,10835.5,2019-11-04 15:55:00,10815.25,close,23.5,-4.0,-0.1702127659574468,-80.0
2019-11-05,-1,2019-11-05 10:25:00,2019-11-05 10:30:00,10806.25,10832.5,2019-11-05 12:05:00,10832.5,stop,26.25,-27.0,-1.0285714285714285,-540.0
2019-11-06,-1,2019-11-06 10:25:00,2019-11-06 10:30:00,10788.25,10813.0,2019-11-06 15:55:00,10803.5,close,24.75,-16.0,-0.6464646464646465,-320.0
2019-11-07,1,2019-11-07 10:15:00,2019-11-07 10:20:00,10866.0,10835.75,2019-11-07 14:40:00,10835.75,stop,30.25,-31.0,-1.024793388429752,-620.0
2019-11-11,1,2019-11-11 09:45:00,2019-11-11 09:50:00,10827.0,10808.25,2019-11-11 15:55:00,10850.75,close,18.75,23.0,1.2266666666666666,460.0
2019-11-12,1,2019-11-12 09:55:00,2019-11-12 10:00:00,10874.25,10853.75,2019-11-12 14:50:00,10853.75,stop,20.5,-21.25,-1.0365853658536586,-425.0
2019-11-14,1,2019-11-14 10:00:00,2019-11-14 10:05:00,10865.25,10839.5,2019-11-14 10:55:00,10839.5,stop,25.75,-26.5,-1.029126213592233,-530.0
2019-11-15,-1,2019-11-15 09:55:00,2019-11-15 10:00:00,10891.5,10919.0,2019-11-15 11:00:00,10919.0,stop,27.5,-28.25,-1.0272727272727271,-565.0
2019-11-19,-1,2019-11-19 09:50:00,2019-11-19 09:55:00,10943.25,10966.25,2019-11-19 15:55:00,10945.75,close,23.0,-3.25,-0.1413043478260869,-65.0
2019-11-20,1,2019-11-20 09:55:00,2019-11-20 10:00:00,10934.0,10918.5,2019-11-20 12:50:00,10918.5,stop,15.5,-16.25,-1.0483870967741935,-325.0
2019-11-21,-1,2019-11-21 10:15:00,2019-11-21 10:20:00,10859.25,10887.75,2019-11-21 14:30:00,10887.75,stop,28.5,-29.25,-1.0263157894736843,-585.0
2019-11-22,-1,2019-11-22 10:05:00,2019-11-22 10:10:00,10878.0,10900.5,2019-11-22 15:55:00,10879.5,close,22.5,-2.25,-0.1,-45.0
2019-11-25,1,2019-11-25 09:50:00,2019-11-25 09:55:00,10952.75,10913.5,2019-11-25 15:55:00,10978.5,close,39.25,25.0,0.6369426751592356,500.0
2019-11-26,1,2019-11-26 10:20:00,2019-11-26 10:25:00,10989.0,10972.75,2019-11-26 15:55:00,10993.75,close,16.25,4.0,0.2461538461538461,80.0
2019-11-27,1,2019-11-27 09:50:00,2019-11-27 09:55:00,11018.5,11004.25,2019-11-27 15:55:00,11051.0,close,14.25,31.75,2.2280701754385963,635.0
2019-11-29,1,2019-11-29 09:55:00,2019-11-29 10:00:00,11039.5,11023.25,2019-11-29 11:45:00,11023.25,stop,16.25,-17.0,-1.0461538461538462,-340.0
2019-12-02,-1,2019-12-02 09:55:00,2019-12-02 10:00:00,10943.0,11015.25,2019-12-02 15:55:00,10917.75,close,72.25,24.5,0.3391003460207612,490.0
2019-12-03,-1,2019-12-03 09:45:00,2019-12-03 09:50:00,10777.5,10825.75,2019-12-03 13:10:00,10825.75,stop,48.25,-49.0,-1.0155440414507773,-980.0
2019-12-05,-1,2019-12-05 10:05:00,2019-12-05 10:10:00,10882.25,10929.0,2019-12-05 15:55:00,10914.25,close,46.75,-32.75,-0.7005347593582888,-655.0
2019-12-06,1,2019-12-06 09:45:00,2019-12-06 09:50:00,10989.75,10969.75,2019-12-06 15:55:00,11001.5,close,20.0,11.0,0.55,220.0
2019-12-10,1,2019-12-10 10:05:00,2019-12-10 10:10:00,10974.0,10940.25,2019-12-10 15:55:00,10960.25,close,33.75,-14.5,-0.4296296296296296,-290.0
2019-12-11,1,2019-12-11 09:45:00,2019-12-11 09:50:00,10982.25,10965.25,2019-12-11 15:55:00,11006.25,close,17.0,23.25,1.3676470588235294,465.0
2019-12-12,1,2019-12-12 10:00:00,2019-12-12 10:05:00,11083.75,10982.75,2019-12-12 15:55:00,11068.75,close,101.0,-15.75,-0.1559405940594059,-315.0
2019-12-13,1,2019-12-13 09:50:00,2019-12-13 09:55:00,11082.5,11042.0,2019-12-13 15:55:00,11093.5,close,40.5,10.25,0.2530864197530864,205.0
2019-12-16,1,2019-12-16 09:45:00,2019-12-16 09:50:00,11161.75,11134.5,2019-12-16 15:55:00,11164.5,close,27.25,2.0,0.073394495412844,40.0
2019-12-17,-1,2019-12-17 09:55:00,2019-12-17 10:00:00,11160.75,11188.25,2019-12-17 15:55:00,11168.5,close,27.5,-8.5,-0.3090909090909091,-170.0
2019-12-18,-1,2019-12-18 09:55:00,2019-12-18 10:00:00,11176.25,11192.0,2019-12-18 11:15:00,11192.0,stop,15.75,-16.5,-1.0476190476190477,-330.0
2019-12-19,1,2019-12-19 10:25:00,2019-12-19 10:30:00,11201.5,11181.25,2019-12-19 15:55:00,11234.0,close,20.25,31.75,1.567901234567901,635.0
2019-12-20,-1,2019-12-20 09:55:00,2019-12-20 10:00:00,11250.0,11275.75,2019-12-20 13:05:00,11275.75,stop,25.75,-26.5,-1.029126213592233,-530.0
2019-12-23,-1,2019-12-23 10:05:00,2019-12-23 10:10:00,11285.0,11298.25,2019-12-23 11:30:00,11298.25,stop,13.25,-14.0,-1.0566037735849056,-280.0
2019-12-24,-1,2019-12-24 09:45:00,2019-12-24 09:50:00,11273.5,11297.75,2019-12-24 13:10:00,11292.75,close,24.25,-20.0,-0.8247422680412371,-400.0
2019-12-26,1,2019-12-26 09:45:00,2019-12-26 09:50:00,11321.0,11302.0,2019-12-26 15:55:00,11364.25,close,19.0,42.5,2.236842105263158,850.0
2019-12-27,-1,2019-12-27 09:45:00,2019-12-27 09:50:00,11374.75,11395.75,2019-12-27 15:55:00,11355.5,close,21.0,18.5,0.8809523809523809,370.0
2019-12-30,-1,2019-12-30 09:45:00,2019-12-30 09:50:00,11271.5,11356.0,2019-12-30 15:55:00,11294.5,close,84.5,-23.75,-0.2810650887573964,-475.0
2020-01-06,1,2020-01-06 09:45:00,2020-01-06 09:50:00,11346.75,11292.0,2020-01-06 15:55:00,11426.5,close,54.75,79.0,1.4429223744292237,1580.0
2020-01-08,1,2020-01-08 10:05:00,2020-01-08 10:10:00,11449.25,11411.0,2020-01-08 15:55:00,11492.75,close,38.25,42.75,1.1176470588235294,855.0
2020-01-13,1,2020-01-13 09:55:00,2020-01-13 10:00:00,11596.25,11566.75,2020-01-13 15:55:00,11648.25,close,29.5,51.25,1.7372881355932204,1025.0
2020-01-14,-1,2020-01-14 09:55:00,2020-01-14 10:00:00,11604.0,11649.25,2020-01-14 12:35:00,11649.25,stop,45.25,-46.0,-1.0165745856353592,-920.0
2020-01-15,1,2020-01-15 09:50:00,2020-01-15 09:55:00,11646.5,11614.25,2020-01-15 13:30:00,11614.25,stop,32.25,-33.0,-1.0232558139534884,-660.0
2020-01-16,1,2020-01-16 10:05:00,2020-01-16 10:10:00,11679.75,11651.0,2020-01-16 11:10:00,11651.0,stop,28.75,-29.5,-1.0260869565217392,-590.0
2020-01-21,1,2020-01-21 10:00:00,2020-01-21 10:05:00,11742.75,11714.75,2020-01-21 15:55:00,11742.75,close,28.0,-0.75,-0.0267857142857142,-15.0
2020-01-22,1,2020-01-22 10:25:00,2020-01-22 10:30:00,11806.0,11774.75,2020-01-22 15:05:00,11774.75,stop,31.25,-32.0,-1.024,-640.0
2020-01-23,1,2020-01-23 10:10:00,2020-01-23 10:15:00,11765.5,11714.75,2020-01-23 15:55:00,11790.5,close,50.75,24.25,0.4778325123152709,485.0
2020-01-24,-1,2020-01-24 10:00:00,2020-01-24 10:05:00,11822.0,11846.25,2020-01-24 15:55:00,11714.75,close,24.25,106.5,4.391752577319588,2130.0
2020-01-27,1,2020-01-27 09:50:00,2020-01-27 09:55:00,11551.75,11488.5,2020-01-27 15:55:00,11524.0,close,63.25,-28.5,-0.4505928853754941,-570.0
2020-01-28,1,2020-01-28 10:20:00,2020-01-28 10:25:00,11612.5,11564.0,2020-01-28 15:55:00,11661.25,close,48.5,48.0,0.9896907216494846,960.0
2020-01-29,-1,2020-01-29 09:45:00,2020-01-29 09:50:00,11683.5,11721.75,2020-01-29 15:55:00,11672.75,close,38.25,10.0,0.261437908496732,200.0
2020-01-31,-1,2020-01-31 10:00:00,2020-01-31 10:05:00,11665.75,11747.0,2020-01-31 15:55:00,11558.25,close,81.25,106.75,1.313846153846154,2135.0
2020-02-03,1,2020-02-03 09:45:00,2020-02-03 09:50:00,11670.0,11598.75,2020-02-03 15:55:00,11694.5,close,71.25,23.75,0.3333333333333333,475.0
2020-02-04,1,2020-02-04 09:45:00,2020-02-04 09:50:00,11834.75,11790.0,2020-02-04 15:55:00,11903.75,close,44.75,68.25,1.5251396648044693,1365.0
2020-02-05,-1,2020-02-05 10:10:00,2020-02-05 10:15:00,11933.5,12020.75,2020-02-05 15:55:00,11938.75,close,87.25,-6.0,-0.0687679083094555,-120.0
2020-02-06,1,2020-02-06 09:55:00,2020-02-06 10:00:00,11977.0,11925.5,2020-02-06 15:55:00,12016.0,close,51.5,38.25,0.7427184466019418,765.0
2020-02-10,1,2020-02-10 09:50:00,2020-02-10 09:55:00,12000.25,11941.75,2020-02-10 15:55:00,12088.0,close,58.5,87.0,1.4871794871794872,1740.0
2020-02-11,1,2020-02-11 10:10:00,2020-02-11 10:15:00,12151.0,12101.75,2020-02-11 14:00:00,12101.75,stop,49.25,-50.0,-1.015228426395939,-1000.0
2020-02-12,-1,2020-02-12 09:50:00,2020-02-12 09:55:00,12134.0,12167.0,2020-02-12 11:25:00,12167.0,stop,33.0,-33.75,-1.0227272727272727,-675.0
2020-02-13,1,2020-02-13 09:50:00,2020-02-13 09:55:00,12153.25,12102.25,2020-02-13 15:55:00,12167.75,close,51.0,13.75,0.2696078431372549,275.0
2020-02-14,-1,2020-02-14 10:10:00,2020-02-14 10:15:00,12163.25,12203.0,2020-02-14 11:15:00,12203.0,stop,39.75,-40.5,-1.018867924528302,-810.0
2020-02-18,1,2020-02-18 10:00:00,2020-02-18 10:05:00,12178.75,12137.5,2020-02-18 15:55:00,12198.5,close,41.25,19.0,0.4606060606060606,380.0
2020-02-19,1,2020-02-19 10:15:00,2020-02-19 10:20:00,12279.75,12244.5,2020-02-19 15:55:00,12291.25,close,35.25,10.75,0.3049645390070922,215.0
2020-02-21,-1,2020-02-21 09:45:00,2020-02-21 09:50:00,12046.25,12167.75,2020-02-21 15:55:00,12015.0,close,121.5,30.5,0.2510288065843621,610.0
2020-02-24,1,2020-02-24 09:50:00,2020-02-24 09:55:00,11751.0,11604.25,2020-02-24 15:55:00,11647.25,close,146.75,-104.5,-0.7120954003407155,-2090.0
2020-02-25,-1,2020-02-25 10:15:00,2020-02-25 10:20:00,11661.5,11754.0,2020-02-25 15:55:00,11402.75,close,92.5,258.0,2.789189189189189,5160.0
2020-02-27,-1,2020-02-27 10:15:00,2020-02-27 10:20:00,11191.75,11285.5,2020-02-27 11:15:00,11285.5,stop,93.75,-94.5,-1.008,-1890.0
2020-03-02,-1,2020-03-02 10:05:00,2020-03-02 10:10:00,11027.5,11159.0,2020-03-02 10:50:00,11159.0,stop,131.5,-132.25,-1.005703422053232,-2645.0
2020-03-03,-1,2020-03-03 09:50:00,2020-03-03 09:55:00,11328.25,11467.0,2020-03-03 10:00:00,11467.0,stop,138.75,-139.5,-1.0054054054054054,-2790.0
2020-03-04,-1,2020-03-04 09:50:00,2020-03-04 09:55:00,11235.25,11345.5,2020-03-04 10:20:00,11345.5,stop,110.25,-111.0,-1.0068027210884354,-2220.0
2020-03-05,1,2020-03-05 10:15:00,2020-03-05 10:20:00,11355.5,11264.5,2020-03-05 12:40:00,11264.5,stop,91.0,-91.75,-1.0082417582417582,-1835.0
2020-03-06,1,2020-03-06 10:20:00,2020-03-06 10:25:00,11027.25,10943.75,2020-03-06 14:00:00,10943.75,stop,83.5,-84.25,-1.0089820359281436,-1685.0
2020-03-13,-1,2020-03-13 09:50:00,2020-03-13 09:55:00,10038.25,10299.0,2020-03-13 15:50:00,10299.0,stop,260.75,-261.5,-1.00287631831256,-5230.0
2020-03-17,-1,2020-03-17 09:50:00,2020-03-17 09:55:00,9425.0,9700.5,2020-03-17 10:45:00,9700.5,stop,275.5,-276.25,-1.002722323049002,-5525.0
2020-03-18,1,2020-03-18 09:50:00,2020-03-18 09:55:00,9691.0,9427.75,2020-03-18 13:15:00,9427.75,stop,263.25,-264.0,-1.002849002849003,-5280.0
2020-03-19,1,2020-03-19 09:55:00,2020-03-19 10:00:00,9692.0,9476.25,2020-03-19 15:55:00,9734.75,close,215.75,42.0,0.1946697566628041,840.0
2020-03-23,1,2020-03-23 09:55:00,2020-03-23 10:00:00,9495.5,9300.75,2020-03-23 11:25:00,9300.75,stop,194.75,-195.5,-1.0038510911424905,-3910.0
2020-03-25,-1,2020-03-25 10:00:00,2020-03-25 10:05:00,9898.5,10130.5,2020-03-25 13:05:00,10130.5,stop,232.0,-232.75,-1.0032327586206895,-4655.0
2020-03-26,1,2020-03-26 10:05:00,2020-03-26 10:10:00,10131.75,9981.0,2020-03-26 15:55:00,10334.25,close,150.75,201.75,1.3383084577114428,4035.0
2020-03-30,1,2020-03-30 10:00:00,2020-03-30 10:05:00,10191.0,10096.25,2020-03-30 15:55:00,10333.0,close,94.75,141.25,1.4907651715039578,2825.0
2020-03-31,-1,2020-03-31 09:45:00,2020-03-31 09:50:00,10282.25,10341.0,2020-03-31 10:05:00,10341.0,stop,58.75,-59.5,-1.0127659574468084,-1190.0
2020-04-02,1,2020-04-02 10:30:00,2020-04-02 10:35:00,10024.25,9883.25,2020-04-02 15:55:00,10084.5,close,141.0,59.5,0.4219858156028369,1190.0
2020-04-06,1,2020-04-06 09:50:00,2020-04-06 09:55:00,10310.25,10216.25,2020-04-06 15:55:00,10519.75,close,94.0,208.75,2.220744680851064,4175.0
2020-04-07,-1,2020-04-07 10:05:00,2020-04-07 10:10:00,10640.75,10764.75,2020-04-07 15:55:00,10507.75,close,124.0,132.25,1.0665322580645162,2645.0
2020-04-08,-1,2020-04-08 09:45:00,2020-04-08 09:50:00,10560.25,10620.5,2020-04-08 11:20:00,10620.5,stop,60.25,-61.0,-1.012448132780083,-1220.0
2020-04-09,-1,2020-04-09 10:05:00,2020-04-09 10:10:00,10687.25,10792.5,2020-04-09 15:55:00,10692.25,close,105.25,-5.75,-0.0546318289786223,-115.0
2020-04-13,-1,2020-04-13 09:45:00,2020-04-13 09:50:00,10643.0,10709.75,2020-04-13 13:50:00,10709.75,stop,66.75,-67.5,-1.0112359550561798,-1350.0
2020-04-14,1,2020-04-14 09:45:00,2020-04-14 09:50:00,11027.75,10923.25,2020-04-14 15:55:00,11148.25,close,104.5,119.75,1.145933014354067,2395.0
2020-04-16,-1,2020-04-16 09:55:00,2020-04-16 10:00:00,11109.25,11164.25,2020-04-16 10:45:00,11164.25,stop,55.0,-55.75,-1.0136363636363637,-1115.0
2020-04-21,-1,2020-04-21 10:15:00,2020-04-21 10:20:00,10988.5,11118.25,2020-04-21 15:55:00,10857.0,close,129.75,130.75,1.0077071290944124,2615.0
2020-04-22,-1,2020-04-22 09:45:00,2020-04-22 09:50:00,11007.25,11064.25,2020-04-22 10:40:00,11064.25,stop,57.0,-57.75,-1.013157894736842,-1155.0
2020-04-23,1,2020-04-23 10:15:00,2020-04-23 10:20:00,11213.0,11128.25,2020-04-23 12:45:00,11128.25,stop,84.75,-85.5,-1.008849557522124,-1710.0
2020-04-24,-1,2020-04-24 09:45:00,2020-04-24 09:50:00,11057.75,11133.25,2020-04-24 10:35:00,11133.25,stop,75.5,-76.25,-1.009933774834437,-1525.0
2020-04-27,1,2020-04-27 09:55:00,2020-04-27 10:00:00,11331.5,11285.5,2020-04-27 10:55:00,11285.5,stop,46.0,-46.75,-1.016304347826087,-935.0
2020-04-28,-1,2020-04-28 09:55:00,2020-04-28 10:00:00,11296.0,11371.5,2020-04-28 15:55:00,11132.75,close,75.5,162.5,2.152317880794702,3250.0
2020-04-29,1,2020-04-29 09:45:00,2020-04-29 09:50:00,11347.0,11282.25,2020-04-29 15:55:00,11429.75,close,64.75,82.0,1.2664092664092663,1640.0
2020-05-01,1,2020-05-01 10:00:00,2020-05-01 10:05:00,11321.75,11246.25,2020-05-01 11:30:00,11246.25,stop,75.5,-76.25,-1.009933774834437,-1525.0
2020-05-04,1,2020-05-04 09:50:00,2020-05-04 09:55:00,11182.5,11116.75,2020-05-04 15:55:00,11284.0,close,65.75,100.75,1.532319391634981,2015.0
2020-05-05,1,2020-05-05 09:45:00,2020-05-05 09:50:00,11414.5,11361.5,2020-05-05 15:35:00,11361.5,stop,53.0,-53.75,-1.0141509433962264,-1075.0
2020-05-06,-1,2020-05-06 10:00:00,2020-05-06 10:05:00,11431.5,11495.25,2020-05-06 10:45:00,11495.25,stop,63.75,-64.5,-1.011764705882353,-1290.0
2020-05-07,-1,2020-05-07 10:10:00,2020-05-07 10:15:00,11517.75,11575.25,2020-05-07 11:45:00,11575.25,stop,57.5,-58.25,-1.0130434782608695,-1165.0
2020-05-08,1,2020-05-08 10:15:00,2020-05-08 10:20:00,11643.5,11582.25,2020-05-08 15:55:00,11675.75,close,61.25,31.5,0.5142857142857142,630.0
2020-05-11,1,2020-05-11 09:50:00,2020-05-11 09:55:00,11684.0,11613.75,2020-05-11 15:55:00,11753.0,close,70.25,68.25,0.9715302491103204,1365.0
2020-05-12,-1,2020-05-12 09:50:00,2020-05-12 09:55:00,11711.5,11811.75,2020-05-12 15:55:00,11568.25,close,100.25,142.5,1.4214463840399003,2850.0
2020-05-13,1,2020-05-13 10:00:00,2020-05-13 10:05:00,11618.0,11509.0,2020-05-13 11:35:00,11509.0,stop,109.0,-109.75,-1.006880733944954,-2195.0
2020-05-14,-1,2020-05-14 09:45:00,2020-05-14 09:50:00,11363.5,11442.0,2020-05-14 12:55:00,11442.0,stop,78.5,-79.25,-1.0095541401273886,-1585.0
2020-05-15,1,2020-05-15 10:05:00,2020-05-15 10:10:00,11490.75,11409.75,2020-05-15 15:55:00,11612.25,close,81.0,120.75,1.4907407407407407,2415.0
2020-05-18,-1,2020-05-18 09:50:00,2020-05-18 09:55:00,11710.5,11753.75,2020-05-18 10:15:00,11753.75,stop,43.25,-44.0,-1.0173410404624277,-880.0
2020-05-19,1,2020-05-19 09:55:00,2020-05-19 10:00:00,11837.75,11780.25,2020-05-19 15:50:00,11780.25,stop,57.5,-58.25,-1.0130434782608695,-1165.0
2020-05-20,1,2020-05-20 09:55:00,2020-05-20 10:00:00,11927.25,11868.25,2020-05-20 15:55:00,11946.25,close,59.0,18.25,0.3093220338983051,365.0
2020-05-21,-1,2020-05-21 10:00:00,2020-05-21 10:05:00,11906.0,11977.0,2020-05-21 15:55:00,11844.5,close,71.0,60.75,0.8556338028169014,1215.0
2020-05-22,1,2020-05-22 09:50:00,2020-05-22 09:55:00,11847.25,11786.0,2020-05-22 15:55:00,11872.5,close,61.25,24.5,0.4,490.0
2020-05-26,-1,2020-05-26 09:50:00,2020-05-26 09:55:00,11973.5,12036.0,2020-05-26 15:55:00,11854.0,close,62.5,118.75,1.9,2375.0
2020-05-27,-1,2020-05-27 09:45:00,2020-05-27 09:50:00,11761.25,11851.5,2020-05-27 14:50:00,11851.5,stop,90.25,-91.0,-1.0083102493074791,-1820.0
2020-05-28,1,2020-05-28 10:25:00,2020-05-28 10:30:00,11939.0,11848.5,2020-05-28 15:55:00,11881.5,close,90.5,-58.25,-0.643646408839779,-1165.0
2020-05-29,-1,2020-05-29 10:05:00,2020-05-29 10:10:00,11881.0,11931.0,2020-05-29 14:05:00,11931.0,stop,50.0,-50.75,-1.015,-1015.0
2020-06-01,1,2020-06-01 10:25:00,2020-06-01 10:30:00,12033.0,11972.0,2020-06-01 15:55:00,12059.75,close,61.0,26.0,0.4262295081967213,520.0
2020-06-02,-1,2020-06-02 09:45:00,2020-06-02 09:50:00,12036.0,12071.75,2020-06-02 10:20:00,12071.75,stop,35.75,-36.5,-1.020979020979021,-730.0
2020-06-03,1,2020-06-03 09:55:00,2020-06-03 10:00:00,12163.25,12117.0,2020-06-03 12:05:00,12117.0,stop,46.25,-47.0,-1.0162162162162165,-940.0
2020-06-04,1,2020-06-04 09:45:00,2020-06-04 09:50:00,12190.5,12136.0,2020-06-04 11:10:00,12136.0,stop,54.5,-55.25,-1.0137614678899085,-1105.0
2020-06-08,-1,2020-06-08 09:45:00,2020-06-08 09:50:00,12246.75,12295.75,2020-06-08 13:20:00,12295.75,stop,49.0,-49.75,-1.0153061224489797,-995.0
2020-06-09,1,2020-06-09 09:50:00,2020-06-09 09:55:00,12371.5,12318.25,2020-06-09 15:55:00,12430.25,close,53.25,58.0,1.0892018779342725,1160.0
2020-06-10,1,2020-06-10 10:00:00,2020-06-10 10:05:00,12534.75,12489.75,2020-06-10 10:55:00,12489.75,stop,45.0,-45.75,-1.0166666666666666,-915.0
2020-06-11,1,2020-06-11 10:10:00,2020-06-11 10:15:00,12430.0,12342.25,2020-06-11 11:00:00,12342.25,stop,87.75,-88.5,-1.0085470085470083,-1770.0
2020-06-12,-1,2020-06-12 10:10:00,2020-06-12 10:15:00,12240.25,12313.5,2020-06-12 15:55:00,12126.25,close,73.25,113.25,1.546075085324232,2265.0
2020-06-15,1,2020-06-15 09:55:00,2020-06-15 10:00:00,12168.25,12055.5,2020-06-15 15:55:00,12349.5,close,112.75,180.5,1.6008869179600886,3610.0
2020-06-17,-1,2020-06-17 10:00:00,2020-06-17 10:05:00,12552.75,12599.75,2020-06-17 12:30:00,12599.75,stop,47.0,-47.75,-1.0159574468085106,-955.0
2020-06-18,1,2020-06-18 10:05:00,2020-06-18 10:10:00,12573.25,12526.0,2020-06-18 10:30:00,12526.0,stop,47.25,-48.0,-1.0158730158730158,-960.0
2020-06-19,1,2020-06-19 09:45:00,2020-06-19 09:50:00,12688.5,12659.5,2020-06-19 10:45:00,12659.5,stop,29.0,-29.75,-1.0258620689655171,-595.0
2020-06-22,1,2020-06-22 09:55:00,2020-06-22 10:00:00,12605.5,12560.0,2020-06-22 15:55:00,12699.0,close,45.5,92.75,2.0384615384615383,1855.0
2020-06-23,1,2020-06-23 10:15:00,2020-06-23 10:20:00,12791.75,12743.0,2020-06-23 15:55:00,12781.75,close,48.75,-10.75,-0.2205128205128205,-215.0
2020-06-24,-1,2020-06-24 09:50:00,2020-06-24 09:55:00,12717.0,12805.75,2020-06-24 15:55:00,12577.0,close,88.75,139.25,1.5690140845070422,2785.0
2020-06-25,-1,2020-06-25 09:45:00,2020-06-25 09:50:00,12475.0,12601.5,2020-06-25 12:00:00,12601.5,stop,126.5,-127.25,-1.005928853754941,-2545.0
2020-06-26,-1,2020-06-26 10:00:00,2020-06-26 10:05:00,12569.5,12666.5,2020-06-26 15:55:00,12425.5,close,97.0,143.25,1.4768041237113405,2865.0
2020-06-30,1,2020-06-30 10:00:00,2020-06-30 10:05:00,12618.25,12527.5,2020-06-30 15:55:00,12717.75,close,90.75,98.75,1.0881542699724518,1975.0
2020-07-01,1,2020-07-01 10:15:00,2020-07-01 10:20:00,12778.0,12715.5,2020-07-01 15:55:00,12849.25,close,62.5,70.5,1.128,1410.0
2020-07-02,-1,2020-07-02 10:25:00,2020-07-02 10:30:00,12948.75,12995.0,2020-07-02 15:55:00,12919.5,close,46.25,28.5,0.6162162162162163,570.0
2020-07-03,-1,2020-07-03 10:30:00,2020-07-03 10:35:00,12899.25,12942.0,2020-07-03 12:55:00,12910.25,close,42.75,-11.75,-0.2748538011695906,-235.0
2020-07-06,1,2020-07-06 09:55:00,2020-07-06 10:00:00,13103.75,13054.25,2020-07-06 15:55:00,13175.75,close,49.5,71.25,1.4393939393939394,1425.0
2020-07-07,1,2020-07-07 09:45:00,2020-07-07 09:50:00,13210.75,13141.5,2020-07-07 15:05:00,13141.5,stop,69.25,-70.0,-1.0108303249097472,-1400.0
2020-07-08,1,2020-07-08 09:55:00,2020-07-08 10:00:00,13211.75,13150.75,2020-07-08 11:15:00,13150.75,stop,61.0,-61.75,-1.0122950819672132,-1235.0
2020-07-09,-1,2020-07-09 10:15:00,2020-07-09 10:20:00,13272.25,13332.25,2020-07-09 15:00:00,13332.25,stop,60.0,-60.75,-1.0125,-1215.0
2020-07-10,-1,2020-07-10 10:00:00,2020-07-10 10:05:00,13221.75,13333.75,2020-07-10 13:05:00,13333.75,stop,112.0,-112.75,-1.0066964285714286,-2255.0
2020-07-13,1,2020-07-13 10:25:00,2020-07-13 10:30:00,13583.25,13513.75,2020-07-13 14:00:00,13513.75,stop,69.5,-70.25,-1.0107913669064748,-1405.0
2020-07-14,-1,2020-07-14 09:50:00,2020-07-14 09:55:00,13011.75,13213.5,2020-07-14 14:20:00,13213.5,stop,201.75,-202.5,-1.003717472118959,-4050.0
2020-07-16,-1,2020-07-16 10:00:00,2020-07-16 10:05:00,13104.25,13184.0,2020-07-16 13:10:00,13184.0,stop,79.75,-80.5,-1.0094043887147337,-1610.0
2020-07-17,-1,2020-07-17 10:15:00,2020-07-17 10:20:00,13164.5,13234.25,2020-07-17 14:50:00,13234.25,stop,69.75,-70.5,-1.010752688172043,-1410.0
2020-07-20,1,2020-07-20 10:05:00,2020-07-20 10:10:00,13302.25,13190.0,2020-07-20 15:55:00,13520.75,close,112.25,217.75,1.939866369710468,4355.0
2020-07-21,-1,2020-07-21 10:25:00,2020-07-21 10:30:00,13485.25,13587.0,2020-07-21 15:55:00,13405.5,close,101.75,79.0,0.7764127764127764,1580.0
2020-07-22,1,2020-07-22 09:50:00,2020-07-22 09:55:00,13468.0,13405.75,2020-07-22 10:45:00,13405.75,stop,62.25,-63.0,-1.0120481927710845,-1260.0
2020-07-23,1,2020-07-23 09:45:00,2020-07-23 09:50:00,13445.5,13383.25,2020-07-23 10:10:00,13383.25,stop,62.25,-63.0,-1.0120481927710845,-1260.0
2020-07-24,1,2020-07-24 10:20:00,2020-07-24 10:25:00,13036.0,12885.25,2020-07-24 15:55:00,13054.0,close,150.75,17.25,0.1144278606965174,345.0
2020-07-28,-1,2020-07-28 09:50:00,2020-07-28 09:55:00,13147.5,13231.0,2020-07-28 11:40:00,13231.0,stop,83.5,-84.25,-1.0089820359281436,-1685.0
2020-07-29,1,2020-07-29 10:00:00,2020-07-29 10:05:00,13209.75,13161.0,2020-07-29 15:55:00,13234.5,close,48.75,24.0,0.4923076923076923,480.0
2020-07-30,-1,2020-07-30 09:55:00,2020-07-30 10:00:00,13128.0,13201.75,2020-07-30 11:15:00,13201.75,stop,73.75,-74.5,-1.0101694915254238,-1490.0
2020-07-31,-1,2020-07-31 10:05:00,2020-07-31 10:10:00,13358.25,13486.0,2020-07-31 15:55:00,13482.0,close,127.75,-124.5,-0.974559686888454,-2490.0
2020-08-03,1,2020-08-03 10:00:00,2020-08-03 10:05:00,13635.0,13564.75,2020-08-03 15:55:00,13622.5,close,70.25,-13.25,-0.1886120996441281,-265.0
2020-08-04,1,2020-08-04 10:05:00,2020-08-04 10:10:00,13664.75,13590.5,2020-08-04 14:30:00,13590.5,stop,74.25,-75.0,-1.0101010101010102,-1500.0
2020-08-05,1,2020-08-05 09:50:00,2020-08-05 09:55:00,13691.75,13648.75,2020-08-05 15:55:00,13695.5,close,43.0,3.0,0.0697674418604651,60.0
2020-08-06,1,2020-08-06 10:10:00,2020-08-06 10:15:00,13715.0,13665.5,2020-08-06 10:50:00,13665.5,stop,49.5,-50.25,-1.0151515151515151,-1005.0
2020-08-07,1,2020-08-07 09:45:00,2020-08-07 09:50:00,13829.5,13792.0,2020-08-07 10:20:00,13792.0,stop,37.5,-38.25,-1.02,-765.0
2020-08-10,-1,2020-08-10 09:50:00,2020-08-10 09:55:00,13685.25,13731.0,2020-08-10 15:55:00,13662.5,close,45.75,22.0,0.4808743169398907,440.0
2020-08-12,1,2020-08-12 09:45:00,2020-08-12 09:50:00,13614.75,13541.75,2020-08-12 15:55:00,13730.25,close,73.0,114.75,1.571917808219178,2295.0
2020-08-13,1,2020-08-13 10:30:00,2020-08-13 10:35:00,13822.5,13748.75,2020-08-13 14:15:00,13748.75,stop,73.75,-74.5,-1.0101694915254238,-1490.0
2020-08-14,-1,2020-08-14 09:45:00,2020-08-14 09:50:00,13730.0,13791.0,2020-08-14 15:55:00,13744.0,close,61.0,-14.75,-0.2418032786885245,-295.0
2020-08-17,1,2020-08-17 09:50:00,2020-08-17 09:55:00,13841.75,13805.75,2020-08-17 15:55:00,13868.5,close,36.0,26.0,0.7222222222222222,520.0
2020-08-18,-1,2020-08-18 09:50:00,2020-08-18 09:55:00,13908.5,13966.25,2020-08-18 12:30:00,13966.25,stop,57.75,-58.5,-1.0129870129870129,-1170.0
2020-08-19,-1,2020-08-19 09:45:00,2020-08-19 09:50:00,13932.0,13999.25,2020-08-19 11:00:00,13999.25,stop,67.25,-68.0,-1.0111524163568772,-1360.0
2020-08-20,1,2020-08-20 09:45:00,2020-08-20 09:50:00,13933.25,13851.25,2020-08-20 15:55:00,14058.25,close,82.0,124.25,1.5152439024390243,2485.0
2020-08-21,1,2020-08-21 09:55:00,2020-08-21 10:00:00,14079.75,14039.75,2020-08-21 15:55:00,14138.75,close,40.0,58.25,1.45625,1165.0
2020-08-24,-1,2020-08-24 09:50:00,2020-08-24 09:55:00,14201.25,14306.75,2020-08-24 15:55:00,14210.5,close,105.5,-10.0,-0.0947867298578199,-200.0
2020-08-25,1,2020-08-25 10:15:00,2020-08-25 10:20:00,14222.75,14159.0,2020-08-25 15:55:00,14299.5,close,63.75,76.0,1.192156862745098,1520.0
2020-08-26,1,2020-08-26 10:20:00,2020-08-26 10:25:00,14385.0,14347.0,2020-08-26 15:55:00,14549.0,close,38.0,163.25,4.296052631578948,3265.0
2020-08-28,-1,2020-08-28 09:45:00,2020-08-28 09:50:00,14549.0,14588.75,2020-08-28 09:55:00,14588.75,stop,39.75,-40.5,-1.018867924528302,-810.0
2020-08-31,1,2020-08-31 10:15:00,2020-08-31 10:20:00,14640.0,14578.0,2020-08-31 15:55:00,14677.0,close,62.0,36.25,0.5846774193548387,725.0
2020-09-01,1,2020-09-01 10:00:00,2020-09-01 10:05:00,14813.75,14709.25,2020-09-01 15:55:00,14878.25,close,104.5,63.75,0.6100478468899522,1275.0
2020-09-02,-1,2020-09-02 09:50:00,2020-09-02 09:55:00,14919.0,15019.0,2020-09-02 15:45:00,15019.0,stop,100.0,-100.75,-1.0075,-2015.0
2020-09-03,-1,2020-09-03 10:15:00,2020-09-03 10:20:00,14675.5,14826.75,2020-09-03 15:55:00,14357.0,close,151.25,317.75,2.100826446280992,6355.0
2020-09-04,-1,2020-09-04 09:45:00,2020-09-04 09:50:00,14195.0,14427.25,2020-09-04 15:55:00,14204.5,close,232.25,-10.25,-0.0441334768568353,-205.0
2020-09-07,1,2020-09-07 10:25:00,2020-09-07 10:30:00,14067.0,14039.5,2020-09-07 12:55:00,14085.5,close,27.5,17.75,0.6454545454545455,355.0
2020-09-08,1,2020-09-08 09:55:00,2020-09-08 10:00:00,13877.5,13701.25,2020-09-08 14:40:00,13701.25,stop,176.25,-177.0,-1.004255319148936,-3540.0
2020-09-09,1,2020-09-09 10:25:00,2020-09-09 10:30:00,13931.0,13791.25,2020-09-09 15:55:00,13969.0,close,139.75,37.25,0.2665474060822898,745.0
2020-09-10,1,2020-09-10 10:00:00,2020-09-10 10:05:00,14141.0,14067.0,2020-09-10 10:45:00,14067.0,stop,74.0,-74.75,-1.010135135135135,-1495.0
2020-09-11,-1,2020-09-11 09:55:00,2020-09-11 10:00:00,13723.5,13864.25,2020-09-11 15:55:00,13669.75,close,140.75,53.0,0.3765541740674956,1060.0
2020-09-14,1,2020-09-14 09:45:00,2020-09-14 09:50:00,13890.25,13790.25,2020-09-14 13:30:00,13790.25,stop,100.0,-100.75,-1.0075,-2015.0
2020-09-15,1,2020-09-15 09:50:00,2020-09-15 09:55:00,14052.25,13995.5,2020-09-15 10:20:00,13995.5,stop,56.75,-57.5,-1.013215859030837,-1150.0
2020-09-16,-1,2020-09-16 10:15:00,2020-09-16 10:20:00,13997.25,14073.25,2020-09-16 15:55:00,13830.5,close,76.0,166.0,2.1842105263157894,3320.0
2020-09-17,1,2020-09-17 09:50:00,2020-09-17 09:55:00,13651.5,13540.5,2020-09-17 12:15:00,13540.5,stop,111.0,-111.75,-1.0067567567567568,-2235.0
2020-09-18,-1,2020-09-18 09:45:00,2020-09-18 09:50:00,13635.75,13730.5,2020-09-18 15:55:00,13513.5,close,94.75,121.5,1.282321899736148,2430.0
2020-09-21,1,2020-09-21 09:45:00,2020-09-21 09:50:00,13427.0,13299.75,2020-09-21 10:25:00,13299.75,stop,127.25,-128.0,-1.005893909626719,-2560.0
2020-09-22,-1,2020-09-22 09:45:00,2020-09-22 09:50:00,13572.0,13670.25,2020-09-22 13:40:00,13670.25,stop,98.25,-99.0,-1.0076335877862594,-1980.0
2020-09-23,-1,2020-09-23 09:50:00,2020-09-23 09:55:00,13682.75,13756.5,2020-09-23 15:55:00,13416.25,close,73.75,265.75,3.6033898305084735,5315.0
2020-09-24,1,2020-09-24 09:45:00,2020-09-24 09:50:00,13432.0,13299.5,2020-09-24 15:55:00,13474.0,close,132.5,41.25,0.3113207547169811,825.0
2020-09-25,1,2020-09-25 10:20:00,2020-09-25 10:25:00,13524.75,13442.0,2020-09-25 15:55:00,13728.75,close,82.75,203.25,2.4561933534743203,4065.0
2020-09-28,-1,2020-09-28 09:45:00,2020-09-28 09:50:00,13861.75,13938.5,2020-09-28 15:15:00,13938.5,stop,76.75,-77.5,-1.009771986970684,-1550.0
2020-09-29,-1,2020-09-29 10:30:00,2020-09-29 10:35:00,13918.75,13975.5,2020-09-29 15:55:00,13905.25,close,56.75,12.75,0.224669603524229,255.0
2020-09-30,1,2020-09-30 09:50:00,2020-09-30 09:55:00,13977.75,13905.75,2020-09-30 15:55:00,13998.0,close,72.0,19.5,0.2708333333333333,390.0
2020-10-01,-1,2020-10-01 09:50:00,2020-10-01 09:55:00,14111.25,14164.0,2020-10-01 13:50:00,14164.0,stop,52.75,-53.5,-1.014218009478673,-1070.0
2020-10-02,1,2020-10-02 10:00:00,2020-10-02 10:05:00,14022.5,13896.75,2020-10-02 11:50:00,13896.75,stop,125.75,-126.5,-1.0059642147117296,-2530.0
2020-10-05,1,2020-10-05 10:00:00,2020-10-05 10:05:00,13982.0,13917.0,2020-10-05 15:55:00,14084.25,close,65.0,101.5,1.5615384615384615,2030.0
2020-10-06,-1,2020-10-06 09:50:00,2020-10-06 09:55:00,14020.0,14074.5,2020-10-06 10:00:00,14074.5,stop,54.5,-55.25,-1.0137614678899085,-1105.0
2020-10-07,-1,2020-10-07 10:10:00,2020-10-07 10:15:00,13974.0,14029.0,2020-10-07 11:05:00,14029.0,stop,55.0,-55.75,-1.0136363636363637,-1115.0
2020-10-08,-1,2020-10-08 09:45:00,2020-10-08 09:50:00,14108.5,14172.25,2020-10-08 15:55:00,14132.0,close,63.75,-24.25,-0.3803921568627451,-485.0
2020-10-09,1,2020-10-09 09:45:00,2020-10-09 09:50:00,14228.0,14183.75,2020-10-09 15:55:00,14306.75,close,44.25,78.0,1.7627118644067796,1560.0
2020-10-14,-1,2020-10-14 10:25:00,2020-10-14 10:30:00,14649.0,14743.5,2020-10-14 15:55:00,14573.0,close,94.5,75.25,0.7962962962962963,1505.0
2020-10-15,1,2020-10-15 09:50:00,2020-10-15 09:55:00,14470.75,14349.0,2020-10-15 10:40:00,14349.0,stop,121.75,-122.5,-1.0061601642710472,-2450.0
2020-10-16,1,2020-10-16 10:00:00,2020-10-16 10:05:00,14584.0,14522.25,2020-10-16 11:10:00,14522.25,stop,61.75,-62.5,-1.0121457489878545,-1250.0
2020-10-19,-1,2020-10-19 09:55:00,2020-10-19 10:00:00,14469.5,14541.25,2020-10-19 15:55:00,14225.5,close,71.75,243.25,3.3902439024390243,4865.0
2020-10-20,1,2020-10-20 09:55:00,2020-10-20 10:00:00,14299.0,14227.25,2020-10-20 11:00:00,14227.25,stop,71.75,-72.5,-1.0104529616724738,-1450.0
2020-10-21,1,2020-10-21 09:55:00,2020-10-21 10:00:00,14369.0,14250.75,2020-10-21 11:15:00,14250.75,stop,118.25,-119.0,-1.0063424947145878,-2380.0
2020-10-22,-1,2020-10-22 10:00:00,2020-10-22 10:05:00,14245.75,14319.5,2020-10-22 15:55:00,14249.75,close,73.75,-4.75,-0.0644067796610169,-95.0
2020-10-23,-1,2020-10-23 10:00:00,2020-10-23 10:05:00,14173.75,14274.5,2020-10-23 15:55:00,14274.5,stop,100.75,-101.5,-1.0074441687344913,-2030.0
2020-10-26,1,2020-10-26 09:50:00,2020-10-26 09:55:00,14264.25,14162.0,2020-10-26 10:45:00,14162.0,stop,102.25,-103.0,-1.0073349633251834,-2060.0
2020-10-28,-1,2020-10-28 09:50:00,2020-10-28 09:55:00,13867.5,14018.5,2020-10-28 15:55:00,13733.0,close,151.0,133.75,0.8857615894039735,2675.0
2020-10-29,1,2020-10-29 09:50:00,2020-10-29 09:55:00,13841.5,13766.0,2020-10-29 15:55:00,13920.25,close,75.5,78.0,1.033112582781457,1560.0
2020-10-30,-1,2020-10-30 09:45:00,2020-10-30 09:50:00,13738.5,13876.75,2020-10-30 15:55:00,13650.75,close,138.25,87.0,0.6292947558770343,1740.0
2020-11-02,1,2020-11-02 09:50:00,2020-11-02 09:55:00,13794.5,13704.0,2020-11-02 10:40:00,13704.0,stop,90.5,-91.25,-1.0082872928176796,-1825.0
2020-11-03,1,2020-11-03 09:45:00,2020-11-03 09:50:00,13760.0,13696.75,2020-11-03 15:55:00,13852.5,close,63.25,91.75,1.450592885375494,1835.0
2020-11-04,1,2020-11-04 10:00:00,2020-11-04 10:05:00,14285.0,14152.5,2020-11-04 15:55:00,14355.25,close,132.5,69.5,0.5245283018867924,1390.0
2020-11-05,1,2020-11-05 09:45:00,2020-11-05 09:50:00,14652.5,14568.25,2020-11-05 15:55:00,14662.0,close,84.25,8.75,0.1038575667655786,175.0
2020-11-09,1,2020-11-09 10:00:00,2020-11-09 10:05:00,14810.0,14637.5,2020-11-09 14:10:00,14637.5,stop,172.5,-173.25,-1.0043478260869565,-3465.0
2020-11-10,-1,2020-11-10 10:20:00,2020-11-10 10:25:00,14179.5,14345.0,2020-11-10 15:55:00,14214.75,close,165.5,-36.0,-0.2175226586102719,-720.0
2020-11-13,-1,2020-11-13 10:00:00,2020-11-13 10:05:00,14459.0,14519.25,2020-11-13 15:30:00,14519.25,stop,60.25,-61.0,-1.012448132780083,-1220.0
2020-11-16,1,2020-11-16 10:20:00,2020-11-16 10:25:00,14588.0,14483.25,2020-11-16 15:55:00,14609.25,close,104.75,20.5,0.1957040572792363,410.0
2020-11-17,-1,2020-11-17 09:55:00,2020-11-17 10:00:00,14559.0,14637.25,2020-11-17 13:30:00,14637.25,stop,78.25,-79.0,-1.0095846645367412,-1580.0
2020-11-18,-1,2020-11-18 09:50:00,2020-11-18 09:55:00,14527.5,14584.0,2020-11-18 11:55:00,14584.0,stop,56.5,-57.25,-1.0132743362831858,-1145.0
2020-11-19,1,2020-11-19 09:55:00,2020-11-19 10:00:00,14514.0,14437.25,2020-11-19 15:55:00,14576.75,close,76.75,62.0,0.8078175895765473,1240.0
2020-11-20,1,2020-11-20 10:20:00,2020-11-20 10:25:00,14580.0,14547.5,2020-11-20 15:15:00,14547.5,stop,32.5,-33.25,-1.023076923076923,-665.0
2020-11-23,1,2020-11-23 09:45:00,2020-11-23 09:50:00,14589.5,14541.0,2020-11-23 10:05:00,14541.0,stop,48.5,-49.25,-1.0154639175257731,-985.0
2020-11-25,-1,2020-11-25 10:00:00,2020-11-25 10:05:00,14688.0,14738.25,2020-11-25 13:00:00,14738.25,stop,50.25,-51.0,-1.0149253731343284,-1020.0
2020-11-26,-1,2020-11-26 10:30:00,2020-11-26 10:35:00,14783.25,14810.0,2020-11-26 12:55:00,14749.25,close,26.75,33.25,1.2429906542056075,665.0
2020-11-27,1,2020-11-27 10:10:00,2020-11-27 10:15:00,14858.0,14810.0,2020-11-27 13:10:00,14868.75,close,48.0,10.0,0.2083333333333333,200.0
2020-11-30,-1,2020-11-30 09:45:00,2020-11-30 09:50:00,14821.75,14895.5,2020-11-30 15:55:00,14869.75,close,73.75,-48.75,-0.6610169491525424,-975.0
2020-12-01,1,2020-12-01 10:00:00,2020-12-01 10:05:00,15008.5,14929.75,2020-12-01 15:55:00,15045.75,close,78.75,36.5,0.4634920634920635,730.0
2020-12-02,1,2020-12-02 10:15:00,2020-12-02 10:20:00,15009.25,14911.75,2020-12-02 15:55:00,15052.75,close,97.5,42.75,0.4384615384615384,855.0
2020-12-03,1,2020-12-03 10:05:00,2020-12-03 10:10:00,15114.25,15059.0,2020-12-03 11:05:00,15059.0,stop,55.25,-56.0,-1.013574660633484,-1120.0
2020-12-04,1,2020-12-04 09:55:00,2020-12-04 10:00:00,15102.0,15044.0,2020-12-04 15:55:00,15124.5,close,58.0,21.75,0.375,435.0
2020-12-07,1,2020-12-07 09:55:00,2020-12-07 10:00:00,15180.0,15121.25,2020-12-07 15:55:00,15192.75,close,58.75,12.0,0.2042553191489361,240.0
2020-12-08,-1,2020-12-08 09:45:00,2020-12-08 09:50:00,15125.5,15182.75,2020-12-08 12:00:00,15182.75,stop,57.25,-58.0,-1.0131004366812226,-1160.0
2020-12-09,-1,2020-12-09 10:10:00,2020-12-09 10:15:00,15174.0,15227.75,2020-12-09 15:55:00,14950.75,close,53.75,222.5,4.1395348837209305,4450.0
2020-12-10,1,2020-12-10 09:45:00,2020-12-10 09:50:00,14935.75,14813.75,2020-12-10 15:55:00,14993.5,close,122.0,57.0,0.4672131147540984,1140.0
2020-12-14,1,2020-12-14 09:55:00,2020-12-14 10:00:00,15113.5,15015.25,2020-12-14 15:55:00,15052.75,close,98.25,-61.5,-0.6259541984732825,-1230.0
2020-12-17,-1,2020-12-17 10:00:00,2020-12-17 10:05:00,15320.0,15356.5,2020-12-17 15:55:00,15344.25,close,36.5,-25.0,-0.684931506849315,-500.0
2020-12-18,-1,2020-12-18 10:00:00,2020-12-18 10:05:00,15284.75,15381.75,2020-12-18 15:55:00,15296.5,close,97.0,-12.5,-0.1288659793814432,-250.0
2020-12-21,-1,2020-12-21 10:00:00,2020-12-21 10:05:00,15127.5,15242.75,2020-12-21 12:50:00,15242.75,stop,115.25,-116.0,-1.0065075921908897,-2320.0
2020-12-22,1,2020-12-22 09:45:00,2020-12-22 09:50:00,15319.75,15272.5,2020-12-22 11:00:00,15272.5,stop,47.25,-48.0,-1.0158730158730158,-960.0
2020-12-24,1,2020-12-24 10:30:00,2020-12-24 10:35:00,15314.0,15250.0,2020-12-24 13:10:00,15297.0,close,64.0,-17.75,-0.27734375,-355.0
2020-12-28,-1,2020-12-28 10:05:00,2020-12-28 10:10:00,15358.25,15414.0,2020-12-28 11:00:00,15414.0,stop,55.75,-56.5,-1.0134529147982063,-1130.0
2020-12-29,-1,2020-12-29 09:55:00,2020-12-29 10:00:00,15453.75,15512.25,2020-12-29 15:55:00,15440.75,close,58.5,12.25,0.2094017094017094,245.0
2020-12-30,-1,2020-12-30 10:00:00,2020-12-30 10:05:00,15450.5,15503.75,2020-12-30 15:55:00,15436.75,close,53.25,13.0,0.244131455399061,260.0
2021-01-05,1,2021-01-05 09:50:00,2021-01-05 09:55:00,15357.0,15244.25,2021-01-05 15:55:00,15385.5,close,112.75,27.75,0.2461197339246119,555.0
2021-01-06,1,2021-01-06 09:45:00,2021-01-06 09:50:00,15239.25,15145.25,2021-01-06 15:55:00,15212.5,close,94.0,-27.5,-0.2925531914893617,-550.0
2021-01-07,1,2021-01-07 09:55:00,2021-01-07 10:00:00,15432.25,15320.0,2021-01-07 15:55:00,15519.5,close,112.25,86.5,0.7706013363028953,1730.0
2021-01-08,-1,2021-01-08 10:25:00,2021-01-08 10:30:00,15553.0,15646.0,2021-01-08 11:05:00,15646.0,stop,93.0,-93.75,-1.0080645161290325,-1875.0
2021-01-11,1,2021-01-11 10:05:00,2021-01-11 10:10:00,15574.25,15486.25,2021-01-11 15:20:00,15486.25,stop,88.0,-88.75,-1.0085227272727273,-1775.0
2021-01-12,-1,2021-01-12 09:45:00,2021-01-12 09:50:00,15480.5,15542.0,2021-01-12 15:55:00,15476.25,close,61.5,3.5,0.056910569105691,70.0
2021-01-13,1,2021-01-13 09:50:00,2021-01-13 09:55:00,15530.0,15458.5,2021-01-13 15:55:00,15561.75,close,71.5,31.0,0.4335664335664335,620.0
2021-01-15,-1,2021-01-15 10:00:00,2021-01-15 10:05:00,15452.0,15525.25,2021-01-15 15:55:00,15392.75,close,73.25,58.5,0.7986348122866894,1170.0
2021-01-18,1,2021-01-18 09:55:00,2021-01-18 10:00:00,15404.75,15378.25,2021-01-18 12:55:00,15408.0,close,26.5,2.5,0.0943396226415094,50.0
2021-01-19,-1,2021-01-19 09:45:00,2021-01-19 09:50:00,15473.75,15524.25,2021-01-19 12:35:00,15524.25,stop,50.5,-51.25,-1.0148514851485149,-1025.0
2021-01-20,1,2021-01-20 10:05:00,2021-01-20 10:10:00,15800.5,15715.0,2021-01-20 15:55:00,15879.5,close,85.5,78.25,0.9152046783625732,1565.0
2021-01-21,1,2021-01-21 10:10:00,2021-01-21 10:15:00,15958.5,15877.25,2021-01-21 15:55:00,15991.25,close,81.25,32.0,0.3938461538461538,640.0
2021-01-22,1,2021-01-22 09:45:00,2021-01-22 09:50:00,15973.75,15921.75,2021-01-22 10:35:00,15921.75,stop,52.0,-52.75,-1.0144230769230769,-1055.0
2021-01-28,1,2021-01-28 10:15:00,2021-01-28 10:20:00,15860.75,15722.25,2021-01-28 15:55:00,15779.75,close,138.5,-81.75,-0.5902527075812274,-1635.0
2021-01-29,1,2021-01-29 10:20:00,2021-01-29 10:25:00,15741.0,15592.0,2021-01-29 11:20:00,15592.0,stop,149.0,-149.75,-1.00503355704698,-2995.0
2021-02-01,-1,2021-02-01 09:45:00,2021-02-01 09:50:00,15594.5,15698.0,2021-02-01 10:35:00,15698.0,stop,103.5,-104.25,-1.0072463768115942,-2085.0
2021-02-02,1,2021-02-02 09:45:00,2021-02-02 09:50:00,16009.0,15939.0,2021-02-02 15:55:00,16042.5,close,70.0,32.75,0.4678571428571428,655.0
2021-02-03,-1,2021-02-03 10:10:00,2021-02-03 10:15:00,16053.25,16141.75,2021-02-03 15:55:00,15982.75,close,88.5,69.75,0.788135593220339,1395.0
2021-02-04,-1,2021-02-04 10:00:00,2021-02-04 10:05:00,15987.25,16074.25,2021-02-04 12:35:00,16074.25,stop,87.0,-87.75,-1.0086206896551724,-1755.0
2021-02-05,-1,2021-02-05 09:55:00,2021-02-05 10:00:00,16133.0,16187.25,2021-02-05 12:15:00,16187.25,stop,54.25,-55.0,-1.0138248847926268,-1100.0
2021-02-08,1,2021-02-08 10:05:00,2021-02-08 10:10:00,16281.0,16226.75,2021-02-08 11:25:00,16226.75,stop,54.25,-55.0,-1.0138248847926268,-1100.0
2021-02-09,1,2021-02-09 09:50:00,2021-02-09 09:55:00,16286.25,16239.25,2021-02-09 15:55:00,16274.5,close,47.0,-12.5,-0.2659574468085106,-250.0
2021-02-10,-1,2021-02-10 10:10:00,2021-02-10 10:15:00,16297.0,16356.0,2021-02-10 15:55:00,16244.0,close,59.0,52.25,0.885593220338983,1045.0
2021-02-11,-1,2021-02-11 09:50:00,2021-02-11 09:55:00,16283.75,16332.75,2021-02-11 10:50:00,16332.75,stop,49.0,-49.75,-1.0153061224489797,-995.0
2021-02-12,1,2021-02-12 10:10:00,2021-02-12 10:15:00,16301.25,16240.0,2021-02-12 15:55:00,16398.0,close,61.25,96.0,1.56734693877551,1920.0
2021-02-16,1,2021-02-16 10:25:00,2021-02-16 10:30:00,16457.75,16405.5,2021-02-16 11:05:00,16405.5,stop,52.25,-53.0,-1.014354066985646,-1060.0
2021-02-17,1,2021-02-17 09:50:00,2021-02-17 09:55:00,16279.25,16204.75,2021-02-17 10:20:00,16204.75,stop,74.5,-75.25,-1.0100671140939597,-1505.0
2021-02-18,-1,2021-02-18 10:05:00,2021-02-18 10:10:00,16104.75,16163.75,2021-02-18 11:15:00,16163.75,stop,59.0,-59.75,-1.0127118644067796,-1195.0
2021-02-22,1,2021-02-22 09:45:00,2021-02-22 09:50:00,16021.0,15952.5,2021-02-22 10:20:00,15952.5,stop,68.5,-69.25,-1.010948905109489,-1385.0
2021-02-23,-1,2021-02-23 09:45:00,2021-02-23 09:50:00,15366.75,15610.25,2021-02-23 10:25:00,15610.25,stop,243.5,-244.25,-1.0030800821355237,-4885.0
2021-02-24,-1,2021-02-24 10:00:00,2021-02-24 10:05:00,15570.5,15715.25,2021-02-24 11:05:00,15715.25,stop,144.75,-145.5,-1.005181347150259,-2910.0
2021-02-25,-1,2021-02-25 10:00:00,2021-02-25 10:05:00,15765.25,15884.0,2021-02-25 15:55:00,15420.25,close,118.75,344.25,2.8989473684210525,6885.0
2021-02-26,-1,2021-02-26 09:50:00,2021-02-26 09:55:00,15487.75,15626.0,2021-02-26 12:05:00,15626.0,stop,138.25,-139.0,-1.0054249547920433,-2780.0
2021-03-01,1,2021-03-01 10:15:00,2021-03-01 10:20:00,15725.5,15634.5,2021-03-01 15:55:00,15868.25,close,91.0,142.0,1.5604395604395604,2840.0
2021-03-02,-1,2021-03-02 09:45:00,2021-03-02 09:50:00,15784.5,15897.0,2021-03-02 15:55:00,15652.25,close,112.5,131.5,1.1688888888888889,2630.0
2021-03-03,-1,2021-03-03 09:55:00,2021-03-03 10:00:00,15498.5,15646.0,2021-03-03 15:55:00,15274.75,close,147.5,223.0,1.511864406779661,4460.0
2021-03-04,-1,2021-03-04 09:45:00,2021-03-04 09:50:00,15209.0,15359.0,2021-03-04 11:00:00,15359.0,stop,150.0,-150.75,-1.005,-3015.0
2021-03-05,-1,2021-03-05 09:45:00,2021-03-05 09:50:00,15034.25,15200.0,2021-03-05 13:25:00,15200.0,stop,165.75,-166.5,-1.004524886877828,-3330.0
2021-03-08,1,2021-03-08 10:30:00,2021-03-08 10:35:00,15302.5,15120.75,2021-03-08 11:50:00,15120.75,stop,181.75,-182.5,-1.0041265474552958,-3650.0
2021-03-09,1,2021-03-09 09:45:00,2021-03-09 09:50:00,15252.5,15181.0,2021-03-09 15:55:00,15381.0,close,71.5,127.75,1.7867132867132869,2555.0
2021-03-10,-1,2021-03-10 10:20:00,2021-03-10 10:25:00,15441.25,15563.5,2021-03-10 15:55:00,15346.25,close,122.25,94.25,0.7709611451942741,1885.0
2021-03-11,-1,2021-03-11 10:15:00,2021-03-11 10:20:00,15517.25,15601.0,2021-03-11 10:45:00,15601.0,stop,83.75,-84.5,-1.008955223880597,-1690.0
2021-03-12,1,2021-03-12 09:50:00,2021-03-12 09:55:00,15473.0,15392.0,2021-03-12 10:25:00,15392.0,stop,81.0,-81.75,-1.0092592592592593,-1635.0
2021-03-15,1,2021-03-15 09:50:00,2021-03-15 09:55:00,15550.5,15484.25,2021-03-15 11:30:00,15484.25,stop,66.25,-67.0,-1.0113207547169811,-1340.0
2021-03-16,1,2021-03-16 09:45:00,2021-03-16 09:50:00,15805.25,15729.0,2021-03-16 14:25:00,15729.0,stop,76.25,-77.0,-1.0098360655737706,-1540.0
2021-03-17,1,2021-03-17 10:15:00,2021-03-17 10:20:00,15663.25,15531.0,2021-03-17 15:55:00,15789.75,close,132.25,125.75,0.9508506616257087,2515.0
2021-03-18,-1,2021-03-18 09:45:00,2021-03-18 09:50:00,15541.75,15619.0,2021-03-18 15:55:00,15378.75,close,77.25,162.25,2.100323624595469,3245.0
2021-03-19,-1,2021-03-19 10:00:00,2021-03-19 10:05:00,15306.75,15434.25,2021-03-19 10:50:00,15434.25,stop,127.5,-128.25,-1.0058823529411764,-2565.0
2021-03-22,1,2021-03-22 09:50:00,2021-03-22 09:55:00,15611.5,15524.5,2021-03-22 15:55:00,15667.5,close,87.0,55.25,0.6350574712643678,1105.0
2021-03-23,-1,2021-03-23 10:30:00,2021-03-23 10:35:00,15663.75,15716.0,2021-03-23 10:55:00,15716.0,stop,52.25,-53.0,-1.014354066985646,-1060.0
2021-03-24,-1,2021-03-24 09:45:00,2021-03-24 09:50:00,15567.25,15669.0,2021-03-24 15:55:00,15386.75,close,101.75,179.75,1.7665847665847665,3595.0
2021-03-25,1,2021-03-25 10:00:00,2021-03-25 10:05:00,15419.5,15285.5,2021-03-25 10:45:00,15285.5,stop,134.0,-134.75,-1.0055970149253732,-2695.0
2021-03-26,1,2021-03-26 10:00:00,2021-03-26 10:05:00,15447.5,15350.5,2021-03-26 14:05:00,15350.5,stop,97.0,-97.75,-1.0077319587628866,-1955.0
2021-03-29,-1,2021-03-29 09:50:00,2021-03-29 09:55:00,15491.0,15574.75,2021-03-29 13:00:00,15574.75,stop,83.75,-84.5,-1.008955223880597,-1690.0
2021-03-30,-1,2021-03-30 10:15:00,2021-03-30 10:20:00,15391.75,15485.0,2021-03-30 11:30:00,15485.0,stop,93.25,-94.0,-1.0080428954423593,-1880.0
2021-03-31,1,2021-03-31 09:45:00,2021-03-31 09:50:00,15624.5,15549.75,2021-03-31 15:55:00,15681.25,close,74.75,56.0,0.7491638795986622,1120.0
2021-04-01,1,2021-04-01 10:05:00,2021-04-01 10:10:00,15903.0,15838.5,2021-04-01 15:55:00,15911.5,close,64.5,7.75,0.1201550387596899,155.0
2021-04-05,1,2021-04-05 09:45:00,2021-04-05 09:50:00,16073.75,16006.0,2021-04-05 15:55:00,16178.5,close,67.75,104.0,1.5350553505535056,2080.0
2021-04-06,1,2021-04-06 09:50:00,2021-04-06 09:55:00,16187.0,16135.5,2021-04-06 15:55:00,16168.25,close,51.5,-19.5,-0.3786407766990291,-390.0
2021-04-07,1,2021-04-07 09:45:00,2021-04-07 09:50:00,16167.25,16109.25,2021-04-07 15:55:00,16201.25,close,58.0,33.25,0.5732758620689655,665.0
2021-04-08,1,2021-04-08 09:55:00,2021-04-08 10:00:00,16346.5,16307.5,2021-04-08 10:10:00,16307.5,stop,39.0,-39.75,-1.0192307692307692,-795.0
2021-04-09,1,2021-04-09 09:55:00,2021-04-09 10:00:00,16317.25,16255.0,2021-04-09 15:55:00,16426.0,close,62.25,108.0,1.7349397590361446,2160.0
2021-04-12,-1,2021-04-12 09:45:00,2021-04-12 09:50:00,16360.0,16406.25,2021-04-12 12:30:00,16406.25,stop,46.25,-47.0,-1.0162162162162165,-940.0
2021-04-13,1,2021-04-13 09:50:00,2021-04-13 09:55:00,16540.0,16463.5,2021-04-13 15:55:00,16572.25,close,76.5,31.5,0.4117647058823529,630.0
2021-04-14,-1,2021-04-14 10:25:00,2021-04-14 10:30:00,16518.75,16585.25,2021-04-14 15:55:00,16405.5,close,66.5,112.5,1.6917293233082706,2250.0
2021-04-15,1,2021-04-15 10:25:00,2021-04-15 10:30:00,16585.75,16519.75,2021-04-15 15:55:00,16613.0,close,66.0,26.5,0.4015151515151515,530.0
2021-04-16,-1,2021-04-16 09:50:00,2021-04-16 09:55:00,16561.5,16635.5,2021-04-16 15:40:00,16635.5,stop,74.0,-74.75,-1.010135135135135,-1495.0
2021-04-19,-1,2021-04-19 10:05:00,2021-04-19 10:10:00,16521.0,16610.0,2021-04-19 15:55:00,16500.75,close,89.0,19.5,0.2191011235955056,390.0
2021-04-20,1,2021-04-20 09:45:00,2021-04-20 09:50:00,16505.25,16448.75,2021-04-20 10:40:00,16448.75,stop,56.5,-57.25,-1.0132743362831858,-1145.0
2021-04-21,1,2021-04-21 09:45:00,2021-04-21 09:50:00,16373.0,16297.25,2021-04-21 15:55:00,16515.5,close,75.75,141.75,1.8712871287128716,2835.0
2021-04-22,1,2021-04-22 10:30:00,2021-04-22 10:35:00,16527.75,16468.0,2021-04-22 13:05:00,16468.0,stop,59.75,-60.5,-1.0125523012552302,-1210.0
2021-04-23,1,2021-04-23 09:50:00,2021-04-23 09:55:00,16425.75,16372.75,2021-04-23 15:55:00,16521.75,close,53.0,95.25,1.7971698113207548,1905.0
2021-04-26,1,2021-04-26 10:05:00,2021-04-26 10:10:00,16548.75,16515.5,2021-04-26 15:55:00,16610.75,close,33.25,61.25,1.8421052631578947,1225.0
2021-04-27,-1,2021-04-27 09:45:00,2021-04-27 09:50:00,16566.0,16631.5,2021-04-27 15:55:00,16548.25,close,65.5,17.0,0.2595419847328244,340.0
2021-04-28,1,2021-04-28 09:45:00,2021-04-28 09:50:00,16541.25,16482.25,2021-04-28 12:00:00,16482.25,stop,59.0,-59.75,-1.0127118644067796,-1195.0
2021-04-29,-1,2021-04-29 09:50:00,2021-04-29 09:55:00,16575.25,16657.5,2021-04-29 15:55:00,16551.75,close,82.25,22.75,0.2765957446808511,455.0
2021-04-30,1,2021-04-30 09:55:00,2021-04-30 10:00:00,16504.0,16437.25,2021-04-30 13:50:00,16437.25,stop,66.75,-67.5,-1.0112359550561798,-1350.0
2021-05-03,1,2021-05-03 10:10:00,2021-05-03 10:15:00,16526.25,16451.75,2021-05-03 10:50:00,16451.75,stop,74.5,-75.25,-1.0100671140939597,-1505.0
2021-05-04,-1,2021-05-04 09:50:00,2021-05-04 09:55:00,16169.0,16293.25,2021-05-04 15:55:00,16140.0,close,124.25,28.25,0.2273641851106639,565.0
2021-05-05,-1,2021-05-05 09:55:00,2021-05-05 10:00:00,16193.25,16262.25,2021-05-05 15:55:00,16090.75,close,69.0,101.75,1.4746376811594204,2035.0
2021-05-06,-1,2021-05-06 10:05:00,2021-05-06 10:10:00,16011.5,16105.75,2021-05-06 11:30:00,16105.75,stop,94.25,-95.0,-1.0079575596816976,-1900.0
2021-05-07,1,2021-05-07 09:45:00,2021-05-07 09:50:00,16343.25,16258.25,2021-05-07 15:55:00,16303.25,close,85.0,-40.75,-0.4794117647058823,-815.0
2021-05-10,-1,2021-05-10 09:50:00,2021-05-10 09:55:00,16119.25,16254.5,2021-05-10 15:55:00,15953.0,close,135.25,165.5,1.2236598890942698,3310.0
2021-05-11,1,2021-05-11 09:50:00,2021-05-11 09:55:00,15827.0,15681.5,2021-05-11 15:55:00,15940.75,close,145.5,113.0,0.7766323024054983,2260.0
2021-05-12,-1,2021-05-12 10:25:00,2021-05-12 10:30:00,15702.5,15814.5,2021-05-12 15:55:00,15595.25,close,112.0,106.5,0.9508928571428572,2130.0
2021-05-13,1,2021-05-13 10:00:00,2021-05-13 10:05:00,15785.75,15707.25,2021-05-13 11:25:00,15707.25,stop,78.5,-79.25,-1.0095541401273886,-1585.0
2021-05-14,1,2021-05-14 09:55:00,2021-05-14 10:00:00,15864.0,15805.5,2021-05-14 15:55:00,15981.25,close,58.5,116.5,1.9914529914529917,2330.0
2021-05-17,-1,2021-05-17 10:00:00,2021-05-17 10:05:00,15851.25,15938.25,2021-05-17 15:55:00,15902.5,close,87.0,-52.0,-0.5977011494252874,-1040.0
2021-05-18,1,2021-05-18 10:25:00,2021-05-18 10:30:00,15979.25,15910.0,2021-05-18 14:20:00,15910.0,stop,69.25,-70.0,-1.0108303249097472,-1400.0
2021-05-19,1,2021-05-19 10:25:00,2021-05-19 10:30:00,15688.75,15566.25,2021-05-19 15:55:00,15827.25,close,122.5,137.75,1.1244897959183673,2755.0
2021-05-20,1,2021-05-20 10:00:00,2021-05-20 10:05:00,16002.5,15878.0,2021-05-20 15:55:00,16083.25,close,124.5,80.0,0.642570281124498,1600.0
2021-05-21,-1,2021-05-21 10:15:00,2021-05-21 10:20:00,16079.0,16166.75,2021-05-21 15:55:00,16005.75,close,87.75,72.5,0.8262108262108262,1450.0
2021-05-24,1,2021-05-24 10:00:00,2021-05-24 10:05:00,16186.0,16090.25,2021-05-24 15:55:00,16234.25,close,95.75,47.5,0.4960835509138381,950.0
2021-05-25,-1,2021-05-25 09:50:00,2021-05-25 09:55:00,16259.75,16329.25,2021-05-25 15:55:00,16253.0,close,69.5,6.0,0.0863309352517985,120.0
2021-05-26,-1,2021-05-26 10:10:00,2021-05-26 10:15:00,16259.75,16305.5,2021-05-26 10:50:00,16305.5,stop,45.75,-46.5,-1.0163934426229508,-930.0
2021-05-27,1,2021-05-27 10:15:00,2021-05-27 10:20:00,16295.75,16249.5,2021-05-27 14:25:00,16249.5,stop,46.25,-47.0,-1.0162162162162165,-940.0
2021-05-31,-1,2021-05-31 09:45:00,2021-05-31 09:50:00,16264.75,16276.75,2021-05-31 12:55:00,16251.5,close,12.0,12.5,1.0416666666666667,250.0
2021-06-01,-1,2021-06-01 09:45:00,2021-06-01 09:50:00,16333.0,16369.75,2021-06-01 15:55:00,16247.75,close,36.75,84.5,2.2993197278911564,1690.0
2021-06-02,1,2021-06-02 09:45:00,2021-06-02 09:50:00,16297.0,16248.5,2021-06-02 13:20:00,16248.5,stop,48.5,-49.25,-1.0154639175257731,-985.0
2021-06-03,-1,2021-06-03 09:45:00,2021-06-03 09:50:00,16063.75,16166.5,2021-06-03 10:55:00,16166.5,stop,102.75,-103.5,-1.0072992700729928,-2070.0
2021-06-04,1,2021-06-04 09:45:00,2021-06-04 09:50:00,16288.75,16202.25,2021-06-04 15:55:00,16363.25,close,86.5,73.75,0.8526011560693642,1475.0
2021-06-07,-1,2021-06-07 10:15:00,2021-06-07 10:20:00,16312.0,16361.25,2021-06-07 13:00:00,16361.25,stop,49.25,-50.0,-1.015228426395939,-1000.0
2021-06-08,-1,2021-06-08 09:50:00,2021-06-08 09:55:00,16449.5,16514.0,2021-06-08 15:55:00,16405.75,close,64.5,43.0,0.6666666666666666,860.0
2021-06-09,-1,2021-06-09 09:50:00,2021-06-09 09:55:00,16450.5,16487.5,2021-06-09 15:55:00,16412.5,close,37.0,37.25,1.0067567567567568,745.0
2021-06-10,1,2021-06-10 09:45:00,2021-06-10 09:50:00,16539.0,16408.0,2021-06-10 15:55:00,16556.5,close,131.0,16.75,0.1278625954198473,335.0
2021-06-11,1,2021-06-11 09:45:00,2021-06-11 09:50:00,16570.25,16538.0,2021-06-11 10:45:00,16538.0,stop,32.25,-33.0,-1.0232558139534884,-660.0
2021-06-14,1,2021-06-14 09:45:00,2021-06-14 09:50:00,16637.75,16562.75,2021-06-14 15:55:00,16729.25,close,75.0,90.75,1.21,1815.0
2021-06-15,-1,2021-06-15 10:25:00,2021-06-15 10:30:00,16665.25,16719.0,2021-06-15 15:55:00,16633.0,close,53.75,31.5,0.586046511627907,630.0
2021-06-16,1,2021-06-16 09:50:00,2021-06-16 09:55:00,16686.75,16648.25,2021-06-16 11:05:00,16648.25,stop,38.5,-39.25,-1.0194805194805194,-785.0
2021-06-17,1,2021-06-17 09:50:00,2021-06-17 09:55:00,16626.5,16537.75,2021-06-17 15:55:00,16762.0,close,88.75,134.75,1.5183098591549296,2695.0
2021-06-23,1,2021-06-23 09:55:00,2021-06-23 10:00:00,16911.0,16859.75,2021-06-23 11:00:00,16859.75,stop,51.25,-52.0,-1.0146341463414634,-1040.0
2021-06-24,1,2021-06-24 10:25:00,2021-06-24 10:30:00,17008.5,16949.75,2021-06-24 13:20:00,16949.75,stop,58.75,-59.5,-1.0127659574468084,-1190.0
2021-06-25,-1,2021-06-25 09:55:00,2021-06-25 10:00:00,16947.0,16996.25,2021-06-25 15:55:00,16944.5,close,49.25,1.75,0.0355329949238578,35.0
2021-06-28,1,2021-06-28 10:30:00,2021-06-28 10:35:00,17084.0,16996.5,2021-06-28 15:55:00,17117.0,close,87.5,32.25,0.3685714285714285,645.0
2021-07-02,1,2021-07-02 09:45:00,2021-07-02 09:50:00,17270.25,17225.0,2021-07-02 15:55:00,17320.5,close,45.25,49.5,1.0939226519337018,990.0
2021-07-06,1,2021-07-06 10:05:00,2021-07-06 10:10:00,17391.75,17343.75,2021-07-06 10:30:00,17343.75,stop,48.0,-48.75,-1.015625,-975.0
2021-07-07,-1,2021-07-07 10:00:00,2021-07-07 10:05:00,17408.25,17489.5,2021-07-07 15:55:00,17408.0,close,81.25,-0.5,-0.0061538461538461,-10.0
2021-07-08,-1,2021-07-08 09:45:00,2021-07-08 09:50:00,17148.25,17247.25,2021-07-08 10:00:00,17247.25,stop,99.0,-99.75,-1.0075757575757576,-1995.0
2021-07-09,1,2021-07-09 10:20:00,2021-07-09 10:25:00,17333.75,17273.75,2021-07-09 15:55:00,17416.0,close,60.0,81.5,1.3583333333333334,1630.0
2021-07-12,-1,2021-07-12 10:15:00,2021-07-12 10:20:00,17425.75,17494.25,2021-07-12 15:55:00,17474.25,close,68.5,-49.25,-0.718978102189781,-985.0
2021-07-13,1,2021-07-13 09:45:00,2021-07-13 09:50:00,17505.75,17448.0,2021-07-13 14:00:00,17448.0,stop,57.75,-58.5,-1.0129870129870129,-1170.0
2021-07-14,1,2021-07-14 10:00:00,2021-07-14 10:05:00,17597.75,17542.5,2021-07-14 11:25:00,17542.5,stop,55.25,-56.0,-1.013574660633484,-1120.0
2021-07-16,-1,2021-07-16 10:05:00,2021-07-16 10:10:00,17396.5,17475.25,2021-07-16 15:55:00,17279.0,close,78.75,116.75,1.4825396825396826,2335.0
2021-07-19,-1,2021-07-19 10:05:00,2021-07-19 10:10:00,17078.75,17176.25,2021-07-19 11:30:00,17176.25,stop,97.5,-98.25,-1.0076923076923077,-1965.0
2021-07-21,1,2021-07-21 09:55:00,2021-07-21 10:00:00,17361.5,17298.0,2021-07-21 15:55:00,17433.75,close,63.5,71.5,1.125984251968504,1430.0
2021-07-22,1,2021-07-22 10:25:00,2021-07-22 10:30:00,17510.5,17445.25,2021-07-22 15:55:00,17534.75,close,65.25,23.5,0.3601532567049808,470.0
2021-07-23,1,2021-07-23 10:15:00,2021-07-23 10:20:00,17603.25,17540.0,2021-07-23 15:55:00,17704.5,close,63.25,100.5,1.5889328063241106,2010.0
2021-07-26,1,2021-07-26 09:50:00,2021-07-26 09:55:00,17700.0,17646.0,2021-07-26 15:55:00,17722.75,close,54.0,22.0,0.4074074074074074,440.0
2021-07-27,-1,2021-07-27 09:55:00,2021-07-27 10:00:00,17648.5,17712.75,2021-07-27 15:55:00,17556.0,close,64.25,91.75,1.4280155642023349,1835.0
2021-07-28,1,2021-07-28 10:15:00,2021-07-28 10:20:00,17660.0,17507.25,2021-07-28 15:55:00,17611.75,close,152.75,-49.0,-0.320785597381342,-980.0
2021-07-30,1,2021-07-30 09:55:00,2021-07-30 10:00:00,17554.0,17471.75,2021-07-30 15:55:00,17560.5,close,82.25,5.75,0.0699088145896656,115.0
2021-08-03,-1,2021-08-03 09:50:00,2021-08-03 09:55:00,17539.25,17604.25,2021-08-03 11:50:00,17604.25,stop,65.0,-65.75,-1.0115384615384615,-1315.0
2021-08-04,-1,2021-08-04 10:15:00,2021-08-04 10:20:00,17628.5,17672.75,2021-08-04 12:10:00,17672.75,stop,44.25,-45.0,-1.0169491525423728,-900.0
2021-08-05,1,2021-08-05 10:25:00,2021-08-05 10:30:00,17731.5,17678.75,2021-08-05 15:55:00,17772.0,close,52.75,39.75,0.7535545023696683,795.0
2021-08-06,-1,2021-08-06 10:10:00,2021-08-06 10:15:00,17709.75,17755.75,2021-08-06 15:55:00,17702.0,close,46.0,7.0,0.1521739130434782,140.0
2021-08-10,-1,2021-08-10 10:25:00,2021-08-10 10:30:00,17702.25,17759.5,2021-08-10 15:55:00,17652.0,close,57.25,49.5,0.8646288209606987,990.0
2021-08-11,-1,2021-08-11 09:55:00,2021-08-11 10:00:00,17663.0,17724.75,2021-08-11 15:55:00,17627.5,close,61.75,34.75,0.562753036437247,695.0
2021-08-12,1,2021-08-12 10:15:00,2021-08-12 10:20:00,17614.0,17558.0,2021-08-12 15:55:00,17682.0,close,56.0,67.25,1.2008928571428572,1345.0
2021-08-13,1,2021-08-13 09:45:00,2021-08-13 09:50:00,17706.25,17674.0,2021-08-13 15:55:00,17732.0,close,32.25,25.0,0.7751937984496124,500.0
2021-08-16,-1,2021-08-16 09:45:00,2021-08-16 09:50:00,17681.25,17718.0,2021-08-16 15:20:00,17718.0,stop,36.75,-37.5,-1.020408163265306,-750.0
2021-08-17,-1,2021-08-17 10:15:00,2021-08-17 10:20:00,17576.5,17645.25,2021-08-17 10:40:00,17645.25,stop,68.75,-69.5,-1.010909090909091,-1390.0
2021-08-18,1,2021-08-18 09:50:00,2021-08-18 09:55:00,17625.0,17570.75,2021-08-18 11:35:00,17570.75,stop,54.25,-55.0,-1.0138248847926268,-1100.0
2021-08-19,1,2021-08-19 10:30:00,2021-08-19 10:35:00,17455.0,17369.5,2021-08-19 15:55:00,17534.75,close,85.5,79.0,0.9239766081871345,1580.0
2021-08-20,1,2021-08-20 09:50:00,2021-08-20 09:55:00,17639.0,17564.75,2021-08-20 15:55:00,17689.25,close,74.25,49.5,0.6666666666666666,990.0
2021-08-23,1,2021-08-23 09:45:00,2021-08-23 09:50:00,17803.25,17730.5,2021-08-23 15:55:00,17912.0,close,72.75,108.0,1.4845360824742269,2160.0
2021-08-24,1,2021-08-24 10:15:00,2021-08-24 10:20:00,17966.0,17918.75,2021-08-24 15:55:00,17961.75,close,47.25,-5.0,-0.1058201058201058,-100.0
2021-08-25,-1,2021-08-25 10:05:00,2021-08-25 10:10:00,17963.0,18002.75,2021-08-25 15:55:00,17968.25,close,39.75,-6.0,-0.1509433962264151,-120.0
2021-08-26,-1,2021-08-26 10:20:00,2021-08-26 10:25:00,17927.75,17965.75,2021-08-26 15:55:00,17879.5,close,38.0,47.5,1.25,950.0
2021-08-27,1,2021-08-27 10:00:00,2021-08-27 10:05:00,17966.75,17890.0,2021-08-27 15:55:00,18030.25,close,76.75,62.75,0.8175895765472313,1255.0
2021-08-30,1,2021-08-30 09:55:00,2021-08-30 10:00:00,18135.0,18061.0,2021-08-30 15:55:00,18205.0,close,74.0,69.25,0.9358108108108107,1385.0
2021-08-31,-1,2021-08-31 09:50:00,2021-08-31 09:55:00,18135.0,18215.0,2021-08-31 15:55:00,18190.25,close,80.0,-56.0,-0.7,-1120.0
2021-09-01,1,2021-09-01 09:45:00,2021-09-01 09:50:00,18300.75,18227.75,2021-09-01 15:40:00,18227.75,stop,73.0,-73.75,-1.0102739726027397,-1475.0
2021-09-02,-1,2021-09-02 10:00:00,2021-09-02 10:05:00,18239.25,18286.5,2021-09-02 15:55:00,18210.75,close,47.25,27.75,0.5873015873015873,555.0
2021-09-03,1,2021-09-03 09:55:00,2021-09-03 10:00:00,18246.25,18160.0,2021-09-03 15:55:00,18258.25,close,86.25,11.25,0.1304347826086956,225.0
2021-09-06,1,2021-09-06 09:45:00,2021-09-06 09:50:00,18301.5,18292.5,2021-09-06 12:55:00,18307.0,close,9.0,4.75,0.5277777777777778,95.0
2021-09-07,-1,2021-09-07 09:50:00,2021-09-07 09:55:00,18222.0,18274.5,2021-09-07 10:45:00,18274.5,stop,52.5,-53.25,-1.0142857142857142,-1065.0
2021-09-08,-1,2021-09-08 10:30:00,2021-09-08 10:35:00,18198.75,18273.0,2021-09-08 15:55:00,18228.5,close,74.25,-30.5,-0.4107744107744108,-610.0
2021-09-10,-1,2021-09-10 10:00:00,2021-09-10 10:05:00,18228.0,18273.75,2021-09-10 15:55:00,18051.5,close,45.75,175.75,3.841530054644809,3515.0
2021-09-13,-1,2021-09-13 09:55:00,2021-09-13 10:00:00,18052.0,18170.75,2021-09-13 15:55:00,18043.25,close,118.75,8.0,0.0673684210526315,160.0
2021-09-14,-1,2021-09-14 09:50:00,2021-09-14 09:55:00,18052.75,18137.25,2021-09-14 15:55:00,17995.75,close,84.5,56.25,0.665680473372781,1125.0
2021-09-15,-1,2021-09-15 10:10:00,2021-09-15 10:15:00,17931.75,18046.5,2021-09-15 12:55:00,18046.5,stop,114.75,-115.5,-1.0065359477124185,-2310.0
2021-09-16,-1,2021-09-16 09:45:00,2021-09-16 09:50:00,18025.25,18085.75,2021-09-16 13:55:00,18085.75,stop,60.5,-61.25,-1.012396694214876,-1225.0
2021-09-17,-1,2021-09-17 09:50:00,2021-09-17 09:55:00,18009.0,18098.0,2021-09-17 15:55:00,17935.0,close,89.0,73.25,0.8230337078651685,1465.0
2021-09-20,-1,2021-09-20 10:20:00,2021-09-20 10:25:00,17634.5,17755.5,2021-09-20 15:55:00,17617.5,close,121.0,16.25,0.134297520661157,325.0
2021-09-21,1,2021-09-21 09:45:00,2021-09-21 09:50:00,17736.5,17641.75,2021-09-21 10:05:00,17641.75,stop,94.75,-95.5,-1.007915567282322,-1910.0
2021-09-22,1,2021-09-22 09:55:00,2021-09-22 10:00:00,17689.75,17627.75,2021-09-22 15:55:00,17774.75,close,62.0,84.25,1.3588709677419355,1685.0
2021-09-23,1,2021-09-23 09:45:00,2021-09-23 09:50:00,17894.25,17795.0,2021-09-23 15:55:00,17912.5,close,99.25,17.5,0.1763224181360201,350.0
2021-09-24,1,2021-09-24 09:55:00,2021-09-24 10:00:00,17860.5,17802.75,2021-09-24 15:55:00,17928.75,close,57.75,67.5,1.1688311688311688,1350.0
2021-09-28,-1,2021-09-28 09:45:00,2021-09-28 09:50:00,17526.0,17642.0,2021-09-28 15:55:00,17377.25,close,116.0,148.0,1.2758620689655171,2960.0
2021-09-29,1,2021-09-29 09:45:00,2021-09-29 09:50:00,17482.75,17400.5,2021-09-29 11:35:00,17400.5,stop,82.25,-83.0,-1.009118541033435,-1660.0
2021-10-01,-1,2021-10-01 10:00:00,2021-10-01 10:05:00,17220.75,17348.5,2021-10-01 13:45:00,17348.5,stop,127.75,-128.5,-1.00587084148728,-2570.0
2021-10-04,-1,2021-10-04 09:45:00,2021-10-04 09:50:00,17190.25,17333.0,2021-10-04 15:55:00,17080.25,close,142.75,109.25,0.7653239929947461,2185.0
2021-10-05,1,2021-10-05 09:45:00,2021-10-05 09:50:00,17188.25,17110.5,2021-10-05 15:55:00,17271.5,close,77.75,82.5,1.0610932475884245,1650.0
2021-10-06,-1,2021-10-06 10:00:00,2021-10-06 10:05:00,17108.75,17251.5,2021-10-06 10:20:00,17251.5,stop,142.75,-143.5,-1.0052539404553416,-2870.0
2021-10-07,1,2021-10-07 09:55:00,2021-10-07 10:00:00,17568.25,17472.25,2021-10-07 15:55:00,17499.5,close,96.0,-69.5,-0.7239583333333334,-1390.0
2021-10-11,1,2021-10-11 09:45:00,2021-10-11 09:50:00,17460.75,17335.0,2021-10-11 15:50:00,17335.0,stop,125.75,-126.5,-1.0059642147117296,-2530.0
2021-10-12,-1,2021-10-12 09:55:00,2021-10-12 10:00:00,17274.0,17392.0,2021-10-12 15:55:00,17263.0,close,118.0,10.25,0.086864406779661,205.0
2021-10-13,-1,2021-10-13 09:50:00,2021-10-13 09:55:00,17316.0,17391.75,2021-10-13 14:00:00,17391.75,stop,75.75,-76.5,-1.00990099009901,-1530.0
2021-10-14,1,2021-10-14 10:00:00,2021-10-14 10:05:00,17586.25,17503.5,2021-10-14 15:55:00,17650.0,close,82.75,63.0,0.7613293051359517,1260.0
2021-10-18,1,2021-10-18 09:45:00,2021-10-18 09:50:00,17747.75,17665.0,2021-10-18 15:55:00,17899.25,close,82.75,150.75,1.8217522658610272,3015.0
2021-10-19,1,2021-10-19 09:50:00,2021-10-19 09:55:00,17968.25,17915.0,2021-10-19 15:55:00,18013.0,close,53.25,44.0,0.8262910798122066,880.0
2021-10-20,-1,2021-10-20 09:50:00,2021-10-20 09:55:00,18014.0,18048.0,2021-10-20 10:25:00,18048.0,stop,34.0,-34.75,-1.0220588235294117,-695.0
2021-10-21,1,2021-10-21 09:50:00,2021-10-21 09:55:00,18002.75,17947.0,2021-10-21 15:55:00,18088.25,close,55.75,84.75,1.5201793721973094,1695.0
2021-10-22,-1,2021-10-22 09:45:00,2021-10-22 09:50:00,18016.25,18071.25,2021-10-22 10:25:00,18071.25,stop,55.0,-55.75,-1.0136363636363637,-1115.0
2021-10-26,1,2021-10-26 10:10:00,2021-10-26 10:15:00,18287.75,18193.0,2021-10-26 12:00:00,18193.0,stop,94.75,-95.5,-1.007915567282322,-1910.0
2021-10-27,1,2021-10-27 09:55:00,2021-10-27 10:00:00,18255.25,18171.75,2021-10-27 15:55:00,18198.0,close,83.5,-58.0,-0.6946107784431138,-1160.0
2021-10-28,1,2021-10-28 10:05:00,2021-10-28 10:10:00,18304.5,18248.5,2021-10-28 15:55:00,18374.5,close,56.0,69.25,1.2366071428571428,1385.0
2021-10-29,1,2021-10-29 10:05:00,2021-10-29 10:10:00,18311.5,18228.75,2021-10-29 15:55:00,18453.25,close,82.75,141.0,1.70392749244713,2820.0
2021-11-01,-1,2021-11-01 09:55:00,2021-11-01 10:00:00,18418.0,18481.5,2021-11-01 13:00:00,18481.5,stop,63.5,-64.25,-1.0118110236220472,-1285.0
2021-11-02,1,2021-11-02 09:45:00,2021-11-02 09:50:00,18572.5,18477.0,2021-11-02 15:55:00,18575.0,close,95.5,1.75,0.0183246073298429,35.0
2021-11-03,-1,2021-11-03 10:00:00,2021-11-03 10:05:00,18552.0,18610.25,2021-11-03 14:00:00,18610.25,stop,58.25,-59.0,-1.0128755364806867,-1180.0
2021-11-04,1,2021-11-04 09:45:00,2021-11-04 09:50:00,18838.5,18770.0,2021-11-04 15:55:00,18948.0,close,68.5,108.75,1.5875912408759123,2175.0
2021-11-05,-1,2021-11-05 09:50:00,2021-11-05 09:55:00,18995.75,19061.5,2021-11-05 15:55:00,18964.25,close,65.75,30.75,0.467680608365019,615.0
2021-11-08,-1,2021-11-08 10:00:00,2021-11-08 10:05:00,18937.75,19007.0,2021-11-08 15:55:00,18942.25,close,69.25,-5.25,-0.075812274368231,-105.0
2021-11-09,-1,2021-11-09 09:45:00,2021-11-09 09:50:00,18939.75,19004.75,2021-11-09 15:55:00,18830.5,close,65.0,108.5,1.6692307692307693,2170.0
2021-11-10,1,2021-11-10 09:45:00,2021-11-10 09:50:00,18751.25,18654.75,2021-11-10 13:15:00,18654.75,stop,96.5,-97.25,-1.0077720207253886,-1945.0
2021-11-11,-1,2021-11-11 10:25:00,2021-11-11 10:30:00,18662.0,18723.5,2021-11-11 15:55:00,18635.5,close,61.5,25.75,0.4186991869918699,515.0
2021-11-15,-1,2021-11-15 10:00:00,2021-11-15 10:05:00,18814.5,18867.25,2021-11-15 15:55:00,18801.25,close,52.75,12.5,0.2369668246445497,250.0
2021-11-17,-1,2021-11-17 09:50:00,2021-11-17 09:55:00,18895.75,18935.5,2021-11-17 10:10:00,18935.5,stop,39.75,-40.5,-1.018867924528302,-810.0
2021-11-18,1,2021-11-18 09:45:00,2021-11-18 09:50:00,19024.75,18966.25,2021-11-18 10:10:00,18966.25,stop,58.5,-59.25,-1.0128205128205128,-1185.0
2021-11-19,1,2021-11-19 09:45:00,2021-11-19 09:50:00,19193.25,19129.25,2021-11-19 15:55:00,19185.75,close,64.0,-8.25,-0.12890625,-165.0
2021-11-22,1,2021-11-22 09:45:00,2021-11-22 09:50:00,19342.75,19251.25,2021-11-22 11:10:00,19251.25,stop,91.5,-92.25,-1.0081967213114753,-1845.0
2021-11-23,1,2021-11-23 09:45:00,2021-11-23 09:50:00,19015.75,18894.75,2021-11-23 10:05:00,18894.75,stop,121.0,-121.75,-1.006198347107438,-2435.0
2021-11-24,1,2021-11-24 10:00:00,2021-11-24 10:05:00,18838.5,18727.75,2021-11-24 15:55:00,18975.25,close,110.75,136.0,1.2279909706546277,2720.0
2021-11-25,1,2021-11-25 09:45:00,2021-11-25 09:50:00,19024.5,18992.25,2021-11-25 12:55:00,19017.5,close,32.25,-7.75,-0.2403100775193798,-155.0
2021-11-26,-1,2021-11-26 09:45:00,2021-11-26 09:50:00,18793.25,18920.5,2021-11-26 13:10:00,18656.5,close,127.25,136.0,1.068762278978389,2720.0
2021-11-29,1,2021-11-29 09:55:00,2021-11-29 10:00:00,18910.5,18823.25,2021-11-29 15:55:00,19003.75,close,87.25,92.5,1.0601719197707735,1850.0
2021-11-30,1,2021-11-30 09:50:00,2021-11-30 09:55:00,19002.5,18932.0,2021-11-30 10:45:00,18932.0,stop,70.5,-71.25,-1.0106382978723405,-1425.0
2021-12-01,1,2021-12-01 10:05:00,2021-12-01 10:10:00,18984.5,18883.5,2021-12-01 12:55:00,18883.5,stop,101.0,-101.75,-1.0074257425742574,-2035.0
2021-12-02,1,2021-12-02 09:50:00,2021-12-02 09:55:00,18612.5,18401.5,2021-12-02 10:40:00,18401.5,stop,211.0,-211.75,-1.003554502369668,-4235.0
2021-12-03,-1,2021-12-03 09:45:00,2021-12-03 09:50:00,18530.5,18703.5,2021-12-03 15:55:00,18329.0,close,173.0,200.75,1.1604046242774566,4015.0
2021-12-07,1,2021-12-07 09:45:00,2021-12-07 09:50:00,18807.25,18732.0,2021-12-07 15:55:00,18934.5,close,75.25,126.5,1.681063122923588,2530.0
2021-12-08,1,2021-12-08 09:45:00,2021-12-08 09:50:00,18953.25,18864.5,2021-12-08 15:55:00,19002.0,close,88.75,48.0,0.5408450704225352,960.0
2021-12-09,-1,2021-12-09 10:20:00,2021-12-09 10:25:00,18917.5,19026.0,2021-12-09 15:55:00,18762.75,close,108.5,154.0,1.4193548387096775,3080.0
2021-12-10,-1,2021-12-10 10:30:00,2021-12-10 10:35:00,18846.0,18939.0,2021-12-10 15:55:00,18939.0,stop,93.0,-93.75,-1.0080645161290325,-1875.0
2021-12-13,-1,2021-12-13 09:50:00,2021-12-13 09:55:00,18874.0,18950.0,2021-12-13 15:55:00,18700.75,close,76.0,172.5,2.2697368421052637,3450.0
2021-12-15,-1,2021-12-15 09:45:00,2021-12-15 09:50:00,18444.75,18540.75,2021-12-15 14:05:00,18540.75,stop,96.0,-96.75,-1.0078125,-1935.0
2021-12-16,-1,2021-12-16 09:55:00,2021-12-16 10:00:00,18782.75,18955.0,2021-12-16 15:55:00,18475.25,close,172.25,306.75,1.7808417997097243,6135.0
2021-12-17,1,2021-12-17 09:45:00,2021-12-17 09:50:00,18408.75,18270.0,2021-12-17 10:20:00,18270.0,stop,138.75,-139.5,-1.0054054054054054,-2790.0
2021-12-21,-1,2021-12-21 09:45:00,2021-12-21 09:50:00,18297.5,18411.25,2021-12-21 11:55:00,18411.25,stop,113.75,-114.5,-1.0065934065934066,-2290.0
2021-12-22,1,2021-12-22 10:15:00,2021-12-22 10:20:00,18633.25,18546.25,2021-12-22 15:55:00,18781.5,close,87.0,147.5,1.6954022988505748,2950.0
2021-12-23,1,2021-12-23 10:10:00,2021-12-23 10:15:00,18871.5,18789.5,2021-12-23 15:55:00,18906.75,close,82.0,34.5,0.4207317073170731,690.0
2021-12-27,1,2021-12-27 10:00:00,2021-12-27 10:05:00,19070.25,18957.5,2021-12-27 15:55:00,19173.5,close,112.75,102.5,0.9090909090909092,2050.0
2021-12-28,-1,2021-12-28 10:05:00,2021-12-28 10:10:00,19133.0,19221.5,2021-12-28 15:55:00,19107.75,close,88.5,24.5,0.2768361581920904,490.0
2021-12-29,-1,2021-12-29 10:00:00,2021-12-29 10:05:00,19101.25,19162.5,2021-12-29 15:55:00,19101.5,close,61.25,-1.0,-0.0163265306122449,-20.0
2021-12-30,1,2021-12-30 10:05:00,2021-12-30 10:10:00,19151.0,19062.25,2021-12-30 15:45:00,19062.25,stop,88.75,-89.5,-1.008450704225352,-1790.0
2021-12-31,-1,2021-12-31 09:45:00,2021-12-31 09:50:00,19006.75,19077.0,2021-12-31 15:55:00,18938.0,close,70.25,68.0,0.9679715302491104,1360.0
2022-01-03,-1,2022-01-03 09:45:00,2022-01-03 09:50:00,18961.5,19097.75,2022-01-03 14:40:00,19097.75,stop,136.25,-137.0,-1.0055045871559634,-2740.0
2022-01-04,-1,2022-01-04 10:00:00,2022-01-04 10:05:00,19027.0,19125.0,2022-01-04 15:55:00,18885.0,close,98.0,141.25,1.441326530612245,2825.0
2022-01-06,-1,2022-01-06 10:00:00,2022-01-06 10:05:00,18254.0,18463.5,2022-01-06 10:55:00,18463.5,stop,209.5,-210.25,-1.003579952267303,-4205.0
2022-01-07,-1,2022-01-07 10:20:00,2022-01-07 10:25:00,18270.5,18425.75,2022-01-07 15:55:00,18198.0,close,155.25,71.75,0.4621578099838969,1435.0
2022-01-10,-1,2022-01-10 09:50:00,2022-01-10 09:55:00,17901.5,18028.0,2022-01-10 13:50:00,18028.0,stop,126.5,-127.25,-1.005928853754941,-2545.0
2022-01-11,1,2022-01-11 10:00:00,2022-01-11 10:05:00,18233.5,18088.0,2022-01-11 15:55:00,18445.25,close,145.5,211.0,1.450171821305842,4220.0
2022-01-12,1,2022-01-12 10:10:00,2022-01-12 10:15:00,18616.25,18508.0,2022-01-12 10:35:00,18508.0,stop,108.25,-109.0,-1.0069284064665127,-2180.0
2022-01-13,-1,2022-01-13 10:00:00,2022-01-13 10:05:00,18519.25,18592.75,2022-01-13 15:55:00,18111.0,close,73.5,407.5,5.54421768707483,8150.0
2022-01-14,1,2022-01-14 09:50:00,2022-01-14 09:55:00,18159.5,17992.75,2022-01-14 15:55:00,18205.25,close,166.75,45.0,0.2698650674662669,900.0
2022-01-17,-1,2022-01-17 09:45:00,2022-01-17 09:50:00,18164.75,18224.75,2022-01-17 12:55:00,18172.25,close,60.0,-8.25,-0.1375,-165.0
2022-01-18,1,2022-01-18 10:05:00,2022-01-18 10:10:00,18021.0,17884.75,2022-01-18 11:30:00,17884.75,stop,136.25,-137.0,-1.0055045871559634,-2740.0
2022-01-19,1,2022-01-19 09:55:00,2022-01-19 10:00:00,17973.75,17864.25,2022-01-19 10:30:00,17864.25,stop,109.5,-110.25,-1.0068493150684932,-2205.0
2022-01-20,1,2022-01-20 10:30:00,2022-01-20 10:35:00,17915.25,17773.25,2022-01-20 14:10:00,17773.25,stop,142.0,-142.75,-1.005281690140845,-2855.0
2022-01-21,-1,2022-01-21 09:50:00,2022-01-21 09:55:00,17270.25,17431.5,2022-01-21 10:55:00,17431.5,stop,161.25,-162.0,-1.0046511627906978,-3240.0
2022-01-24,-1,2022-01-24 10:05:00,2022-01-24 10:10:00,16651.0,16876.5,2022-01-24 15:15:00,16876.5,stop,225.5,-226.25,-1.003325942350333,-4525.0
2022-01-25,-1,2022-01-25 09:45:00,2022-01-25 09:50:00,16730.75,16917.75,2022-01-25 14:15:00,16917.75,stop,187.0,-187.75,-1.0040106951871657,-3755.0
2022-01-26,1,2022-01-26 10:00:00,2022-01-26 10:05:00,17118.0,16963.25,2022-01-26 10:40:00,16963.25,stop,154.75,-155.5,-1.0048465266558966,-3110.0
2022-01-31,1,2022-01-31 09:50:00,2022-01-31 09:55:00,17222.25,17029.25,2022-01-31 15:55:00,17511.5,close,193.0,288.5,1.494818652849741,5770.0
2022-02-01,-1,2022-02-01 10:00:00,2022-02-01 10:05:00,17371.25,17565.0,2022-02-01 15:30:00,17565.0,stop,193.75,-194.5,-1.0038709677419355,-3890.0
2022-02-02,-1,2022-02-02 09:45:00,2022-02-02 09:50:00,17644.5,17791.0,2022-02-02 15:55:00,17726.75,close,146.5,-83.0,-0.5665529010238908,-1660.0
2022-02-03,1,2022-02-03 10:25:00,2022-02-03 10:30:00,17436.0,17290.5,2022-02-03 11:55:00,17290.5,stop,145.5,-146.25,-1.0051546391752575,-2925.0
2022-02-04,1,2022-02-04 10:00:00,2022-02-04 10:05:00,17223.0,17045.75,2022-02-04 15:55:00,17293.25,close,177.25,69.5,0.3921015514809591,1390.0
2022-02-07,1,2022-02-07 09:50:00,2022-02-07 09:55:00,17412.75,17283.0,2022-02-07 11:05:00,17283.0,stop,129.75,-130.5,-1.0057803468208093,-2610.0
2022-02-08,-1,2022-02-08 10:00:00,2022-02-08 10:05:00,17092.25,17201.0,2022-02-08 10:45:00,17201.0,stop,108.75,-109.5,-1.006896551724138,-2190.0
2022-02-09,-1,2022-02-09 10:10:00,2022-02-09 10:15:00,17496.25,17564.25,2022-02-09 11:00:00,17564.25,stop,68.0,-68.75,-1.0110294117647058,-1375.0
2022-02-10,1,2022-02-10 09:50:00,2022-02-10 09:55:00,17525.0,17348.0,2022-02-10 13:35:00,17348.0,stop,177.0,-177.75,-1.0042372881355932,-3555.0
2022-02-11,-1,2022-02-11 09:55:00,2022-02-11 10:00:00,17250.5,17363.0,2022-02-11 15:55:00,16850.75,close,112.5,399.0,3.546666666666667,7980.0
2022-02-14,1,2022-02-14 09:50:00,2022-02-14 09:55:00,16945.0,16795.0,2022-02-14 13:50:00,16795.0,stop,150.0,-150.75,-1.005,-3015.0
2022-02-16,-1,2022-02-16 09:50:00,2022-02-16 09:55:00,17011.5,17130.0,2022-02-16 14:20:00,17130.0,stop,118.5,-119.25,-1.0063291139240509,-2385.0
2022-02-17,-1,2022-02-17 09:45:00,2022-02-17 09:50:00,17043.5,17108.0,2022-02-17 15:55:00,16779.25,close,64.5,263.5,4.0852713178294575,5270.0
2022-02-18,-1,2022-02-18 10:30:00,2022-02-18 10:35:00,16678.75,16831.25,2022-02-18 15:55:00,16618.0,close,152.5,60.0,0.3934426229508196,1200.0
2022-02-22,1,2022-02-22 09:45:00,2022-02-22 09:50:00,16655.25,16475.0,2022-02-22 11:50:00,16475.0,stop,180.25,-181.0,-1.0041608876560333,-3620.0
2022-02-23,-1,2022-02-23 09:50:00,2022-02-23 09:55:00,16510.0,16644.0,2022-02-23 15:55:00,16119.75,close,134.0,389.5,2.906716417910448,7790.0
2022-02-24,1,2022-02-24 09:45:00,2022-02-24 09:50:00,15945.75,15671.0,2022-02-24 15:55:00,16578.75,close,274.75,632.25,2.3011828935395813,12645.0
2022-02-25,-1,2022-02-25 09:55:00,2022-02-25 10:00:00,16482.0,16626.5,2022-02-25 10:30:00,16626.5,stop,144.5,-145.25,-1.005190311418685,-2905.0
2022-02-28,1,2022-02-28 09:55:00,2022-02-28 10:00:00,16757.25,16640.25,2022-02-28 14:05:00,16640.25,stop,117.0,-117.75,-1.0064102564102564,-2355.0
2022-03-02,-1,2022-03-02 10:05:00,2022-03-02 10:10:00,16603.0,16727.5,2022-03-02 10:30:00,16727.5,stop,124.5,-125.25,-1.0060240963855422,-2505.0
2022-03-03,-1,2022-03-03 10:05:00,2022-03-03 10:10:00,16843.0,16968.5,2022-03-03 15:55:00,16647.75,close,125.5,194.5,1.549800796812749,3890.0
2022-03-04,-1,2022-03-04 09:45:00,2022-03-04 09:50:00,16457.25,16608.5,2022-03-04 15:55:00,16446.75,close,151.25,9.75,0.0644628099173553,195.0
2022-03-07,-1,2022-03-07 09:55:00,2022-03-07 10:00:00,16286.25,16492.75,2022-03-07 15:55:00,15933.25,close,206.5,352.25,1.7058111380145278,7045.0
2022-03-08,-1,2022-03-08 10:00:00,2022-03-08 10:05:00,15796.25,15986.75,2022-03-08 12:10:00,15986.75,stop,190.5,-191.25,-1.0039370078740155,-3825.0
2022-03-09,1,2022-03-09 10:20:00,2022-03-09 10:25:00,16253.75,16137.75,2022-03-09 15:55:00,16354.75,close,116.0,100.25,0.8642241379310345,2005.0
2022-03-10,1,2022-03-10 10:15:00,2022-03-10 10:20:00,16218.5,16099.25,2022-03-10 10:30:00,16099.25,stop,119.25,-120.0,-1.0062893081761006,-2400.0
2022-03-11,-1,2022-03-11 09:50:00,2022-03-11 09:55:00,16215.5,16336.5,2022-03-11 15:55:00,15913.25,close,121.0,301.5,2.4917355371900825,6030.0
2022-03-14,1,2022-03-14 10:05:00,2022-03-14 10:10:00,15954.0,15820.25,2022-03-14 11:40:00,15820.25,stop,133.75,-134.5,-1.005607476635514,-2690.0
2022-03-15,1,2022-03-15 10:00:00,2022-03-15 10:05:00,15837.5,15711.25,2022-03-15 15:55:00,16074.75,close,126.25,236.5,1.8732673267326732,4730.0
2022-03-16,1,2022-03-16 09:45:00,2022-03-16 09:50:00,16353.0,16232.5,2022-03-16 14:05:00,16232.5,stop,120.5,-121.25,-1.0062240663900417,-2425.0
2022-03-17,1,2022-03-17 09:50:00,2022-03-17 09:55:00,16535.0,16439.25,2022-03-17 15:55:00,16739.75,close,95.75,204.0,2.130548302872062,4080.0
2022-03-18,1,2022-03-18 09:45:00,2022-03-18 09:50:00,16727.5,16615.25,2022-03-18 15:55:00,17030.5,close,112.25,302.25,2.692650334075724,6045.0
2022-03-21,-1,2022-03-21 09:50:00,2022-03-21 09:55:00,16922.0,17087.0,2022-03-21 15:55:00,16993.0,close,165.0,-71.75,-0.4348484848484849,-1435.0
2022-03-22,1,2022-03-22 10:00:00,2022-03-22 10:05:00,17151.25,16994.25,2022-03-22 15:55:00,17275.25,close,157.0,123.25,0.785031847133758,2465.0
2022-03-23,-1,2022-03-23 09:45:00,2022-03-23 09:50:00,17090.5,17167.25,2022-03-23 10:10:00,17167.25,stop,76.75,-77.5,-1.009771986970684,-1550.0
2022-03-24,-1,2022-03-24 10:15:00,2022-03-24 10:20:00,17078.75,17171.25,2022-03-24 11:00:00,17171.25,stop,92.5,-93.25,-1.008108108108108,-1865.0
2022-03-29,-1,2022-03-29 09:45:00,2022-03-29 09:50:00,17745.75,17839.75,2022-03-29 14:45:00,17839.75,stop,94.0,-94.75,-1.0079787234042554,-1895.0
2022-03-30,1,2022-03-30 10:10:00,2022-03-30 10:15:00,17839.5,17761.5,2022-03-30 11:00:00,17761.5,stop,78.0,-78.75,-1.0096153846153846,-1575.0
2022-03-31,-1,2022-03-31 10:00:00,2022-03-31 10:05:00,17600.75,17710.25,2022-03-31 10:55:00,17710.25,stop,109.5,-110.25,-1.0068493150684932,-2205.0
2022-04-01,-1,2022-04-01 09:50:00,2022-04-01 09:55:00,17438.0,17552.25,2022-04-01 15:55:00,17481.0,close,114.25,-43.75,-0.3829321663019693,-875.0
2022-04-04,1,2022-04-04 09:50:00,2022-04-04 09:55:00,17645.5,17503.75,2022-04-04 15:55:00,17785.0,close,141.75,138.75,0.9788359788359788,2775.0
2022-04-05,-1,2022-04-05 09:50:00,2022-04-05 09:55:00,17676.5,17756.5,2022-04-05 15:55:00,17451.0,close,80.0,224.75,2.809375,4495.0
2022-04-06,-1,2022-04-06 10:00:00,2022-04-06 10:05:00,17088.25,17263.75,2022-04-06 15:00:00,17263.75,stop,175.5,-176.25,-1.0042735042735045,-3525.0
2022-04-08,-1,2022-04-08 09:50:00,2022-04-08 09:55:00,16948.25,17097.0,2022-04-08 11:00:00,17097.0,stop,148.75,-149.5,-1.005042016806723,-2990.0
2022-04-12,1,2022-04-12 09:45:00,2022-04-12 09:50:00,16828.0,16733.25,2022-04-12 10:45:00,16733.25,stop,94.75,-95.5,-1.007915567282322,-1910.0
2022-04-13,1,2022-04-13 10:15:00,2022-04-13 10:20:00,16702.0,16541.25,2022-04-13 15:55:00,16842.0,close,160.75,139.25,0.8662519440124417,2785.0
2022-04-14,-1,2022-04-14 09:50:00,2022-04-14 09:55:00,16735.75,16867.0,2022-04-14 15:55:00,16513.75,close,131.25,221.25,1.6857142857142855,4425.0
2022-04-18,-1,2022-04-18 09:50:00,2022-04-18 09:55:00,16465.0,16552.5,2022-04-18 10:05:00,16552.5,stop,87.5,-88.25,-1.008571428571429,-1765.0
2022-04-19,1,2022-04-19 09:50:00,2022-04-19 09:55:00,16593.0,16453.75,2022-04-19 15:55:00,16832.5,close,139.25,238.75,1.7145421903052065,4775.0
2022-04-20,-1,2022-04-20 10:10:00,2022-04-20 10:15:00,16715.0,16890.25,2022-04-20 15:55:00,16623.75,close,175.25,90.5,0.5164051355206848,1810.0
2022-04-21,-1,2022-04-21 10:10:00,2022-04-21 10:15:00,16768.0,16903.25,2022-04-21 15:55:00,16342.25,close,135.25,425.0,3.142329020332717,8500.0
2022-04-22,-1,2022-04-22 10:20:00,2022-04-22 10:25:00,16226.75,16398.0,2022-04-22 15:55:00,15977.0,close,171.25,249.0,1.454014598540146,4980.0
2022-04-25,-1,2022-04-25 09:55:00,2022-04-25 10:00:00,15869.5,15986.5,2022-04-25 10:25:00,15986.5,stop,117.0,-117.75,-1.0064102564102564,-2355.0
2022-04-26,-1,2022-04-26 09:50:00,2022-04-26 09:55:00,15894.5,16071.0,2022-04-26 15:55:00,15629.25,close,176.5,264.5,1.498583569405099,5290.0
2022-04-27,-1,2022-04-27 10:10:00,2022-04-27 10:15:00,15626.0,15825.25,2022-04-27 12:20:00,15825.25,stop,199.25,-200.0,-1.0037641154328734,-4000.0
2022-04-28,-1,2022-04-28 10:00:00,2022-04-28 10:05:00,15710.0,15901.0,2022-04-28 12:35:00,15901.0,stop,191.0,-191.75,-1.0039267015706803,-3835.0
2022-04-29,1,2022-04-29 09:55:00,2022-04-29 10:00:00,16043.0,15847.0,2022-04-29 10:25:00,15847.0,stop,196.0,-196.75,-1.003826530612245,-3935.0
2022-05-02,1,2022-05-02 10:25:00,2022-05-02 10:30:00,15603.25,15363.0,2022-05-02 13:45:00,15363.0,stop,240.25,-241.0,-1.0031217481789805,-4820.0
2022-05-03,1,2022-05-03 09:55:00,2022-05-03 10:00:00,15732.25,15610.0,2022-05-03 10:45:00,15610.0,stop,122.25,-123.0,-1.0061349693251531,-2460.0
2022-05-04,-1,2022-05-04 09:50:00,2022-05-04 09:55:00,15663.5,15734.5,2022-05-04 13:00:00,15734.5,stop,71.0,-71.75,-1.0105633802816902,-1435.0
2022-05-05,-1,2022-05-05 09:45:00,2022-05-05 09:50:00,15840.75,15966.5,2022-05-05 15:55:00,15479.0,close,125.75,361.0,2.8707753479125246,7220.0
2022-05-06,-1,2022-05-06 09:50:00,2022-05-06 09:55:00,15161.75,15413.0,2022-05-06 10:15:00,15413.0,stop,251.25,-252.0,-1.0029850746268656,-5040.0
2022-05-09,-1,2022-05-09 10:05:00,2022-05-09 10:10:00,14992.75,15176.0,2022-05-09 15:55:00,14817.0,close,183.25,175.0,0.9549795361527968,3500.0
2022-05-10,-1,2022-05-10 09:45:00,2022-05-10 09:50:00,14968.5,15167.25,2022-05-10 15:55:00,14962.75,close,198.75,5.0,0.0251572327044025,100.0
2022-05-11,1,2022-05-11 09:45:00,2022-05-11 09:50:00,15052.75,14766.25,2022-05-11 12:55:00,14766.25,stop,286.5,-287.25,-1.0026178010471205,-5745.0
2022-05-12,1,2022-05-12 10:05:00,2022-05-12 10:10:00,14530.25,14313.5,2022-05-12 14:40:00,14313.5,stop,216.75,-217.5,-1.0034602076124568,-4350.0
2022-05-13,1,2022-05-13 09:50:00,2022-05-13 09:55:00,14890.5,14685.0,2022-05-13 15:55:00,15004.75,close,205.5,113.5,0.5523114355231143,2270.0
2022-05-16,-1,2022-05-16 09:45:00,2022-05-16 09:50:00,14851.0,14978.25,2022-05-16 10:20:00,14978.25,stop,127.25,-128.0,-1.005893909626719,-2560.0
2022-05-17,-1,2022-05-17 10:05:00,2022-05-17 10:10:00,15051.5,15156.0,2022-05-17 14:45:00,15156.0,stop,104.5,-105.25,-1.007177033492823,-2105.0
2022-05-18,-1,2022-05-18 09:55:00,2022-05-18 10:00:00,14919.75,15020.0,2022-05-18 15:55:00,14561.0,close,100.25,358.0,3.571072319201995,7160.0
2022-05-19,-1,2022-05-19 09:45:00,2022-05-19 09:50:00,14434.25,14599.0,2022-05-19 10:00:00,14599.0,stop,164.75,-165.5,-1.0045523520485584,-3310.0
2022-05-20,-1,2022-05-20 10:05:00,2022-05-20 10:10:00,14526.0,14673.25,2022-05-20 15:55:00,14455.75,close,147.25,69.5,0.4719864176570458,1390.0
2022-05-23,1,2022-05-23 09:45:00,2022-05-23 09:50:00,14570.75,14438.0,2022-05-23 10:00:00,14438.0,stop,132.75,-133.5,-1.0056497175141244,-2670.0
2022-05-24,-1,2022-05-24 09:55:00,2022-05-24 10:00:00,14298.5,14467.75,2022-05-24 15:55:00,14402.0,close,169.25,-104.25,-0.6159527326440177,-2085.0
2022-05-25,1,2022-05-25 10:25:00,2022-05-25 10:30:00,14510.25,14328.25,2022-05-25 15:55:00,14569.75,close,182.0,58.75,0.3228021978021978,1175.0
2022-05-26,1,2022-05-26 09:50:00,2022-05-26 09:55:00,14720.5,14519.25,2022-05-26 15:55:00,14895.25,close,201.25,174.0,0.8645962732919255,3480.0
2022-05-27,1,2022-05-27 09:55:00,2022-05-27 10:00:00,15139.75,15022.25,2022-05-27 15:55:00,15302.5,close,117.5,162.0,1.3787234042553191,3240.0
2022-05-31,-1,2022-05-31 10:00:00,2022-05-31 10:05:00,15129.0,15308.25,2022-05-31 11:50:00,15308.25,stop,179.25,-180.0,-1.00418410041841,-3600.0
2022-06-01,1,2022-06-01 09:50:00,2022-06-01 09:55:00,15436.0,15351.75,2022-06-01 10:05:00,15351.75,stop,84.25,-85.0,-1.0089020771513353,-1700.0
2022-06-02,1,2022-06-02 10:10:00,2022-06-02 10:15:00,15238.0,15062.75,2022-06-02 15:55:00,15514.5,close,175.25,275.75,1.5734664764621968,5515.0
2022-06-06,1,2022-06-06 10:00:00,2022-06-06 10:05:00,15408.75,15312.5,2022-06-06 11:10:00,15312.5,stop,96.25,-97.0,-1.0077922077922077,-1940.0
2022-06-07,1,2022-06-07 09:45:00,2022-06-07 09:50:00,15155.0,15032.75,2022-06-07 15:55:00,15331.75,close,122.25,176.0,1.439672801635992,3520.0
2022-06-08,1,2022-06-08 09:45:00,2022-06-08 09:50:00,15376.0,15247.75,2022-06-08 12:35:00,15247.75,stop,128.25,-129.0,-1.0058479532163742,-2580.0
2022-06-09,1,2022-06-09 09:50:00,2022-06-09 09:55:00,15251.75,15126.25,2022-06-09 13:40:00,15126.25,stop,125.5,-126.25,-1.00597609561753,-2525.0
2022-06-10,-1,2022-06-10 09:50:00,2022-06-10 09:55:00,14587.25,14710.25,2022-06-10 15:55:00,14457.25,close,123.0,129.25,1.0508130081300813,2585.0
2022-06-13,-1,2022-06-13 10:10:00,2022-06-13 10:15:00,14061.75,14195.5,2022-06-13 15:55:00,13914.75,close,133.75,146.25,1.0934579439252337,2925.0
2022-06-15,1,2022-06-15 10:00:00,2022-06-15 10:05:00,14139.0,14051.0,2022-06-15 14:00:00,14051.0,stop,88.0,-88.75,-1.0085227272727273,-1775.0
2022-06-16,-1,2022-06-16 10:00:00,2022-06-16 10:05:00,13825.5,13941.0,2022-06-16 15:55:00,13757.25,close,115.5,67.5,0.5844155844155844,1350.0
2022-06-17,-1,2022-06-17 10:30:00,2022-06-17 10:35:00,13745.75,13917.25,2022-06-17 13:05:00,13917.25,stop,171.5,-172.25,-1.0043731778425655,-3445.0
2022-06-20,-1,2022-06-20 09:45:00,2022-06-20 09:50:00,13928.75,13967.25,2022-06-20 10:00:00,13967.25,stop,38.5,-39.25,-1.0194805194805194,-785.0
2022-06-21,1,2022-06-21 09:55:00,2022-06-21 10:00:00,14220.0,14067.0,2022-06-21 15:55:00,14170.25,close,153.0,-50.5,-0.3300653594771242,-1010.0
2022-06-22,1,2022-06-22 09:50:00,2022-06-22 09:55:00,14191.75,14038.0,2022-06-22 15:55:00,14149.5,close,153.75,-43.0,-0.2796747967479674,-860.0
2022-06-23,-1,2022-06-23 09:50:00,2022-06-23 09:55:00,14150.75,14274.75,2022-06-23 10:05:00,14274.75,stop,124.0,-124.75,-1.0060483870967742,-2495.0
2022-06-24,1,2022-06-24 10:00:00,2022-06-24 10:05:00,14627.25,14430.0,2022-06-24 15:55:00,14739.0,close,197.25,111.0,0.5627376425855514,2220.0
2022-06-27,-1,2022-06-27 09:45:00,2022-06-27 09:50:00,14623.5,14803.25,2022-06-27 15:55:00,14635.75,close,179.75,-13.0,-0.0723226703755215,-260.0
2022-06-28,-1,2022-06-28 10:05:00,2022-06-28 10:10:00,14626.0,14765.5,2022-06-28 15:55:00,14265.25,close,139.5,360.0,2.5806451612903225,7200.0
2022-06-29,1,2022-06-29 09:50:00,2022-06-29 09:55:00,14295.5,14164.75,2022-06-29 15:55:00,14279.75,close,130.75,-16.5,-0.1261950286806883,-330.0
2022-06-30,-1,2022-06-30 09:50:00,2022-06-30 09:55:00,14002.25,14179.25,2022-06-30 11:25:00,14179.25,stop,177.0,-177.75,-1.0042372881355932,-3555.0
2022-07-01,1,2022-07-01 09:45:00,2022-07-01 09:50:00,14139.75,14008.25,2022-07-01 10:30:00,14008.25,stop,131.5,-132.25,-1.005703422053232,-2645.0
2022-07-04,-1,2022-07-04 10:05:00,2022-07-04 10:10:00,14131.5,14162.0,2022-07-04 12:25:00,14162.0,stop,30.5,-31.25,-1.024590163934426,-625.0
2022-07-05,1,2022-07-05 10:10:00,2022-07-05 10:15:00,14098.5,13980.5,2022-07-05 15:55:00,14404.5,close,118.0,305.25,2.586864406779661,6105.0
2022-07-07,1,2022-07-07 10:05:00,2022-07-07 10:10:00,14626.75,14509.5,2022-07-07 15:55:00,14727.75,close,117.25,100.25,0.8550106609808102,2005.0
2022-07-08,1,2022-07-08 10:25:00,2022-07-08 10:30:00,14708.75,14579.25,2022-07-08 15:55:00,14746.75,close,129.5,37.25,0.2876447876447876,745.0
2022-07-11,-1,2022-07-11 10:00:00,2022-07-11 10:05:00,14458.0,14653.0,2022-07-11 15:55:00,14482.25,close,195.0,-25.0,-0.1282051282051282,-500.0
2022-07-12,-1,2022-07-12 09:45:00,2022-07-12 09:50:00,14504.25,14616.75,2022-07-12 15:55:00,14369.5,close,112.5,134.0,1.191111111111111,2680.0
2022-07-13,1,2022-07-13 09:45:00,2022-07-13 09:50:00,14287.5,14113.75,2022-07-13 15:55:00,14346.75,close,173.75,58.5,0.3366906474820144,1170.0
2022-07-14,-1,2022-07-14 10:00:00,2022-07-14 10:05:00,14116.75,14275.75,2022-07-14 11:40:00,14275.75,stop,159.0,-159.75,-1.0047169811320755,-3195.0
2022-07-15,-1,2022-07-15 09:45:00,2022-07-15 09:50:00,14485.25,14576.25,2022-07-15 10:00:00,14576.25,stop,91.0,-91.75,-1.0082417582417582,-1835.0
2022-07-18,1,2022-07-18 09:45:00,2022-07-18 09:50:00,14755.5,14681.0,2022-07-18 13:30:00,14681.0,stop,74.5,-75.25,-1.0100671140939597,-1505.0
2022-07-19,1,2022-07-19 10:25:00,2022-07-19 10:30:00,14676.75,14592.25,2022-07-19 15:55:00,14860.25,close,84.5,182.75,2.162721893491124,3655.0
2022-07-20,1,2022-07-20 10:10:00,2022-07-20 10:15:00,14933.5,14848.75,2022-07-20 15:55:00,15057.25,close,84.75,123.0,1.4513274336283186,2460.0
2022-07-21,-1,2022-07-21 10:25:00,2022-07-21 10:30:00,14988.0,15104.25,2022-07-21 11:30:00,15104.25,stop,116.25,-117.0,-1.0064516129032255,-2340.0
2022-07-22,1,2022-07-22 09:45:00,2022-07-22 09:50:00,15248.75,15157.25,2022-07-22 10:00:00,15157.25,stop,91.5,-92.25,-1.0081967213114753,-1845.0
2022-07-25,-1,2022-07-25 10:15:00,2022-07-25 10:20:00,14915.75,15035.25,2022-07-25 15:55:00,14946.75,close,119.5,-31.75,-0.2656903765690376,-635.0
2022-07-26,-1,2022-07-26 10:20:00,2022-07-26 10:25:00,14779.5,14882.5,2022-07-26 15:55:00,14701.5,close,103.0,77.25,0.75,1545.0
2022-07-27,1,2022-07-27 09:45:00,2022-07-27 09:50:00,14984.0,14867.75,2022-07-27 15:55:00,15206.75,close,116.25,222.0,1.9096774193548387,4440.0
2022-07-28,-1,2022-07-28 09:50:00,2022-07-28 09:55:00,15059.0,15245.25,2022-07-28 11:25:00,15245.25,stop,186.25,-187.0,-1.0040268456375838,-3740.0
2022-07-29,1,2022-07-29 10:00:00,2022-07-29 10:05:00,15486.75,15335.5,2022-07-29 15:55:00,15563.25,close,151.25,75.75,0.5008264462809917,1515.0
2022-08-01,1,2022-08-01 09:50:00,2022-08-01 09:55:00,15596.5,15443.0,2022-08-01 15:55:00,15554.25,close,153.5,-43.0,-0.2801302931596091,-860.0
2022-08-02,-1,2022-08-02 10:05:00,2022-08-02 10:10:00,15442.25,15533.0,2022-08-02 10:40:00,15533.0,stop,90.75,-91.5,-1.008264462809917,-1830.0
2022-08-03,1,2022-08-03 09:50:00,2022-08-03 09:55:00,15691.75,15580.75,2022-08-03 15:55:00,15863.0,close,111.0,170.5,1.536036036036036,3410.0
2022-08-04,-1,2022-08-04 10:30:00,2022-08-04 10:35:00,15797.25,15919.75,2022-08-04 15:10:00,15919.75,stop,122.5,-123.25,-1.006122448979592,-2465.0
2022-08-05,1,2022-08-05 10:00:00,2022-08-05 10:05:00,15819.5,15705.75,2022-08-05 11:25:00,15705.75,stop,113.75,-114.5,-1.0065934065934066,-2290.0
2022-08-08,1,2022-08-08 09:50:00,2022-08-08 09:55:00,15989.5,15823.25,2022-08-08 11:40:00,15823.25,stop,166.25,-167.0,-1.0045112781954888,-3340.0
2022-08-09,-1,2022-08-09 09:50:00,2022-08-09 09:55:00,15615.0,15703.5,2022-08-09 15:55:00,15623.25,close,88.5,-9.0,-0.1016949152542373,-180.0
2022-08-10,-1,2022-08-10 10:15:00,2022-08-10 10:20:00,15849.25,15946.25,2022-08-10 11:00:00,15946.25,stop,97.0,-97.75,-1.0077319587628866,-1955.0
2022-08-11,1,2022-08-11 10:00:00,2022-08-11 10:05:00,16118.25,16046.75,2022-08-11 11:05:00,16046.75,stop,71.5,-72.25,-1.0104895104895104,-1445.0
2022-08-12,1,2022-08-12 10:15:00,2022-08-12 10:20:00,16049.75,15950.5,2022-08-12 15:55:00,16170.75,close,99.25,120.25,1.211586901763224,2405.0
2022-08-15,1,2022-08-15 09:50:00,2022-08-15 09:55:00,16206.75,16125.5,2022-08-15 15:55:00,16276.5,close,81.25,69.0,0.8492307692307692,1380.0
2022-08-16,-1,2022-08-16 10:00:00,2022-08-16 10:05:00,16174.25,16250.5,2022-08-16 11:45:00,16250.5,stop,76.25,-77.0,-1.0098360655737706,-1540.0
2022-08-17,-1,2022-08-17 10:10:00,2022-08-17 10:15:00,16074.25,16157.0,2022-08-17 14:05:00,16157.0,stop,82.75,-83.5,-1.0090634441087614,-1670.0
2022-08-19,-1,2022-08-19 09:45:00,2022-08-19 09:50:00,15919.0,16016.5,2022-08-19 15:55:00,15854.5,close,97.5,63.75,0.6538461538461539,1275.0
2022-08-22,-1,2022-08-22 09:45:00,2022-08-22 09:50:00,15608.25,15683.5,2022-08-22 15:55:00,15507.25,close,75.25,100.25,1.3322259136212624,2005.0
2022-08-23,1,2022-08-23 09:50:00,2022-08-23 09:55:00,15558.5,15457.25,2022-08-23 15:55:00,15490.75,close,101.25,-68.5,-0.6765432098765433,-1370.0
2022-08-24,1,2022-08-24 10:10:00,2022-08-24 10:15:00,15500.0,15442.75,2022-08-24 15:55:00,15525.5,close,57.25,24.75,0.4323144104803493,495.0
2022-08-25,1,2022-08-25 09:55:00,2022-08-25 10:00:00,15635.25,15558.0,2022-08-25 15:55:00,15750.25,close,77.25,114.25,1.4789644012944985,2285.0
2022-08-26,-1,2022-08-26 09:45:00,2022-08-26 09:50:00,15703.75,15752.25,2022-08-26 10:05:00,15752.25,stop,48.5,-49.25,-1.0154639175257731,-985.0
2022-08-30,-1,2022-08-30 10:05:00,2022-08-30 10:10:00,15018.0,15178.5,2022-08-30 15:55:00,14944.75,close,160.5,72.5,0.4517133956386293,1450.0
2022-09-01,-1,2022-09-01 10:00:00,2022-09-01 10:05:00,14724.0,14815.25,2022-09-01 15:05:00,14815.25,stop,91.25,-92.0,-1.008219178082192,-1840.0
2022-09-02,1,2022-09-02 10:30:00,2022-09-02 10:35:00,15023.0,14883.0,2022-09-02 12:30:00,14883.0,stop,140.0,-140.75,-1.0053571428571428,-2815.0
2022-09-05,1,2022-09-05 10:30:00,2022-09-05 10:35:00,14745.75,14695.5,2022-09-05 12:55:00,14727.25,close,50.25,-19.25,-0.3830845771144278,-385.0
2022-09-06,-1,2022-09-06 09:45:00,2022-09-06 09:50:00,14658.5,14760.25,2022-09-06 15:55:00,14613.0,close,101.75,44.75,0.4398034398034398,895.0
2022-09-08,1,2022-09-08 09:50:00,2022-09-08 09:55:00,14841.25,14707.0,2022-09-08 15:55:00,14917.5,close,134.25,75.5,0.5623836126629422,1510.0
2022-09-09,1,2022-09-09 10:00:00,2022-09-09 10:05:00,15115.5,15006.75,2022-09-09 15:55:00,15181.0,close,108.75,64.75,0.5954022988505747,1295.0
2022-09-12,1,2022-09-12 09:50:00,2022-09-12 09:55:00,15301.25,15232.75,2022-09-12 12:10:00,15232.75,stop,68.5,-69.25,-1.010948905109489,-1385.0
2022-09-13,-1,2022-09-13 09:55:00,2022-09-13 10:00:00,14897.25,15018.25,2022-09-13 15:55:00,14632.0,close,121.0,264.5,2.1859504132231407,5290.0
2022-09-14,1,2022-09-14 09:55:00,2022-09-14 10:00:00,14704.25,14609.75,2022-09-14 10:30:00,14609.75,stop,94.5,-95.25,-1.007936507936508,-1905.0
2022-09-15,1,2022-09-15 09:45:00,2022-09-15 09:50:00,14713.25,14621.25,2022-09-15 10:25:00,14621.25,stop,92.0,-92.75,-1.0081521739130437,-1855.0
2022-09-16,1,2022-09-16 10:30:00,2022-09-16 10:35:00,14409.5,14313.5,2022-09-16 11:35:00,14313.5,stop,96.0,-96.75,-1.0078125,-1935.0
2022-09-19,1,2022-09-19 09:50:00,2022-09-19 09:55:00,14428.25,14326.75,2022-09-19 15:55:00,14537.75,close,101.5,108.75,1.0714285714285714,2175.0
2022-09-21,1,2022-09-21 09:45:00,2022-09-21 09:50:00,14499.25,14449.0,2022-09-21 14:00:00,14449.0,stop,50.25,-51.0,-1.0149253731343284,-1020.0
2022-09-23,-1,2022-09-23 09:55:00,2022-09-23 10:00:00,13865.25,13982.0,2022-09-23 15:55:00,13884.75,close,116.75,-20.25,-0.1734475374732334,-405.0
2022-09-26,1,2022-09-26 09:55:00,2022-09-26 10:00:00,14002.5,13853.5,2022-09-26 12:25:00,13853.5,stop,149.0,-149.75,-1.00503355704698,-2995.0
2022-09-27,-1,2022-09-27 10:00:00,2022-09-27 10:05:00,13945.0,14079.25,2022-09-27 15:55:00,13843.75,close,134.25,100.5,0.7486033519553073,2010.0
2022-09-28,1,2022-09-28 10:20:00,2022-09-28 10:25:00,13882.5,13777.0,2022-09-28 15:55:00,14064.75,close,105.5,181.5,1.7203791469194314,3630.0
2022-09-29,-1,2022-09-29 10:00:00,2022-09-29 10:05:00,13721.5,13913.25,2022-09-29 15:55:00,13742.75,close,191.75,-22.0,-0.1147327249022164,-440.0
2022-09-30,1,2022-09-30 10:30:00,2022-09-30 10:35:00,13810.0,13654.0,2022-09-30 14:40:00,13654.0,stop,156.0,-156.75,-1.0048076923076923,-3135.0
2022-10-03,1,2022-10-03 10:00:00,2022-10-03 10:05:00,13668.5,13550.75,2022-10-03 15:55:00,13801.75,close,117.75,132.5,1.1252653927813163,2650.0
2022-10-04,1,2022-10-04 09:45:00,2022-10-04 09:50:00,14100.5,14025.25,2022-10-04 15:55:00,14154.75,close,75.25,53.5,0.7109634551495017,1070.0
2022-10-05,-1,2022-10-05 10:00:00,2022-10-05 10:05:00,13944.25,14050.0,2022-10-05 12:45:00,14050.0,stop,105.75,-106.5,-1.0070921985815602,-2130.0
2022-10-06,-1,2022-10-06 10:00:00,2022-10-06 10:05:00,14091.75,14232.5,2022-10-06 15:55:00,14053.25,close,140.75,37.75,0.2682060390763766,755.0
2022-10-07,-1,2022-10-07 09:50:00,2022-10-07 09:55:00,13756.0,13861.0,2022-10-07 15:55:00,13610.5,close,105.0,144.75,1.3785714285714286,2895.0
2022-10-10,-1,2022-10-10 09:50:00,2022-10-10 09:55:00,13520.25,13637.0,2022-10-10 15:55:00,13491.75,close,116.75,27.75,0.2376873661670235,555.0
2022-10-11,-1,2022-10-11 09:55:00,2022-10-11 10:00:00,13334.5,13455.75,2022-10-11 11:35:00,13455.75,stop,121.25,-122.0,-1.0061855670103093,-2440.0
2022-10-13,1,2022-10-13 09:45:00,2022-10-13 09:50:00,13095.5,12995.75,2022-10-13 15:55:00,13592.75,close,99.75,496.5,4.977443609022556,9930.0
2022-10-14,-1,2022-10-14 09:45:00,2022-10-14 09:50:00,13582.5,13718.5,2022-10-14 15:55:00,13259.0,close,136.0,322.75,2.3731617647058822,6455.0
2022-10-17,1,2022-10-17 10:10:00,2022-10-17 10:15:00,13638.25,13510.0,2022-10-17 15:55:00,13622.25,close,128.25,-16.75,-0.1306042884990253,-335.0
2022-10-18,-1,2022-10-18 09:50:00,2022-10-18 09:55:00,13810.75,13942.75,2022-10-18 15:55:00,13713.75,close,132.0,96.25,0.7291666666666666,1925.0
2022-10-19,1,2022-10-19 10:15:00,2022-10-19 10:20:00,13734.75,13621.0,2022-10-19 12:45:00,13621.0,stop,113.75,-114.5,-1.0065934065934066,-2290.0
2022-10-20,1,2022-10-20 09:45:00,2022-10-20 09:50:00,13703.75,13602.0,2022-10-20 13:45:00,13602.0,stop,101.75,-102.5,-1.0073710073710074,-2050.0
2022-10-21,1,2022-10-21 10:20:00,2022-10-21 10:25:00,13644.0,13506.25,2022-10-21 15:55:00,13865.0,close,137.75,220.25,1.5989110707803993,4405.0
2022-10-24,-1,2022-10-24 10:00:00,2022-10-24 10:05:00,13784.75,13909.5,2022-10-24 11:50:00,13909.5,stop,124.75,-125.5,-1.006012024048096,-2510.0
2022-10-25,1,2022-10-25 09:45:00,2022-10-25 09:50:00,14148.5,14026.0,2022-10-25 15:55:00,14223.5,close,122.5,74.25,0.6061224489795919,1485.0
2022-10-26,1,2022-10-26 09:45:00,2022-10-26 09:50:00,14027.0,13944.0,2022-10-26 15:55:00,13964.0,close,83.0,-63.75,-0.7680722891566265,-1275.0
2022-10-27,-1,2022-10-27 09:45:00,2022-10-27 09:50:00,13835.75,13975.0,2022-10-27 15:55:00,13751.0,close,139.25,84.0,0.6032315978456014,1680.0
2022-10-28,1,2022-10-28 10:25:00,2022-10-28 10:30:00,13891.75,13717.25,2022-10-28 15:55:00,14095.5,close,174.5,203.0,1.163323782234957,4060.0
2022-10-31,-1,2022-10-31 09:45:00,2022-10-31 09:50:00,13944.75,14033.5,2022-10-31 15:55:00,13959.25,close,88.75,-15.25,-0.1718309859154929,-305.0
2022-11-01,-1,2022-11-01 09:45:00,2022-11-01 09:50:00,14041.0,14130.0,2022-11-01 15:55:00,13841.0,close,89.0,199.25,2.2387640449438204,3985.0
2022-11-02,-1,2022-11-02 10:10:00,2022-11-02 10:15:00,13777.5,13852.0,2022-11-02 14:00:00,13852.0,stop,74.5,-75.25,-1.0100671140939597,-1505.0
2022-11-03,-1,2022-11-03 09:50:00,2022-11-03 09:55:00,13251.75,13359.5,2022-11-03 10:45:00,13359.5,stop,107.75,-108.5,-1.0069605568445477,-2170.0
2022-11-07,-1,2022-11-07 09:45:00,2022-11-07 09:50:00,13372.0,13479.75,2022-11-07 14:15:00,13479.75,stop,107.75,-108.5,-1.0069605568445477,-2170.0
2022-11-08,1,2022-11-08 10:15:00,2022-11-08 10:20:00,13598.75,13525.25,2022-11-08 14:10:00,13525.25,stop,73.5,-74.25,-1.010204081632653,-1485.0
2022-11-09,1,2022-11-09 10:05:00,2022-11-09 10:10:00,13547.0,13480.0,2022-11-09 10:30:00,13480.0,stop,67.0,-67.75,-1.0111940298507462,-1355.0
2022-11-10,1,2022-11-10 09:55:00,2022-11-10 10:00:00,13962.0,13780.25,2022-11-10 15:55:00,14139.75,close,181.75,177.0,0.9738651994497936,3540.0
2022-11-11,1,2022-11-11 09:45:00,2022-11-11 09:50:00,14186.25,14080.25,2022-11-11 15:55:00,14358.75,close,106.0,171.75,1.6202830188679245,3435.0
2022-11-15,-1,2022-11-15 09:45:00,2022-11-15 09:50:00,14492.75,14574.5,2022-11-15 15:55:00,14416.5,close,81.75,75.5,0.9235474006116208,1510.0
2022-11-16,-1,2022-11-16 09:45:00,2022-11-16 09:50:00,14270.25,14347.25,2022-11-16 15:55:00,14251.5,close,77.0,18.0,0.2337662337662337,360.0
2022-11-17,1,2022-11-17 10:15:00,2022-11-17 10:20:00,14170.5,14054.75,2022-11-17 15:55:00,14223.25,close,115.75,52.0,0.4492440604751619,1040.0
2022-11-18,-1,2022-11-18 09:45:00,2022-11-18 09:50:00,14248.5,14353.5,2022-11-18 15:55:00,14218.5,close,105.0,29.25,0.2785714285714286,585.0
2022-11-21,-1,2022-11-21 10:20:00,2022-11-21 10:25:00,14117.25,14205.0,2022-11-21 15:55:00,14098.25,close,87.75,18.25,0.2079772079772079,365.0
2022-11-23,1,2022-11-23 09:45:00,2022-11-23 09:50:00,14331.0,14256.25,2022-11-23 12:55:00,14256.25,stop,74.75,-75.5,-1.0100334448160535,-1510.0
2022-11-29,-1,2022-11-29 10:10:00,2022-11-29 10:15:00,14080.75,14139.0,2022-11-29 10:30:00,14139.0,stop,58.25,-59.0,-1.0128755364806867,-1180.0
2022-12-01,1,2022-12-01 09:45:00,2022-12-01 09:50:00,14625.75,14542.5,2022-12-01 10:10:00,14542.5,stop,83.25,-84.0,-1.009009009009009,-1680.0
2022-12-02,1,2022-12-02 10:10:00,2022-12-02 10:15:00,14453.75,14355.25,2022-12-02 15:55:00,14524.75,close,98.5,70.25,0.7131979695431472,1405.0
2022-12-05,-1,2022-12-05 10:05:00,2022-12-05 10:10:00,14399.5,14483.25,2022-12-05 15:55:00,14313.75,close,83.75,85.0,1.0149253731343284,1700.0
2022-12-06,-1,2022-12-06 09:50:00,2022-12-06 09:55:00,14206.25,14316.75,2022-12-06 15:55:00,14073.5,close,110.5,132.0,1.1945701357466063,2640.0
2022-12-07,-1,2022-12-07 09:45:00,2022-12-07 09:50:00,13989.0,14107.25,2022-12-07 15:55:00,14019.0,close,118.25,-30.75,-0.2600422832980972,-615.0
2022-12-08,1,2022-12-08 09:55:00,2022-12-08 10:00:00,14111.75,13999.5,2022-12-08 15:55:00,14156.25,close,112.25,43.75,0.3897550111358575,875.0
2022-12-13,-1,2022-12-13 10:20:00,2022-12-13 10:25:00,14529.0,14687.25,2022-12-13 15:55:00,14352.25,close,158.25,176.0,1.1121642969984202,3520.0
2022-12-14,1,2022-12-14 10:05:00,2022-12-14 10:10:00,14423.25,14322.75,2022-12-14 14:00:00,14322.75,stop,100.5,-101.25,-1.007462686567164,-2025.0
2022-12-15,-1,2022-12-15 09:45:00,2022-12-15 09:50:00,14000.0,14108.25,2022-12-15 15:55:00,13853.25,close,108.25,146.0,1.348729792147806,2920.0
2022-12-16,1,2022-12-16 09:45:00,2022-12-16 09:50:00,13880.25,13798.75,2022-12-16 10:05:00,13798.75,stop,81.5,-82.25,-1.00920245398773,-1645.0
2022-12-19,-1,2022-12-19 09:45:00,2022-12-19 09:50:00,13663.75,13751.75,2022-12-19 15:55:00,13580.5,close,88.0,82.5,0.9375,1650.0
2022-12-20,1,2022-12-20 09:55:00,2022-12-20 10:00:00,13561.25,13476.0,2022-12-20 15:55:00,13568.25,close,85.25,6.25,0.0733137829912023,125.0
2022-12-21,1,2022-12-21 09:45:00,2022-12-21 09:50:00,13661.75,13573.75,2022-12-21 15:55:00,13729.0,close,88.0,66.5,0.7556818181818182,1330.0
2022-12-22,-1,2022-12-22 09:45:00,2022-12-22 09:50:00,13494.5,13601.0,2022-12-22 15:55:00,13447.5,close,106.5,46.25,0.4342723004694835,925.0
2022-12-23,1,2022-12-23 10:30:00,2022-12-23 10:35:00,13463.5,13318.25,2022-12-23 15:55:00,13472.75,close,145.25,8.5,0.0585197934595524,170.0
2022-12-27,-1,2022-12-27 09:45:00,2022-12-27 09:50:00,13321.5,13448.75,2022-12-27 15:55:00,13311.5,close,127.25,9.25,0.0726915520628683,185.0
2022-12-29,1,2022-12-29 10:05:00,2022-12-29 10:10:00,13367.5,13249.25,2022-12-29 15:55:00,13424.75,close,118.25,56.5,0.4778012684989429,1130.0
2022-12-30,-1,2022-12-30 09:45:00,2022-12-30 09:50:00,13258.0,13340.5,2022-12-30 10:45:00,13340.5,stop,82.5,-83.25,-1.009090909090909,-1665.0
2023-01-03,-1,2023-01-03 09:45:00,2023-01-03 09:50:00,13462.75,13574.75,2023-01-03 15:55:00,13335.5,close,112.0,126.5,1.1294642857142858,2530.0
2023-01-04,-1,2023-01-04 10:00:00,2023-01-04 10:05:00,13308.25,13439.25,2023-01-04 11:35:00,13439.25,stop,131.0,-131.75,-1.0057251908396947,-2635.0
2023-01-09,1,2023-01-09 09:45:00,2023-01-09 09:50:00,13669.0,13587.5,2023-01-09 15:30:00,13587.5,stop,81.5,-82.25,-1.00920245398773,-1645.0
2023-01-10,1,2023-01-10 10:10:00,2023-01-10 10:15:00,13649.0,13530.75,2023-01-10 10:40:00,13530.75,stop,118.25,-119.0,-1.0063424947145878,-2380.0
2023-01-11,1,2023-01-11 10:05:00,2023-01-11 10:10:00,13752.0,13683.75,2023-01-11 15:55:00,13869.25,close,68.25,116.5,1.706959706959707,2330.0
2023-01-12,-1,2023-01-12 09:45:00,2023-01-12 09:50:00,13724.25,13911.5,2023-01-12 12:15:00,13911.5,stop,187.25,-188.0,-1.0040053404539386,-3760.0
2023-01-13,1,2023-01-13 10:20:00,2023-01-13 10:25:00,13908.75,13809.0,2023-01-13 15:55:00,14000.5,close,99.75,91.0,0.912280701754386,1820.0
2023-01-16,-1,2023-01-16 10:10:00,2023-01-16 10:15:00,13977.25,14004.0,2023-01-16 12:55:00,13956.75,close,26.75,19.75,0.7383177570093458,395.0
2023-01-17,1,2023-01-17 10:00:00,2023-01-17 10:05:00,14056.0,13942.25,2023-01-17 15:55:00,14020.25,close,113.75,-36.5,-0.3208791208791209,-730.0
2023-01-18,1,2023-01-18 10:00:00,2023-01-18 10:05:00,14131.75,14065.0,2023-01-18 10:35:00,14065.0,stop,66.75,-67.5,-1.0112359550561798,-1350.0
2023-01-19,-1,2023-01-19 09:45:00,2023-01-19 09:50:00,13752.0,13839.25,2023-01-19 14:35:00,13839.25,stop,87.25,-88.0,-1.008595988538682,-1760.0
2023-01-20,1,2023-01-20 09:50:00,2023-01-20 09:55:00,13848.25,13776.25,2023-01-20 15:55:00,14069.0,close,72.0,220.0,3.055555555555556,4400.0
2023-01-23,1,2023-01-23 09:45:00,2023-01-23 09:50:00,14175.25,14064.5,2023-01-23 15:55:00,14324.25,close,110.75,148.25,1.3386004514672687,2965.0
2023-01-24,1,2023-01-24 09:50:00,2023-01-24 09:55:00,14340.75,14233.0,2023-01-24 10:05:00,14233.0,stop,107.75,-108.5,-1.0069605568445477,-2170.0
2023-01-25,-1,2023-01-25 09:50:00,2023-01-25 09:55:00,14044.0,14116.75,2023-01-25 11:15:00,14116.75,stop,72.75,-73.5,-1.0103092783505154,-1470.0
2023-01-26,-1,2023-01-26 09:50:00,2023-01-26 09:55:00,14365.5,14467.75,2023-01-26 15:20:00,14467.75,stop,102.25,-103.0,-1.0073349633251834,-2060.0
2023-01-27,1,2023-01-27 09:45:00,2023-01-27 09:50:00,14522.75,14434.5,2023-01-27 15:55:00,14616.0,close,88.25,92.5,1.048158640226629,1850.0
2023-01-30,1,2023-01-30 09:45:00,2023-01-30 09:50:00,14512.0,14452.25,2023-01-30 10:20:00,14452.25,stop,59.75,-60.5,-1.0125523012552302,-1210.0
2023-01-31,1,2023-01-31 09:45:00,2023-01-31 09:50:00,14434.0,14361.75,2023-01-31 15:55:00,14546.25,close,72.25,111.5,1.5432525951557097,2230.0
2023-02-02,1,2023-02-02 10:30:00,2023-02-02 10:35:00,15183.25,15063.5,2023-02-02 15:55:00,15248.0,close,119.75,64.0,0.534446764091858,1280.0
2023-02-03,1,2023-02-03 09:45:00,2023-02-03 09:50:00,15119.5,14951.25,2023-02-03 15:55:00,15017.25,close,168.25,-103.0,-0.612184249628529,-2060.0
2023-02-06,1,2023-02-06 10:05:00,2023-02-06 10:10:00,14982.0,14895.25,2023-02-06 10:20:00,14895.25,stop,86.75,-87.5,-1.0086455331412103,-1750.0
2023-02-08,-1,2023-02-08 09:50:00,2023-02-08 09:55:00,15073.75,15144.75,2023-02-08 15:55:00,14936.0,close,71.0,137.0,1.9295774647887325,2740.0
2023-02-09,-1,2023-02-09 10:25:00,2023-02-09 10:30:00,15012.75,15121.25,2023-02-09 15:55:00,14820.0,close,108.5,192.0,1.7695852534562213,3840.0
2023-02-10,-1,2023-02-10 10:00:00,2023-02-10 10:05:00,14698.5,14786.75,2023-02-10 10:10:00,14786.75,stop,88.25,-89.0,-1.0084985835694051,-1780.0
2023-02-13,1,2023-02-13 09:55:00,2023-02-13 10:00:00,14853.75,14744.75,2023-02-13 15:55:00,14937.5,close,109.0,83.0,0.7614678899082569,1660.0
2023-02-14,1,2023-02-14 09:45:00,2023-02-14 09:50:00,14935.25,14783.25,2023-02-14 15:55:00,15023.5,close,152.0,87.5,0.5756578947368421,1750.0
2023-02-15,1,2023-02-15 09:45:00,2023-02-15 09:50:00,15020.5,14945.0,2023-02-15 09:50:00,14945.0,stop,75.5,-76.25,-1.009933774834437,-1525.0
2023-02-16,1,2023-02-16 10:05:00,2023-02-16 10:10:00,14973.25,14889.25,2023-02-16 15:30:00,14889.25,stop,84.0,-84.75,-1.0089285714285714,-1695.0
2023-02-17,-1,2023-02-17 09:45:00,2023-02-17 09:50:00,14710.25,14816.5,2023-02-17 15:55:00,14784.75,close,106.25,-75.25,-0.7082352941176471,-1505.0
2023-02-20,-1,2023-02-20 10:00:00,2023-02-20 10:05:00,14777.0,14788.5,2023-02-20 12:55:00,14759.5,close,11.5,16.75,1.4565217391304348,335.0
2023-02-21,-1,2023-02-21 10:10:00,2023-02-21 10:15:00,14584.25,14681.5,2023-02-21 15:55:00,14490.75,close,97.25,92.75,0.9537275064267352,1855.0
2023-02-22,-1,2023-02-22 10:00:00,2023-02-22 10:05:00,14486.75,14555.75,2023-02-22 13:25:00,14555.75,stop,69.0,-69.75,-1.0108695652173914,-1395.0
2023-02-23,-1,2023-02-23 10:20:00,2023-02-23 10:25:00,14582.75,14652.5,2023-02-23 15:55:00,14598.75,close,69.75,-16.75,-0.2401433691756272,-335.0
2023-02-24,-1,2023-02-24 09:45:00,2023-02-24 09:50:00,14361.25,14435.75,2023-02-24 15:55:00,14390.75,close,74.5,-30.25,-0.4060402684563758,-605.0
2023-02-27,1,2023-02-27 09:55:00,2023-02-27 10:00:00,14540.0,14502.25,2023-02-27 10:35:00,14502.25,stop,37.75,-38.5,-1.0198675496688745,-770.0
2023-02-28,1,2023-02-28 10:00:00,2023-02-28 10:05:00,14506.25,14434.25,2023-02-28 15:55:00,14457.25,close,72.0,-49.75,-0.6909722222222222,-995.0
2023-03-01,1,2023-03-01 09:45:00,2023-03-01 09:50:00,14467.5,14396.75,2023-03-01 10:05:00,14396.75,stop,70.75,-71.5,-1.010600706713781,-1430.0
2023-03-02,1,2023-03-02 09:50:00,2023-03-02 09:55:00,14292.5,14239.0,2023-03-02 15:55:00,14458.5,close,53.5,165.25,3.088785046728972,3305.0
2023-03-03,1,2023-03-03 09:45:00,2023-03-03 09:50:00,14559.25,14504.25,2023-03-03 15:55:00,14705.25,close,55.0,145.25,2.640909090909091,2905.0
2023-03-06,1,2023-03-06 10:10:00,2023-03-06 10:15:00,14801.25,14746.25,2023-03-06 14:20:00,14746.25,stop,55.0,-55.75,-1.0136363636363637,-1115.0
2023-03-07,-1,2023-03-07 10:00:00,2023-03-07 10:05:00,14622.5,14753.75,2023-03-07 15:55:00,14561.75,close,131.25,60.0,0.4571428571428571,1200.0
2023-03-08,1,2023-03-08 10:30:00,2023-03-08 10:35:00,14610.25,14549.25,2023-03-08 13:25:00,14549.25,stop,61.0,-61.75,-1.0122950819672132,-1235.0
2023-03-09,1,2023-03-09 09:45:00,2023-03-09 09:50:00,14714.25,14622.75,2023-03-09 12:45:00,14622.75,stop,91.5,-92.25,-1.0081967213114753,-1845.0
2023-03-13,1,2023-03-13 09:45:00,2023-03-13 09:50:00,14242.0,14097.75,2023-03-13 15:55:00,14323.0,close,144.25,80.25,0.5563258232235702,1605.0
2023-03-14,1,2023-03-14 10:20:00,2023-03-14 10:25:00,14561.25,14468.25,2023-03-14 14:05:00,14468.25,stop,93.0,-93.75,-1.0080645161290325,-1875.0
2023-03-16,1,2023-03-16 09:55:00,2023-03-16 10:00:00,14684.25,14581.5,2023-03-16 15:55:00,14984.0,close,102.75,299.0,2.9099756690997567,5980.0
2023-03-17,1,2023-03-17 10:00:00,2023-03-17 10:05:00,15060.5,14959.25,2023-03-17 10:20:00,14959.25,stop,101.25,-102.0,-1.0074074074074073,-2040.0
2023-03-21,-1,2023-03-21 10:20:00,2023-03-21 10:25:00,15018.25,15082.75,2023-03-21 13:30:00,15082.75,stop,64.5,-65.25,-1.0116279069767442,-1305.0
2023-03-22,1,2023-03-22 10:15:00,2023-03-22 10:20:00,15148.25,15118.75,2023-03-22 15:05:00,15118.75,stop,29.5,-30.25,-1.0254237288135593,-605.0
2023-03-23,1,2023-03-23 10:05:00,2023-03-23 10:10:00,15179.5,15114.75,2023-03-23 14:25:00,15114.75,stop,64.75,-65.5,-1.0115830115830116,-1310.0
2023-03-28,-1,2023-03-28 10:30:00,2023-03-28 10:35:00,14918.5,15044.75,2023-03-28 15:55:00,15000.0,close,126.25,-82.25,-0.6514851485148515,-1645.0
2023-03-29,1,2023-03-29 10:00:00,2023-03-29 10:05:00,15195.75,15148.5,2023-03-29 10:30:00,15148.5,stop,47.25,-48.0,-1.0158730158730158,-960.0
2023-03-31,1,2023-03-31 09:45:00,2023-03-31 09:50:00,15415.75,15347.75,2023-03-31 15:55:00,15569.0,close,68.0,152.5,2.242647058823529,3050.0
2023-04-03,1,2023-04-03 09:45:00,2023-04-03 09:50:00,15527.75,15465.75,2023-04-03 10:50:00,15465.75,stop,62.0,-62.75,-1.0120967741935485,-1255.0
2023-04-04,1,2023-04-04 10:00:00,2023-04-04 10:05:00,15570.25,15499.5,2023-04-04 11:05:00,15499.5,stop,70.75,-71.5,-1.010600706713781,-1430.0
2023-04-05,-1,2023-04-05 09:45:00,2023-04-05 09:50:00,15393.5,15449.5,2023-04-05 15:55:00,15347.0,close,56.0,45.75,0.8169642857142857,915.0
2023-04-06,1,2023-04-06 10:05:00,2023-04-06 10:10:00,15293.75,15225.0,2023-04-06 15:55:00,15438.75,close,68.75,144.25,2.098181818181818,2885.0
2023-04-10,-1,2023-04-10 09:45:00,2023-04-10 09:50:00,15250.75,15317.75,2023-04-10 11:05:00,15317.75,stop,67.0,-67.75,-1.0111940298507462,-1355.0
2023-04-11,-1,2023-04-11 10:10:00,2023-04-11 10:15:00,15352.0,15428.0,2023-04-11 15:55:00,15344.25,close,76.0,7.0,0.0921052631578947,140.0
2023-04-12,-1,2023-04-12 10:30:00,2023-04-12 10:35:00,15340.5,15448.0,2023-04-12 15:55:00,15225.75,close,107.5,114.0,1.0604651162790697,2280.0
2023-04-13,1,2023-04-13 10:05:00,2023-04-13 10:10:00,15363.5,15287.25,2023-04-13 15:55:00,15478.0,close,76.25,113.75,1.4918032786885247,2275.0
2023-04-14,1,2023-04-14 09:50:00,2023-04-14 09:55:00,15503.75,15401.0,2023-04-14 10:25:00,15401.0,stop,102.75,-103.5,-1.0072992700729928,-2070.0
2023-04-18,1,2023-04-18 09:45:00,2023-04-18 09:50:00,15561.5,15526.5,2023-04-18 09:55:00,15526.5,stop,35.0,-35.75,-1.0214285714285714,-715.0
2023-04-20,1,2023-04-20 10:05:00,2023-04-20 10:10:00,15404.75,15313.75,2023-04-20 15:15:00,15313.75,stop,91.0,-91.75,-1.0082417582417582,-1835.0
2023-04-21,-1,2023-04-21 09:50:00,2023-04-21 09:55:00,15290.0,15341.5,2023-04-21 10:25:00,15341.5,stop,51.5,-52.25,-1.0145631067961165,-1045.0
2023-04-25,-1,2023-04-25 09:45:00,2023-04-25 09:50:00,15246.0,15282.75,2023-04-25 15:55:00,15076.0,close,36.75,169.25,4.605442176870748,3385.0
2023-04-26,1,2023-04-26 09:55:00,2023-04-26 10:00:00,15228.25,15166.75,2023-04-26 10:20:00,15166.75,stop,61.5,-62.25,-1.0121951219512195,-1245.0
2023-04-27,1,2023-04-27 10:05:00,2023-04-27 10:10:00,15321.0,15281.0,2023-04-27 15:55:00,15498.75,close,40.0,177.0,4.425,3540.0
2023-04-28,1,2023-04-28 10:10:00,2023-04-28 10:15:00,15533.0,15439.75,2023-04-28 15:55:00,15591.0,close,93.25,57.25,0.613941018766756,1145.0
2023-05-02,-1,2023-05-02 10:05:00,2023-05-02 10:10:00,15532.5,15580.75,2023-05-02 15:55:00,15452.25,close,48.25,79.5,1.6476683937823835,1590.0
2023-05-03,1,2023-05-03 09:50:00,2023-05-03 09:55:00,15504.5,15455.25,2023-05-03 11:00:00,15455.25,stop,49.25,-50.0,-1.015228426395939,-1000.0
2023-05-04,-1,2023-05-04 10:20:00,2023-05-04 10:25:00,15288.25,15353.5,2023-05-04 11:05:00,15353.5,stop,65.25,-66.0,-1.011494252873563,-1320.0
2023-05-05,1,2023-05-05 09:55:00,2023-05-05 10:00:00,15458.25,15391.75,2023-05-05 15:55:00,15591.5,close,66.5,132.5,1.9924812030075187,2650.0
2023-05-08,-1,2023-05-08 09:50:00,2023-05-08 09:55:00,15529.25,15577.75,2023-05-08 11:45:00,15577.75,stop,48.5,-49.25,-1.0154639175257731,-985.0
2023-05-09,1,2023-05-09 09:55:00,2023-05-09 10:00:00,15577.5,15542.0,2023-05-09 11:10:00,15542.0,stop,35.5,-36.25,-1.0211267605633805,-725.0
2023-05-11,-1,2023-05-11 10:30:00,2023-05-11 10:35:00,15644.25,15700.75,2023-05-11 11:25:00,15700.75,stop,56.5,-57.25,-1.0132743362831858,-1145.0
2023-05-12,-1,2023-05-12 09:45:00,2023-05-12 09:50:00,15711.25,15754.75,2023-05-12 15:55:00,15665.0,close,43.5,45.5,1.0459770114942528,910.0
2023-05-15,-1,2023-05-15 09:50:00,2023-05-15 09:55:00,15655.75,15687.0,2023-05-15 11:15:00,15687.0,stop,31.25,-32.0,-1.024,-640.0
2023-05-16,1,2023-05-16 10:25:00,2023-05-16 10:30:00,15772.5,15702.0,2023-05-16 15:55:00,15749.75,close,70.5,-23.5,-0.3333333333333333,-470.0
2023-05-17,-1,2023-05-17 09:45:00,2023-05-17 09:50:00,15773.25,15807.5,2023-05-17 11:00:00,15807.5,stop,34.25,-35.0,-1.0218978102189782,-700.0
2023-05-18,1,2023-05-18 10:05:00,2023-05-18 10:10:00,15998.75,15920.25,2023-05-18 15:55:00,16157.25,close,78.5,157.75,2.0095541401273884,3155.0
2023-05-19,-1,2023-05-19 09:45:00,2023-05-19 09:50:00,16155.25,16196.5,2023-05-19 15:55:00,16125.75,close,41.25,28.75,0.696969696969697,575.0
2023-05-23,1,2023-05-23 10:05:00,2023-05-23 10:10:00,16138.5,16089.75,2023-05-23 12:35:00,16089.75,stop,48.75,-49.5,-1.015384615384615,-990.0
2023-05-24,-1,2023-05-24 10:00:00,2023-05-24 10:05:00,15884.75,15942.5,2023-05-24 15:20:00,15942.5,stop,57.75,-58.5,-1.0129870129870129,-1170.0
2023-05-26,1,2023-05-26 09:45:00,2023-05-26 09:50:00,16363.5,16282.25,2023-05-26 15:55:00,16600.5,close,81.25,236.25,2.907692307692308,4725.0
2023-05-29,1,2023-05-29 10:25:00,2023-05-29 10:30:00,16650.25,16635.75,2023-05-29 12:55:00,16672.25,close,14.5,21.25,1.4655172413793105,425.0
2023-05-30,-1,2023-05-30 09:50:00,2023-05-30 09:55:00,16707.25,16827.0,2023-05-30 15:55:00,16664.75,close,119.75,41.75,0.348643006263048,835.0
2023-05-31,-1,2023-05-31 10:10:00,2023-05-31 10:15:00,16591.25,16661.75,2023-05-31 15:55:00,16569.5,close,70.5,21.0,0.2978723404255319,420.0
2023-06-02,-1,2023-06-02 09:45:00,2023-06-02 09:50:00,16809.5,16895.25,2023-06-02 15:55:00,16846.75,close,85.75,-38.0,-0.4431486880466472,-760.0
2023-06-06,1,2023-06-06 10:20:00,2023-06-06 10:25:00,16845.75,16772.0,2023-06-06 15:55:00,16851.25,close,73.75,4.75,0.0644067796610169,95.0
2023-06-07,-1,2023-06-07 10:15:00,2023-06-07 10:20:00,16849.0,16942.5,2023-06-07 15:55:00,16599.25,close,93.5,249.0,2.663101604278075,4980.0
2023-06-08,1,2023-06-08 10:10:00,2023-06-08 10:15:00,16674.0,16595.5,2023-06-08 15:55:00,16767.25,close,78.5,92.5,1.178343949044586,1850.0
2023-06-09,1,2023-06-09 09:50:00,2023-06-09 09:55:00,16933.75,16824.5,2023-06-09 11:25:00,16824.5,stop,109.25,-110.0,-1.0068649885583525,-2200.0
2023-06-12,-1,2023-06-12 10:15:00,2023-06-12 10:20:00,16858.0,16905.0,2023-06-12 10:45:00,16905.0,stop,47.0,-47.75,-1.0159574468085106,-955.0
2023-06-13,-1,2023-06-13 09:45:00,2023-06-13 09:50:00,17127.0,17212.5,2023-06-13 15:55:00,17179.0,close,85.5,-52.75,-0.6169590643274854,-1055.0
2023-06-14,1,2023-06-14 09:45:00,2023-06-14 09:50:00,17201.0,17136.5,2023-06-14 14:00:00,17136.5,stop,64.5,-65.25,-1.0116279069767442,-1305.0
2023-06-15,1,2023-06-15 09:50:00,2023-06-15 09:55:00,17298.5,17198.5,2023-06-15 15:55:00,17461.5,close,100.0,162.25,1.6225,3245.0
2023-06-19,-1,2023-06-19 10:10:00,2023-06-19 10:15:00,17315.25,17337.0,2023-06-19 12:55:00,17323.25,close,21.75,-8.75,-0.4022988505747126,-175.0
2023-06-20,1,2023-06-20 09:45:00,2023-06-20 09:50:00,17381.5,17288.5,2023-06-20 10:00:00,17288.5,stop,93.0,-93.75,-1.0080645161290325,-1875.0
2023-06-21,-1,2023-06-21 09:45:00,2023-06-21 09:50:00,17241.0,17303.25,2023-06-21 15:55:00,17129.25,close,62.25,111.0,1.783132530120482,2220.0
2023-06-22,1,2023-06-22 09:45:00,2023-06-22 09:50:00,17153.75,17048.0,2023-06-22 15:55:00,17296.75,close,105.75,142.25,1.3451536643026003,2845.0
2023-06-23,-1,2023-06-23 09:45:00,2023-06-23 09:50:00,17076.5,17171.75,2023-06-23 12:15:00,17171.75,stop,95.25,-96.0,-1.0078740157480317,-1920.0
2023-06-26,1,2023-06-26 09:50:00,2023-06-26 09:55:00,17207.75,17108.5,2023-06-26 11:05:00,17108.5,stop,99.25,-100.0,-1.0075566750629723,-2000.0
2023-06-28,1,2023-06-28 10:15:00,2023-06-28 10:20:00,17198.25,17109.5,2023-06-28 15:55:00,17223.75,close,88.75,24.75,0.2788732394366197,495.0
2023-06-29,-1,2023-06-29 10:05:00,2023-06-29 10:10:00,17143.25,17228.75,2023-06-29 15:55:00,17187.25,close,85.5,-44.75,-0.5233918128654971,-895.0
2023-06-30,1,2023-06-30 09:45:00,2023-06-30 09:50:00,17411.25,17322.5,2023-06-30 15:55:00,17415.0,close,88.75,3.0,0.0338028169014084,60.0
2023-07-04,-1,2023-07-04 09:45:00,2023-07-04 09:50:00,17446.5,17452.5,2023-07-04 12:55:00,17428.5,close,6.0,17.25,2.875,345.0
2023-07-05,1,2023-07-05 10:15:00,2023-07-05 10:20:00,17490.5,17376.5,2023-07-05 15:55:00,17443.75,close,114.0,-47.5,-0.4166666666666667,-950.0
2023-07-06,-1,2023-07-06 09:50:00,2023-07-06 09:55:00,17221.5,17298.25,2023-07-06 12:30:00,17298.25,stop,76.75,-77.5,-1.009771986970684,-1550.0
2023-07-07,1,2023-07-07 09:45:00,2023-07-07 09:50:00,17332.0,17272.75,2023-07-07 10:30:00,17272.75,stop,59.25,-60.0,-1.0126582278481011,-1200.0
2023-07-10,-1,2023-07-10 09:50:00,2023-07-10 09:55:00,17203.25,17298.75,2023-07-10 15:55:00,17274.0,close,95.5,-71.5,-0.7486910994764397,-1430.0
2023-07-11,-1,2023-07-11 10:00:00,2023-07-11 10:05:00,17217.25,17317.5,2023-07-11 11:55:00,17317.5,stop,100.25,-101.0,-1.0074812967581048,-2020.0
2023-07-12,1,2023-07-12 09:45:00,2023-07-12 09:50:00,17534.5,17492.5,2023-07-12 11:35:00,17492.5,stop,42.0,-42.75,-1.0178571428571428,-855.0
2023-07-13,1,2023-07-13 09:50:00,2023-07-13 09:55:00,17703.75,17636.25,2023-07-13 15:55:00,17790.0,close,67.5,85.5,1.2666666666666666,1710.0
2023-07-14,1,2023-07-14 09:50:00,2023-07-14 09:55:00,17890.0,17805.5,2023-07-14 14:25:00,17805.5,stop,84.5,-85.25,-1.0088757396449703,-1705.0
2023-07-17,-1,2023-07-17 09:45:00,2023-07-17 09:50:00,17805.25,17865.5,2023-07-17 11:25:00,17865.5,stop,60.25,-61.0,-1.012448132780083,-1220.0
2023-07-20,-1,2023-07-20 10:00:00,2023-07-20 10:05:00,17906.25,17976.25,2023-07-20 15:55:00,17672.0,close,70.0,233.5,3.335714285714286,4670.0
2023-07-21,-1,2023-07-21 09:45:00,2023-07-21 09:50:00,17728.0,17803.25,2023-07-21 15:55:00,17621.5,close,75.25,105.75,1.4053156146179402,2115.0
2023-07-24,-1,2023-07-24 09:45:00,2023-07-24 09:50:00,17642.75,17702.75,2023-07-24 15:55:00,17647.75,close,60.0,-5.75,-0.0958333333333333,-115.0
2023-07-25,1,2023-07-25 09:45:00,2023-07-25 09:50:00,17729.0,17671.75,2023-07-25 15:55:00,17751.0,close,57.25,21.25,0.37117903930131,425.0
2023-07-27,-1,2023-07-27 10:20:00,2023-07-27 10:25:00,17903.0,17978.5,2023-07-27 15:55:00,17650.0,close,75.5,252.25,3.3410596026490067,5045.0
2023-07-28,1,2023-07-28 09:45:00,2023-07-28 09:50:00,17885.0,17799.75,2023-07-28 15:55:00,17933.75,close,85.25,48.0,0.5630498533724341,960.0
2023-07-31,-1,2023-07-31 10:30:00,2023-07-31 10:35:00,17922.25,17981.25,2023-07-31 15:55:00,17947.25,close,59.0,-25.75,-0.4364406779661017,-515.0
2023-08-01,-1,2023-08-01 10:10:00,2023-08-01 10:15:00,17839.75,17888.0,2023-08-01 10:30:00,17888.0,stop,48.25,-49.0,-1.0155440414507773,-980.0
2023-08-02,-1,2023-08-02 10:05:00,2023-08-02 10:10:00,17640.0,17752.75,2023-08-02 15:55:00,17552.25,close,112.75,87.0,0.7716186252771619,1740.0
2023-08-03,1,2023-08-03 09:45:00,2023-08-03 09:50:00,17520.75,17435.25,2023-08-03 15:55:00,17515.0,close,85.5,-6.5,-0.0760233918128654,-130.0
2023-08-04,-1,2023-08-04 09:50:00,2023-08-04 09:55:00,17556.5,17667.5,2023-08-04 12:25:00,17667.5,stop,111.0,-111.75,-1.0067567567567568,-2235.0
2023-08-08,-1,2023-08-08 09:45:00,2023-08-08 09:50:00,17370.75,17463.5,2023-08-08 15:55:00,17434.25,close,92.75,-64.25,-0.692722371967655,-1285.0
2023-08-09,-1,2023-08-09 10:20:00,2023-08-09 10:25:00,17348.5,17452.5,2023-08-09 15:55:00,17264.25,close,104.0,83.5,0.8028846153846154,1670.0
2023-08-10,1,2023-08-10 09:45:00,2023-08-10 09:50:00,17461.5,17357.25,2023-08-10 11:20:00,17357.25,stop,104.25,-105.0,-1.0071942446043165,-2100.0
2023-08-11,1,2023-08-11 10:10:00,2023-08-11 10:15:00,17215.25,17141.25,2023-08-11 11:25:00,17141.25,stop,74.0,-74.75,-1.010135135135135,-1495.0
2023-08-14,1,2023-08-14 09:50:00,2023-08-14 09:55:00,17199.5,17119.0,2023-08-14 15:55:00,17356.5,close,80.5,156.25,1.940993788819876,3125.0
2023-08-15,-1,2023-08-15 10:00:00,2023-08-15 10:05:00,17244.5,17343.25,2023-08-15 15:55:00,17189.5,close,98.75,54.25,0.549367088607595,1085.0
2023-08-16,1,2023-08-16 09:45:00,2023-08-16 09:50:00,17204.0,17135.0,2023-08-16 11:50:00,17135.0,stop,69.0,-69.75,-1.0108695652173914,-1395.0
2023-08-17,-1,2023-08-17 09:50:00,2023-08-17 09:55:00,16999.25,17091.5,2023-08-17 15:55:00,16856.0,close,92.25,142.5,1.5447154471544715,2850.0
2023-08-21,1,2023-08-21 09:55:00,2023-08-21 10:00:00,16997.25,16889.5,2023-08-21 11:10:00,16889.5,stop,107.75,-108.5,-1.0069605568445477,-2170.0
2023-08-22,-1,2023-08-22 09:50:00,2023-08-22 09:55:00,17099.75,17176.25,2023-08-22 15:55:00,17044.5,close,76.5,54.5,0.7124183006535948,1090.0
2023-08-23,1,2023-08-23 09:45:00,2023-08-23 09:50:00,17139.25,17083.5,2023-08-23 15:55:00,17282.0,close,55.75,142.0,2.5470852017937218,2840.0
2023-08-24,-1,2023-08-24 09:45:00,2023-08-24 09:50:00,17285.25,17423.75,2023-08-24 15:55:00,16943.25,close,138.5,341.25,2.463898916967509,6825.0
2023-08-25,1,2023-08-25 10:10:00,2023-08-25 10:15:00,17083.0,16976.25,2023-08-25 10:25:00,16976.25,stop,106.75,-107.5,-1.0070257611241218,-2150.0
2023-08-29,1,2023-08-29 09:45:00,2023-08-29 09:50:00,17249.25,17146.75,2023-08-29 15:55:00,17497.5,close,102.5,247.5,2.414634146341464,4950.0
2023-08-30,1,2023-08-30 09:50:00,2023-08-30 09:55:00,17547.5,17470.5,2023-08-30 10:25:00,17470.5,stop,77.0,-77.75,-1.0097402597402598,-1555.0
2023-08-31,1,2023-08-31 09:55:00,2023-08-31 10:00:00,17650.75,17572.75,2023-08-31 15:55:00,17616.25,close,78.0,-35.25,-0.4519230769230769,-705.0
2023-09-01,-1,2023-09-01 09:45:00,2023-09-01 09:50:00,17601.25,17736.75,2023-09-01 15:55:00,17604.0,close,135.5,-3.5,-0.025830258302583,-70.0
2023-09-04,1,2023-09-04 09:50:00,2023-09-04 09:55:00,17660.0,17638.25,2023-09-04 10:10:00,17638.25,stop,21.75,-22.5,-1.0344827586206895,-450.0
2023-09-05,-1,2023-09-05 10:00:00,2023-09-05 10:05:00,17529.75,17591.0,2023-09-05 10:20:00,17591.0,stop,61.25,-62.0,-1.0122448979591836,-1240.0
2023-09-06,-1,2023-09-06 10:00:00,2023-09-06 10:05:00,17495.75,17591.25,2023-09-06 15:55:00,17482.0,close,95.5,13.0,0.1361256544502617,260.0
2023-09-08,1,2023-09-08 10:10:00,2023-09-08 10:15:00,17447.25,17354.0,2023-09-08 14:55:00,17354.0,stop,93.25,-94.0,-1.0080428954423593,-1880.0
2023-09-11,-1,2023-09-11 09:55:00,2023-09-11 10:00:00,17449.5,17532.25,2023-09-11 13:30:00,17532.25,stop,82.75,-83.5,-1.0090634441087614,-1670.0
2023-09-12,1,2023-09-12 09:55:00,2023-09-12 10:00:00,17536.75,17473.0,2023-09-12 10:25:00,17473.0,stop,63.75,-64.5,-1.011764705882353,-1290.0
2023-09-13,-1,2023-09-13 10:05:00,2023-09-13 10:10:00,17374.5,17451.25,2023-09-13 10:40:00,17451.25,stop,76.75,-77.5,-1.009771986970684,-1550.0
2023-09-14,-1,2023-09-14 09:50:00,2023-09-14 09:55:00,17450.0,17528.0,2023-09-14 10:40:00,17528.0,stop,78.0,-78.75,-1.0096153846153846,-1575.0
2023-09-19,-1,2023-09-19 09:55:00,2023-09-19 10:00:00,17193.25,17262.5,2023-09-19 13:45:00,17262.5,stop,69.25,-70.0,-1.0108303249097472,-1400.0
2023-09-20,-1,2023-09-20 10:10:00,2023-09-20 10:15:00,17262.25,17319.75,2023-09-20 15:55:00,17041.5,close,57.5,220.0,3.8260869565217392,4400.0
2023-09-21,-1,2023-09-21 09:50:00,2023-09-21 09:55:00,16828.5,16909.5,2023-09-21 15:55:00,16751.0,close,81.0,76.75,0.9475308641975309,1535.0
2023-09-22,1,2023-09-22 09:55:00,2023-09-22 10:00:00,16839.5,16777.25,2023-09-22 14:10:00,16777.25,stop,62.25,-63.0,-1.0120481927710845,-1260.0
2023-09-26,-1,2023-09-26 09:45:00,2023-09-26 09:50:00,16688.25,16735.5,2023-09-26 15:55:00,16598.0,close,47.25,89.5,1.8941798941798944,1790.0
2023-09-27,-1,2023-09-27 10:00:00,2023-09-27 10:05:00,16630.0,16682.5,2023-09-27 15:05:00,16682.5,stop,52.5,-53.25,-1.0142857142857142,-1065.0
2023-09-28,1,2023-09-28 09:50:00,2023-09-28 09:55:00,16622.0,16547.25,2023-09-28 15:55:00,16747.75,close,74.75,125.0,1.6722408026755853,2500.0
2023-09-29,1,2023-09-29 09:50:00,2023-09-29 09:55:00,16918.75,16866.0,2023-09-29 10:20:00,16866.0,stop,52.75,-53.5,-1.014218009478673,-1070.0
2023-10-02,1,2023-10-02 10:00:00,2023-10-02 10:05:00,16871.5,16737.0,2023-10-02 15:55:00,16877.25,close,134.5,5.0,0.037174721189591,100.0
2023-10-03,1,2023-10-03 09:45:00,2023-10-03 09:50:00,16820.25,16762.75,2023-10-03 10:00:00,16762.75,stop,57.5,-58.25,-1.0130434782608695,-1165.0
2023-10-05,-1,2023-10-05 09:45:00,2023-10-05 09:50:00,16736.5,16815.75,2023-10-05 15:55:00,16755.25,close,79.25,-19.5,-0.2460567823343848,-390.0
2023-10-06,1,2023-10-06 10:20:00,2023-10-06 10:25:00,16713.25,16591.5,2023-10-06 15:55:00,17002.5,close,121.75,288.5,2.3696098562628336,5770.0
2023-10-09,1,2023-10-09 09:45:00,2023-10-09 09:50:00,16948.5,16838.75,2023-10-09 15:55:00,17080.0,close,109.75,130.75,1.1913439635535308,2615.0
2023-10-10,1,2023-10-10 09:55:00,2023-10-10 10:00:00,17129.75,17069.25,2023-10-10 15:55:00,17159.5,close,60.5,29.0,0.4793388429752066,580.0
2023-10-11,-1,2023-10-11 10:00:00,2023-10-11 10:05:00,17199.75,17276.5,2023-10-11 15:55:00,17266.25,close,76.75,-67.25,-0.8762214983713354,-1345.0
2023-10-12,1,2023-10-12 10:05:00,2023-10-12 10:10:00,17312.0,17255.25,2023-10-12 13:05:00,17255.25,stop,56.75,-57.5,-1.013215859030837,-1150.0
2023-10-13,-1,2023-10-13 10:10:00,2023-10-13 10:15:00,17178.25,17256.0,2023-10-13 15:55:00,17010.75,close,77.75,166.75,2.144694533762058,3335.0
2023-10-16,1,2023-10-16 10:20:00,2023-10-16 10:25:00,17171.5,17058.0,2023-10-16 15:55:00,17182.75,close,113.5,10.5,0.092511013215859,210.0
2023-10-17,-1,2023-10-17 09:45:00,2023-10-17 09:50:00,16973.25,17031.25,2023-10-17 10:05:00,17031.25,stop,58.0,-58.75,-1.012931034482759,-1175.0
2023-10-18,1,2023-10-18 10:15:00,2023-10-18 10:20:00,17089.5,17014.75,2023-10-18 10:35:00,17014.75,stop,74.75,-75.5,-1.0100334448160535,-1510.0
2023-10-19,-1,2023-10-19 10:25:00,2023-10-19 10:30:00,16893.0,16998.25,2023-10-19 12:00:00,16998.25,stop,105.25,-106.0,-1.007125890736342,-2120.0
2023-10-20,-1,2023-10-20 10:10:00,2023-10-20 10:15:00,16672.75,16774.75,2023-10-20 15:55:00,16550.5,close,102.0,121.5,1.1911764705882353,2430.0
2023-10-23,1,2023-10-23 09:55:00,2023-10-23 10:00:00,16525.5,16403.5,2023-10-23 15:55:00,16595.25,close,122.0,69.0,0.5655737704918032,1380.0
2023-10-25,-1,2023-10-25 09:45:00,2023-10-25 09:50:00,16502.5,16638.5,2023-10-25 15:55:00,16365.75,close,136.0,136.0,1.0,2720.0
2023-10-26,-1,2023-10-26 09:45:00,2023-10-26 09:50:00,16252.5,16348.25,2023-10-26 15:55:00,16083.75,close,95.75,168.0,1.7545691906005223,3360.0
2023-10-27,-1,2023-10-27 09:45:00,2023-10-27 09:50:00,16186.25,16238.5,2023-10-27 10:05:00,16238.5,stop,52.25,-53.0,-1.014354066985646,-1060.0
2023-10-30,1,2023-10-30 09:45:00,2023-10-30 09:50:00,16352.5,16224.0,2023-10-30 10:25:00,16224.0,stop,128.5,-129.25,-1.0058365758754864,-2585.0
2023-11-01,1,2023-11-01 10:15:00,2023-11-01 10:20:00,16464.75,16404.5,2023-11-01 15:55:00,16632.0,close,60.25,166.5,2.763485477178423,3330.0
2023-11-02,-1,2023-11-02 10:05:00,2023-11-02 10:10:00,16781.5,16841.75,2023-11-02 10:50:00,16841.75,stop,60.25,-61.0,-1.012448132780083,-1220.0
2023-11-03,1,2023-11-03 09:45:00,2023-11-03 09:50:00,17004.5,16929.75,2023-11-03 15:55:00,17063.75,close,74.75,58.5,0.782608695652174,1170.0
2023-11-06,-1,2023-11-06 10:10:00,2023-11-06 10:15:00,17076.5,17146.75,2023-11-06 15:55:00,17123.0,close,70.25,-47.25,-0.6725978647686833,-945.0
2023-11-07,1,2023-11-07 09:55:00,2023-11-07 10:00:00,17187.0,17113.25,2023-11-07 15:55:00,17264.5,close,73.75,76.75,1.040677966101695,1535.0
2023-11-08,-1,2023-11-08 10:00:00,2023-11-08 10:05:00,17246.25,17305.5,2023-11-08 15:55:00,17273.0,close,59.25,-27.5,-0.4641350210970464,-550.0
2023-11-09,1,2023-11-09 09:55:00,2023-11-09 10:00:00,17312.0,17254.75,2023-11-09 10:05:00,17254.75,stop,57.25,-58.0,-1.0131004366812226,-1160.0
2023-11-13,-1,2023-11-13 09:50:00,2023-11-13 09:55:00,17365.0,17428.25,2023-11-13 10:45:00,17428.25,stop,63.25,-64.0,-1.0118577075098814,-1280.0
2023-11-14,1,2023-11-14 09:55:00,2023-11-14 10:00:00,17751.25,17679.5,2023-11-14 15:55:00,17768.0,close,71.75,16.0,0.2229965156794425,320.0
2023-11-15,-1,2023-11-15 09:50:00,2023-11-15 09:55:00,17808.25,17862.75,2023-11-15 10:50:00,17862.75,stop,54.5,-55.25,-1.0137614678899085,-1105.0
2023-11-16,1,2023-11-16 09:45:00,2023-11-16 09:50:00,17757.25,17714.5,2023-11-16 10:40:00,17714.5,stop,42.75,-43.5,-1.0175438596491229,-870.0
2023-11-20,1,2023-11-20 09:55:00,2023-11-20 10:00:00,17885.25,17784.0,2023-11-20 15:55:00,17977.75,close,101.25,91.75,0.9061728395061728,1835.0
2023-11-21,-1,2023-11-21 10:20:00,2023-11-21 10:25:00,17834.25,17910.0,2023-11-21 15:55:00,17877.75,close,75.75,-44.25,-0.5841584158415841,-885.0
2023-11-22,-1,2023-11-22 09:50:00,2023-11-22 09:55:00,17948.25,18062.75,2023-11-22 15:55:00,17937.25,close,114.5,10.25,0.0895196506550218,205.0
2023-11-23,-1,2023-11-23 10:00:00,2023-11-23 10:05:00,17943.25,17958.5,2023-11-23 10:50:00,17958.5,stop,15.25,-16.0,-1.0491803278688523,-320.0
2023-11-27,1,2023-11-27 10:05:00,2023-11-27 10:10:00,17933.25,17859.5,2023-11-27 15:55:00,17896.75,close,73.75,-37.25,-0.5050847457627119,-745.0
2023-11-28,-1,2023-11-28 09:50:00,2023-11-28 09:55:00,17849.5,17896.75,2023-11-28 10:35:00,17896.75,stop,47.25,-48.0,-1.0158730158730158,-960.0
2023-11-29,-1,2023-11-29 10:05:00,2023-11-29 10:10:00,18013.0,18097.75,2023-11-29 15:55:00,17915.0,close,84.75,97.25,1.1474926253687316,1945.0
2023-11-30,-1,2023-11-30 10:00:00,2023-11-30 10:05:00,17811.0,17940.75,2023-11-30 15:55:00,17870.25,close,129.75,-60.0,-0.4624277456647399,-1200.0
2023-12-04,-1,2023-12-04 10:10:00,2023-12-04 10:15:00,17721.0,17765.75,2023-12-04 15:50:00,17765.75,stop,44.75,-45.5,-1.0167597765363128,-910.0
2023-12-05,1,2023-12-05 09:50:00,2023-12-05 09:55:00,17741.25,17672.5,2023-12-05 15:55:00,17801.25,close,68.75,59.25,0.8618181818181818,1185.0
2023-12-06,-1,2023-12-06 10:00:00,2023-12-06 10:05:00,17810.25,17927.0,2023-12-06 15:55:00,17704.25,close,116.75,105.25,0.9014989293361884,2105.0
2023-12-07,1,2023-12-07 10:20:00,2023-12-07 10:25:00,17882.75,17796.25,2023-12-07 15:55:00,17924.5,close,86.5,41.0,0.4739884393063583,820.0
2023-12-08,1,2023-12-08 10:00:00,2023-12-08 10:05:00,17934.0,17836.5,2023-12-08 15:55:00,17988.0,close,97.5,53.25,0.5461538461538461,1065.0
2023-12-11,1,2023-12-11 10:05:00,2023-12-11 10:10:00,18057.75,17958.0,2023-12-11 15:55:00,18123.25,close,99.75,64.75,0.6491228070175439,1295.0
2023-12-12,1,2023-12-12 09:55:00,2023-12-12 10:00:00,18145.0,18074.5,2023-12-12 15:55:00,18254.25,close,70.5,108.5,1.5390070921985817,2170.0
2023-12-15,1,2023-12-15 10:25:00,2023-12-15 10:30:00,18540.25,18456.75,2023-12-15 13:40:00,18456.75,stop,83.5,-84.25,-1.0089820359281436,-1685.0
2023-12-18,1,2023-12-18 09:55:00,2023-12-18 10:00:00,18555.5,18509.25,2023-12-18 15:55:00,18615.0,close,46.25,58.75,1.2702702702702702,1175.0
2023-12-19,1,2023-12-19 10:30:00,2023-12-19 10:35:00,18674.25,18621.25,2023-12-19 15:55:00,18697.75,close,53.0,22.75,0.4292452830188679,455.0
2023-12-20,1,2023-12-20 10:05:00,2023-12-20 10:10:00,18713.0,18647.75,2023-12-20 14:35:00,18647.75,stop,65.25,-66.0,-1.011494252873563,-1320.0
2023-12-21,-1,2023-12-21 09:55:00,2023-12-21 10:00:00,18570.25,18635.5,2023-12-21 15:50:00,18635.5,stop,65.25,-66.0,-1.011494252873563,-1320.0
2023-12-27,-1,2023-12-27 10:10:00,2023-12-27 10:15:00,18738.75,18798.5,2023-12-27 13:10:00,18798.5,stop,59.75,-60.5,-1.0125523012552302,-1210.0
2024-01-02,-1,2024-01-02 09:45:00,2024-01-02 09:50:00,18414.25,18550.25,2024-01-02 15:55:00,18397.75,close,136.0,15.75,0.1158088235294117,315.0
2024-01-03,-1,2024-01-03 10:10:00,2024-01-03 10:15:00,18246.5,18319.0,2024-01-03 15:55:00,18217.5,close,72.5,28.25,0.3896551724137931,565.0
2024-01-04,1,2024-01-04 10:05:00,2024-01-04 10:10:00,18190.5,18120.0,2024-01-04 15:55:00,18120.0,stop,70.5,-71.25,-1.0106382978723405,-1425.0
2024-01-05,1,2024-01-05 10:00:00,2024-01-05 10:05:00,18217.25,18114.25,2024-01-05 13:15:00,18114.25,stop,103.0,-103.75,-1.0072815533980584,-2075.0
2024-01-08,1,2024-01-08 09:50:00,2024-01-08 09:55:00,18269.25,18182.25,2024-01-08 15:55:00,18478.0,close,87.0,208.0,2.3908045977011496,4160.0
2024-01-09,1,2024-01-09 10:05:00,2024-01-09 10:10:00,18397.0,18337.25,2024-01-09 15:55:00,18508.5,close,59.75,110.75,1.8535564853556483,2215.0
2024-01-10,-1,2024-01-10 09:50:00,2024-01-10 09:55:00,18499.75,18550.75,2024-01-10 10:40:00,18550.75,stop,51.0,-51.75,-1.0147058823529411,-1035.0
2024-01-11,-1,2024-01-11 09:45:00,2024-01-11 09:50:00,18626.0,18720.25,2024-01-11 15:55:00,18642.25,close,94.25,-17.0,-0.1803713527851458,-340.0
2024-01-12,-1,2024-01-12 10:00:00,2024-01-12 10:05:00,18635.75,18715.75,2024-01-12 15:55:00,18649.0,close,80.0,-14.0,-0.175,-280.0
2024-01-15,-1,2024-01-15 09:45:00,2024-01-15 09:50:00,18621.5,18643.0,2024-01-15 10:45:00,18643.0,stop,21.5,-22.25,-1.0348837209302326,-445.0
2024-01-16,1,2024-01-16 10:15:00,2024-01-16 10:20:00,18641.5,18547.0,2024-01-16 14:15:00,18547.0,stop,94.5,-95.25,-1.007936507936508,-1905.0
2024-01-17,-1,2024-01-17 10:15:00,2024-01-17 10:20:00,18407.5,18519.75,2024-01-17 14:45:00,18519.75,stop,112.25,-113.0,-1.0066815144766148,-2260.0
2024-01-18,-1,2024-01-18 10:00:00,2024-01-18 10:05:00,18668.75,18731.0,2024-01-18 10:35:00,18731.0,stop,62.25,-63.0,-1.0120481927710845,-1260.0
2024-01-19,1,2024-01-19 09:50:00,2024-01-19 09:55:00,18886.75,18843.0,2024-01-19 15:55:00,19119.25,close,43.75,231.75,5.297142857142857,4635.0
2024-01-22,-1,2024-01-22 10:25:00,2024-01-22 10:30:00,19164.75,19261.75,2024-01-22 15:55:00,19137.5,close,97.0,26.5,0.2731958762886597,530.0
2024-01-24,1,2024-01-24 10:15:00,2024-01-24 10:20:00,19379.75,19314.25,2024-01-24 14:20:00,19314.25,stop,65.5,-66.25,-1.0114503816793894,-1325.0
2024-01-26,-1,2024-01-26 10:00:00,2024-01-26 10:05:00,19204.0,19247.75,2024-01-26 10:25:00,19247.75,stop,43.75,-44.5,-1.0171428571428571,-890.0
2024-01-31,-1,2024-01-31 10:10:00,2024-01-31 10:15:00,19013.25,19103.25,2024-01-31 14:35:00,19103.25,stop,90.0,-90.75,-1.0083333333333333,-1815.0
2024-02-01,1,2024-02-01 10:05:00,2024-02-01 10:10:00,19029.25,18971.0,2024-02-01 10:50:00,18971.0,stop,58.25,-59.0,-1.0128755364806867,-1180.0
2024-02-02,1,2024-02-02 09:55:00,2024-02-02 10:00:00,19267.25,19142.25,2024-02-02 15:55:00,19406.5,close,125.0,138.5,1.108,2770.0
2024-02-05,-1,2024-02-05 10:00:00,2024-02-05 10:05:00,19332.0,19414.0,2024-02-05 14:35:00,19414.0,stop,82.0,-82.75,-1.0091463414634143,-1655.0
2024-02-06,-1,2024-02-06 09:45:00,2024-02-06 09:50:00,19374.75,19444.5,2024-02-06 15:55:00,19338.5,close,69.75,35.5,0.5089605734767025,710.0
2024-02-07,1,2024-02-07 10:10:00,2024-02-07 10:15:00,19484.0,19399.75,2024-02-07 15:55:00,19518.0,close,84.25,33.25,0.3946587537091988,665.0
2024-02-08,1,2024-02-08 10:15:00,2024-02-08 10:20:00,19534.0,19484.75,2024-02-08 15:55:00,19542.25,close,49.25,7.5,0.1522842639593908,150.0
2024-02-09,1,2024-02-09 09:55:00,2024-02-09 10:00:00,19617.0,19551.75,2024-02-09 15:55:00,19715.75,close,65.25,98.0,1.5019157088122606,1960.0
2024-02-13,1,2024-02-13 09:50:00,2024-02-13 09:55:00,19355.25,19263.5,2024-02-13 14:50:00,19263.5,stop,91.75,-92.5,-1.008174386920981,-1850.0
2024-02-14,1,2024-02-14 10:15:00,2024-02-14 10:20:00,19502.0,19419.75,2024-02-14 11:00:00,19419.75,stop,82.25,-83.0,-1.009118541033435,-1660.0
2024-02-15,-1,2024-02-15 09:50:00,2024-02-15 09:55:00,19502.0,19580.0,2024-02-15 13:15:00,19580.0,stop,78.0,-78.75,-1.0096153846153846,-1575.0
2024-02-16,-1,2024-02-16 09:50:00,2024-02-16 09:55:00,19452.75,19606.75,2024-02-16 15:55:00,19423.75,close,154.0,28.25,0.1834415584415584,565.0
2024-02-19,-1,2024-02-19 10:15:00,2024-02-19 10:20:00,19459.5,19484.25,2024-02-19 12:55:00,19465.5,close,24.75,-6.75,-0.2727272727272727,-135.0
2024-02-20,-1,2024-02-20 10:00:00,2024-02-20 10:05:00,19215.25,19400.75,2024-02-20 15:55:00,19289.25,close,185.5,-74.75,-0.4029649595687331,-1495.0
2024-02-21,1,2024-02-21 10:00:00,2024-02-21 10:05:00,19199.25,19132.25,2024-02-21 10:30:00,19132.25,stop,67.0,-67.75,-1.0111940298507462,-1355.0
2024-02-22,1,2024-02-22 09:45:00,2024-02-22 09:50:00,19622.75,19540.75,2024-02-22 15:55:00,19721.5,close,82.0,98.0,1.195121951219512,1960.0
2024-02-23,-1,2024-02-23 09:55:00,2024-02-23 10:00:00,19756.75,19821.5,2024-02-23 15:55:00,19663.25,close,64.75,92.75,1.4324324324324325,1855.0
2024-02-26,-1,2024-02-26 09:55:00,2024-02-26 10:00:00,19661.75,19727.5,2024-02-26 11:50:00,19727.5,stop,65.75,-66.5,-1.011406844106464,-1330.0
2024-02-27,1,2024-02-27 10:15:00,2024-02-27 10:20:00,19704.75,19617.75,2024-02-27 12:50:00,19617.75,stop,87.0,-87.75,-1.0086206896551724,-1755.0
2024-02-28,-1,2024-02-28 09:50:00,2024-02-28 09:55:00,19563.25,19623.25,2024-02-28 11:00:00,19623.25,stop,60.0,-60.75,-1.0125,-1215.0
2024-02-29,-1,2024-02-29 10:10:00,2024-02-29 10:15:00,19664.75,19749.25,2024-02-29 15:45:00,19749.25,stop,84.5,-85.25,-1.0088757396449703,-1705.0
2024-03-01,1,2024-03-01 10:05:00,2024-03-01 10:10:00,19849.5,19770.5,2024-03-01 15:55:00,20011.75,close,79.0,161.5,2.0443037974683542,3230.0
2024-03-05,-1,2024-03-05 09:55:00,2024-03-05 10:00:00,19716.25,19812.0,2024-03-05 15:55:00,19608.25,close,95.75,107.25,1.1201044386422976,2145.0
2024-03-06,-1,2024-03-06 09:50:00,2024-03-06 09:55:00,19739.25,19803.25,2024-03-06 11:55:00,19803.25,stop,64.0,-64.75,-1.01171875,-1295.0
2024-03-07,1,2024-03-07 10:25:00,2024-03-07 10:30:00,19914.25,19838.75,2024-03-07 15:55:00,19986.0,close,75.5,71.0,0.9403973509933776,1420.0
2024-03-08,1,2024-03-08 09:45:00,2024-03-08 09:50:00,20033.0,19964.75,2024-03-08 11:05:00,19964.75,stop,68.25,-69.0,-1.010989010989011,-1380.0
2024-03-11,-1,2024-03-11 09:55:00,2024-03-11 10:00:00,19576.5,19676.75,2024-03-11 10:50:00,19676.75,stop,100.25,-101.0,-1.0074812967581048,-2020.0
2024-03-12,1,2024-03-12 10:20:00,2024-03-12 10:25:00,19786.75,19633.25,2024-03-12 15:55:00,19903.5,close,153.5,116.0,0.755700325732899,2320.0
2024-03-13,-1,2024-03-13 09:45:00,2024-03-13 09:50:00,19781.5,19859.0,2024-03-13 15:55:00,19756.75,close,77.5,24.0,0.3096774193548387,480.0
2024-03-14,-1,2024-03-14 09:45:00,2024-03-14 09:50:00,19701.75,19824.0,2024-03-14 15:55:00,19704.5,close,122.25,-3.5,-0.0286298568507157,-70.0
2024-03-18,1,2024-03-18 10:20:00,2024-03-18 10:25:00,19784.25,19703.5,2024-03-18 11:50:00,19703.5,stop,80.75,-81.5,-1.0092879256965943,-1630.0
2024-03-21,-1,2024-03-21 09:45:00,2024-03-21 09:50:00,20064.5,20135.0,2024-03-21 15:55:00,19984.75,close,70.5,79.0,1.1205673758865249,1580.0
2024-03-22,1,2024-03-22 10:00:00,2024-03-22 10:05:00,19983.5,19931.0,2024-03-22 10:40:00,19931.0,stop,52.5,-53.25,-1.0142857142857142,-1065.0
2024-03-25,1,2024-03-25 09:50:00,2024-03-25 09:55:00,19910.0,19840.75,2024-03-25 15:55:00,19935.5,close,69.25,24.75,0.3574007220216607,495.0
2024-03-26,1,2024-03-26 10:00:00,2024-03-26 10:05:00,20032.5,19976.0,2024-03-26 10:25:00,19976.0,stop,56.5,-57.25,-1.0132743362831858,-1145.0
2024-03-27,-1,2024-03-27 09:50:00,2024-03-27 09:55:00,19893.5,19997.75,2024-03-27 15:55:00,19932.75,close,104.25,-40.0,-0.3836930455635491,-800.0
2024-03-28,1,2024-03-28 09:50:00,2024-03-28 09:55:00,19954.5,19883.25,2024-03-28 13:15:00,19883.25,stop,71.25,-72.0,-1.0105263157894735,-1440.0
2024-04-02,-1,2024-04-02 10:10:00,2024-04-02 10:15:00,19643.0,19718.0,2024-04-02 13:00:00,19718.0,stop,75.0,-75.75,-1.01,-1515.0
2024-04-03,1,2024-04-03 10:00:00,2024-04-03 10:05:00,19778.25,19665.5,2024-04-03 15:55:00,19796.75,close,112.75,17.75,0.1574279379157428,355.0
2024-04-04,-1,2024-04-04 09:50:00,2024-04-04 09:55:00,19944.25,19994.0,2024-04-04 15:55:00,19501.0,close,49.75,442.5,8.894472361809045,8850.0
2024-04-05,1,2024-04-05 09:50:00,2024-04-05 09:55:00,19650.75,19528.5,2024-04-05 15:55:00,19719.0,close,122.25,67.5,0.5521472392638037,1350.0
2024-04-08,1,2024-04-08 10:25:00,2024-04-08 10:30:00,19765.75,19663.5,2024-04-08 15:55:00,19723.25,close,102.25,-43.25,-0.4229828850855746,-865.0
2024-04-09,-1,2024-04-09 10:25:00,2024-04-09 10:30:00,19708.25,19831.0,2024-04-09 15:55:00,19788.25,close,122.75,-80.75,-0.6578411405295316,-1615.0
2024-04-11,-1,2024-04-11 10:10:00,2024-04-11 10:15:00,19638.25,19700.0,2024-04-11 11:15:00,19700.0,stop,61.75,-62.5,-1.0121457489878545,-1250.0
2024-04-12,1,2024-04-12 09:50:00,2024-04-12 09:55:00,19759.25,19707.0,2024-04-12 10:05:00,19707.0,stop,52.25,-53.0,-1.014354066985646,-1060.0
2024-04-15,-1,2024-04-15 10:05:00,2024-04-15 10:10:00,19666.25,19765.0,2024-04-15 15:55:00,19302.25,close,98.75,363.25,3.678481012658228,7265.0
2024-04-16,1,2024-04-16 09:55:00,2024-04-16 10:00:00,19323.5,19260.75,2024-04-16 10:35:00,19260.75,stop,62.75,-63.5,-1.0119521912350598,-1270.0
2024-04-17,-1,2024-04-17 09:45:00,2024-04-17 09:50:00,19330.75,19385.5,2024-04-17 15:55:00,19080.25,close,54.75,249.75,4.561643835616438,4995.0
2024-04-19,-1,2024-04-19 10:10:00,2024-04-19 10:15:00,18838.0,18927.5,2024-04-19 15:55:00,18607.75,close,89.5,229.5,2.564245810055866,4590.0
2024-04-22,1,2024-04-22 09:45:00,2024-04-22 09:50:00,18754.25,18690.0,2024-04-22 10:05:00,18690.0,stop,64.25,-65.0,-1.0116731517509727,-1300.0
2024-04-23,1,2024-04-23 09:45:00,2024-04-23 09:50:00,18912.25,18839.75,2024-04-23 15:55:00,19033.25,close,72.5,120.25,1.6586206896551725,2405.0
2024-04-25,1,2024-04-25 10:10:00,2024-04-25 10:15:00,18837.25,18734.25,2024-04-25 15:55:00,18993.25,close,103.0,155.25,1.5072815533980584,3105.0
2024-04-26,1,2024-04-26 09:50:00,2024-04-26 09:55:00,19207.0,19094.25,2024-04-26 15:55:00,19265.25,close,112.75,57.5,0.5099778270509978,1150.0
2024-05-01,-1,2024-05-01 10:00:00,2024-05-01 10:05:00,18874.5,18943.5,2024-05-01 14:00:00,18943.5,stop,69.0,-69.75,-1.0108695652173914,-1395.0
2024-05-02,-1,2024-05-02 09:45:00,2024-05-02 09:50:00,18918.25,19028.5,2024-05-02 13:25:00,19028.5,stop,110.25,-111.0,-1.0068027210884354,-2220.0
2024-05-03,1,2024-05-03 09:45:00,2024-05-03 09:50:00,19420.75,19345.25,2024-05-03 10:10:00,19345.25,stop,75.5,-76.25,-1.009933774834437,-1525.0
2024-05-06,1,2024-05-06 09:55:00,2024-05-06 10:00:00,19535.75,19468.75,2024-05-06 15:55:00,19623.25,close,67.0,86.75,1.294776119402985,1735.0
2024-05-07,-1,2024-05-07 09:55:00,2024-05-07 10:00:00,19619.5,19662.0,2024-05-07 10:55:00,19662.0,stop,42.5,-43.25,-1.0176470588235291,-865.0
2024-05-08,1,2024-05-08 09:45:00,2024-05-08 09:50:00,19581.5,19504.5,2024-05-08 15:55:00,19609.0,close,77.0,26.75,0.3474025974025974,535.0
2024-05-09,-1,2024-05-09 09:45:00,2024-05-09 09:50:00,19540.5,19630.0,2024-05-09 10:35:00,19630.0,stop,89.5,-90.25,-1.0083798882681565,-1805.0
2024-05-10,1,2024-05-10 09:45:00,2024-05-10 09:50:00,19768.25,19683.25,2024-05-10 10:15:00,19683.25,stop,85.0,-85.75,-1.008823529411765,-1715.0
2024-05-13,-1,2024-05-13 09:45:00,2024-05-13 09:50:00,19687.5,19762.25,2024-05-13 15:55:00,19721.75,close,74.75,-35.0,-0.4682274247491639,-700.0
2024-05-14,1,2024-05-14 10:20:00,2024-05-14 10:25:00,19769.75,19691.5,2024-05-14 15:55:00,19837.5,close,78.25,67.0,0.8562300319488818,1340.0
2024-05-15,-1,2024-05-15 09:45:00,2024-05-15 09:50:00,19901.75,19958.0,2024-05-15 10:15:00,19958.0,stop,56.25,-57.0,-1.0133333333333334,-1140.0
2024-05-16,1,2024-05-16 09:45:00,2024-05-16 09:50:00,20130.75,20098.0,2024-05-16 13:25:00,20098.0,stop,32.75,-33.5,-1.0229007633587786,-670.0
2024-05-17,-1,2024-05-17 10:05:00,2024-05-17 10:10:00,20057.75,20093.5,2024-05-17 10:30:00,20093.5,stop,35.75,-36.5,-1.020979020979021,-730.0
2024-05-20,1,2024-05-20 09:50:00,2024-05-20 09:55:00,20168.75,20061.25,2024-05-20 15:55:00,20192.25,close,107.5,22.75,0.2116279069767442,455.0
2024-05-21,1,2024-05-21 09:50:00,2024-05-21 09:55:00,20143.25,20104.0,2024-05-21 15:55:00,20226.75,close,39.25,82.75,2.1082802547770703,1655.0
2024-05-23,-1,2024-05-23 09:50:00,2024-05-23 09:55:00,20282.25,20408.5,2024-05-23 15:55:00,20122.75,close,126.25,158.75,1.2574257425742574,3175.0
2024-05-24,1,2024-05-24 10:00:00,2024-05-24 10:05:00,20208.25,20159.0,2024-05-24 15:55:00,20300.25,close,49.25,91.25,1.8527918781725887,1825.0
2024-05-28,-1,2024-05-28 09:45:00,2024-05-28 09:50:00,20273.5,20362.5,2024-05-28 11:30:00,20362.5,stop,89.0,-89.75,-1.0084269662921348,-1795.0
2024-05-29,1,2024-05-29 09:50:00,2024-05-29 09:55:00,20268.25,20187.0,2024-05-29 15:55:00,20237.25,close,81.25,-31.75,-0.3907692307692307,-635.0
2024-05-30,-1,2024-05-30 10:30:00,2024-05-30 10:35:00,20114.0,20195.5,2024-05-30 15:55:00,20030.0,close,81.5,83.25,1.021472392638037,1665.0
2024-05-31,-1,2024-05-31 09:50:00,2024-05-31 09:55:00,19970.25,20057.5,2024-05-31 15:55:00,20024.75,close,87.25,-55.25,-0.6332378223495702,-1105.0
2024-06-03,-1,2024-06-03 09:50:00,2024-06-03 09:55:00,20115.25,20175.75,2024-06-03 15:55:00,20078.75,close,60.5,35.75,0.5909090909090909,715.0
2024-06-05,1,2024-06-05 10:20:00,2024-06-05 10:25:00,20302.0,20239.75,2024-06-05 15:55:00,20503.25,close,62.25,200.5,3.2208835341365463,4010.0
2024-06-06,-1,2024-06-06 09:45:00,2024-06-06 09:50:00,20492.5,20541.75,2024-06-06 15:55:00,20491.75,close,49.25,0.0,0.0,0.0
2024-06-07,1,2024-06-07 09:50:00,2024-06-07 09:55:00,20480.75,20418.5,2024-06-07 15:55:00,20466.75,close,62.25,-14.75,-0.2369477911646586,-295.0
2024-06-10,1,2024-06-10 10:25:00,2024-06-10 10:30:00,20461.25,20403.75,2024-06-10 15:55:00,20538.25,close,57.5,76.25,1.326086956521739,1525.0
2024-06-11,-1,2024-06-11 09:45:00,2024-06-11 09:50:00,20440.75,20513.5,2024-06-11 10:25:00,20513.5,stop,72.75,-73.5,-1.0103092783505154,-1470.0
2024-06-12,1,2024-06-12 09:45:00,2024-06-12 09:50:00,20920.75,20800.75,2024-06-12 15:55:00,20918.25,close,120.0,-3.25,-0.0270833333333333,-65.0
2024-06-13,-1,2024-06-13 10:10:00,2024-06-13 10:15:00,21012.5,21089.5,2024-06-13 15:55:00,21019.0,close,77.0,-7.25,-0.0941558441558441,-145.0
2024-06-14,1,2024-06-14 09:45:00,2024-06-14 09:50:00,21049.5,20982.25,2024-06-14 15:55:00,21112.25,close,67.25,62.0,0.9219330855018588,1240.0
2024-06-17,-1,2024-06-17 09:45:00,2024-06-17 09:50:00,21072.5,21138.0,2024-06-17 10:10:00,21138.0,stop,65.5,-66.25,-1.0114503816793894,-1325.0
2024-06-18,-1,2024-06-18 09:45:00,2024-06-18 09:50:00,21339.5,21383.0,2024-06-18 13:45:00,21383.0,stop,43.5,-44.25,-1.0172413793103448,-885.0
2024-06-19,-1,2024-06-19 10:30:00,2024-06-19 10:35:00,21389.75,21416.5,2024-06-19 12:55:00,21395.0,close,26.75,-6.0,-0.2242990654205607,-120.0
2024-06-20,-1,2024-06-20 10:05:00,2024-06-20 10:10:00,21355.5,21425.5,2024-06-20 15:55:00,21200.25,close,70.0,154.5,2.2071428571428573,3090.0
2024-06-21,-1,2024-06-21 09:45:00,2024-06-21 09:50:00,21121.75,21192.0,2024-06-21 11:15:00,21192.0,stop,70.25,-71.0,-1.01067615658363,-1420.0
2024-06-24,-1,2024-06-24 09:45:00,2024-06-24 09:50:00,21034.25,21129.25,2024-06-24 10:00:00,21129.25,stop,95.0,-95.75,-1.0078947368421052,-1915.0
2024-06-25,1,2024-06-25 10:00:00,2024-06-25 10:05:00,21038.5,20956.25,2024-06-25 15:55:00,21131.0,close,82.25,91.75,1.115501519756839,1835.0
2024-06-26,1,2024-06-26 09:45:00,2024-06-26 09:50:00,21142.0,21083.25,2024-06-26 11:10:00,21083.25,stop,58.75,-59.5,-1.0127659574468084,-1190.0
2024-06-27,1,2024-06-27 10:10:00,2024-06-27 10:15:00,21274.5,21153.75,2024-06-27 11:25:00,21153.75,stop,120.75,-121.5,-1.0062111801242235,-2430.0
2024-06-28,1,2024-06-28 09:45:00,2024-06-28 09:50:00,21290.0,21203.25,2024-06-28 12:15:00,21203.25,stop,86.75,-87.5,-1.0086455331412103,-1750.0
2024-07-01,-1,2024-07-01 09:45:00,2024-07-01 09:50:00,21027.5,21149.75,2024-07-01 12:05:00,21149.75,stop,122.25,-123.0,-1.0061349693251531,-2460.0
2024-07-03,1,2024-07-03 09:45:00,2024-07-03 09:50:00,21431.75,21380.0,2024-07-03 13:10:00,21583.5,close,51.75,151.0,2.917874396135266,3020.0
2024-07-04,-1,2024-07-04 09:45:00,2024-07-04 09:50:00,21551.25,21570.25,2024-07-04 12:55:00,21545.25,close,19.0,5.25,0.2763157894736842,105.0
2024-07-05,1,2024-07-05 09:55:00,2024-07-05 10:00:00,21678.5,21604.25,2024-07-05 15:55:00,21785.75,close,74.25,106.5,1.4343434343434345,2130.0
2024-07-09,-1,2024-07-09 10:20:00,2024-07-09 10:25:00,21882.5,21928.5,2024-07-09 15:55:00,21843.0,close,46.0,38.75,0.842391304347826,775.0
2024-07-10,1,2024-07-10 09:45:00,2024-07-10 09:50:00,21938.25,21885.5,2024-07-10 11:00:00,21885.5,stop,52.75,-53.5,-1.014218009478673,-1070.0
2024-07-11,-1,2024-07-11 09:50:00,2024-07-11 09:55:00,22001.25,22066.25,2024-07-11 15:55:00,21593.75,close,65.0,406.75,6.257692307692308,8135.0
2024-07-12,1,2024-07-12 09:45:00,2024-07-12 09:50:00,21659.5,21589.25,2024-07-12 15:55:00,21704.5,close,70.25,44.25,0.6298932384341637,885.0
2024-07-15,1,2024-07-15 10:20:00,2024-07-15 10:25:00,21836.25,21759.25,2024-07-15 13:00:00,21759.25,stop,77.0,-77.75,-1.0097402597402598,-1555.0
2024-07-16,-1,2024-07-16 09:45:00,2024-07-16 09:50:00,21766.75,21848.5,2024-07-16 15:55:00,21763.5,close,81.75,2.5,0.0305810397553516,50.0
2024-07-17,-1,2024-07-17 09:55:00,2024-07-17 10:00:00,21373.0,21445.5,2024-07-17 15:55:00,21156.0,close,72.5,216.25,2.9827586206896552,4325.0
2024-07-18,-1,2024-07-18 09:50:00,2024-07-18 09:55:00,21188.5,21313.25,2024-07-18 15:55:00,21055.5,close,124.75,132.25,1.060120240480962,2645.0
2024-07-19,-1,2024-07-19 10:25:00,2024-07-19 10:30:00,20965.75,21140.5,2024-07-19 15:55:00,20875.75,close,174.75,89.25,0.5107296137339056,1785.0
2024-07-22,1,2024-07-22 09:45:00,2024-07-22 09:50:00,21185.25,21046.75,2024-07-22 11:15:00,21046.75,stop,138.5,-139.25,-1.0054151624548735,-2785.0
2024-07-24,-1,2024-07-24 09:55:00,2024-07-24 10:00:00,20675.5,20817.75,2024-07-24 15:55:00,20368.5,close,142.25,306.25,2.152899824253076,6125.0
2024-07-25,-1,2024-07-25 09:50:00,2024-07-25 09:55:00,20265.25,20390.75,2024-07-25 11:10:00,20390.75,stop,125.5,-126.25,-1.00597609561753,-2525.0
2024-07-26,-1,2024-07-26 09:45:00,2024-07-26 09:50:00,20227.0,20330.25,2024-07-26 10:00:00,20330.25,stop,103.25,-104.0,-1.00726392251816,-2080.0
2024-07-29,1,2024-07-29 09:55:00,2024-07-29 10:00:00,20522.25,20386.0,2024-07-29 10:55:00,20386.0,stop,136.25,-137.0,-1.0055045871559634,-2740.0
2024-07-30,-1,2024-07-30 09:50:00,2024-07-30 09:55:00,20394.0,20483.75,2024-07-30 15:55:00,20102.75,close,89.75,290.5,3.236768802228412,5810.0
2024-07-31,1,2024-07-31 10:05:00,2024-07-31 10:10:00,20608.25,20474.75,2024-07-31 15:55:00,20660.5,close,133.5,51.5,0.3857677902621723,1030.0
2024-08-01,-1,2024-08-01 10:25:00,2024-08-01 10:30:00,20610.75,20801.0,2024-08-01 15:55:00,20191.25,close,190.25,418.75,2.2010512483574245,8375.0
2024-08-02,-1,2024-08-02 10:05:00,2024-08-02 10:10:00,19640.5,19925.0,2024-08-02 15:55:00,19724.75,close,284.5,-85.0,-0.2987697715289982,-1700.0
2024-08-05,1,2024-08-05 09:45:00,2024-08-05 09:50:00,19084.5,18673.25,2024-08-05 15:55:00,19185.5,close,411.25,100.25,0.2437689969604863,2005.0
2024-08-06,1,2024-08-06 10:10:00,2024-08-06 10:15:00,19346.5,19135.0,2024-08-06 15:55:00,19335.0,close,211.5,-12.25,-0.0579196217494089,-245.0
2024-08-07,-1,2024-08-07 10:25:00,2024-08-07 10:30:00,19597.5,19704.75,2024-08-07 10:45:00,19704.75,stop,107.25,-108.0,-1.006993006993007,-2160.0
2024-08-08,1,2024-08-08 10:00:00,2024-08-08 10:05:00,19439.5,19294.5,2024-08-08 15:55:00,19683.25,close,145.0,243.0,1.6758620689655173,4860.0
2024-08-09,-1,2024-08-09 09:55:00,2024-08-09 10:00:00,19595.75,19692.75,2024-08-09 10:10:00,19692.75,stop,97.0,-97.75,-1.0077319587628866,-1955.0
2024-08-12,-1,2024-08-12 09:55:00,2024-08-12 10:00:00,19704.75,19836.5,2024-08-12 10:15:00,19836.5,stop,131.75,-132.5,-1.0056925996204933,-2650.0
2024-08-13,1,2024-08-13 09:45:00,2024-08-13 09:50:00,20066.5,19980.25,2024-08-13 15:55:00,20265.25,close,86.25,198.0,2.2956521739130435,3960.0
2024-08-14,-1,2024-08-14 09:50:00,2024-08-14 09:55:00,20193.5,20339.5,2024-08-14 11:50:00,20339.5,stop,146.0,-146.75,-1.00513698630137,-2935.0
2024-08-15,1,2024-08-15 09:45:00,2024-08-15 09:50:00,20573.5,20500.25,2024-08-15 15:55:00,20751.25,close,73.25,177.0,2.416382252559727,3540.0
2024-08-16,1,2024-08-16 10:15:00,2024-08-16 10:20:00,20747.25,20626.5,2024-08-16 15:55:00,20767.5,close,120.75,19.5,0.1614906832298136,390.0
2024-08-19,-1,2024-08-19 10:15:00,2024-08-19 10:20:00,20698.5,20781.0,2024-08-19 10:25:00,20781.0,stop,82.5,-83.25,-1.009090909090909,-1665.0
2024-08-20,1,2024-08-20 09:50:00,2024-08-20 09:55:00,21072.25,20981.0,2024-08-20 10:15:00,20981.0,stop,91.25,-92.0,-1.008219178082192,-1840.0
2024-08-21,1,2024-08-21 09:50:00,2024-08-21 09:55:00,21028.25,20977.0,2024-08-21 10:50:00,20977.0,stop,51.25,-52.0,-1.0146341463414634,-1040.0
2024-08-22,-1,2024-08-22 10:05:00,2024-08-22 10:10:00,21072.0,21189.25,2024-08-22 15:55:00,20749.5,close,117.25,321.75,2.744136460554371,6435.0
2024-08-23,1,2024-08-23 10:00:00,2024-08-23 10:05:00,21010.5,20870.5,2024-08-23 10:45:00,20870.5,stop,140.0,-140.75,-1.0053571428571428,-2815.0
2024-08-26,-1,2024-08-26 09:45:00,2024-08-26 09:50:00,20893.75,20965.5,2024-08-26 15:55:00,20757.5,close,71.75,135.5,1.8885017421602788,2710.0
2024-08-27,1,2024-08-27 09:50:00,2024-08-27 09:55:00,20713.0,20618.25,2024-08-27 15:55:00,20815.25,close,94.75,101.5,1.071240105540897,2030.0
2024-08-28,-1,2024-08-28 09:45:00,2024-08-28 09:50:00,20715.0,20820.5,2024-08-28 15:55:00,20585.0,close,105.5,129.25,1.2251184834123223,2585.0
2024-08-29,1,2024-08-29 09:45:00,2024-08-29 09:50:00,20779.75,20642.25,2024-08-29 14:30:00,20642.25,stop,137.5,-138.25,-1.0054545454545454,-2765.0
2024-08-30,1,2024-08-30 10:05:00,2024-08-30 10:10:00,20743.75,20678.0,2024-08-30 10:55:00,20678.0,stop,65.75,-66.5,-1.011406844106464,-1330.0
2024-09-02,-1,2024-09-02 10:05:00,2024-09-02 10:10:00,20771.5,20807.5,2024-09-02 10:35:00,20807.5,stop,36.0,-36.75,-1.0208333333333333,-735.0
2024-09-03,-1,2024-09-03 09:50:00,2024-09-03 09:55:00,20504.75,20647.25,2024-09-03 15:55:00,20176.25,close,142.5,327.75,2.3,6555.0
2024-09-04,1,2024-09-04 09:45:00,2024-09-04 09:50:00,20148.5,20024.0,2024-09-04 10:00:00,20024.0,stop,124.5,-125.25,-1.0060240963855422,-2505.0
2024-09-05,1,2024-09-05 09:50:00,2024-09-05 09:55:00,20198.5,20049.0,2024-09-05 11:25:00,20049.0,stop,149.5,-150.25,-1.0050167224080269,-3005.0
2024-09-06,-1,2024-09-06 10:20:00,2024-09-06 10:25:00,19849.5,20131.25,2024-09-06 15:55:00,19622.5,close,281.75,226.25,0.80301685891748,4525.0
2024-09-09,1,2024-09-09 09:55:00,2024-09-09 10:00:00,19851.0,19768.75,2024-09-09 10:30:00,19768.75,stop,82.25,-83.0,-1.009118541033435,-1660.0
2024-09-10,-1,2024-09-10 10:10:00,2024-09-10 10:15:00,19875.0,19985.75,2024-09-10 14:00:00,19985.75,stop,110.75,-111.5,-1.0067720090293453,-2230.0
2024-09-11,-1,2024-09-11 10:05:00,2024-09-11 10:10:00,19936.0,20070.5,2024-09-11 12:20:00,20070.5,stop,134.5,-135.25,-1.0055762081784387,-2705.0
2024-09-12,-1,2024-09-12 09:45:00,2024-09-12 09:50:00,20373.25,20452.75,2024-09-12 10:10:00,20452.75,stop,79.5,-80.25,-1.009433962264151,-1605.0
2024-09-13,1,2024-09-13 10:05:00,2024-09-13 10:10:00,20671.0,20562.25,2024-09-13 15:55:00,20691.25,close,108.75,19.5,0.1793103448275862,390.0
2024-09-16,1,2024-09-16 10:10:00,2024-09-16 10:15:00,20622.5,20495.75,2024-09-16 10:30:00,20495.75,stop,126.75,-127.5,-1.0059171597633136,-2550.0
2024-09-17,-1,2024-09-17 09:45:00,2024-09-17 09:50:00,20683.75,20763.25,2024-09-17 10:45:00,20763.25,stop,79.5,-80.25,-1.009433962264151,-1605.0
2024-09-18,-1,2024-09-18 10:15:00,2024-09-18 10:20:00,20601.75,20671.0,2024-09-18 14:00:00,20671.0,stop,69.25,-70.0,-1.0108303249097472,-1400.0
2024-09-19,1,2024-09-19 10:15:00,2024-09-19 10:20:00,21020.25,20938.25,2024-09-19 15:55:00,21017.25,close,82.0,-3.75,-0.0457317073170731,-75.0
2024-09-20,-1,2024-09-20 09:55:00,2024-09-20 10:00:00,20935.5,21017.0,2024-09-20 15:35:00,21017.0,stop,81.5,-82.25,-1.00920245398773,-1645.0
2024-09-23,1,2024-09-23 09:45:00,2024-09-23 09:50:00,21034.75,20965.75,2024-09-23 13:00:00,20965.75,stop,69.0,-69.75,-1.0108695652173914,-1395.0
2024-09-24,-1,2024-09-24 10:00:00,2024-09-24 10:05:00,20938.25,21088.5,2024-09-24 11:45:00,21088.5,stop,150.25,-151.0,-1.004991680532446,-3020.0
2024-09-25,1,2024-09-25 09:55:00,2024-09-25 10:00:00,21166.0,21072.5,2024-09-25 13:00:00,21072.5,stop,93.5,-94.25,-1.0080213903743316,-1885.0
2024-09-26,-1,2024-09-26 10:20:00,2024-09-26 10:25:00,21316.0,21452.0,2024-09-26 15:55:00,21275.5,close,136.0,39.75,0.2922794117647059,795.0
2024-09-27,-1,2024-09-27 10:15:00,2024-09-27 10:20:00,21222.0,21317.5,2024-09-27 15:55:00,21157.0,close,95.5,64.25,0.6727748691099477,1285.0
2024-09-30,-1,2024-09-30 10:10:00,2024-09-30 10:15:00,21103.0,21194.5,2024-09-30 15:55:00,21194.5,stop,91.5,-92.25,-1.0081967213114753,-1845.0
2024-10-01,-1,2024-10-01 09:45:00,2024-10-01 09:50:00,20977.75,21200.5,2024-10-01 15:55:00,20913.0,close,222.75,64.0,0.287317620650954,1280.0
2024-10-02,1,2024-10-02 10:15:00,2024-10-02 10:20:00,20932.25,20770.5,2024-10-02 15:55:00,20944.5,close,161.75,11.5,0.071097372488408,230.0
2024-10-03,1,2024-10-03 09:50:00,2024-10-03 09:55:00,20945.5,20829.25,2024-10-03 13:00:00,20829.25,stop,116.25,-117.0,-1.0064516129032255,-2340.0
2024-10-04,-1,2024-10-04 09:50:00,2024-10-04 09:55:00,21083.25,21173.5,2024-10-04 15:55:00,21173.5,stop,90.25,-91.0,-1.0083102493074791,-1820.0
2024-10-07,-1,2024-10-07 09:50:00,2024-10-07 09:55:00,21039.25,21098.25,2024-10-07 10:15:00,21098.25,stop,59.0,-59.75,-1.0127118644067796,-1195.0
2024-10-08,1,2024-10-08 09:50:00,2024-10-08 09:55:00,21073.25,21004.25,2024-10-08 15:55:00,21234.5,close,69.0,160.5,2.3260869565217392,3210.0
2024-10-09,1,2024-10-09 10:10:00,2024-10-09 10:15:00,21235.5,21173.0,2024-10-09 15:55:00,21392.75,close,62.5,156.5,2.504,3130.0
2024-10-10,-1,2024-10-10 09:45:00,2024-10-10 09:50:00,21246.5,21324.5,2024-10-10 10:05:00,21324.5,stop,78.0,-78.75,-1.0096153846153846,-1575.0
2024-10-11,1,2024-10-11 09:45:00,2024-10-11 09:50:00,21292.25,21249.25,2024-10-11 15:55:00,21384.25,close,43.0,91.25,2.122093023255814,1825.0
2024-10-14,1,2024-10-14 09:45:00,2024-10-14 09:50:00,21574.0,21475.5,2024-10-14 11:00:00,21475.5,stop,98.5,-99.25,-1.0076142131979695,-1985.0
2024-10-15,-1,2024-10-15 10:10:00,2024-10-15 10:15:00,21516.75,21593.75,2024-10-15 15:55:00,21278.0,close,77.0,238.0,3.090909090909091,4760.0
2024-10-16,-1,2024-10-16 09:55:00,2024-10-16 10:00:00,21158.75,21291.75,2024-10-16 14:20:00,21291.75,stop,133.0,-133.75,-1.005639097744361,-2675.0
2024-10-18,1,2024-10-18 10:05:00,2024-10-18 10:10:00,21448.5,21367.5,2024-10-18 15:55:00,21417.25,close,81.0,-32.0,-0.3950617283950617,-640.0
2024-10-21,1,2024-10-21 09:45:00,2024-10-21 09:50:00,21424.5,21357.25,2024-10-21 10:40:00,21357.25,stop,67.25,-68.0,-1.0111524163568772,-1360.0
2024-10-22,1,2024-10-22 10:10:00,2024-10-22 10:15:00,21447.25,21304.0,2024-10-22 15:55:00,21474.25,close,143.25,26.25,0.1832460732984293,525.0
2024-10-23,-1,2024-10-23 10:00:00,2024-10-23 10:05:00,21318.25,21397.25,2024-10-23 15:55:00,21152.75,close,79.0,164.75,2.085443037974684,3295.0
2024-10-24,-1,2024-10-24 09:45:00,2024-10-24 09:50:00,21237.0,21310.75,2024-10-24 10:00:00,21310.75,stop,73.75,-74.5,-1.0101694915254238,-1490.0
2024-10-25,1,2024-10-25 09:45:00,2024-10-25 09:50:00,21549.75,21424.75,2024-10-25 13:40:00,21424.75,stop,125.0,-125.75,-1.006,-2515.0
2024-10-28,-1,2024-10-28 09:50:00,2024-10-28 09:55:00,21472.75,21561.25,2024-10-28 15:55:00,21435.0,close,88.5,37.0,0.4180790960451977,740.0
2024-10-29,1,2024-10-29 10:20:00,2024-10-29 10:25:00,21522.5,21366.75,2024-10-29 15:55:00,21630.25,close,155.75,107.0,0.6869983948635634,2140.0
2024-10-30,1,2024-10-30 10:15:00,2024-10-30 10:20:00,21613.75,21477.25,2024-10-30 15:50:00,21477.25,stop,136.5,-137.25,-1.0054945054945057,-2745.0
2024-10-31,-1,2024-10-31 09:45:00,2024-10-31 09:50:00,21112.5,21303.75,2024-10-31 15:55:00,20945.75,close,191.25,166.0,0.8679738562091504,3320.0
2024-11-01,1,2024-11-01 09:55:00,2024-11-01 10:00:00,21106.0,20992.0,2024-11-01 15:55:00,21081.5,close,114.0,-25.25,-0.2214912280701754,-505.0
2024-11-04,1,2024-11-04 10:15:00,2024-11-04 10:20:00,21095.75,20947.5,2024-11-04 15:55:00,21019.75,close,148.25,-76.75,-0.5177065767284992,-1535.0
2024-11-05,1,2024-11-05 09:45:00,2024-11-05 09:50:00,21184.0,21081.5,2024-11-05 15:55:00,21275.75,close,102.5,91.0,0.8878048780487805,1820.0
2024-11-07,1,2024-11-07 09:55:00,2024-11-07 10:00:00,22043.5,21938.5,2024-11-07 15:55:00,22156.0,close,105.0,111.75,1.0642857142857145,2235.0
2024-11-08,-1,2024-11-08 10:05:00,2024-11-08 10:10:00,22110.5,22166.75,2024-11-08 11:55:00,22166.75,stop,56.25,-57.0,-1.0133333333333334,-1140.0
2024-11-11,-1,2024-11-11 09:45:00,2024-11-11 09:50:00,22130.25,22227.25,2024-11-11 15:55:00,22154.75,close,97.0,-25.25,-0.2603092783505155,-505.0
2024-11-13,-1,2024-11-13 09:45:00,2024-11-13 09:50:00,22065.25,22119.0,2024-11-13 12:05:00,22119.0,stop,53.75,-54.5,-1.013953488372093,-1090.0
2024-11-14,-1,2024-11-14 10:15:00,2024-11-14 10:20:00,21975.5,22109.25,2024-11-14 15:55:00,21943.0,close,133.75,31.75,0.2373831775700934,635.0
2024-11-15,-1,2024-11-15 10:00:00,2024-11-15 10:05:00,21606.25,21708.25,2024-11-15 15:55:00,21426.0,close,102.0,179.5,1.7598039215686274,3590.0
2024-11-18,1,2024-11-18 10:00:00,2024-11-18 10:05:00,21521.0,21455.75,2024-11-18 15:55:00,21566.0,close,65.25,44.25,0.6781609195402298,885.0
2024-11-19,1,2024-11-19 10:25:00,2024-11-19 10:30:00,21536.75,21442.5,2024-11-19 15:55:00,21700.0,close,94.25,162.5,1.7241379310344829,3250.0
2024-11-20,-1,2024-11-20 09:55:00,2024-11-20 10:00:00,21548.5,21690.5,2024-11-20 15:55:00,21690.5,stop,142.0,-142.75,-1.005281690140845,-2855.0
2024-11-21,-1,2024-11-21 10:00:00,2024-11-21 10:05:00,21552.0,21840.25,2024-11-21 15:55:00,21758.25,close,288.25,-207.0,-0.7181266261925412,-4140.0
2024-11-22,-1,2024-11-22 10:25:00,2024-11-22 10:30:00,21676.75,21791.5,2024-11-22 12:50:00,21791.5,stop,114.75,-115.5,-1.0065359477124185,-2310.0
2024-11-25,-1,2024-11-25 09:50:00,2024-11-25 09:55:00,21864.5,22015.5,2024-11-25 15:55:00,21812.5,close,151.0,51.25,0.3394039735099338,1025.0
2024-11-26,1,2024-11-26 09:45:00,2024-11-26 09:50:00,21950.5,21872.5,2024-11-26 10:00:00,21872.5,stop,78.0,-78.75,-1.0096153846153846,-1575.0
2024-11-27,-1,2024-11-27 09:50:00,2024-11-27 09:55:00,21777.0,21874.0,2024-11-27 15:55:00,21750.75,close,97.0,25.5,0.2628865979381443,510.0
2024-11-28,1,2024-11-28 10:20:00,2024-11-28 10:25:00,21833.75,21808.5,2024-11-28 12:55:00,21824.5,close,25.25,-10.0,-0.396039603960396,-200.0
2024-11-29,1,2024-11-29 09:50:00,2024-11-29 09:55:00,21831.0,21740.0,2024-11-29 13:10:00,21925.75,close,91.0,94.0,1.032967032967033,1880.0
2024-12-02,1,2024-12-02 09:45:00,2024-12-02 09:50:00,22083.25,21961.0,2024-12-02 15:55:00,22151.5,close,122.25,67.5,0.5521472392638037,1350.0
2024-12-04,1,2024-12-04 10:05:00,2024-12-04 10:10:00,22371.5,22322.75,2024-12-04 15:55:00,22471.75,close,48.75,99.5,2.041025641025641,1990.0
2024-12-05,-1,2024-12-05 09:45:00,2024-12-05 09:50:00,22453.25,22486.0,2024-12-05 12:10:00,22486.0,stop,32.75,-33.5,-1.0229007633587786,-670.0
2024-12-06,1,2024-12-06 09:45:00,2024-12-06 09:50:00,22526.75,22420.5,2024-12-06 15:55:00,22593.0,close,106.25,65.5,0.6164705882352941,1310.0
2024-12-09,1,2024-12-09 09:45:00,2024-12-09 09:50:00,22579.0,22517.25,2024-12-09 10:25:00,22517.25,stop,61.75,-62.5,-1.0121457489878545,-1250.0
2024-12-10,1,2024-12-10 10:00:00,2024-12-10 10:05:00,22512.75,22440.0,2024-12-10 10:55:00,22440.0,stop,72.75,-73.5,-1.0103092783505154,-1470.0
2024-12-11,1,2024-12-11 09:45:00,2024-12-11 09:50:00,22603.75,22507.5,2024-12-11 15:55:00,22726.25,close,96.25,121.75,1.264935064935065,2435.0
2024-12-12,-1,2024-12-12 10:05:00,2024-12-12 10:10:00,22585.25,22631.25,2024-12-12 10:20:00,22631.25,stop,46.0,-46.75,-1.016304347826087,-935.0
2024-12-16,1,2024-12-16 09:50:00,2024-12-16 09:55:00,22896.0,22824.75,2024-12-16 15:55:00,23042.0,close,71.25,145.25,2.0385964912280703,2905.0
2024-12-17,-1,2024-12-17 10:00:00,2024-12-17 10:05:00,22912.25,22999.0,2024-12-17 11:30:00,22999.0,stop,86.75,-87.5,-1.0086455331412103,-1750.0
2024-12-18,1,2024-12-18 10:10:00,2024-12-18 10:15:00,22943.5,22844.25,2024-12-18 14:00:00,22844.25,stop,99.25,-100.0,-1.0075566750629723,-2000.0
2024-12-19,-1,2024-12-19 09:50:00,2024-12-19 09:55:00,22195.25,22330.75,2024-12-19 15:55:00,22009.0,close,135.5,185.5,1.3690036900369005,3710.0
2024-12-20,1,2024-12-20 10:10:00,2024-12-20 10:15:00,21974.25,21817.25,2024-12-20 15:55:00,22200.5,close,157.0,225.5,1.4363057324840764,4510.0
2024-12-23,-1,2024-12-23 09:45:00,2024-12-23 09:50:00,22211.75,22308.5,2024-12-23 11:40:00,22308.5,stop,96.75,-97.5,-1.007751937984496,-1950.0
2024-12-24,1,2024-12-24 09:55:00,2024-12-24 10:00:00,22536.25,22432.25,2024-12-24 13:10:00,22679.5,close,104.0,142.5,1.3701923076923077,2850.0
2024-12-26,-1,2024-12-26 09:45:00,2024-12-26 09:50:00,22586.75,22641.0,2024-12-26 10:35:00,22641.0,stop,54.25,-55.0,-1.0138248847926268,-1100.0
2024-12-27,-1,2024-12-27 10:00:00,2024-12-27 10:05:00,22240.0,22496.0,2024-12-27 15:55:00,22336.0,close,256.0,-96.75,-0.3779296875,-1935.0
2024-12-30,-1,2024-12-30 09:55:00,2024-12-30 10:00:00,21921.0,22049.0,2024-12-30 11:20:00,22049.0,stop,128.0,-128.75,-1.005859375,-2575.0
2024-12-31,-1,2024-12-31 10:05:00,2024-12-31 10:10:00,21982.5,22121.5,2024-12-31 15:55:00,21853.25,close,139.0,128.5,0.9244604316546764,2570.0
2025-01-02,1,2025-01-02 09:50:00,2025-01-02 09:55:00,22012.75,21799.5,2025-01-02 12:25:00,21799.5,stop,213.25,-214.0,-1.003516998827667,-4280.0
2025-01-06,1,2025-01-06 09:45:00,2025-01-06 09:50:00,22463.75,22356.5,2025-01-06 13:45:00,22356.5,stop,107.25,-108.0,-1.006993006993007,-2160.0
2025-01-07,-1,2025-01-07 10:00:00,2025-01-07 10:05:00,22236.5,22439.0,2025-01-07 15:55:00,21992.0,close,202.5,243.75,1.2037037037037035,4875.0
2025-01-08,1,2025-01-08 10:00:00,2025-01-08 10:05:00,22020.5,21922.75,2025-01-08 10:10:00,21922.75,stop,97.75,-98.5,-1.0076726342710998,-1970.0
2025-01-10,-1,2025-01-10 09:45:00,2025-01-10 09:50:00,21668.0,21830.25,2025-01-10 15:55:00,21648.5,close,162.25,18.75,0.1155624036979969,375.0
2025-01-13,1,2025-01-13 09:50:00,2025-01-13 09:55:00,21441.5,21335.0,2025-01-13 15:55:00,21581.25,close,106.5,139.0,1.3051643192488265,2780.0
2025-01-14,-1,2025-01-14 09:50:00,2025-01-14 09:55:00,21639.25,21762.75,2025-01-14 15:55:00,21556.75,close,123.5,81.75,0.6619433198380567,1635.0
2025-01-15,1,2025-01-15 09:45:00,2025-01-15 09:50:00,21977.25,21819.75,2025-01-15 15:55:00,22028.75,close,157.5,50.75,0.3222222222222222,1015.0
2025-01-16,-1,2025-01-16 09:45:00,2025-01-16 09:50:00,22018.5,22131.0,2025-01-16 15:55:00,21881.0,close,112.5,136.75,1.2155555555555555,2735.0
2025-01-20,-1,2025-01-20 10:20:00,2025-01-20 10:25:00,22324.75,22411.75,2025-01-20 12:55:00,22316.0,close,87.0,8.0,0.0919540229885057,160.0
2025-01-21,-1,2025-01-21 09:50:00,2025-01-21 09:55:00,22215.5,22351.25,2025-01-21 12:40:00,22351.25,stop,135.75,-136.5,-1.0055248618784531,-2730.0
2025-01-22,1,2025-01-22 09:45:00,2025-01-22 09:50:00,22619.75,22535.5,2025-01-22 15:55:00,22630.75,close,84.25,10.25,0.1216617210682492,205.0
2025-01-23,1,2025-01-23 10:30:00,2025-01-23 10:35:00,22553.5,22499.0,2025-01-23 15:55:00,22674.75,close,54.5,120.5,2.2110091743119265,2410.0
2025-01-24,1,2025-01-24 09:45:00,2025-01-24 09:50:00,22696.75,22632.75,2025-01-24 10:15:00,22632.75,stop,64.0,-64.75,-1.01171875,-1295.0
2025-01-27,1,2025-01-27 09:55:00,2025-01-27 10:00:00,21967.0,21742.0,2025-01-27 14:50:00,21742.0,stop,225.0,-225.75,-1.0033333333333334,-4515.0
2025-01-28,1,2025-01-28 10:00:00,2025-01-28 10:05:00,21990.0,21805.75,2025-01-28 15:55:00,22208.5,close,184.25,217.75,1.181818181818182,4355.0
2025-01-30,1,2025-01-30 09:45:00,2025-01-30 09:50:00,22368.75,22229.75,2025-01-30 10:00:00,22229.75,stop,139.0,-139.75,-1.0053956834532374,-2795.0
2025-01-31,1,2025-01-31 09:50:00,2025-01-31 09:55:00,22490.75,22398.0,2025-01-31 13:30:00,22398.0,stop,92.75,-93.5,-1.0080862533692725,-1870.0
2025-02-03,-1,2025-02-03 10:00:00,2025-02-03 10:05:00,21801.5,21947.5,2025-02-03 10:20:00,21947.5,stop,146.0,-146.75,-1.00513698630137,-2935.0
2025-02-04,1,2025-02-04 09:50:00,2025-02-04 09:55:00,22179.75,22038.25,2025-02-04 15:55:00,22301.25,close,141.5,120.75,0.8533568904593639,2415.0
2025-02-06,1,2025-02-06 10:05:00,2025-02-06 10:10:00,22451.75,22371.25,2025-02-06 14:30:00,22371.25,stop,80.5,-81.25,-1.0093167701863357,-1625.0
2025-02-07,-1,2025-02-07 10:00:00,2025-02-07 10:05:00,22385.75,22601.0,2025-02-07 15:55:00,22221.25,close,215.25,163.75,0.7607433217189314,3275.0
2025-02-10,1,2025-02-10 10:00:00,2025-02-10 10:05:00,22447.75,22377.0,2025-02-10 15:55:00,22476.75,close,70.75,28.25,0.3992932862190813,565.0
2025-02-11,1,2025-02-11 10:25:00,2025-02-11 10:30:00,22471.5,22333.75,2025-02-11 15:55:00,22424.0,close,137.75,-48.25,-0.3502722323049002,-965.0
2025-02-12,1,2025-02-12 09:55:00,2025-02-12 10:00:00,22310.0,22169.25,2025-02-12 15:55:00,22435.0,close,140.75,124.25,0.8827708703374778,2485.0
2025-02-13,1,2025-02-13 10:15:00,2025-02-13 10:20:00,22606.25,22467.75,2025-02-13 15:55:00,22742.75,close,138.5,135.75,0.98014440433213,2715.0
2025-02-14,1,2025-02-14 10:05:00,2025-02-14 10:10:00,22777.25,22723.0,2025-02-14 15:55:00,22827.25,close,54.25,49.25,0.9078341013824884,985.0
2025-02-18,-1,2025-02-18 09:45:00,2025-02-18 09:50:00,22815.75,22901.0,2025-02-18 15:55:00,22871.75,close,85.25,-56.75,-0.6656891495601173,-1135.0
2025-02-19,-1,2025-02-19 09:55:00,2025-02-19 10:00:00,22801.25,22854.5,2025-02-19 11:10:00,22854.5,stop,53.25,-54.0,-1.0140845070422535,-1080.0
2025-02-20,-1,2025-02-20 09:45:00,2025-02-20 09:50:00,22772.75,22858.5,2025-02-20 15:55:00,22777.75,close,85.75,-5.75,-0.0670553935860058,-115.0
2025-02-21,-1,2025-02-21 10:20:00,2025-02-21 10:25:00,22663.5,22821.0,2025-02-21 15:55:00,22315.0,close,157.5,347.75,2.207936507936508,6955.0
2025-02-24,-1,2025-02-24 09:50:00,2025-02-24 09:55:00,22245.25,22434.75,2025-02-24 15:55:00,22054.5,close,189.5,190.0,1.0026385224274406,3800.0
2025-02-25,-1,2025-02-25 09:50:00,2025-02-25 09:55:00,21870.25,22030.5,2025-02-25 15:55:00,21782.75,close,160.25,86.75,0.5413416536661466,1735.0
2025-02-26,1,2025-02-26 09:45:00,2025-02-26 09:50:00,21910.0,21822.0,2025-02-26 13:25:00,21822.0,stop,88.0,-88.75,-1.0085227272727273,-1775.0
2025-02-27,-1,2025-02-27 09:50:00,2025-02-27 09:55:00,21706.0,22014.0,2025-02-27 15:55:00,21241.25,close,308.0,464.0,1.5064935064935066,9280.0
2025-02-28,1,2025-02-28 10:10:00,2025-02-28 10:15:00,21325.5,21093.5,2025-02-28 15:55:00,21552.75,close,232.0,226.5,0.976293103448276,4530.0
2025-03-03,-1,2025-03-03 09:50:00,2025-03-03 09:55:00,21541.0,21754.0,2025-03-03 15:55:00,21106.5,close,213.0,433.75,2.036384976525821,8675.0
2025-03-04,-1,2025-03-04 09:55:00,2025-03-04 10:00:00,20863.5,21063.0,2025-03-04 12:25:00,21063.0,stop,199.5,-200.25,-1.0037593984962403,-4005.0
2025-03-06,1,2025-03-06 10:00:00,2025-03-06 10:05:00,20992.0,20861.25,2025-03-06 12:00:00,20861.25,stop,130.75,-131.5,-1.005736137667304,-2630.0
2025-03-07,1,2025-03-07 09:45:00,2025-03-07 09:50:00,20827.5,20656.75,2025-03-07 10:30:00,20656.75,stop,170.75,-171.5,-1.0043923865300146,-3430.0
2025-03-10,-1,2025-03-10 09:50:00,2025-03-10 09:55:00,20399.0,20537.5,2025-03-10 15:55:00,20093.0,close,138.5,305.25,2.203971119133574,6105.0
2025-03-11,-1,2025-03-11 10:00:00,2025-03-11 10:05:00,20017.5,20185.75,2025-03-11 14:40:00,20185.75,stop,168.25,-169.0,-1.0044576523031203,-3380.0
2025-03-12,-1,2025-03-12 10:10:00,2025-03-12 10:15:00,20276.0,20410.75,2025-03-12 15:55:00,20242.0,close,134.75,33.25,0.2467532467532467,665.0
2025-03-13,-1,2025-03-13 09:50:00,2025-03-13 09:55:00,20037.25,20210.0,2025-03-13 15:55:00,19884.5,close,172.75,152.0,0.8798842257597684,3040.0
2025-03-18,-1,2025-03-18 09:55:00,2025-03-18 10:00:00,20100.25,20327.5,2025-03-18 15:55:00,20134.25,close,227.25,-34.75,-0.1529152915291529,-695.0
2025-03-19,1,2025-03-19 09:50:00,2025-03-19 09:55:00,20260.75,20133.5,2025-03-19 15:55:00,20380.5,close,127.25,119.0,0.9351669941060904,2380.0
2025-03-20,1,2025-03-20 09:45:00,2025-03-20 09:50:00,20335.75,20183.25,2025-03-20 15:55:00,20308.0,close,152.5,-28.5,-0.1868852459016393,-570.0
2025-03-21,1,2025-03-21 10:10:00,2025-03-21 10:15:00,20144.5,20034.75,2025-03-21 15:55:00,20380.25,close,109.75,235.0,2.14123006833713,4700.0
2025-03-24,1,2025-03-24 09:45:00,2025-03-24 09:50:00,20741.25,20656.5,2025-03-24 15:55:00,20793.0,close,84.75,51.0,0.6017699115044248,1020.0
2025-03-25,1,2025-03-25 10:25:00,2025-03-25 10:30:00,20880.75,20796.25,2025-03-25 15:55:00,20915.0,close,84.5,33.5,0.3964497041420118,670.0
2025-03-26,-1,2025-03-26 09:45:00,2025-03-26 09:50:00,20826.75,20902.25,2025-03-26 15:55:00,20539.5,close,75.5,286.5,3.794701986754967,5730.0
2025-03-27,1,2025-03-27 10:25:00,2025-03-27 10:30:00,20547.75,20364.5,2025-03-27 15:55:00,20421.75,close,183.25,-126.75,-0.6916780354706685,-2535.0
2025-03-28,-1,2025-03-28 10:05:00,2025-03-28 10:10:00,20185.5,20368.75,2025-03-28 15:55:00,19888.25,close,183.25,296.5,1.6180081855388813,5930.0
2025-04-01,1,2025-04-01 09:45:00,2025-04-01 09:50:00,19869.75,19765.5,2025-04-01 10:05:00,19765.5,stop,104.25,-105.0,-1.0071942446043165,-2100.0
2025-04-02,1,2025-04-02 09:45:00,2025-04-02 09:50:00,19994.5,19743.75,2025-04-02 15:55:00,20173.5,close,250.75,178.25,0.7108673978065803,3565.0
2025-04-03,-1,2025-04-03 10:30:00,2025-04-03 10:35:00,19319.75,19501.5,2025-04-03 15:55:00,19113.5,close,181.75,205.5,1.1306740027510316,4110.0
2025-04-04,-1,2025-04-04 10:10:00,2025-04-04 10:15:00,18427.5,18676.0,2025-04-04 15:55:00,17962.0,close,248.5,464.75,1.8702213279678068,9295.0
2025-04-07,1,2025-04-07 09:50:00,2025-04-07 09:55:00,17547.0,17100.75,2025-04-07 15:55:00,17986.0,close,446.25,438.25,0.9820728291316526,8765.0
2025-04-08,1,2025-04-08 09:50:00,2025-04-08 09:55:00,18641.75,18486.5,2025-04-08 11:10:00,18486.5,stop,155.25,-156.0,-1.0048309178743962,-3120.0
2025-04-10,-1,2025-04-10 09:55:00,2025-04-10 10:00:00,19088.5,19298.75,2025-04-10 15:55:00,18910.0,close,210.25,177.75,0.845422116527943,3555.0
2025-04-11,1,2025-04-11 10:05:00,2025-04-11 10:10:00,19013.25,18778.5,2025-04-11 10:20:00,18778.5,stop,234.75,-235.5,-1.0031948881789137,-4710.0
2025-04-16,-1,2025-04-16 09:50:00,2025-04-16 09:55:00,18980.75,19106.75,2025-04-16 11:20:00,19106.75,stop,126.0,-126.75,-1.005952380952381,-2535.0
2025-04-17,-1,2025-04-17 10:20:00,2025-04-17 10:25:00,18785.75,18936.75,2025-04-17 14:10:00,18936.75,stop,151.0,-151.75,-1.0049668874172186,-3035.0
2025-04-21,-1,2025-04-21 09:50:00,2025-04-21 09:55:00,18482.25,18592.25,2025-04-21 15:55:00,18349.5,close,110.0,132.0,1.2,2640.0
2025-04-22,1,2025-04-22 09:45:00,2025-04-22 09:50:00,18668.75,18527.75,2025-04-22 15:55:00,18807.25,close,141.0,137.75,0.9769503546099292,2755.0
2025-04-23,1,2025-04-23 10:30:00,2025-04-23 10:35:00,19562.25,19343.75,2025-04-23 11:20:00,19343.75,stop,218.5,-219.25,-1.003432494279176,-4385.0
2025-04-24,1,2025-04-24 09:45:00,2025-04-24 09:50:00,19408.5,19273.75,2025-04-24 15:55:00,19747.0,close,134.75,337.75,2.5064935064935066,6755.0
2025-04-25,1,2025-04-25 10:05:00,2025-04-25 10:10:00,19803.25,19683.25,2025-04-25 10:20:00,19683.25,stop,120.0,-120.75,-1.00625,-2415.0
2025-04-28,-1,2025-04-28 09:55:00,2025-04-28 10:00:00,19891.75,20026.5,2025-04-28 15:55:00,19951.75,close,134.75,-60.75,-0.4508348794063079,-1215.0
2025-04-29,1,2025-04-29 09:45:00,2025-04-29 09:50:00,19942.5,19831.0,2025-04-29 15:55:00,20072.75,close,111.5,129.5,1.1614349775784754,2590.0
2025-04-30,-1,2025-04-30 09:55:00,2025-04-30 10:00:00,19547.75,19731.75,2025-04-30 10:25:00,19731.75,stop,184.0,-184.75,-1.0040760869565215,-3695.0
2025-05-01,-1,2025-05-01 09:55:00,2025-05-01 10:00:00,20304.25,20418.0,2025-05-01 10:25:00,20418.0,stop,113.75,-114.5,-1.0065934065934066,-2290.0
2025-05-02,1,2025-05-02 10:05:00,2025-05-02 10:10:00,20558.0,20458.25,2025-05-02 15:55:00,20613.75,close,99.75,55.0,0.5513784461152882,1100.0
2025-05-05,1,2025-05-05 10:15:00,2025-05-05 10:20:00,20512.25,20412.5,2025-05-05 15:55:00,20494.0,close,99.75,-19.0,-0.1904761904761904,-380.0
2025-05-06,-1,2025-05-06 09:50:00,2025-05-06 09:55:00,20180.75,20291.25,2025-05-06 10:15:00,20291.25,stop,110.5,-111.25,-1.006787330316742,-2225.0
2025-05-07,1,2025-05-07 09:55:00,2025-05-07 10:00:00,20364.0,20293.25,2025-05-07 10:50:00,20293.25,stop,70.75,-71.5,-1.010600706713781,-1430.0
2025-05-08,-1,2025-05-08 09:45:00,2025-05-08 09:50:00,20504.0,20601.25,2025-05-08 11:25:00,20601.25,stop,97.25,-98.0,-1.0077120822622108,-1960.0
2025-05-09,-1,2025-05-09 10:15:00,2025-05-09 10:20:00,20632.25,20707.0,2025-05-09 15:55:00,20563.5,close,74.75,68.0,0.9096989966555185,1360.0
2025-05-12,-1,2025-05-12 10:25:00,2025-05-12 10:30:00,21169.0,21349.5,2025-05-12 13:05:00,21349.5,stop,180.5,-181.25,-1.0041551246537397,-3625.0
2025-05-13,1,2025-05-13 09:50:00,2025-05-13 09:55:00,21537.0,21400.0,2025-05-13 15:55:00,21698.0,close,137.0,160.25,1.1697080291970805,3205.0
2025-05-15,-1,2025-05-15 09:45:00,2025-05-15 09:50:00,21695.0,21766.5,2025-05-15 10:00:00,21766.5,stop,71.5,-72.25,-1.0104895104895104,-1445.0
2025-05-19,1,2025-05-19 09:45:00,2025-05-19 09:50:00,21789.25,21629.5,2025-05-19 15:55:00,21950.5,close,159.75,160.5,1.0046948356807512,3210.0
2025-05-20,-1,2025-05-20 09:45:00,2025-05-20 09:50:00,21802.5,21867.0,2025-05-20 10:35:00,21867.0,stop,64.5,-65.25,-1.0116279069767442,-1305.0
2025-05-21,1,2025-05-21 09:45:00,2025-05-21 09:50:00,21809.75,21704.25,2025-05-21 13:20:00,21704.25,stop,105.5,-106.25,-1.0071090047393365,-2125.0
2025-05-22,1,2025-05-22 09:50:00,2025-05-22 09:55:00,21664.0,21541.0,2025-05-22 15:55:00,21610.75,close,123.0,-54.0,-0.4390243902439024,-1080.0
2025-05-23,1,2025-05-23 10:10:00,2025-05-23 10:15:00,21397.0,21249.75,2025-05-23 15:55:00,21405.75,close,147.25,8.0,0.0543293718166383,160.0
2025-05-26,-1,2025-05-26 10:30:00,2025-05-26 10:35:00,21674.75,21735.0,2025-05-26 12:55:00,21710.75,close,60.25,-36.75,-0.6099585062240664,-735.0
2025-05-27,1,2025-05-27 09:55:00,2025-05-27 10:00:00,21720.0,21620.0,2025-05-27 15:55:00,21893.75,close,100.0,173.0,1.73,3460.0
2025-05-28,-1,2025-05-28 09:45:00,2025-05-28 09:50:00,21910.5,21994.75,2025-05-28 15:55:00,21799.75,close,84.25,110.0,1.3056379821958457,2200.0
2025-05-29,-1,2025-05-29 09:45:00,2025-05-29 09:50:00,21918.5,22107.0,2025-05-29 15:55:00,21838.5,close,188.5,79.25,0.4204244031830239,1585.0
2025-05-30,-1,2025-05-30 09:55:00,2025-05-30 10:00:00,21684.75,21817.75,2025-05-30 10:25:00,21817.75,stop,133.0,-133.75,-1.005639097744361,-2675.0
2025-06-03,1,2025-06-03 10:25:00,2025-06-03 10:30:00,22048.5,21937.0,2025-06-03 15:55:00,22131.75,close,111.5,82.5,0.7399103139013453,1650.0
2025-06-04,-1,2025-06-04 10:00:00,2025-06-04 10:05:00,22121.5,22220.5,2025-06-04 14:00:00,22220.5,stop,99.0,-99.75,-1.0075757575757576,-1995.0
2025-06-05,-1,2025-06-05 10:05:00,2025-06-05 10:10:00,22133.5,22267.75,2025-06-05 10:40:00,22267.75,stop,134.25,-135.0,-1.005586592178771,-2700.0
2025-06-06,1,2025-06-06 09:45:00,2025-06-06 09:50:00,22285.0,22195.5,2025-06-06 10:25:00,22195.5,stop,89.5,-90.25,-1.0083798882681565,-1805.0
2025-06-09,1,2025-06-09 10:05:00,2025-06-09 10:10:00,22250.0,22178.0,2025-06-09 15:55:00,22245.75,close,72.0,-5.0,-0.0694444444444444,-100.0
2025-06-11,1,2025-06-11 10:20:00,2025-06-11 10:25:00,22458.0,22386.25,2025-06-11 12:05:00,22386.25,stop,71.75,-72.5,-1.0104529616724738,-1450.0
2025-06-12,1,2025-06-12 10:05:00,2025-06-12 10:10:00,22318.25,22245.75,2025-06-12 15:55:00,22363.75,close,72.5,44.75,0.6172413793103448,895.0
2025-06-13,-1,2025-06-13 10:25:00,2025-06-13 10:30:00,22062.0,22224.5,2025-06-13 11:20:00,22224.5,stop,162.5,-163.25,-1.004615384615385,-3265.0
2025-06-16,1,2025-06-16 10:00:00,2025-06-16 10:05:00,22386.5,22229.5,2025-06-16 15:55:00,22392.0,close,157.0,4.75,0.0302547770700636,95.0
2025-06-17,1,2025-06-17 10:10:00,2025-06-17 10:15:00,22337.0,22244.5,2025-06-17 12:55:00,22244.5,stop,92.5,-93.25,-1.008108108108108,-1865.0
2025-06-18,1,2025-06-18 09:45:00,2025-06-18 09:50:00,22218.25,22141.75,2025-06-18 14:55:00,22141.75,stop,76.5,-77.25,-1.0098039215686274,-1545.0
2025-06-19,-1,2025-06-19 09:45:00,2025-06-19 09:50:00,21895.0,22002.25,2025-06-19 12:55:00,21918.5,close,107.25,-24.25,-0.2261072261072261,-485.0
2025-06-20,-1,2025-06-20 09:55:00,2025-06-20 10:00:00,22233.75,22346.0,2025-06-20 15:55:00,22058.5,close,112.25,174.5,1.55456570155902,3490.0
2025-06-23,1,2025-06-23 09:50:00,2025-06-23 09:55:00,22138.5,21974.0,2025-06-23 12:35:00,21974.0,stop,164.5,-165.25,-1.0045592705167172,-3305.0
2025-06-25,-1,2025-06-25 10:10:00,2025-06-25 10:15:00,22690.25,22763.75,2025-06-25 15:55:00,22678.75,close,73.5,10.75,0.1462585034013605,215.0
2025-06-26,1,2025-06-26 10:20:00,2025-06-26 10:25:00,22786.75,22710.5,2025-06-26 15:55:00,22889.25,close,76.25,101.75,1.3344262295081968,2035.0
2025-06-27,1,2025-06-27 09:55:00,2025-06-27 10:00:00,22980.0,22900.75,2025-06-27 14:15:00,22900.75,stop,79.25,-80.0,-1.0094637223974765,-1600.0
2025-07-01,1,2025-07-01 10:10:00,2025-07-01 10:15:00,23044.5,22995.5,2025-07-01 10:20:00,22995.5,stop,49.0,-49.75,-1.0153061224489797,-995.0
2025-07-02,1,2025-07-02 09:50:00,2025-07-02 09:55:00,22941.25,22866.75,2025-07-02 15:55:00,23060.0,close,74.5,118.0,1.5838926174496644,2360.0
2025-07-03,1,2025-07-03 09:50:00,2025-07-03 09:55:00,23209.25,23145.75,2025-07-03 13:10:00,23274.5,close,63.5,64.5,1.015748031496063,1290.0
2025-07-04,1,2025-07-04 09:50:00,2025-07-04 09:55:00,23145.5,23103.5,2025-07-04 12:55:00,23122.25,close,42.0,-24.0,-0.5714285714285714,-480.0
2025-07-08,-1,2025-07-08 09:55:00,2025-07-08 10:00:00,23097.5,23159.0,2025-07-08 12:20:00,23159.0,stop,61.5,-62.25,-1.0121951219512195,-1245.0
2025-07-09,1,2025-07-09 09:45:00,2025-07-09 09:50:00,23301.5,23193.5,2025-07-09 10:35:00,23193.5,stop,108.0,-108.75,-1.0069444444444444,-2175.0
2025-07-10,-1,2025-07-10 09:45:00,2025-07-10 09:50:00,23209.0,23305.5,2025-07-10 15:55:00,23230.75,close,96.5,-22.5,-0.233160621761658,-450.0
2025-07-11,1,2025-07-11 09:55:00,2025-07-11 10:00:00,23179.25,23086.5,2025-07-11 15:55:00,23170.75,close,92.75,-9.25,-0.0997304582210242,-185.0
2025-07-16,-1,2025-07-16 09:50:00,2025-07-16 09:55:00,23181.25,23305.0,2025-07-16 15:40:00,23305.0,stop,123.75,-124.5,-1.006060606060606,-2490.0
2025-07-17,1,2025-07-17 09:45:00,2025-07-17 09:50:00,23351.5,23281.25,2025-07-17 15:55:00,23473.25,close,70.25,121.0,1.7224199288256228,2420.0
2025-07-18,-1,2025-07-18 10:10:00,2025-07-18 10:15:00,23445.75,23525.5,2025-07-18 15:55:00,23442.0,close,79.75,3.0,0.0376175548589341,60.0
2025-07-21,1,2025-07-21 09:45:00,2025-07-21 09:50:00,23593.75,23470.75,2025-07-21 15:55:00,23560.25,close,123.0,-34.25,-0.2784552845528455,-685.0
2025-07-22,-1,2025-07-22 09:45:00,2025-07-22 09:50:00,23428.5,23565.25,2025-07-22 15:55:00,23437.5,close,136.75,-9.75,-0.0712979890310786,-195.0
2025-07-23,-1,2025-07-23 09:55:00,2025-07-23 10:00:00,23381.0,23479.25,2025-07-23 11:50:00,23479.25,stop,98.25,-99.0,-1.0076335877862594,-1980.0
2025-07-25,1,2025-07-25 09:45:00,2025-07-25 09:50:00,23599.75,23546.25,2025-07-25 15:55:00,23638.25,close,53.5,37.75,0.705607476635514,755.0
2025-07-28,1,2025-07-28 09:55:00,2025-07-28 10:00:00,23735.75,23680.25,2025-07-28 11:15:00,23680.25,stop,55.5,-56.25,-1.0135135135135136,-1125.0
2025-07-29,-1,2025-07-29 09:45:00,2025-07-29 09:50:00,23805.5,23868.0,2025-07-29 15:55:00,23672.25,close,62.5,132.5,2.12,2650.0
2025-07-30,1,2025-07-30 10:20:00,2025-07-30 10:25:00,23730.75,23666.25,2025-07-30 14:55:00,23666.25,stop,64.5,-65.25,-1.0116279069767442,-1305.0
2025-08-01,-1,2025-08-01 09:45:00,2025-08-01 09:50:00,23081.25,23311.25,2025-08-01 15:55:00,23096.0,close,230.0,-15.5,-0.067391304347826,-310.0
2025-08-04,1,2025-08-04 09:45:00,2025-08-04 09:50:00,23432.5,23304.25,2025-08-04 15:55:00,23512.75,close,128.25,79.5,0.6198830409356725,1590.0
2025-08-05,1,2025-08-05 09:45:00,2025-08-05 09:50:00,23596.75,23519.0,2025-08-05 10:15:00,23519.0,stop,77.75,-78.5,-1.0096463022508038,-1570.0
2025-08-06,1,2025-08-06 10:00:00,2025-08-06 10:05:00,23485.0,23364.0,2025-08-06 15:55:00,23640.25,close,121.0,154.5,1.2768595041322317,3090.0
2025-08-07,1,2025-08-07 09:55:00,2025-08-07 10:00:00,23869.5,23797.5,2025-08-07 10:10:00,23797.5,stop,72.0,-72.75,-1.0104166666666667,-1455.0
2025-08-08,1,2025-08-08 09:45:00,2025-08-08 09:50:00,23843.25,23745.5,2025-08-08 15:55:00,23930.0,close,97.75,86.0,0.8797953964194374,1720.0
2025-08-11,1,2025-08-11 09:55:00,2025-08-11 10:00:00,23960.25,23896.25,2025-08-11 14:00:00,23896.25,stop,64.0,-64.75,-1.01171875,-1295.0
2025-08-12,-1,2025-08-12 09:55:00,2025-08-12 10:00:00,23869.25,24023.75,2025-08-12 11:05:00,24023.75,stop,154.5,-155.25,-1.0048543689320388,-3105.0
2025-08-13,-1,2025-08-13 09:55:00,2025-08-13 10:00:00,24232.75,24284.0,2025-08-13 15:55:00,24158.5,close,51.25,73.5,1.4341463414634146,1470.0
2025-08-14,1,2025-08-14 10:15:00,2025-08-14 10:20:00,24161.25,24056.75,2025-08-14 15:55:00,24137.5,close,104.5,-24.5,-0.2344497607655502,-490.0
2025-08-15,-1,2025-08-15 09:45:00,2025-08-15 09:50:00,23999.5,24126.5,2025-08-15 15:55:00,24021.5,close,127.0,-22.75,-0.1791338582677165,-455.0
2025-08-18,-1,2025-08-18 09:50:00,2025-08-18 09:55:00,23973.25,24032.75,2025-08-18 10:20:00,24032.75,stop,59.5,-60.25,-1.012605042016807,-1205.0
2025-08-19,-1,2025-08-19 09:45:00,2025-08-19 09:50:00,23866.25,23986.0,2025-08-19 15:55:00,23685.75,close,119.75,179.75,1.501043841336117,3595.0
2025-08-20,-1,2025-08-20 09:45:00,2025-08-20 09:50:00,23480.5,23647.5,2025-08-20 15:55:00,23540.25,close,167.0,-60.5,-0.3622754491017964,-1210.0
2025-08-21,-1,2025-08-21 09:55:00,2025-08-21 10:00:00,23400.0,23505.75,2025-08-21 10:10:00,23505.75,stop,105.75,-106.5,-1.0070921985815602,-2130.0
2025-08-22,1,2025-08-22 10:00:00,2025-08-22 10:05:00,23701.5,23421.0,2025-08-22 15:55:00,23780.5,close,280.5,78.25,0.2789661319073084,1565.0
2025-08-25,1,2025-08-25 09:55:00,2025-08-25 10:00:00,23734.5,23658.75,2025-08-25 15:55:00,23711.0,close,75.75,-24.25,-0.3201320132013201,-485.0
2025-08-26,-1,2025-08-26 09:45:00,2025-08-26 09:50:00,23659.25,23734.0,2025-08-26 10:10:00,23734.0,stop,74.75,-75.5,-1.0100334448160535,-1510.0
2025-08-27,-1,2025-08-27 09:45:00,2025-08-27 09:50:00,23715.0,23780.75,2025-08-27 10:10:00,23780.75,stop,65.75,-66.5,-1.011406844106464,-1330.0
2025-08-28,-1,2025-08-28 09:50:00,2025-08-28 09:55:00,23830.75,23957.75,2025-08-28 11:15:00,23957.75,stop,127.0,-127.75,-1.0059055118110236,-2555.0
2025-08-29,-1,2025-08-29 09:45:00,2025-08-29 09:50:00,23758.5,23883.5,2025-08-29 15:55:00,23688.5,close,125.0,69.25,0.554,1385.0
2025-09-01,1,2025-09-01 10:25:00,2025-09-01 10:30:00,23700.5,23657.25,2025-09-01 12:55:00,23717.75,close,43.25,16.5,0.3815028901734104,330.0
2025-09-02,1,2025-09-02 09:45:00,2025-09-02 09:50:00,23414.25,23240.75,2025-09-02 15:55:00,23492.25,close,173.5,77.25,0.4452449567723343,1545.0
2025-09-03,1,2025-09-03 10:15:00,2025-09-03 10:20:00,23657.75,23587.25,2025-09-03 13:45:00,23587.25,stop,70.5,-71.25,-1.0106382978723405,-1425.0
2025-09-04,-1,2025-09-04 10:00:00,2025-09-04 10:05:00,23648.0,23763.75,2025-09-04 11:20:00,23763.75,stop,115.75,-116.5,-1.0064794816414686,-2330.0
2025-09-05,-1,2025-09-05 10:05:00,2025-09-05 10:10:00,24012.5,24117.5,2025-09-05 15:55:00,23906.75,close,105.0,105.0,1.0,2100.0
2025-09-08,1,2025-09-08 10:25:00,2025-09-08 10:30:00,24078.0,23987.25,2025-09-08 13:50:00,23987.25,stop,90.75,-91.5,-1.008264462809917,-1830.0
2025-09-09,-1,2025-09-09 09:50:00,2025-09-09 09:55:00,24023.0,24073.25,2025-09-09 15:20:00,24073.25,stop,50.25,-51.0,-1.0149253731343284,-1020.0
2025-09-10,-1,2025-09-10 09:50:00,2025-09-10 09:55:00,24131.5,24216.0,2025-09-10 15:55:00,24089.75,close,84.5,41.0,0.4852071005917159,820.0
2025-09-11,1,2025-09-11 10:30:00,2025-09-11 10:35:00,24213.25,24126.5,2025-09-11 15:55:00,24227.75,close,86.75,13.75,0.1585014409221902,275.0
2025-09-12,1,2025-09-12 10:20:00,2025-09-12 10:25:00,24286.5,24217.0,2025-09-12 15:55:00,24326.0,close,69.5,38.75,0.5575539568345323,775.0
2025-09-15,1,2025-09-15 09:45:00,2025-09-15 09:50:00,24687.0,24629.0,2025-09-15 15:55:00,24769.5,close,58.0,81.75,1.4094827586206895,1635.0
2025-09-16,-1,2025-09-16 09:50:00,2025-09-16 09:55:00,24754.0,24816.75,2025-09-16 15:55:00,24740.5,close,62.75,12.75,0.2031872509960159,255.0
2025-09-17,-1,2025-09-17 10:25:00,2025-09-17 10:30:00,24656.25,24757.0,2025-09-17 15:25:00,24757.0,stop,100.75,-101.5,-1.0074441687344913,-2030.0
2025-09-18,1,2025-09-18 10:00:00,2025-09-18 10:05:00,24938.5,24840.0,2025-09-18 15:55:00,24914.75,close,98.5,-24.5,-0.248730964467005,-490.0
2025-09-19,1,2025-09-19 10:05:00,2025-09-19 10:10:00,25003.25,24953.75,2025-09-19 10:45:00,24953.75,stop,49.5,-50.25,-1.0151515151515151,-1005.0
2025-09-22,1,2025-09-22 09:50:00,2025-09-22 09:55:00,25093.5,25030.5,2025-09-22 15:55:00,25215.0,close,63.0,120.75,1.9166666666666667,2415.0
2025-09-23,-1,2025-09-23 10:20:00,2025-09-23 10:25:00,25152.25,25226.0,2025-09-23 15:55:00,25047.75,close,73.75,103.75,1.4067796610169492,2075.0
2025-09-24,-1,2025-09-24 09:45:00,2025-09-24 09:50:00,25021.75,25115.5,2025-09-24 15:55:00,24955.75,close,93.75,65.25,0.696,1305.0
2025-09-25,1,2025-09-25 10:15:00,2025-09-25 10:20:00,24821.75,24638.75,2025-09-25 15:55:00,24848.5,close,183.0,26.0,0.1420765027322404,520.0
2025-09-26,-1,2025-09-26 10:20:00,2025-09-26 10:25:00,24787.25,24928.75,2025-09-26 13:10:00,24928.75,stop,141.5,-142.25,-1.0053003533568905,-2845.0
2025-09-29,1,2025-09-29 09:45:00,2025-09-29 09:50:00,25163.5,25064.5,2025-09-29 11:35:00,25064.5,stop,99.0,-99.75,-1.0075757575757576,-1995.0
2025-09-30,-1,2025-09-30 09:50:00,2025-09-30 09:55:00,24951.0,25047.25,2025-09-30 10:45:00,25047.25,stop,96.25,-97.0,-1.0077922077922077,-1940.0
2025-10-01,-1,2025-10-01 09:45:00,2025-10-01 09:50:00,24953.0,25057.75,2025-10-01 10:15:00,25057.75,stop,104.75,-105.5,-1.0071599045346062,-2110.0
2025-10-03,-1,2025-10-03 09:55:00,2025-10-03 10:00:00,25322.0,25381.75,2025-10-03 15:55:00,25213.0,close,59.75,108.25,1.811715481171548,2165.0
2025-10-07,-1,2025-10-07 10:25:00,2025-10-07 10:30:00,25430.0,25479.5,2025-10-07 15:55:00,25261.5,close,49.5,167.75,3.388888888888889,3355.0
2025-10-08,1,2025-10-08 09:45:00,2025-10-08 09:50:00,25378.0,25290.25,2025-10-08 15:55:00,25546.25,close,87.75,167.5,1.9088319088319088,3350.0
2025-10-09,-1,2025-10-09 10:25:00,2025-10-09 10:30:00,25468.5,25551.0,2025-10-09 15:55:00,25510.75,close,82.5,-43.0,-0.5212121212121212,-860.0
2025-10-13,1,2025-10-13 09:55:00,2025-10-13 10:00:00,25103.5,24940.75,2025-10-13 15:55:00,25136.75,close,162.75,32.5,0.1996927803379416,650.0
2025-10-14,1,2025-10-14 10:20:00,2025-10-14 10:25:00,24904.25,24647.0,2025-10-14 15:55:00,24973.5,close,257.25,68.5,0.2662779397473275,1370.0
2025-10-15,1,2025-10-15 09:55:00,2025-10-15 10:00:00,25230.0,25136.75,2025-10-15 11:45:00,25136.75,stop,93.25,-94.0,-1.0080428954423593,-1880.0
2025-10-16,1,2025-10-16 10:30:00,2025-10-16 10:35:00,25325.5,25254.25,2025-10-16 11:25:00,25254.25,stop,71.25,-72.0,-1.0105263157894735,-1440.0
2025-10-17,1,2025-10-17 09:50:00,2025-10-17 09:55:00,25065.25,24888.75,2025-10-17 15:55:00,25205.0,close,176.5,139.0,0.7875354107648725,2780.0
2025-10-20,1,2025-10-20 10:05:00,2025-10-20 10:10:00,25464.75,25331.0,2025-10-20 15:55:00,25516.5,close,133.75,51.0,0.3813084112149533,1020.0
2025-10-21,-1,2025-10-21 10:25:00,2025-10-21 10:30:00,25437.0,25520.75,2025-10-21 11:45:00,25520.75,stop,83.75,-84.5,-1.008955223880597,-1690.0
2025-10-22,1,2025-10-22 09:50:00,2025-10-22 09:55:00,25496.75,25388.5,2025-10-22 10:25:00,25388.5,stop,108.25,-109.0,-1.0069284064665127,-2180.0
2025-10-23,1,2025-10-23 09:45:00,2025-10-23 09:50:00,25354.0,25215.25,2025-10-23 15:55:00,25469.25,close,138.75,114.5,0.8252252252252252,2290.0
2025-10-27,1,2025-10-27 10:00:00,2025-10-27 10:05:00,26082.75,26012.75,2025-10-27 15:55:00,26177.0,close,70.0,93.5,1.3357142857142856,1870.0
2025-10-28,-1,2025-10-28 09:50:00,2025-10-28 09:55:00,26250.25,26311.0,2025-10-28 12:25:00,26311.0,stop,60.75,-61.5,-1.0123456790123455,-1230.0
2025-10-29,1,2025-10-29 09:55:00,2025-10-29 10:00:00,26535.25,26471.0,2025-10-29 10:50:00,26471.0,stop,64.25,-65.0,-1.0116731517509727,-1300.0
2025-10-30,1,2025-10-30 09:50:00,2025-10-30 09:55:00,26349.25,26158.5,2025-10-30 15:15:00,26158.5,stop,190.75,-191.5,-1.0039318479685453,-3830.0
2025-10-31,-1,2025-10-31 10:00:00,2025-10-31 10:05:00,26281.0,26415.75,2025-10-31 15:55:00,26209.0,close,134.75,71.25,0.5287569573283859,1425.0
2025-11-03,-1,2025-11-03 10:00:00,2025-11-03 10:05:00,26327.25,26482.25,2025-11-03 15:55:00,26326.5,close,155.0,0.0,0.0,0.0
2025-11-04,1,2025-11-04 09:50:00,2025-11-04 09:55:00,26068.75,25879.25,2025-11-04 12:15:00,25879.25,stop,189.5,-190.25,-1.0039577836411608,-3805.0
2025-11-05,1,2025-11-05 09:45:00,2025-11-05 09:50:00,25824.5,25704.25,2025-11-05 15:55:00,25957.25,close,120.25,132.0,1.0977130977130978,2640.0
2025-11-06,-1,2025-11-06 09:50:00,2025-11-06 09:55:00,25772.0,25902.0,2025-11-06 15:55:00,25474.0,close,130.0,297.25,2.2865384615384614,5945.0
2025-11-10,1,2025-11-10 10:20:00,2025-11-10 10:25:00,25870.75,25741.5,2025-11-10 10:55:00,25741.5,stop,129.25,-130.0,-1.0058027079303675,-2600.0
2025-11-11,-1,2025-11-11 09:45:00,2025-11-11 09:50:00,25799.5,25862.25,2025-11-11 13:15:00,25862.25,stop,62.75,-63.5,-1.0119521912350598,-1270.0
2025-11-12,-1,2025-11-12 09:45:00,2025-11-12 09:50:00,25794.75,25997.0,2025-11-12 15:55:00,25841.5,close,202.25,-47.5,-0.2348578491965389,-950.0
2025-11-14,1,2025-11-14 09:45:00,2025-11-14 09:50:00,25111.75,24842.25,2025-11-14 15:55:00,25322.0,close,269.5,209.5,0.7773654916512059,4190.0
2025-11-17,1,2025-11-17 09:45:00,2025-11-17 09:50:00,25435.0,25171.25,2025-11-17 11:15:00,25171.25,stop,263.75,-264.5,-1.0028436018957343,-5290.0
2025-11-18,-1,2025-11-18 09:50:00,2025-11-18 09:55:00,24791.0,25048.25,2025-11-18 15:55:00,24801.0,close,257.25,-10.75,-0.0417881438289601,-215.0
2025-11-19,1,2025-11-19 09:50:00,2025-11-19 09:55:00,25056.25,24788.75,2025-11-19 12:30:00,24788.75,stop,267.5,-268.25,-1.002803738317757,-5365.0
2025-11-21,1,2025-11-21 09:50:00,2025-11-21 09:55:00,24496.5,24369.25,2025-11-21 10:00:00,24369.25,stop,127.25,-128.0,-1.005893909626719,-2560.0
2025-11-24,1,2025-11-24 10:00:00,2025-11-24 10:05:00,24950.75,24733.0,2025-11-24 15:55:00,25151.5,close,217.75,200.0,0.9184845005740528,4000.0
2025-11-25,-1,2025-11-25 09:45:00,2025-11-25 09:50:00,24847.5,25095.75,2025-11-25 11:20:00,25095.75,stop,248.25,-249.0,-1.003021148036254,-4980.0
2025-11-26,-1,2025-11-26 09:55:00,2025-11-26 10:00:00,25383.25,25486.75,2025-11-26 10:55:00,25486.75,stop,103.5,-104.25,-1.0072463768115942,-2085.0
2025-12-01,1,2025-12-01 09:50:00,2025-12-01 09:55:00,25562.25,25425.5,2025-12-01 15:55:00,25618.5,close,136.75,55.5,0.4058500914076782,1110.0
2025-12-02,1,2025-12-02 10:00:00,2025-12-02 10:05:00,25851.75,25687.5,2025-12-02 11:20:00,25687.5,stop,164.25,-165.0,-1.004566210045662,-3300.0
2025-12-03,1,2025-12-03 10:00:00,2025-12-03 10:05:00,25788.0,25669.25,2025-12-03 15:55:00,25873.75,close,118.75,85.0,0.7157894736842105,1700.0
2025-12-05,1,2025-12-05 09:50:00,2025-12-05 09:55:00,26011.5,25889.75,2025-12-05 11:30:00,25889.75,stop,121.75,-122.5,-1.0061601642710472,-2450.0
2025-12-08,-1,2025-12-08 09:45:00,2025-12-08 09:50:00,25975.25,26077.0,2025-12-08 15:55:00,25885.0,close,101.75,89.5,0.8796068796068796,1790.0
2025-12-11,-1,2025-12-11 09:45:00,2025-12-11 09:50:00,25702.5,25866.5,2025-12-11 13:35:00,25866.5,stop,164.0,-164.75,-1.0045731707317074,-3295.0
2025-12-12,-1,2025-12-12 09:45:00,2025-12-12 09:50:00,25723.75,25835.75,2025-12-12 15:55:00,25425.75,close,112.0,297.25,2.654017857142857,5945.0
2025-12-15,-1,2025-12-15 09:50:00,2025-12-15 09:55:00,25729.75,25884.5,2025-12-15 15:55:00,25551.25,close,154.75,177.75,1.148626817447496,3555.0
2025-12-16,1,2025-12-16 09:55:00,2025-12-16 10:00:00,25611.0,25426.25,2025-12-16 10:25:00,25426.25,stop,184.75,-185.5,-1.0040595399188093,-3710.0
2025-12-17,-1,2025-12-17 10:30:00,2025-12-17 10:35:00,25473.75,25664.25,2025-12-17 15:55:00,25108.0,close,190.5,365.0,1.916010498687664,7300.0
2025-12-18,1,2025-12-18 10:30:00,2025-12-18 10:35:00,25580.5,25389.25,2025-12-18 15:55:00,25468.0,close,191.25,-113.25,-0.592156862745098,-2265.0
2025-12-19,1,2025-12-19 09:55:00,2025-12-19 10:00:00,25775.25,25573.5,2025-12-19 15:55:00,25797.25,close,201.75,21.25,0.1053283767038413,425.0
2025-12-23,-1,2025-12-23 10:00:00,2025-12-23 10:05:00,25854.25,25954.5,2025-12-23 10:55:00,25954.5,stop,100.25,-101.0,-1.0074812967581048,-2020.0
2025-12-26,-1,2025-12-26 10:10:00,2025-12-26 10:15:00,26058.75,26148.0,2025-12-26 15:55:00,26083.25,close,89.25,-25.25,-0.2829131652661064,-505.0
2025-12-30,1,2025-12-30 09:45:00,2025-12-30 09:50:00,25953.25,25898.25,2025-12-30 10:40:00,25898.25,stop,55.0,-55.75,-1.0136363636363637,-1115.0
2025-12-31,-1,2025-12-31 09:55:00,2025-12-31 10:00:00,25822.75,25908.5,2025-12-31 15:55:00,25671.75,close,85.75,150.25,1.7521865889212829,3005.0
2026-01-02,1,2026-01-02 09:45:00,2026-01-02 09:50:00,25971.5,25854.75,2026-01-02 10:10:00,25854.75,stop,116.75,-117.5,-1.006423982869379,-2350.0
2026-01-06,1,2026-01-06 09:45:00,2026-01-06 09:50:00,25926.75,25824.5,2026-01-06 15:55:00,26030.0,close,102.25,102.5,1.0024449877750612,2050.0
2026-01-07,1,2026-01-07 10:30:00,2026-01-07 10:35:00,26098.5,25987.5,2026-01-07 15:55:00,26051.5,close,111.0,-47.75,-0.4301801801801801,-955.0
2026-01-08,-1,2026-01-08 09:55:00,2026-01-08 10:00:00,25820.25,26019.5,2026-01-08 15:55:00,25899.0,close,199.25,-79.5,-0.3989962358845671,-1590.0
2026-01-09,-1,2026-01-09 10:05:00,2026-01-09 10:10:00,25859.75,26006.75,2026-01-09 10:20:00,26006.75,stop,147.0,-147.75,-1.0051020408163265,-2955.0
2026-01-12,1,2026-01-12 10:10:00,2026-01-12 10:15:00,26122.5,25960.0,2026-01-12 15:55:00,26168.75,close,162.5,45.5,0.28,910.0
2026-01-13,-1,2026-01-13 10:15:00,2026-01-13 10:20:00,26099.25,26259.25,2026-01-13 15:55:00,26120.25,close,160.0,-21.75,-0.1359375,-435.0
2026-01-14,-1,2026-01-14 09:55:00,2026-01-14 10:00:00,25802.75,26006.75,2026-01-14 15:55:00,25853.0,close,204.0,-51.0,-0.25,-1020.0
2026-01-16,-1,2026-01-16 09:50:00,2026-01-16 09:55:00,26002.0,26107.5,2026-01-16 15:55:00,25901.0,close,105.5,100.25,0.9502369668246444,2005.0
2026-01-19,1,2026-01-19 09:55:00,2026-01-19 10:00:00,25532.5,25456.75,2026-01-19 12:55:00,25614.75,close,75.75,81.5,1.0759075907590758,1630.0
2026-01-20,1,2026-01-20 10:25:00,2026-01-20 10:30:00,25578.25,25450.25,2026-01-20 13:30:00,25450.25,stop,128.0,-128.75,-1.005859375,-2575.0
2026-01-21,1,2026-01-21 09:45:00,2026-01-21 09:50:00,25452.75,25344.0,2026-01-21 15:55:00,25688.0,close,108.75,234.5,2.15632183908046,4690.0
2026-01-22,-1,2026-01-22 09:45:00,2026-01-22 09:50:00,25791.0,25948.25,2026-01-22 15:55:00,25878.5,close,157.25,-88.25,-0.56120826709062,-1765.0
2026-01-23,1,2026-01-23 09:55:00,2026-01-23 10:00:00,25884.5,25779.0,2026-01-23 15:55:00,25951.5,close,105.5,66.25,0.6279620853080569,1325.0
2026-01-26,1,2026-01-26 10:15:00,2026-01-26 10:20:00,26087.75,25920.75,2026-01-26 15:55:00,26061.5,close,167.0,-27.0,-0.1616766467065868,-540.0
2026-01-27,1,2026-01-27 09:50:00,2026-01-27 09:55:00,26254.0,26133.75,2026-01-27 15:55:00,26292.5,close,120.25,37.75,0.3139293139293139,755.0
2026-01-28,-1,2026-01-28 10:30:00,2026-01-28 10:35:00,26412.25,26512.5,2026-01-28 15:55:00,26365.75,close,100.25,45.75,0.456359102244389,915.0
2026-01-29,-1,2026-01-29 09:50:00,2026-01-29 09:55:00,26157.25,26391.5,2026-01-29 15:55:00,26208.0,close,234.25,-51.5,-0.2198505869797225,-1030.0
2026-01-30,-1,2026-01-30 10:25:00,2026-01-30 10:30:00,26010.5,26156.5,2026-01-30 15:55:00,25891.5,close,146.0,118.25,0.809931506849315,2365.0
2026-02-02,1,2026-02-02 09:50:00,2026-02-02 09:55:00,25992.25,25756.25,2026-02-02 15:55:00,26073.25,close,236.0,80.25,0.3400423728813559,1605.0
2026-02-03,-1,2026-02-03 09:50:00,2026-02-03 09:55:00,25936.25,26168.75,2026-02-03 15:55:00,25662.0,close,232.5,273.5,1.1763440860215053,5470.0
2026-02-04,-1,2026-02-04 09:55:00,2026-02-04 10:00:00,25410.75,25606.5,2026-02-04 15:55:00,25211.0,close,195.75,199.0,1.016602809706258,3980.0
2026-02-05,-1,2026-02-05 10:10:00,2026-02-05 10:15:00,24775.5,25152.5,2026-02-05 15:55:00,24855.0,close,377.0,-80.25,-0.2128647214854111,-1605.0
2026-02-09,1,2026-02-09 10:00:00,2026-02-09 10:05:00,25380.0,25172.0,2026-02-09 15:55:00,25554.25,close,208.0,173.5,0.8341346153846154,3470.0
2026-02-10,1,2026-02-10 10:05:00,2026-02-10 10:10:00,25651.75,25481.75,2026-02-10 15:05:00,25481.75,stop,170.0,-170.75,-1.0044117647058823,-3415.0
2026-02-11,-1,2026-02-11 09:55:00,2026-02-11 10:00:00,25523.0,25681.75,2026-02-11 15:55:00,25495.0,close,158.75,27.25,0.1716535433070866,545.0
2026-02-12,-1,2026-02-12 09:45:00,2026-02-12 09:50:00,25467.75,25609.0,2026-02-12 15:55:00,24980.0,close,141.25,487.0,3.447787610619469,9740.0
2026-02-13,1,2026-02-13 10:25:00,2026-02-13 10:30:00,25065.25,24795.25,2026-02-13 15:55:00,25018.5,close,270.0,-47.5,-0.1759259259259259,-950.0
2026-02-16,1,2026-02-16 10:00:00,2026-02-16 10:05:00,25004.25,24928.0,2026-02-16 10:25:00,24928.0,stop,76.25,-77.0,-1.0098360655737706,-1540.0
2026-02-17,-1,2026-02-17 09:50:00,2026-02-17 09:55:00,24748.25,25032.25,2026-02-17 13:35:00,25032.25,stop,284.0,-284.75,-1.0026408450704225,-5695.0
2026-02-18,1,2026-02-18 09:50:00,2026-02-18 09:55:00,25103.5,24968.5,2026-02-18 15:55:00,25174.0,close,135.0,69.75,0.5166666666666667,1395.0
2026-02-19,1,2026-02-19 10:05:00,2026-02-19 10:10:00,25110.75,24979.5,2026-02-19 13:20:00,24979.5,stop,131.25,-132.0,-1.0057142857142858,-2640.0
2026-02-20,1,2026-02-20 10:20:00,2026-02-20 10:25:00,25224.0,24895.0,2026-02-20 15:55:00,25291.5,close,329.0,66.75,0.2028875379939209,1335.0
2026-02-23,-1,2026-02-23 10:00:00,2026-02-23 10:05:00,25083.0,25256.5,2026-02-23 15:55:00,24984.5,close,173.5,97.75,0.5634005763688761,1955.0
2026-02-24,1,2026-02-24 09:45:00,2026-02-24 09:50:00,25160.0,24911.0,2026-02-24 15:55:00,25246.5,close,249.0,85.75,0.3443775100401606,1715.0
2026-02-25,1,2026-02-25 09:45:00,2026-02-25 09:50:00,25536.0,25373.25,2026-02-25 15:55:00,25600.0,close,162.75,63.25,0.3886328725038402,1265.0
2026-02-26,-1,2026-02-26 10:05:00,2026-02-26 10:10:00,25362.25,25558.5,2026-02-26 15:55:00,25299.5,close,196.25,62.0,0.3159235668789809,1240.0
2026-02-27,1,2026-02-27 09:45:00,2026-02-27 09:50:00,25143.25,24998.5,2026-02-27 15:55:00,25215.0,close,144.75,71.0,0.4905008635578584,1420.0
2026-03-02,1,2026-03-02 09:45:00,2026-03-02 09:50:00,25108.75,24821.5,2026-03-02 15:55:00,25239.75,close,287.25,130.25,0.453437771975631,2605.0
2026-03-03,-1,2026-03-03 09:55:00,2026-03-03 10:00:00,24705.5,24877.75,2026-03-03 11:45:00,24877.75,stop,172.25,-173.0,-1.004354136429608,-3460.0
2026-03-04,1,2026-03-04 10:05:00,2026-03-04 10:10:00,25211.5,25053.75,2026-03-04 15:55:00,25336.5,close,157.75,124.25,0.7876386687797148,2485.0
2026-03-05,1,2026-03-05 09:50:00,2026-03-05 09:55:00,25358.75,25201.75,2026-03-05 10:30:00,25201.75,stop,157.0,-157.75,-1.0047770700636942,-3155.0
2026-03-06,1,2026-03-06 10:00:00,2026-03-06 10:05:00,24981.75,24825.25,2026-03-06 15:35:00,24825.25,stop,156.5,-157.25,-1.0047923322683705,-3145.0
2026-03-10,-1,2026-03-10 10:05:00,2026-03-10 10:10:00,25118.25,25298.25,2026-03-10 10:35:00,25298.25,stop,180.0,-180.75,-1.0041666666666669,-3615.0
2026-03-11,-1,2026-03-11 10:20:00,2026-03-11 10:25:00,25236.25,25332.0,2026-03-11 15:55:00,25200.25,close,95.75,35.25,0.3681462140992167,705.0
2026-03-12,-1,2026-03-12 09:50:00,2026-03-12 09:55:00,24885.0,25051.0,2026-03-12 15:55:00,24771.75,close,166.0,112.5,0.677710843373494,2250.0
2026-03-13,1,2026-03-13 09:50:00,2026-03-13 09:55:00,25004.75,24827.0,2026-03-13 10:40:00,24827.0,stop,177.75,-178.5,-1.0042194092827004,-3570.0
2026-03-16,1,2026-03-16 09:55:00,2026-03-16 10:00:00,24950.0,24837.5,2026-03-16 10:50:00,24837.5,stop,112.5,-113.25,-1.0066666666666666,-2265.0
2026-03-17,1,2026-03-17 09:45:00,2026-03-17 09:50:00,25114.75,24965.0,2026-03-17 11:35:00,24965.0,stop,149.75,-150.5,-1.005008347245409,-3010.0
2026-03-18,-1,2026-03-18 10:10:00,2026-03-18 10:15:00,24896.25,24990.75,2026-03-18 15:55:00,24652.5,close,94.5,243.0,2.571428571428572,4860.0
2026-03-19,1,2026-03-19 09:50:00,2026-03-19 09:55:00,24516.0,24327.75,2026-03-19 15:55:00,24575.75,close,188.25,59.0,0.3134130146082337,1180.0
2026-03-20,-1,2026-03-20 09:50:00,2026-03-20 09:55:00,24364.25,24492.25,2026-03-20 15:55:00,24114.5,close,128.0,249.0,1.9453125,4980.0
2026-03-23,1,2026-03-23 09:45:00,2026-03-23 09:50:00,24577.5,24433.5,2026-03-23 11:50:00,24433.5,stop,144.0,-144.75,-1.0052083333333333,-2895.0
2026-03-25,-1,2026-03-25 09:45:00,2026-03-25 09:50:00,24420.0,24527.0,2026-03-25 15:55:00,24372.5,close,107.0,46.75,0.4369158878504673,935.0
2026-03-26,1,2026-03-26 09:50:00,2026-03-26 09:55:00,24232.25,24065.0,2026-03-26 10:55:00,24065.0,stop,167.25,-168.0,-1.0044843049327354,-3360.0
2026-03-27,-1,2026-03-27 09:50:00,2026-03-27 09:55:00,23526.75,23665.0,2026-03-27 15:55:00,23309.75,close,138.25,216.25,1.5641952983725136,4325.0
2026-03-30,-1,2026-03-30 09:45:00,2026-03-30 09:50:00,23360.0,23539.25,2026-03-30 15:55:00,23136.5,close,179.25,222.75,1.2426778242677825,4455.0
2026-03-31,1,2026-03-31 09:45:00,2026-03-31 09:50:00,23531.75,23379.75,2026-03-31 10:55:00,23379.75,stop,152.0,-152.75,-1.0049342105263157,-3055.0
2026-04-02,1,2026-04-02 09:50:00,2026-04-02 09:55:00,23846.75,23679.0,2026-04-02 15:55:00,24221.75,close,167.75,374.25,2.2309985096870344,7485.0
2026-04-06,1,2026-04-06 09:55:00,2026-04-06 10:00:00,24412.0,24246.75,2026-04-06 13:10:00,24246.75,stop,165.25,-166.0,-1.0045385779122542,-3320.0
2026-04-07,-1,2026-04-07 09:45:00,2026-04-07 09:50:00,24168.5,24309.0,2026-04-07 15:45:00,24309.0,stop,140.5,-141.25,-1.0053380782918149,-2825.0
2026-04-08,-1,2026-04-08 09:50:00,2026-04-08 09:55:00,25081.5,25250.75,2026-04-08 15:55:00,25080.75,close,169.25,0.0,0.0,0.0
2026-04-09,-1,2026-04-09 10:15:00,2026-04-09 10:20:00,24990.25,25110.0,2026-04-09 11:30:00,25110.0,stop,119.75,-120.5,-1.0062630480167014,-2410.0
2026-04-10,-1,2026-04-10 10:00:00,2026-04-10 10:05:00,25291.25,25370.25,2026-04-10 10:30:00,25370.25,stop,79.0,-79.75,-1.009493670886076,-1595.0
2026-04-13,1,2026-04-13 09:45:00,2026-04-13 09:50:00,25272.5,25175.0,2026-04-13 15:55:00,25538.75,close,97.5,265.5,2.723076923076923,5310.0
2026-04-14,1,2026-04-14 10:05:00,2026-04-14 10:10:00,25759.5,25657.0,2026-04-14 15:55:00,26001.75,close,102.5,241.5,2.3560975609756096,4830.0
2026-04-15,1,2026-04-15 09:55:00,2026-04-15 10:00:00,26070.25,25983.25,2026-04-15 15:55:00,26365.25,close,87.0,294.25,3.382183908045977,5885.0
2026-04-16,-1,2026-04-16 09:50:00,2026-04-16 09:55:00,26283.5,26454.25,2026-04-16 11:05:00,26454.25,stop,170.75,-171.5,-1.0043923865300146,-3430.0
2026-04-17,1,2026-04-17 10:00:00,2026-04-17 10:05:00,26751.25,26630.5,2026-04-17 15:55:00,26828.75,close,120.75,76.75,0.6356107660455487,1535.0
2026-04-20,-1,2026-04-20 10:25:00,2026-04-20 10:30:00,26731.0,26828.75,2026-04-20 15:55:00,26746.75,close,97.75,-16.5,-0.1687979539641943,-330.0
2026-04-21,1,2026-04-21 09:55:00,2026-04-21 10:00:00,26839.75,26727.75,2026-04-21 11:00:00,26727.75,stop,112.0,-112.75,-1.0066964285714286,-2255.0
2026-04-22,1,2026-04-22 10:10:00,2026-04-22 10:15:00,26924.25,26814.5,2026-04-22 15:55:00,27080.5,close,109.75,155.5,1.4168564920273348,3110.0
2026-04-24,-1,2026-04-24 09:50:00,2026-04-24 09:55:00,27174.0,27261.0,2026-04-24 10:10:00,27261.0,stop,87.0,-87.75,-1.0086206896551724,-1755.0
2026-04-27,-1,2026-04-27 09:45:00,2026-04-27 09:50:00,27352.0,27436.0,2026-04-27 13:30:00,27436.0,stop,84.0,-84.75,-1.0089285714285714,-1695.0
2026-04-29,1,2026-04-29 09:50:00,2026-04-29 09:55:00,27227.25,27125.25,2026-04-29 15:55:00,27338.25,close,102.0,110.25,1.0808823529411764,2205.0
2026-04-30,-1,2026-04-30 09:50:00,2026-04-30 09:55:00,27244.75,27492.5,2026-04-30 13:30:00,27492.5,stop,247.75,-248.5,-1.0030272452068618,-4970.0
2026-05-01,1,2026-05-01 09:55:00,2026-05-01 10:00:00,27874.5,27618.75,2026-05-01 15:55:00,27838.25,close,255.75,-37.0,-0.1446725317693059,-740.0
2026-05-04,1,2026-05-04 10:10:00,2026-05-04 10:15:00,27893.75,27809.25,2026-05-04 11:15:00,27809.25,stop,84.5,-85.25,-1.0088757396449703,-1705.0
2026-05-05,1,2026-05-05 10:20:00,2026-05-05 10:25:00,28109.0,27972.0,2026-05-05 15:55:00,28136.75,close,137.0,27.0,0.1970802919708029,540.0
2026-05-06,1,2026-05-06 10:30:00,2026-05-06 10:35:00,28486.5,28337.0,2026-05-06 15:55:00,28711.75,close,149.5,224.5,1.5016722408026757,4490.0
2026-05-07,1,2026-05-07 09:50:00,2026-05-07 09:55:00,28788.5,28721.75,2026-05-07 12:05:00,28721.75,stop,66.75,-67.5,-1.0112359550561798,-1350.0
2026-05-08,1,2026-05-08 09:45:00,2026-05-08 09:50:00,29067.5,28860.5,2026-05-08 15:55:00,29340.75,close,207.0,272.5,1.316425120772947,5450.0
2026-05-12,-1,2026-05-12 09:55:00,2026-05-12 10:00:00,29130.0,29286.75,2026-05-12 15:55:00,29175.25,close,156.75,-46.0,-0.2934609250398724,-920.0
2026-05-13,-1,2026-05-13 09:45:00,2026-05-13 09:50:00,29136.75,29289.5,2026-05-13 10:50:00,29289.5,stop,152.75,-153.5,-1.004909983633388,-3070.0
2026-05-14,1,2026-05-14 09:45:00,2026-05-14 09:50:00,29667.0,29459.5,2026-05-14 15:55:00,29687.75,close,207.5,20.0,0.0963855421686747,400.0
2026-05-15,-1,2026-05-15 09:55:00,2026-05-15 10:00:00,29145.0,29292.0,2026-05-15 10:10:00,29292.0,stop,147.0,-147.75,-1.0051020408163265,-2955.0
2026-05-18,-1,2026-05-18 10:25:00,2026-05-18 10:30:00,29155.0,29357.25,2026-05-18 15:55:00,29099.75,close,202.25,54.5,0.2694684796044499,1090.0
2026-05-19,-1,2026-05-19 10:05:00,2026-05-19 10:10:00,28793.5,29069.0,2026-05-19 13:05:00,29069.0,stop,275.5,-276.25,-1.002722323049002,-5525.0
2026-05-20,1,2026-05-20 10:15:00,2026-05-20 10:20:00,29169.25,29024.25,2026-05-20 15:55:00,29397.25,close,145.0,227.25,1.5672413793103448,4545.0
2026-05-21,1,2026-05-21 09:50:00,2026-05-21 09:55:00,29295.25,29175.0,2026-05-21 10:20:00,29175.0,stop,120.25,-121.0,-1.0062370062370063,-2420.0
2026-05-25,1,2026-05-25 09:50:00,2026-05-25 09:55:00,29992.0,29940.75,2026-05-25 10:30:00,29940.75,stop,51.25,-52.0,-1.0146341463414634,-1040.0
2026-05-26,1,2026-05-26 09:45:00,2026-05-26 09:50:00,29974.75,29827.75,2026-05-26 15:55:00,30080.75,close,147.0,105.25,0.7159863945578231,2105.0
2026-05-27,-1,2026-05-27 10:20:00,2026-05-27 10:25:00,29967.0,30193.0,2026-05-27 15:55:00,30048.25,close,226.0,-82.0,-0.3628318584070796,-1640.0
2026-05-28,1,2026-05-28 10:10:00,2026-05-28 10:15:00,30162.0,29944.25,2026-05-28 15:55:00,30307.25,close,217.75,144.5,0.6636050516647531,2890.0
2026-05-29,1,2026-05-29 09:45:00,2026-05-29 09:50:00,30487.25,30365.75,2026-05-29 10:25:00,30365.75,stop,121.5,-122.25,-1.0061728395061729,-2445.0
2026-06-02,1,2026-06-02 09:55:00,2026-06-02 10:00:00,30604.0,30424.75,2026-06-02 15:55:00,30708.25,close,179.25,103.5,0.5774058577405857,2070.0
2026-06-03,-1,2026-06-03 09:45:00,2026-06-03 09:50:00,30525.0,30808.75,2026-06-03 15:55:00,30636.75,close,283.75,-112.5,-0.3964757709251101,-2250.0
2026-06-04,-1,2026-06-04 10:00:00,2026-06-04 10:05:00,30198.25,30365.5,2026-06-04 11:00:00,30365.5,stop,167.25,-168.0,-1.0044843049327354,-3360.0
2026-06-05,-1,2026-06-05 09:45:00,2026-06-05 09:50:00,29858.5,30101.5,2026-06-05 15:55:00,29017.0,close,243.0,840.75,3.4598765432098766,16815.0
2026-06-08,-1,2026-06-08 09:55:00,2026-06-08 10:00:00,29351.25,29585.0,2026-06-08 10:35:00,29585.0,stop,233.75,-234.5,-1.0032085561497326,-4690.0
2026-06-09,1,2026-06-09 09:45:00,2026-06-09 09:50:00,29845.25,29634.25,2026-06-09 10:00:00,29634.25,stop,211.0,-211.75,-1.003554502369668,-4235.0
2026-06-10,1,2026-06-10 10:20:00,2026-06-10 10:25:00,29218.5,28773.5,2026-06-10 11:10:00,28773.5,stop,445.0,-445.75,-1.0016853932584269,-8915.0
2026-06-11,1,2026-06-11 09:50:00,2026-06-11 09:55:00,28968.75,28651.75,2026-06-11 10:55:00,28651.75,stop,317.0,-317.75,-1.002365930599369,-6355.0
2026-06-12,1,2026-06-12 10:05:00,2026-06-12 10:10:00,29579.25,29264.5,2026-06-12 15:55:00,29649.75,close,314.75,69.75,0.221604447974583,1395.0
2026-06-15,1,2026-06-15 09:45:00,2026-06-15 09:50:00,30781.25,30604.75,2026-06-15 15:55:00,30873.25,close,176.5,91.25,0.5169971671388102,1825.0
2026-06-16,-1,2026-06-16 10:15:00,2026-06-16 10:20:00,30739.75,30860.5,2026-06-16 15:55:00,30310.0,close,120.75,429.0,3.5527950310559007,8580.0
2026-06-17,-1,2026-06-17 09:55:00,2026-06-17 10:00:00,30346.0,30527.75,2026-06-17 10:20:00,30527.75,stop,181.75,-182.5,-1.0041265474552958,-3650.0
2026-06-22,1,2026-06-22 09:55:00,2026-06-22 10:00:00,30936.25,30756.75,2026-06-22 10:25:00,30756.75,stop,179.5,-180.25,-1.004178272980501,-3605.0
2026-06-23,1,2026-06-23 09:50:00,2026-06-23 09:55:00,29875.75,29616.5,2026-06-23 14:45:00,29616.5,stop,259.25,-260.0,-1.0028929604628736,-5200.0
2026-06-24,-1,2026-06-24 10:15:00,2026-06-24 10:20:00,29582.5,29841.5,2026-06-24 10:45:00,29841.5,stop,259.0,-259.75,-1.002895752895753,-5195.0
2026-06-25,-1,2026-06-25 09:50:00,2026-06-25 09:55:00,29421.75,30193.0,2026-06-25 15:55:00,29748.75,close,771.25,-327.75,-0.4249594813614262,-6555.0
2026-06-26,1,2026-06-26 09:55:00,2026-06-26 10:00:00,29444.0,29181.5,2026-06-26 15:55:00,29312.25,close,262.5,-132.5,-0.5047619047619047,-2650.0
2026-06-29,-1,2026-06-29 10:00:00,2026-06-29 10:05:00,29543.75,29795.0,2026-06-29 11:30:00,29795.0,stop,251.25,-252.0,-1.0029850746268656,-5040.0
2026-06-30,1,2026-06-30 09:50:00,2026-06-30 09:55:00,30293.75,30033.0,2026-06-30 15:55:00,30513.75,close,260.75,219.25,0.840843720038351,4385.0
