date,side,signal_ts,failure_ts,reassert_ts,entry_ts,entry,stop,exit_ts,exit,reason,risk,net_points,netR,dollars
2008-01-02,-1,2008-01-02 10:00:00,2008-01-02 10:15:00,2008-01-02 10:35:00,2008-01-02 10:40:00,4729.25,4737.75,2008-01-02 12:00:00,4701.75,thesis_flip,8.5,26.75,3.1470588235294117,535.0
2008-01-11,-1,2008-01-11 10:05:00,2008-01-11 10:20:00,2008-01-11 11:00:00,2008-01-11 11:05:00,4571.0,4580.0,2008-01-11 11:30:00,4580.0,stop,9.0,-9.75,-1.0833333333333333,-195.0
2008-01-15,-1,2008-01-15 10:10:00,2008-01-15 10:35:00,2008-01-15 10:40:00,2008-01-15 10:45:00,4551.75,4567.5,2008-01-15 11:15:00,4559.0,thesis_flip,15.75,-8.0,-0.5079365079365079,-160.0
2008-01-22,1,2008-01-22 10:00:00,2008-01-22 10:25:00,2008-01-22 11:00:00,2008-01-22 11:05:00,4435.75,4416.25,2008-01-22 11:25:00,4439.25,thesis_flip,19.5,2.75,0.14102564102564102,55.0
2008-01-23,1,2008-01-23 09:55:00,2008-01-23 10:05:00,2008-01-23 10:15:00,2008-01-23 10:20:00,4397.5,4380.0,2008-01-23 10:35:00,4386.75,thesis_flip,17.5,-11.5,-0.6571428571428571,-230.0
2008-01-24,1,2008-01-24 09:45:00,2008-01-24 10:40:00,2008-01-24 11:25:00,2008-01-24 11:30:00,4449.75,4429.25,2008-01-24 12:30:00,4441.5,thesis_flip,20.5,-9.0,-0.43902439024390244,-180.0
2008-01-28,1,2008-01-28 10:25:00,2008-01-28 10:40:00,2008-01-28 10:45:00,2008-01-28 10:50:00,4435.5,4425.25,2008-01-28 11:20:00,4431.0,thesis_flip,10.25,-5.25,-0.5121951219512195,-105.0
2008-01-29,-1,2008-01-29 09:50:00,2008-01-29 10:30:00,2008-01-29 11:20:00,2008-01-29 11:25:00,4440.25,4445.5,2008-01-29 11:30:00,4445.5,stop,5.25,-6.0,-1.1428571428571428,-120.0
2008-01-31,1,2008-01-31 10:05:00,2008-01-31 10:30:00,2008-01-31 10:55:00,2008-01-31 11:00:00,4435.25,4425.25,2008-01-31 12:10:00,4455.75,thesis_flip,10.0,19.75,1.975,395.0
2008-02-04,-1,2008-02-04 10:05:00,2008-02-04 10:25:00,2008-02-04 10:30:00,2008-02-04 10:35:00,4476.75,4487.0,2008-02-04 10:55:00,4482.0,thesis_flip,10.25,-6.0,-0.5853658536585366,-120.0
2008-02-05,1,2008-02-05 09:55:00,2008-02-05 10:10:00,2008-02-05 10:25:00,2008-02-05 10:30:00,4448.25,4438.75,2008-02-05 10:45:00,4440.25,thesis_flip,9.5,-8.75,-0.9210526315789473,-175.0
2008-02-06,1,2008-02-06 10:00:00,2008-02-06 10:30:00,2008-02-06 11:00:00,2008-02-06 11:05:00,4428.75,4413.75,2008-02-06 11:35:00,4426.5,thesis_flip,15.0,-3.0,-0.2,-60.0
2008-02-12,1,2008-02-12 10:00:00,2008-02-12 10:15:00,2008-02-12 10:30:00,2008-02-12 10:35:00,4442.75,4437.75,2008-02-12 10:40:00,4437.75,stop,5.0,-5.75,-1.15,-115.0
2008-02-15,1,2008-02-15 09:45:00,2008-02-15 10:10:00,2008-02-15 10:30:00,2008-02-15 10:35:00,4419.75,4407.5,2008-02-15 10:55:00,4413.25,thesis_flip,12.25,-7.25,-0.5918367346938775,-145.0
2008-02-19,-1,2008-02-19 09:55:00,2008-02-19 10:20:00,2008-02-19 10:30:00,2008-02-19 10:35:00,4428.25,4435.0,2008-02-19 11:35:00,4425.5,thesis_flip,6.75,2.0,0.2962962962962963,40.0
2008-02-21,-1,2008-02-21 10:00:00,2008-02-21 10:45:00,2008-02-21 10:50:00,2008-02-21 10:55:00,4421.5,4439.0,2008-02-21 11:50:00,4422.0,thesis_flip,17.5,-1.25,-0.07142857142857142,-25.0
2008-02-27,1,2008-02-27 09:45:00,2008-02-27 10:20:00,2008-02-27 10:35:00,2008-02-27 10:40:00,4422.5,4413.5,2008-02-27 11:35:00,4429.5,thesis_flip,9.0,6.25,0.6944444444444444,125.0
2008-03-04,-1,2008-03-04 10:30:00,2008-03-04 10:50:00,2008-03-04 10:55:00,2008-03-04 11:00:00,4347.75,4354.0,2008-03-04 11:20:00,4349.0,thesis_flip,6.25,-2.0,-0.32,-40.0
2008-03-06,-1,2008-03-06 10:00:00,2008-03-06 10:25:00,2008-03-06 10:40:00,2008-03-06 10:45:00,4383.75,4390.0,2008-03-06 11:40:00,4381.25,thesis_flip,6.25,1.75,0.28,35.0
2008-03-11,-1,2008-03-11 10:00:00,2008-03-11 10:40:00,2008-03-11 11:10:00,2008-03-11 11:15:00,4334.0,4340.75,2008-03-11 11:30:00,4336.75,thesis_flip,6.75,-3.5,-0.5185185185185185,-70.0
2008-03-19,-1,2008-03-19 09:55:00,2008-03-19 10:20:00,2008-03-19 10:30:00,2008-03-19 10:35:00,4381.25,4398.5,2008-03-19 10:50:00,4386.75,thesis_flip,17.25,-6.25,-0.36231884057971014,-125.0
2008-03-20,1,2008-03-20 10:20:00,2008-03-20 10:45:00,2008-03-20 10:50:00,2008-03-20 10:55:00,4358.25,4352.0,2008-03-20 11:15:00,4356.0,thesis_flip,6.25,-3.0,-0.48,-60.0
2008-03-25,-1,2008-03-25 09:55:00,2008-03-25 10:20:00,2008-03-25 11:15:00,2008-03-25 11:20:00,4444.75,4450.25,2008-03-25 11:35:00,4450.25,stop,5.5,-6.25,-1.1363636363636365,-125.0
2008-03-26,-1,2008-03-26 09:50:00,2008-03-26 10:20:00,2008-03-26 10:30:00,2008-03-26 10:35:00,4434.75,4446.25,2008-03-26 11:00:00,4439.0,thesis_flip,11.5,-5.0,-0.43478260869565216,-100.0
2008-04-03,1,2008-04-03 10:10:00,2008-04-03 10:40:00,2008-04-03 11:05:00,2008-04-03 11:10:00,4475.0,4467.0,2008-04-03 12:25:00,4481.0,thesis_flip,8.0,5.25,0.65625,105.0
2008-04-08,1,2008-04-08 09:50:00,2008-04-08 10:25:00,2008-04-08 10:45:00,2008-04-08 10:50:00,4488.0,4474.5,2008-04-08 11:40:00,4485.75,thesis_flip,13.5,-3.0,-0.2222222222222222,-60.0
2008-04-09,-1,2008-04-09 09:55:00,2008-04-09 10:30:00,2008-04-09 11:20:00,2008-04-09 11:25:00,4459.0,4471.25,2008-04-09 12:30:00,4455.25,thesis_flip,12.25,3.0,0.24489795918367346,60.0
2008-04-11,-1,2008-04-11 10:05:00,2008-04-11 10:30:00,2008-04-11 11:00:00,2008-04-11 11:05:00,4453.25,4459.25,2008-04-11 11:40:00,4454.75,thesis_flip,6.0,-2.25,-0.375,-45.0
2008-04-14,1,2008-04-14 10:30:00,2008-04-14 10:50:00,2008-04-14 10:55:00,2008-04-14 11:00:00,4430.5,4426.0,2008-04-14 11:15:00,4426.75,thesis_flip,4.5,-4.5,-1.0,-90.0
2008-04-15,-1,2008-04-15 09:45:00,2008-04-15 10:30:00,2008-04-15 10:40:00,2008-04-15 10:45:00,4413.75,4427.5,2008-04-15 11:50:00,4412.5,thesis_flip,13.75,0.5,0.03636363636363636,10.0
2008-04-17,-1,2008-04-17 10:00:00,2008-04-17 10:25:00,2008-04-17 11:25:00,2008-04-17 11:30:00,4464.25,4476.5,2008-04-17 12:10:00,4465.25,thesis_flip,12.25,-1.75,-0.14285714285714285,-35.0
2008-04-22,-1,2008-04-22 10:25:00,2008-04-22 11:10:00,2008-04-22 11:30:00,2008-04-22 11:35:00,4522.0,4527.75,2008-04-22 13:05:00,4502.5,thesis_flip,5.75,18.75,3.260869565217391,375.0
2008-04-28,1,2008-04-28 10:10:00,2008-04-28 10:25:00,2008-04-28 10:30:00,2008-04-28 10:35:00,4558.0,4553.5,2008-04-28 10:50:00,4556.25,thesis_flip,4.5,-2.5,-0.5555555555555556,-50.0
2008-05-02,-1,2008-05-02 09:50:00,2008-05-02 10:05:00,2008-05-02 10:20:00,2008-05-02 10:25:00,4614.5,4625.0,2008-05-02 11:10:00,4610.0,thesis_flip,10.5,3.75,0.35714285714285715,75.0
2008-05-06,-1,2008-05-06 09:45:00,2008-05-06 10:25:00,2008-05-06 10:30:00,2008-05-06 10:35:00,4591.0,4594.75,2008-05-06 10:40:00,4594.75,stop,3.75,-4.5,-1.2,-90.0
2008-05-07,1,2008-05-07 09:45:00,2008-05-07 10:15:00,2008-05-07 10:25:00,2008-05-07 10:30:00,4621.25,4613.75,2008-05-07 11:00:00,4620.0,thesis_flip,7.5,-2.0,-0.26666666666666666,-40.0
2008-05-15,1,2008-05-15 09:45:00,2008-05-15 10:10:00,2008-05-15 10:15:00,2008-05-15 10:20:00,4629.75,4623.25,2008-05-15 11:20:00,4630.25,thesis_flip,6.5,-0.25,-0.038461538461538464,-5.0
2008-05-20,-1,2008-05-20 10:00:00,2008-05-20 10:20:00,2008-05-20 10:35:00,2008-05-20 10:40:00,4620.25,4629.5,2008-05-20 11:00:00,4627.25,thesis_flip,9.25,-7.75,-0.8378378378378378,-155.0
2008-05-21,-1,2008-05-21 10:05:00,2008-05-21 10:15:00,2008-05-21 10:50:00,2008-05-21 10:55:00,4620.25,4633.25,2008-05-21 11:55:00,4622.0,thesis_flip,13.0,-2.5,-0.19230769230769232,-50.0
2008-05-26,1,2008-05-26 09:45:00,2008-05-26 10:05:00,2008-05-26 11:00:00,2008-05-26 11:05:00,4591.0,4589.5,2008-05-26 11:20:00,4590.75,thesis_flip,1.5,-1.0,-0.6666666666666666,-20.0
2008-05-27,1,2008-05-27 09:45:00,2008-05-27 10:10:00,2008-05-27 10:45:00,2008-05-27 10:50:00,4606.0,4597.75,2008-05-27 11:10:00,4602.0,thesis_flip,8.25,-4.75,-0.5757575757575758,-95.0
2008-05-29,1,2008-05-29 09:45:00,2008-05-29 10:40:00,2008-05-29 10:45:00,2008-05-29 10:50:00,4642.0,4628.5,2008-05-29 11:05:00,4637.5,thesis_flip,13.5,-5.25,-0.3888888888888889,-105.0
2008-05-30,1,2008-05-30 09:50:00,2008-05-30 10:00:00,2008-05-30 10:20:00,2008-05-30 10:25:00,4661.75,4651.5,2008-05-30 13:15:00,4660.25,thesis_flip,10.25,-2.25,-0.21951219512195122,-45.0
2008-06-02,-1,2008-06-02 09:50:00,2008-06-02 10:20:00,2008-06-02 11:00:00,2008-06-02 11:05:00,4631.0,4649.0,2008-06-02 12:00:00,4632.25,thesis_flip,18.0,-2.0,-0.1111111111111111,-40.0
2008-06-04,1,2008-06-04 09:45:00,2008-06-04 10:15:00,2008-06-04 10:25:00,2008-06-04 10:30:00,4640.75,4626.75,2008-06-04 11:35:00,4655.5,thesis_flip,14.0,14.0,1.0,280.0
2008-06-06,-1,2008-06-06 10:05:00,2008-06-06 10:20:00,2008-06-06 10:40:00,2008-06-06 10:45:00,4648.5,4658.5,2008-06-06 12:40:00,4646.25,thesis_flip,10.0,1.5,0.15,30.0
2008-06-09,-1,2008-06-09 09:45:00,2008-06-09 10:20:00,2008-06-09 10:35:00,2008-06-09 10:40:00,4601.5,4617.25,2008-06-09 11:25:00,4602.25,thesis_flip,15.75,-1.5,-0.09523809523809523,-30.0
2008-06-16,1,2008-06-16 10:15:00,2008-06-16 10:30:00,2008-06-16 10:55:00,2008-06-16 11:00:00,4601.5,4582.25,2008-06-16 11:20:00,4597.75,thesis_flip,19.25,-4.5,-0.23376623376623376,-90.0
2008-06-20,-1,2008-06-20 09:45:00,2008-06-20 10:05:00,2008-06-20 10:30:00,2008-06-20 10:35:00,4560.25,4578.5,2008-06-20 10:55:00,4561.0,thesis_flip,18.25,-1.5,-0.0821917808219178,-30.0
2008-06-23,-1,2008-06-23 09:50:00,2008-06-23 10:45:00,2008-06-23 10:50:00,2008-06-23 10:55:00,4538.5,4555.25,2008-06-23 11:35:00,4539.5,thesis_flip,16.75,-1.75,-0.1044776119402985,-35.0
2008-06-26,-1,2008-06-26 10:10:00,2008-06-26 10:45:00,2008-06-26 10:55:00,2008-06-26 11:00:00,4496.0,4516.0,2008-06-26 11:35:00,4499.5,thesis_flip,20.0,-4.25,-0.2125,-85.0
2008-06-27,1,2008-06-27 10:30:00,2008-06-27 11:15:00,2008-06-27 11:25:00,2008-06-27 11:30:00,4469.5,4461.25,2008-06-27 12:35:00,4473.0,thesis_flip,8.25,2.75,0.3333333333333333,55.0
2008-07-02,-1,2008-07-02 09:50:00,2008-07-02 10:20:00,2008-07-02 11:00:00,2008-07-02 11:05:00,4477.75,4490.25,2008-07-02 11:20:00,4478.5,thesis_flip,12.5,-1.5,-0.12,-30.0
2008-07-07,1,2008-07-07 09:55:00,2008-07-07 10:25:00,2008-07-07 10:35:00,2008-07-07 10:40:00,4465.5,4456.0,2008-07-07 11:05:00,4456.0,stop,9.5,-10.25,-1.0789473684210527,-205.0
2008-07-09,-1,2008-07-09 09:50:00,2008-07-09 10:25:00,2008-07-09 10:35:00,2008-07-09 10:40:00,4478.75,4486.75,2008-07-09 10:55:00,4481.5,thesis_flip,8.0,-3.5,-0.4375,-70.0
2008-07-10,-1,2008-07-10 10:15:00,2008-07-10 11:00:00,2008-07-10 11:25:00,2008-07-10 11:30:00,4446.5,4460.0,2008-07-10 12:05:00,4457.5,thesis_flip,13.5,-11.75,-0.8703703703703703,-235.0
2008-07-11,1,2008-07-11 09:50:00,2008-07-11 10:30:00,2008-07-11 10:50:00,2008-07-11 10:55:00,4433.5,4424.0,2008-07-11 11:15:00,4424.0,stop,9.5,-10.25,-1.0789473684210527,-205.0
2008-07-14,-1,2008-07-14 09:55:00,2008-07-14 10:30:00,2008-07-14 11:05:00,2008-07-14 11:10:00,4427.5,4442.25,2008-07-14 12:20:00,4422.0,thesis_flip,14.75,4.75,0.3220338983050847,95.0
2008-07-17,-1,2008-07-17 09:55:00,2008-07-17 10:25:00,2008-07-17 11:00:00,2008-07-17 11:05:00,4452.75,4468.25,2008-07-17 11:25:00,4457.5,thesis_flip,15.5,-5.5,-0.3548387096774194,-110.0
2008-07-21,-1,2008-07-21 10:20:00,2008-07-21 10:35:00,2008-07-21 11:30:00,2008-07-21 11:35:00,4441.25,4447.75,2008-07-21 12:30:00,4432.25,thesis_flip,6.5,8.25,1.2692307692307692,165.0
2008-07-28,-1,2008-07-28 10:10:00,2008-07-28 10:20:00,2008-07-28 11:00:00,2008-07-28 11:05:00,4452.0,4462.25,2008-07-28 13:15:00,4434.75,thesis_flip,10.25,16.5,1.6097560975609757,330.0
2008-08-12,1,2008-08-12 10:00:00,2008-08-12 10:45:00,2008-08-12 11:05:00,2008-08-12 11:10:00,4566.5,4553.5,2008-08-12 12:00:00,4565.0,thesis_flip,13.0,-2.25,-0.17307692307692307,-45.0
2008-08-14,1,2008-08-14 09:55:00,2008-08-14 10:55:00,2008-08-14 11:15:00,2008-08-14 11:20:00,4578.25,4560.0,2008-08-14 12:30:00,4576.5,thesis_flip,18.25,-2.5,-0.136986301369863,-50.0
2008-08-15,-1,2008-08-15 09:50:00,2008-08-15 10:20:00,2008-08-15 11:05:00,2008-08-15 11:10:00,4581.5,4588.75,2008-08-15 11:35:00,4586.25,thesis_flip,7.25,-5.5,-0.7586206896551724,-110.0
2008-08-19,-1,2008-08-19 09:45:00,2008-08-19 10:10:00,2008-08-19 10:50:00,2008-08-19 10:55:00,4533.5,4545.0,2008-08-19 11:30:00,4538.25,thesis_flip,11.5,-5.5,-0.4782608695652174,-110.0
2008-08-20,-1,2008-08-20 09:45:00,2008-08-20 10:05:00,2008-08-20 10:25:00,2008-08-20 10:30:00,4527.5,4536.75,2008-08-20 10:35:00,4536.75,stop,9.25,-10.0,-1.0810810810810811,-200.0
2008-08-22,1,2008-08-22 09:45:00,2008-08-22 09:55:00,2008-08-22 10:15:00,2008-08-22 10:20:00,4546.5,4537.0,2008-08-22 10:55:00,4543.0,thesis_flip,9.5,-4.25,-0.4473684210526316,-85.0
2008-08-29,-1,2008-08-29 10:00:00,2008-08-29 10:45:00,2008-08-29 11:20:00,2008-08-29 11:25:00,4489.75,4506.5,2008-08-29 12:20:00,4485.0,thesis_flip,16.75,4.0,0.23880597014925373,80.0
2008-09-08,-1,2008-09-08 09:50:00,2008-09-08 10:30:00,2008-09-08 10:50:00,2008-09-08 10:55:00,4381.75,4398.25,2008-09-08 11:15:00,4380.25,thesis_flip,16.5,0.75,0.045454545454545456,15.0
2008-09-16,1,2008-09-16 10:00:00,2008-09-16 10:35:00,2008-09-16 10:50:00,2008-09-16 10:55:00,4343.5,4327.0,2008-09-16 11:25:00,4332.0,thesis_flip,16.5,-12.25,-0.7424242424242424,-245.0
2008-09-18,-1,2008-09-18 09:45:00,2008-09-18 10:20:00,2008-09-18 10:40:00,2008-09-18 10:45:00,4278.75,4306.0,2008-09-18 11:35:00,4265.5,thesis_flip,27.25,12.5,0.45871559633027525,250.0
2008-09-25,1,2008-09-25 10:05:00,2008-09-25 10:40:00,2008-09-25 11:25:00,2008-09-25 11:30:00,4322.25,4310.25,2008-09-25 12:05:00,4318.25,thesis_flip,12.0,-4.75,-0.3958333333333333,-95.0
2008-09-30,1,2008-09-30 10:20:00,2008-09-30 10:50:00,2008-09-30 11:30:00,2008-09-30 11:35:00,4188.0,4173.0,2008-09-30 12:15:00,4185.25,thesis_flip,15.0,-3.5,-0.23333333333333334,-70.0
2008-10-03,1,2008-10-03 10:30:00,2008-10-03 10:55:00,2008-10-03 11:30:00,2008-10-03 11:35:00,4174.0,4158.75,2008-10-03 11:50:00,4168.25,thesis_flip,15.25,-6.5,-0.4262295081967213,-130.0
2008-10-07,-1,2008-10-07 09:50:00,2008-10-07 10:45:00,2008-10-07 11:20:00,2008-10-07 11:25:00,4023.75,4051.5,2008-10-07 11:45:00,4034.0,thesis_flip,27.75,-11.0,-0.3963963963963964,-220.0
2008-10-08,1,2008-10-08 10:00:00,2008-10-08 10:25:00,2008-10-08 11:15:00,2008-10-08 11:20:00,3971.75,3945.75,2008-10-08 11:40:00,3967.5,thesis_flip,26.0,-5.0,-0.19230769230769232,-100.0
2008-10-09,-1,2008-10-09 10:25:00,2008-10-09 10:45:00,2008-10-09 11:00:00,2008-10-09 11:05:00,3950.25,3978.75,2008-10-09 11:20:00,3971.25,thesis_flip,28.5,-21.75,-0.7631578947368421,-435.0
2008-10-14,-1,2008-10-14 09:45:00,2008-10-14 10:15:00,2008-10-14 10:35:00,2008-10-14 10:40:00,4029.25,4065.5,2008-10-14 11:00:00,4030.0,thesis_flip,36.25,-1.5,-0.041379310344827586,-30.0
2008-10-17,1,2008-10-17 09:55:00,2008-10-17 10:20:00,2008-10-17 10:40:00,2008-10-17 10:45:00,3942.0,3920.75,2008-10-17 11:20:00,3950.25,thesis_flip,21.25,7.5,0.35294117647058826,150.0
2008-10-20,-1,2008-10-20 10:20:00,2008-10-20 10:35:00,2008-10-20 10:40:00,2008-10-20 10:45:00,3935.75,3947.5,2008-10-20 11:25:00,3927.0,thesis_flip,11.75,8.0,0.6808510638297872,160.0
2008-10-24,1,2008-10-24 09:50:00,2008-10-24 10:00:00,2008-10-24 10:50:00,2008-10-24 10:55:00,3819.25,3797.75,2008-10-24 11:15:00,3814.5,thesis_flip,21.5,-5.5,-0.2558139534883721,-110.0
2008-10-30,-1,2008-10-30 10:15:00,2008-10-30 10:45:00,2008-10-30 11:15:00,2008-10-30 11:20:00,3944.75,3956.0,2008-10-30 12:05:00,3939.25,thesis_flip,11.25,4.75,0.4222222222222222,95.0
2008-10-31,1,2008-10-31 10:00:00,2008-10-31 10:20:00,2008-10-31 11:00:00,2008-10-31 11:05:00,3955.25,3942.5,2008-10-31 12:10:00,3958.0,thesis_flip,12.75,2.0,0.1568627450980392,40.0
2008-11-10,-1,2008-11-10 10:00:00,2008-11-10 10:20:00,2008-11-10 10:45:00,2008-11-10 10:50:00,3900.5,3909.0,2008-11-10 11:30:00,3897.0,thesis_flip,8.5,2.75,0.3235294117647059,55.0
2008-11-11,-1,2008-11-11 09:45:00,2008-11-11 10:45:00,2008-11-11 11:00:00,2008-11-11 11:05:00,3835.75,3846.75,2008-11-11 11:25:00,3840.5,thesis_flip,11.0,-5.5,-0.5,-110.0
2008-11-13,-1,2008-11-13 09:45:00,2008-11-13 10:35:00,2008-11-13 10:40:00,2008-11-13 10:45:00,3789.0,3801.75,2008-11-13 11:30:00,3782.75,thesis_flip,12.75,5.5,0.43137254901960786,110.0
2008-11-14,-1,2008-11-14 10:05:00,2008-11-14 10:20:00,2008-11-14 11:00:00,2008-11-14 11:05:00,3810.75,3829.25,2008-11-14 11:20:00,3821.0,thesis_flip,18.5,-11.0,-0.5945945945945946,-220.0
2008-11-18,-1,2008-11-18 10:00:00,2008-11-18 10:35:00,2008-11-18 10:40:00,2008-11-18 10:45:00,3781.5,3791.25,2008-11-18 11:35:00,3779.75,thesis_flip,9.75,1.0,0.10256410256410256,20.0
2008-11-25,-1,2008-11-25 09:50:00,2008-11-25 10:05:00,2008-11-25 10:20:00,2008-11-25 10:25:00,3761.0,3776.0,2008-11-25 11:20:00,3752.75,thesis_flip,15.0,7.5,0.5,150.0
2008-11-26,1,2008-11-26 09:45:00,2008-11-26 10:10:00,2008-11-26 10:15:00,2008-11-26 10:20:00,3781.5,3765.25,2008-11-26 12:05:00,3793.25,thesis_flip,16.25,11.0,0.676923076923077,220.0
2008-11-27,1,2008-11-27 10:00:00,2008-11-27 10:30:00,2008-11-27 11:15:00,2008-11-27 11:20:00,3815.75,3810.75,2008-11-27 11:25:00,3818.5,close,5.0,2.0,0.4,40.0
2008-11-28,-1,2008-11-28 09:50:00,2008-11-28 10:15:00,2008-11-28 10:35:00,2008-11-28 10:40:00,3797.5,3804.75,2008-11-28 11:30:00,3803.0,thesis_flip,7.25,-6.25,-0.8620689655172413,-125.0
2008-12-02,1,2008-12-02 10:10:00,2008-12-02 10:25:00,2008-12-02 10:35:00,2008-12-02 10:40:00,3742.25,3732.75,2008-12-02 11:15:00,3740.0,thesis_flip,9.5,-3.0,-0.3157894736842105,-60.0
2008-12-03,1,2008-12-03 10:00:00,2008-12-03 10:15:00,2008-12-03 10:25:00,2008-12-03 10:30:00,3753.75,3737.75,2008-12-03 11:30:00,3771.5,thesis_flip,16.0,17.0,1.0625,340.0
2008-12-04,1,2008-12-04 10:00:00,2008-12-04 10:45:00,2008-12-04 10:55:00,2008-12-04 11:00:00,3791.75,3771.5,2008-12-04 11:40:00,3781.75,thesis_flip,20.25,-10.75,-0.5308641975308642,-215.0
2008-12-05,-1,2008-12-05 09:45:00,2008-12-05 10:25:00,2008-12-05 10:40:00,2008-12-05 10:45:00,3722.5,3740.5,2008-12-05 11:00:00,3732.5,thesis_flip,18.0,-10.75,-0.5972222222222222,-215.0
2008-12-08,1,2008-12-08 10:05:00,2008-12-08 10:25:00,2008-12-08 10:40:00,2008-12-08 10:45:00,3848.25,3826.75,2008-12-08 11:00:00,3841.0,thesis_flip,21.5,-8.0,-0.37209302325581395,-160.0
2008-12-10,1,2008-12-10 10:15:00,2008-12-10 11:00:00,2008-12-10 11:10:00,2008-12-10 11:15:00,3850.25,3839.5,2008-12-10 12:25:00,3852.25,thesis_flip,10.75,1.25,0.11627906976744186,25.0
2008-12-19,1,2008-12-19 10:10:00,2008-12-19 10:30:00,2008-12-19 10:40:00,2008-12-19 10:45:00,3859.25,3852.25,2008-12-19 11:00:00,3854.75,thesis_flip,7.0,-5.25,-0.75,-105.0
2008-12-22,-1,2008-12-22 10:00:00,2008-12-22 11:00:00,2008-12-22 11:20:00,2008-12-22 11:25:00,3818.0,3826.0,2008-12-22 11:55:00,3812.25,thesis_flip,8.0,5.0,0.625,100.0
2008-12-29,-1,2008-12-29 09:45:00,2008-12-29 10:45:00,2008-12-29 11:05:00,2008-12-29 11:10:00,3783.5,3808.25,2008-12-29 11:35:00,3788.0,thesis_flip,24.75,-5.25,-0.21212121212121213,-105.0
2008-12-31,1,2008-12-31 10:00:00,2008-12-31 10:55:00,2008-12-31 11:15:00,2008-12-31 11:20:00,3837.0,3832.5,2008-12-31 11:45:00,3838.5,thesis_flip,4.5,0.75,0.16666666666666666,15.0
2009-01-12,-1,2009-01-12 10:20:00,2009-01-12 10:50:00,2009-01-12 11:10:00,2009-01-12 11:15:00,3829.0,3835.25,2009-01-12 12:15:00,3823.5,thesis_flip,6.25,4.75,0.76,95.0
2009-01-13,1,2009-01-13 09:45:00,2009-01-13 10:25:00,2009-01-13 10:45:00,2009-01-13 10:50:00,3829.75,3824.25,2009-01-13 11:20:00,3827.75,thesis_flip,5.5,-2.75,-0.5,-55.0
2009-01-15,-1,2009-01-15 09:45:00,2009-01-15 10:20:00,2009-01-15 11:15:00,2009-01-15 11:20:00,3767.0,3777.25,2009-01-15 11:35:00,3773.5,thesis_flip,10.25,-7.25,-0.7073170731707317,-145.0
2009-01-16,-1,2009-01-16 10:15:00,2009-01-16 10:40:00,2009-01-16 11:05:00,2009-01-16 11:10:00,3805.75,3815.75,2009-01-16 11:25:00,3808.25,thesis_flip,10.0,-3.25,-0.325,-65.0
2009-01-19,-1,2009-01-19 09:45:00,2009-01-19 10:20:00,2009-01-19 10:25:00,2009-01-19 10:30:00,3807.0,3815.5,2009-01-19 10:50:00,3807.5,thesis_flip,8.5,-1.25,-0.14705882352941177,-25.0
2009-01-22,1,2009-01-22 10:15:00,2009-01-22 10:40:00,2009-01-22 11:10:00,2009-01-22 11:15:00,3779.75,3774.5,2009-01-22 11:35:00,3774.5,stop,5.25,-6.0,-1.1428571428571428,-120.0
2009-01-23,1,2009-01-23 09:50:00,2009-01-23 10:25:00,2009-01-23 11:00:00,2009-01-23 11:05:00,3786.25,3773.75,2009-01-23 12:00:00,3785.25,thesis_flip,12.5,-1.75,-0.14,-35.0
2009-01-30,-1,2009-01-30 09:45:00,2009-01-30 10:15:00,2009-01-30 10:25:00,2009-01-30 10:30:00,3810.0,3831.25,2009-01-30 10:45:00,3811.25,thesis_flip,21.25,-2.0,-0.09411764705882353,-40.0
2009-02-11,-1,2009-02-11 10:05:00,2009-02-11 10:20:00,2009-02-11 10:25:00,2009-02-11 10:30:00,3842.5,3851.75,2009-02-11 10:45:00,3843.25,thesis_flip,9.25,-1.5,-0.16216216216216217,-30.0
2009-02-12,1,2009-02-12 10:20:00,2009-02-12 10:30:00,2009-02-12 10:45:00,2009-02-12 10:50:00,3844.25,3834.25,2009-02-12 11:20:00,3837.75,thesis_flip,10.0,-7.25,-0.725,-145.0
2009-02-17,-1,2009-02-17 09:45:00,2009-02-17 10:20:00,2009-02-17 11:30:00,2009-02-17 11:35:00,3809.25,3820.75,2009-02-17 12:05:00,3811.0,thesis_flip,11.5,-2.5,-0.21739130434782608,-50.0
2009-02-20,1,2009-02-20 09:45:00,2009-02-20 10:10:00,2009-02-20 11:25:00,2009-02-20 11:30:00,3787.25,3781.75,2009-02-20 12:45:00,3785.75,thesis_flip,5.5,-2.25,-0.4090909090909091,-45.0
2009-02-23,-1,2009-02-23 09:45:00,2009-02-23 10:15:00,2009-02-23 10:30:00,2009-02-23 10:35:00,3776.0,3787.5,2009-02-23 10:50:00,3777.75,thesis_flip,11.5,-2.5,-0.21739130434782608,-50.0
2009-03-03,-1,2009-03-03 10:10:00,2009-03-03 10:35:00,2009-03-03 11:00:00,2009-03-03 11:05:00,3700.5,3712.25,2009-03-03 12:05:00,3701.25,thesis_flip,11.75,-1.5,-0.1276595744680851,-30.0
2009-03-10,1,2009-03-10 09:45:00,2009-03-10 10:20:00,2009-03-10 10:45:00,2009-03-10 10:50:00,3716.0,3697.75,2009-03-10 11:05:00,3709.5,thesis_flip,18.25,-7.25,-0.3972602739726027,-145.0
2009-03-12,1,2009-03-12 10:05:00,2009-03-12 10:25:00,2009-03-12 10:40:00,2009-03-12 10:45:00,3759.5,3747.0,2009-03-12 11:05:00,3758.25,thesis_flip,12.5,-2.0,-0.16,-40.0
2009-03-13,1,2009-03-13 10:05:00,2009-03-13 10:35:00,2009-03-13 10:40:00,2009-03-13 10:45:00,3784.75,3778.75,2009-03-13 11:00:00,3780.75,thesis_flip,6.0,-4.75,-0.7916666666666666,-95.0
2009-03-17,1,2009-03-17 09:50:00,2009-03-17 10:05:00,2009-03-17 10:45:00,2009-03-17 10:50:00,3791.5,3782.5,2009-03-17 11:05:00,3788.5,thesis_flip,9.0,-3.75,-0.4166666666666667,-75.0
2009-03-18,-1,2009-03-18 10:30:00,2009-03-18 11:00:00,2009-03-18 11:15:00,2009-03-18 11:20:00,3814.25,3819.5,2009-03-18 11:55:00,3817.0,thesis_flip,5.25,-3.5,-0.6666666666666666,-70.0
2009-03-19,-1,2009-03-19 09:50:00,2009-03-19 10:15:00,2009-03-19 10:50:00,2009-03-19 10:55:00,3836.25,3845.25,2009-03-19 12:35:00,3833.0,thesis_flip,9.0,2.5,0.2777777777777778,50.0
2009-03-20,1,2009-03-20 09:50:00,2009-03-20 10:00:00,2009-03-20 10:25:00,2009-03-20 10:30:00,3842.5,3835.5,2009-03-20 11:10:00,3837.0,thesis_flip,7.0,-6.25,-0.8928571428571429,-125.0
2009-03-25,1,2009-03-25 09:55:00,2009-03-25 10:15:00,2009-03-25 10:35:00,2009-03-25 10:40:00,3887.75,3879.5,2009-03-25 11:00:00,3881.25,thesis_flip,8.25,-7.25,-0.8787878787878788,-145.0
2009-03-27,-1,2009-03-27 10:05:00,2009-03-27 10:30:00,2009-03-27 11:00:00,2009-03-27 11:05:00,3887.25,3893.5,2009-03-27 11:20:00,3893.5,stop,6.25,-7.0,-1.12,-140.0
2009-04-01,1,2009-04-01 10:00:00,2009-04-01 10:50:00,2009-04-01 11:25:00,2009-04-01 11:30:00,3869.0,3846.25,2009-04-01 12:25:00,3876.25,thesis_flip,22.75,6.5,0.2857142857142857,130.0
2009-04-03,-1,2009-04-03 10:00:00,2009-04-03 10:35:00,2009-04-03 10:40:00,2009-04-03 10:45:00,3923.75,3930.5,2009-04-03 11:00:00,3930.5,stop,6.75,-7.5,-1.1111111111111112,-150.0
2009-04-06,-1,2009-04-06 09:45:00,2009-04-06 10:15:00,2009-04-06 10:25:00,2009-04-06 10:30:00,3916.25,3929.25,2009-04-06 11:20:00,3919.25,thesis_flip,13.0,-3.75,-0.28846153846153844,-75.0
2009-04-17,1,2009-04-17 10:05:00,2009-04-17 10:20:00,2009-04-17 10:45:00,2009-04-17 10:50:00,3971.0,3966.5,2009-04-17 11:05:00,3967.75,thesis_flip,4.5,-4.0,-0.8888888888888888,-80.0
2009-04-21,1,2009-04-21 09:50:00,2009-04-21 10:45:00,2009-04-21 11:00:00,2009-04-21 11:05:00,3947.75,3938.5,2009-04-21 11:40:00,3948.75,thesis_flip,9.25,0.25,0.02702702702702703,5.0
2009-04-23,-1,2009-04-23 10:00:00,2009-04-23 10:15:00,2009-04-23 10:40:00,2009-04-23 10:45:00,3961.5,3970.75,2009-04-23 11:55:00,3955.0,thesis_flip,9.25,5.75,0.6216216216216216,115.0
2009-04-24,1,2009-04-24 10:10:00,2009-04-24 10:35:00,2009-04-24 11:25:00,2009-04-24 11:30:00,3993.5,3980.25,2009-04-24 12:05:00,3998.0,thesis_flip,13.25,3.75,0.2830188679245283,75.0
2009-04-27,1,2009-04-27 09:45:00,2009-04-27 10:25:00,2009-04-27 10:55:00,2009-04-27 11:00:00,4010.5,3992.75,2009-04-27 11:20:00,4006.75,thesis_flip,17.75,-4.5,-0.2535211267605634,-90.0
2009-05-01,-1,2009-05-01 09:45:00,2009-05-01 10:10:00,2009-05-01 10:15:00,2009-05-01 10:20:00,4011.25,4021.0,2009-05-01 10:45:00,4014.25,thesis_flip,9.75,-3.75,-0.38461538461538464,-75.0
2009-05-05,-1,2009-05-05 09:45:00,2009-05-05 10:10:00,2009-05-05 10:20:00,2009-05-05 10:25:00,4043.25,4049.75,2009-05-05 11:45:00,4043.5,thesis_flip,6.5,-1.0,-0.15384615384615385,-20.0
2009-05-13,-1,2009-05-13 10:00:00,2009-05-13 10:25:00,2009-05-13 10:35:00,2009-05-13 10:40:00,3980.75,3987.75,2009-05-13 11:25:00,3979.5,thesis_flip,7.0,0.5,0.07142857142857142,10.0
2009-05-14,1,2009-05-14 10:00:00,2009-05-14 10:35:00,2009-05-14 10:55:00,2009-05-14 11:00:00,3983.0,3978.25,2009-05-14 13:15:00,3988.25,thesis_flip,4.75,4.5,0.9473684210526315,90.0
2009-05-15,1,2009-05-15 09:45:00,2009-05-15 10:15:00,2009-05-15 10:20:00,2009-05-15 10:25:00,3995.5,3988.25,2009-05-15 11:10:00,3997.0,thesis_flip,7.25,0.75,0.10344827586206896,15.0
2009-05-22,-1,2009-05-22 09:45:00,2009-05-22 10:00:00,2009-05-22 10:30:00,2009-05-22 10:35:00,3994.5,4000.0,2009-05-22 10:45:00,4000.0,stop,5.5,-6.25,-1.1363636363636365,-125.0
2009-05-25,1,2009-05-25 10:00:00,2009-05-25 11:00:00,2009-05-25 11:20:00,2009-05-25 11:25:00,3991.0,3985.0,2009-05-25 11:25:00,3992.5,close,6.0,0.75,0.125,15.0
2009-06-03,-1,2009-06-03 09:50:00,2009-06-03 10:05:00,2009-06-03 10:15:00,2009-06-03 10:20:00,4093.5,4098.25,2009-06-03 10:35:00,4098.25,stop,4.75,-5.5,-1.1578947368421053,-110.0
2009-06-08,-1,2009-06-08 09:55:00,2009-06-08 10:30:00,2009-06-08 11:25:00,2009-06-08 11:30:00,4099.25,4105.0,2009-06-08 12:40:00,4100.75,thesis_flip,5.75,-2.25,-0.391304347826087,-45.0
2009-06-11,1,2009-06-11 09:45:00,2009-06-11 11:10:00,2009-06-11 11:15:00,2009-06-11 11:20:00,4133.0,4127.25,2009-06-11 11:35:00,4131.25,thesis_flip,5.75,-2.5,-0.43478260869565216,-50.0
2009-06-12,-1,2009-06-12 09:55:00,2009-06-12 10:50:00,2009-06-12 10:55:00,2009-06-12 11:00:00,4108.0,4113.5,2009-06-12 11:35:00,4106.75,thesis_flip,5.5,0.5,0.09090909090909091,10.0
2009-06-15,-1,2009-06-15 09:45:00,2009-06-15 10:45:00,2009-06-15 11:05:00,2009-06-15 11:10:00,4078.5,4096.25,2009-06-15 11:35:00,4080.5,thesis_flip,17.75,-2.75,-0.15492957746478872,-55.0
2009-06-16,1,2009-06-16 10:00:00,2009-06-16 10:30:00,2009-06-16 10:35:00,2009-06-16 10:40:00,4097.75,4091.25,2009-06-16 11:50:00,4093.25,thesis_flip,6.5,-5.25,-0.8076923076923077,-105.0
2009-06-17,-1,2009-06-17 09:55:00,2009-06-17 10:15:00,2009-06-17 10:20:00,2009-06-17 10:25:00,4076.0,4083.25,2009-06-17 10:55:00,4077.25,thesis_flip,7.25,-2.0,-0.27586206896551724,-40.0
2009-06-18,1,2009-06-18 09:55:00,2009-06-18 10:35:00,2009-06-18 11:00:00,2009-06-18 11:05:00,4086.0,4082.0,2009-06-18 11:35:00,4083.0,thesis_flip,4.0,-3.75,-0.9375,-75.0
2009-06-19,1,2009-06-19 09:55:00,2009-06-19 10:25:00,2009-06-19 10:45:00,2009-06-19 10:50:00,4106.5,4101.5,2009-06-19 11:35:00,4104.0,thesis_flip,5.0,-3.25,-0.65,-65.0
2009-06-23,-1,2009-06-23 10:10:00,2009-06-23 10:30:00,2009-06-23 10:40:00,2009-06-23 10:45:00,4045.75,4054.0,2009-06-23 11:00:00,4049.25,thesis_flip,8.25,-4.25,-0.5151515151515151,-85.0
2009-06-24,1,2009-06-24 09:50:00,2009-06-24 10:20:00,2009-06-24 10:45:00,2009-06-24 10:50:00,4087.75,4070.75,2009-06-24 11:10:00,4085.0,thesis_flip,17.0,-3.5,-0.20588235294117646,-70.0
2009-06-29,-1,2009-06-29 09:45:00,2009-06-29 10:20:00,2009-06-29 10:40:00,2009-06-29 10:45:00,4111.25,4114.25,2009-06-29 10:45:00,4114.25,stop,3.0,-3.75,-1.25,-75.0
2009-07-01,1,2009-07-01 09:55:00,2009-07-01 10:10:00,2009-07-01 10:15:00,2009-07-01 10:20:00,4125.0,4115.5,2009-07-01 10:55:00,4125.25,thesis_flip,9.5,-0.5,-0.05263157894736842,-10.0
2009-07-02,-1,2009-07-02 10:05:00,2009-07-02 10:25:00,2009-07-02 11:20:00,2009-07-02 11:25:00,4078.75,4083.25,2009-07-02 12:05:00,4079.25,thesis_flip,4.5,-1.25,-0.2777777777777778,-25.0
2009-07-08,-1,2009-07-08 09:50:00,2009-07-08 10:40:00,2009-07-08 10:55:00,2009-07-08 11:00:00,4035.25,4047.0,2009-07-08 11:45:00,4033.0,thesis_flip,11.75,1.5,0.1276595744680851,30.0
2009-07-15,1,2009-07-15 10:20:00,2009-07-15 11:05:00,2009-07-15 11:15:00,2009-07-15 11:20:00,4121.75,4116.5,2009-07-15 11:50:00,4121.5,thesis_flip,5.25,-1.0,-0.19047619047619047,-20.0
2009-07-16,1,2009-07-16 09:50:00,2009-07-16 10:10:00,2009-07-16 10:25:00,2009-07-16 10:30:00,4135.75,4129.75,2009-07-16 11:00:00,4134.0,thesis_flip,6.0,-2.5,-0.4166666666666667,-50.0
2009-07-20,1,2009-07-20 09:50:00,2009-07-20 10:25:00,2009-07-20 11:25:00,2009-07-20 11:30:00,4166.0,4160.25,2009-07-20 13:15:00,4168.25,thesis_flip,5.75,1.5,0.2608695652173913,30.0
2009-07-21,-1,2009-07-21 10:00:00,2009-07-21 10:35:00,2009-07-21 10:45:00,2009-07-21 10:50:00,4170.75,4176.5,2009-07-21 13:30:00,4166.75,thesis_flip,5.75,3.25,0.5652173913043478,65.0
2009-07-22,1,2009-07-22 09:50:00,2009-07-22 10:15:00,2009-07-22 10:50:00,2009-07-22 10:55:00,4189.25,4184.25,2009-07-22 11:50:00,4191.5,thesis_flip,5.0,1.5,0.3,30.0
2009-07-24,-1,2009-07-24 09:55:00,2009-07-24 10:10:00,2009-07-24 10:40:00,2009-07-24 10:45:00,4212.75,4218.0,2009-07-24 11:20:00,4214.0,thesis_flip,5.25,-2.0,-0.38095238095238093,-40.0
2009-08-04,1,2009-08-04 09:55:00,2009-08-04 10:05:00,2009-08-04 10:10:00,2009-08-04 10:15:00,4256.5,4252.25,2009-08-04 10:20:00,4252.25,stop,4.25,-5.0,-1.1764705882352942,-100.0
2009-08-11,-1,2009-08-11 09:45:00,2009-08-11 10:05:00,2009-08-11 10:25:00,2009-08-11 10:30:00,4224.0,4231.5,2009-08-11 11:45:00,4222.0,thesis_flip,7.5,1.25,0.16666666666666666,25.0
2009-08-25,1,2009-08-25 09:55:00,2009-08-25 10:25:00,2009-08-25 10:35:00,2009-08-25 10:40:00,4276.5,4271.0,2009-08-25 12:45:00,4282.0,thesis_flip,5.5,4.75,0.8636363636363636,95.0
2009-08-28,-1,2009-08-28 09:55:00,2009-08-28 10:15:00,2009-08-28 10:20:00,2009-08-28 10:25:00,4280.5,4288.5,2009-08-28 11:25:00,4280.5,thesis_flip,8.0,-0.75,-0.09375,-15.0
2009-09-02,1,2009-09-02 09:50:00,2009-09-02 10:10:00,2009-09-02 10:40:00,2009-09-02 10:45:00,4230.75,4221.25,2009-09-02 11:10:00,4230.25,thesis_flip,9.5,-1.25,-0.13157894736842105,-25.0
2009-09-14,1,2009-09-14 09:55:00,2009-09-14 10:55:00,2009-09-14 11:15:00,2009-09-14 11:20:00,4320.25,4312.25,2009-09-14 11:45:00,4317.75,thesis_flip,8.0,-3.25,-0.40625,-65.0
2009-09-16,-1,2009-09-16 09:50:00,2009-09-16 10:15:00,2009-09-16 10:20:00,2009-09-16 10:25:00,4337.0,4340.5,2009-09-16 10:40:00,4338.25,thesis_flip,3.5,-2.0,-0.5714285714285714,-40.0
2009-09-17,1,2009-09-17 09:50:00,2009-09-17 10:15:00,2009-09-17 10:35:00,2009-09-17 10:40:00,4360.75,4355.0,2009-09-17 11:10:00,4360.5,thesis_flip,5.75,-1.0,-0.17391304347826086,-20.0
2009-09-18,-1,2009-09-18 10:00:00,2009-09-18 10:40:00,2009-09-18 10:45:00,2009-09-18 10:50:00,4355.75,4359.0,2009-09-18 11:00:00,4359.0,stop,3.25,-4.0,-1.2307692307692308,-80.0
2009-09-22,-1,2009-09-22 09:45:00,2009-09-22 10:00:00,2009-09-22 10:25:00,2009-09-22 10:30:00,4366.0,4369.5,2009-09-22 11:10:00,4365.75,thesis_flip,3.5,-0.5,-0.14285714285714285,-10.0
2009-09-23,-1,2009-09-23 09:55:00,2009-09-23 10:20:00,2009-09-23 10:35:00,2009-09-23 10:40:00,4366.0,4374.0,2009-09-23 11:25:00,4368.5,thesis_flip,8.0,-3.25,-0.40625,-65.0
2009-09-24,-1,2009-09-24 09:50:00,2009-09-24 10:10:00,2009-09-24 10:15:00,2009-09-24 10:20:00,4341.25,4363.0,2009-09-24 10:55:00,4338.5,thesis_flip,21.75,2.0,0.09195402298850575,40.0
2009-10-02,1,2009-10-02 09:45:00,2009-10-02 10:05:00,2009-10-02 10:20:00,2009-10-02 10:25:00,4305.0,4296.5,2009-10-02 10:50:00,4302.0,thesis_flip,8.5,-3.75,-0.4411764705882353,-75.0
2009-10-07,1,2009-10-07 10:10:00,2009-10-07 10:40:00,2009-10-07 10:50:00,2009-10-07 10:55:00,4338.25,4333.75,2009-10-07 11:35:00,4337.0,thesis_flip,4.5,-2.0,-0.4444444444444444,-40.0
2009-10-08,-1,2009-10-08 10:05:00,2009-10-08 10:25:00,2009-10-08 11:00:00,2009-10-08 11:05:00,4353.0,4356.75,2009-10-08 11:10:00,4356.75,stop,3.75,-4.5,-1.2,-90.0
2009-10-12,1,2009-10-12 09:55:00,2009-10-12 10:35:00,2009-10-12 11:15:00,2009-10-12 11:20:00,4373.25,4370.0,2009-10-12 11:35:00,4371.25,thesis_flip,3.25,-2.75,-0.8461538461538461,-55.0
2009-10-13,-1,2009-10-13 10:00:00,2009-10-13 10:15:00,2009-10-13 10:20:00,2009-10-13 10:25:00,4356.25,4360.75,2009-10-13 10:25:00,4360.75,stop,4.5,-5.25,-1.1666666666666667,-105.0
2009-10-22,-1,2009-10-22 09:55:00,2009-10-22 10:25:00,2009-10-22 10:30:00,2009-10-22 10:35:00,4375.0,4382.75,2009-10-22 10:55:00,4380.5,thesis_flip,7.75,-6.25,-0.8064516129032258,-125.0
2009-10-23,-1,2009-10-23 10:00:00,2009-10-23 10:35:00,2009-10-23 10:55:00,2009-10-23 11:00:00,4389.75,4403.25,2009-10-23 11:50:00,4391.25,thesis_flip,13.5,-2.25,-0.16666666666666666,-45.0
2009-10-27,-1,2009-10-27 09:55:00,2009-10-27 10:45:00,2009-10-27 10:50:00,2009-10-27 10:55:00,4372.0,4382.0,2009-10-27 11:30:00,4371.75,thesis_flip,10.0,-0.5,-0.05,-10.0
2009-11-09,1,2009-11-09 09:50:00,2009-11-09 10:15:00,2009-11-09 10:35:00,2009-11-09 10:40:00,4390.0,4383.75,2009-11-09 11:10:00,4389.75,thesis_flip,6.25,-1.0,-0.16,-20.0
2009-11-12,1,2009-11-12 09:45:00,2009-11-12 10:15:00,2009-11-12 10:40:00,2009-11-12 10:45:00,4424.0,4417.0,2009-11-12 11:00:00,4419.5,thesis_flip,7.0,-5.25,-0.75,-105.0
2009-11-18,-1,2009-11-18 09:50:00,2009-11-18 11:10:00,2009-11-18 11:30:00,2009-11-18 11:35:00,4429.5,4436.5,2009-11-18 13:45:00,4428.5,thesis_flip,7.0,0.25,0.03571428571428571,5.0
2009-11-24,-1,2009-11-24 09:45:00,2009-11-24 10:50:00,2009-11-24 11:15:00,2009-11-24 11:20:00,4416.75,4422.0,2009-11-24 11:55:00,4416.5,thesis_flip,5.25,-0.5,-0.09523809523809523,-10.0
2009-11-25,1,2009-11-25 10:00:00,2009-11-25 10:10:00,2009-11-25 10:15:00,2009-11-25 10:20:00,4428.75,4425.5,2009-11-25 10:25:00,4425.5,stop,3.25,-4.0,-1.2307692307692308,-80.0
2009-12-03,-1,2009-12-03 10:15:00,2009-12-03 10:55:00,2009-12-03 11:15:00,2009-12-03 11:20:00,4433.0,4435.0,2009-12-03 11:30:00,4435.0,stop,2.0,-2.75,-1.375,-55.0
2009-12-11,-1,2009-12-11 09:45:00,2009-12-11 10:10:00,2009-12-11 11:00:00,2009-12-11 11:05:00,4433.75,4444.25,2009-12-11 12:10:00,4423.25,thesis_flip,10.5,9.75,0.9285714285714286,195.0
2009-12-16,1,2009-12-16 09:45:00,2009-12-16 10:50:00,2009-12-16 11:20:00,2009-12-16 11:25:00,4447.75,4443.25,2009-12-16 11:50:00,4446.25,thesis_flip,4.5,-2.25,-0.5,-45.0
2009-12-21,1,2009-12-21 10:00:00,2009-12-21 10:55:00,2009-12-21 11:00:00,2009-12-21 11:05:00,4465.75,4463.25,2009-12-21 11:30:00,4466.75,thesis_flip,2.5,0.25,0.1,5.0
2009-12-23,-1,2009-12-23 10:05:00,2009-12-23 10:20:00,2009-12-23 11:00:00,2009-12-23 11:05:00,4480.5,4482.75,2009-12-23 11:20:00,4482.75,stop,2.25,-3.0,-1.3333333333333333,-60.0
2009-12-29,-1,2009-12-29 10:00:00,2009-12-29 10:20:00,2009-12-29 10:35:00,2009-12-29 10:40:00,4512.0,4513.75,2009-12-29 12:40:00,4509.0,thesis_flip,1.75,2.25,1.2857142857142858,45.0
2010-01-07,-1,2010-01-07 09:45:00,2010-01-07 11:00:00,2010-01-07 11:15:00,2010-01-07 11:20:00,4511.0,4517.0,2010-01-07 12:20:00,4510.75,thesis_flip,6.0,-0.5,-0.08333333333333333,-10.0
2010-01-11,-1,2010-01-11 09:55:00,2010-01-11 10:35:00,2010-01-11 11:05:00,2010-01-11 11:10:00,4514.25,4523.5,2010-01-11 11:40:00,4517.75,thesis_flip,9.25,-4.25,-0.4594594594594595,-85.0
2010-01-14,1,2010-01-14 09:45:00,2010-01-14 10:15:00,2010-01-14 11:10:00,2010-01-14 11:15:00,4521.0,4515.75,2010-01-14 11:55:00,4519.25,thesis_flip,5.25,-2.5,-0.47619047619047616,-50.0
2010-01-18,1,2010-01-18 10:05:00,2010-01-18 10:35:00,2010-01-18 10:50:00,2010-01-18 10:55:00,4509.75,4506.0,2010-01-18 11:25:00,4511.75,close,3.75,1.25,0.3333333333333333,25.0
2010-01-27,-1,2010-01-27 10:15:00,2010-01-27 10:40:00,2010-01-27 10:45:00,2010-01-27 10:50:00,4432.0,4439.25,2010-01-27 10:55:00,4439.25,stop,7.25,-8.0,-1.103448275862069,-160.0
2010-02-01,1,2010-02-01 09:45:00,2010-02-01 10:15:00,2010-02-01 10:20:00,2010-02-01 10:25:00,4391.25,4381.0,2010-02-01 10:45:00,4385.75,thesis_flip,10.25,-6.25,-0.6097560975609756,-125.0
2010-02-03,1,2010-02-03 09:50:00,2010-02-03 10:15:00,2010-02-03 11:05:00,2010-02-03 11:10:00,4414.5,4403.0,2010-02-03 11:30:00,4414.5,thesis_flip,11.5,-0.75,-0.06521739130434782,-15.0
2010-02-05,-1,2010-02-05 09:50:00,2010-02-05 10:10:00,2010-02-05 10:45:00,2010-02-05 10:50:00,4375.0,4381.0,2010-02-05 11:20:00,4374.5,thesis_flip,6.0,-0.25,-0.041666666666666664,-5.0
2010-02-12,1,2010-02-12 09:55:00,2010-02-12 10:10:00,2010-02-12 11:10:00,2010-02-12 11:15:00,4399.25,4392.0,2010-02-12 13:05:00,4413.0,thesis_flip,7.25,13.0,1.793103448275862,260.0
2010-02-22,-1,2010-02-22 09:45:00,2010-02-22 10:10:00,2010-02-22 10:55:00,2010-02-22 11:00:00,4453.5,4457.25,2010-02-22 12:15:00,4451.25,thesis_flip,3.75,1.5,0.4,30.0
2010-03-01,1,2010-03-01 10:00:00,2010-03-01 10:30:00,2010-03-01 10:40:00,2010-03-01 10:45:00,4475.75,4471.25,2010-03-01 11:25:00,4479.5,thesis_flip,4.5,3.0,0.6666666666666666,60.0
2010-03-03,1,2010-03-03 09:45:00,2010-03-03 10:20:00,2010-03-03 10:50:00,2010-03-03 10:55:00,4496.0,4490.75,2010-03-03 11:40:00,4496.0,thesis_flip,5.25,-0.75,-0.14285714285714285,-15.0
2010-03-19,-1,2010-03-19 09:45:00,2010-03-19 10:15:00,2010-03-19 10:30:00,2010-03-19 10:35:00,4572.0,4583.5,2010-03-19 11:45:00,4571.25,thesis_flip,11.5,0.0,0.0,0.0
2010-03-23,-1,2010-03-23 10:00:00,2010-03-23 10:40:00,2010-03-23 10:55:00,2010-03-23 11:00:00,4587.0,4595.25,2010-03-23 11:15:00,4588.0,thesis_flip,8.25,-1.75,-0.21212121212121213,-35.0
2010-03-25,-1,2010-03-25 09:45:00,2010-03-25 10:30:00,2010-03-25 10:50:00,2010-03-25 10:55:00,4604.25,4609.25,2010-03-25 11:10:00,4608.0,thesis_flip,5.0,-4.5,-0.9,-90.0
2010-03-31,-1,2010-03-31 09:45:00,2010-03-31 10:05:00,2010-03-31 10:40:00,2010-03-31 10:45:00,4603.5,4607.5,2010-03-31 11:00:00,4605.0,thesis_flip,4.0,-2.25,-0.5625,-45.0
2010-04-06,1,2010-04-06 09:45:00,2010-04-06 09:55:00,2010-04-06 10:10:00,2010-04-06 10:15:00,4612.25,4609.5,2010-04-06 10:50:00,4612.0,thesis_flip,2.75,-1.0,-0.36363636363636365,-20.0
2010-04-07,1,2010-04-07 09:50:00,2010-04-07 10:05:00,2010-04-07 10:10:00,2010-04-07 10:15:00,4623.75,4618.0,2010-04-07 10:40:00,4618.0,stop,5.75,-6.5,-1.1304347826086956,-130.0
2010-04-09,-1,2010-04-09 09:45:00,2010-04-09 10:05:00,2010-04-09 10:25:00,2010-04-09 10:30:00,4621.0,4625.5,2010-04-09 10:45:00,4624.75,thesis_flip,4.5,-4.5,-1.0,-90.0
2010-04-12,-1,2010-04-12 09:55:00,2010-04-12 10:20:00,2010-04-12 10:35:00,2010-04-12 10:40:00,4633.5,4637.0,2010-04-12 10:45:00,4637.0,stop,3.5,-4.25,-1.2142857142857142,-85.0
2010-04-14,1,2010-04-14 09:45:00,2010-04-14 10:20:00,2010-04-14 11:15:00,2010-04-14 11:20:00,4657.25,4652.5,2010-04-14 13:00:00,4661.25,thesis_flip,4.75,3.25,0.6842105263157895,65.0
2010-04-15,1,2010-04-15 09:45:00,2010-04-15 10:25:00,2010-04-15 10:40:00,2010-04-15 10:45:00,4678.0,4668.75,2010-04-15 11:20:00,4677.25,thesis_flip,9.25,-1.5,-0.16216216216216217,-30.0
2010-04-21,-1,2010-04-21 10:15:00,2010-04-21 10:45:00,2010-04-21 10:55:00,2010-04-21 11:00:00,4669.75,4675.75,2010-04-21 11:45:00,4665.75,thesis_flip,6.0,3.25,0.5416666666666666,65.0
2010-04-26,-1,2010-04-26 09:45:00,2010-04-26 10:05:00,2010-04-26 10:15:00,2010-04-26 10:20:00,4686.0,4695.25,2010-04-26 10:55:00,4692.0,thesis_flip,9.25,-6.75,-0.7297297297297297,-135.0
2010-04-29,1,2010-04-29 09:50:00,2010-04-29 10:05:00,2010-04-29 10:20:00,2010-04-29 10:25:00,4668.5,4661.75,2010-04-29 12:10:00,4678.25,thesis_flip,6.75,9.0,1.3333333333333333,180.0
2010-05-03,1,2010-05-03 10:05:00,2010-05-03 11:00:00,2010-05-03 11:20:00,2010-05-03 11:25:00,4660.5,4655.0,2010-05-03 14:05:00,4676.75,thesis_flip,5.5,15.5,2.8181818181818183,310.0
2010-05-05,1,2010-05-05 10:15:00,2010-05-05 10:50:00,2010-05-05 11:20:00,2010-05-05 11:25:00,4603.75,4589.5,2010-05-05 12:15:00,4604.25,thesis_flip,14.25,-0.25,-0.017543859649122806,-5.0
2010-05-07,-1,2010-05-07 10:00:00,2010-05-07 10:10:00,2010-05-07 10:20:00,2010-05-07 10:25:00,4482.5,4510.0,2010-05-07 10:40:00,4491.75,thesis_flip,27.5,-10.0,-0.36363636363636365,-200.0
2010-05-11,1,2010-05-11 09:45:00,2010-05-11 10:00:00,2010-05-11 10:20:00,2010-05-11 10:25:00,4576.75,4568.0,2010-05-11 10:55:00,4575.5,thesis_flip,8.75,-2.0,-0.22857142857142856,-40.0
2010-05-14,-1,2010-05-14 09:45:00,2010-05-14 10:35:00,2010-05-14 11:00:00,2010-05-14 11:05:00,4545.25,4556.5,2010-05-14 12:25:00,4535.5,thesis_flip,11.25,9.0,0.8,180.0
2010-05-17,-1,2010-05-17 10:10:00,2010-05-17 10:25:00,2010-05-17 10:40:00,2010-05-17 10:45:00,4551.75,4560.5,2010-05-17 11:45:00,4540.0,thesis_flip,8.75,11.0,1.2571428571428571,220.0
2010-05-18,-1,2010-05-18 10:00:00,2010-05-18 10:10:00,2010-05-18 10:25:00,2010-05-18 10:30:00,4558.0,4568.25,2010-05-18 11:15:00,4551.25,thesis_flip,10.25,6.0,0.5853658536585366,120.0
2010-05-19,-1,2010-05-19 10:00:00,2010-05-19 10:40:00,2010-05-19 10:45:00,2010-05-19 10:50:00,4506.75,4520.75,2010-05-19 12:00:00,4500.0,thesis_flip,14.0,6.0,0.42857142857142855,120.0
2010-05-21,1,2010-05-21 09:50:00,2010-05-21 10:45:00,2010-05-21 11:00:00,2010-05-21 11:05:00,4452.0,4436.0,2010-05-21 12:00:00,4469.25,thesis_flip,16.0,16.5,1.03125,330.0
2010-05-25,1,2010-05-25 10:00:00,2010-05-25 10:20:00,2010-05-25 10:55:00,2010-05-25 11:00:00,4417.75,4409.0,2010-05-25 11:40:00,4419.25,thesis_flip,8.75,0.75,0.08571428571428572,15.0
2010-05-27,1,2010-05-27 10:25:00,2010-05-27 10:55:00,2010-05-27 11:25:00,2010-05-27 11:30:00,4488.5,4480.5,2010-05-27 12:45:00,4485.5,thesis_flip,8.0,-3.75,-0.46875,-75.0
2010-05-31,-1,2010-05-31 10:10:00,2010-05-31 10:20:00,2010-05-31 11:00:00,2010-05-31 11:05:00,4503.75,4506.75,2010-05-31 11:25:00,4503.25,close,3.0,-0.25,-0.08333333333333333,-5.0
2010-06-02,1,2010-06-02 10:15:00,2010-06-02 10:50:00,2010-06-02 11:00:00,2010-06-02 11:05:00,4494.0,4487.5,2010-06-02 13:15:00,4504.25,thesis_flip,6.5,9.5,1.4615384615384615,190.0
2010-06-04,1,2010-06-04 09:50:00,2010-06-04 10:05:00,2010-06-04 10:10:00,2010-06-04 10:15:00,4519.25,4510.25,2010-06-04 10:55:00,4512.5,thesis_flip,9.0,-7.5,-0.8333333333333334,-150.0
2010-06-08,-1,2010-06-08 09:45:00,2010-06-08 10:25:00,2010-06-08 10:40:00,2010-06-08 10:45:00,4418.75,4439.0,2010-06-08 11:00:00,4424.75,thesis_flip,20.25,-6.75,-0.3333333333333333,-135.0
2010-06-09,-1,2010-06-09 09:45:00,2010-06-09 10:10:00,2010-06-09 10:35:00,2010-06-09 10:40:00,4438.75,4448.25,2010-06-09 10:50:00,4448.25,stop,9.5,-10.25,-1.0789473684210527,-205.0
2010-06-10,1,2010-06-10 09:50:00,2010-06-10 10:20:00,2010-06-10 10:30:00,2010-06-10 10:35:00,4457.0,4449.5,2010-06-10 11:30:00,4456.75,thesis_flip,7.5,-1.0,-0.13333333333333333,-20.0
2010-06-11,1,2010-06-11 09:55:00,2010-06-11 11:25:00,2010-06-11 11:30:00,2010-06-11 11:35:00,4471.25,4462.75,2010-06-11 12:25:00,4472.25,thesis_flip,8.5,0.25,0.029411764705882353,5.0
2010-06-14,1,2010-06-14 09:45:00,2010-06-14 10:05:00,2010-06-14 10:10:00,2010-06-14 10:15:00,4511.75,4505.5,2010-06-14 10:35:00,4512.5,thesis_flip,6.25,0.0,0.0,0.0
2010-06-15,1,2010-06-15 09:50:00,2010-06-15 10:05:00,2010-06-15 10:20:00,2010-06-15 10:25:00,4514.25,4508.5,2010-06-15 11:10:00,4516.5,thesis_flip,5.75,1.5,0.2608695652173913,30.0
2010-06-24,-1,2010-06-24 09:45:00,2010-06-24 10:15:00,2010-06-24 10:30:00,2010-06-24 10:35:00,4498.5,4507.0,2010-06-24 11:40:00,4494.5,thesis_flip,8.5,3.25,0.38235294117647056,65.0
2010-06-25,-1,2010-06-25 09:50:00,2010-06-25 10:10:00,2010-06-25 10:15:00,2010-06-25 10:20:00,4483.0,4490.75,2010-06-25 11:10:00,4479.5,thesis_flip,7.75,2.75,0.3548387096774194,55.0
2010-06-30,1,2010-06-30 09:45:00,2010-06-30 10:15:00,2010-06-30 10:35:00,2010-06-30 10:40:00,4414.5,4407.75,2010-06-30 10:40:00,4407.75,stop,6.75,-7.5,-1.1111111111111112,-150.0
2010-07-02,-1,2010-07-02 09:45:00,2010-07-02 10:05:00,2010-07-02 10:25:00,2010-07-02 10:30:00,4375.5,4380.25,2010-07-02 11:15:00,4374.25,thesis_flip,4.75,0.5,0.10526315789473684,10.0
2010-07-05,-1,2010-07-05 10:15:00,2010-07-05 10:35:00,2010-07-05 11:10:00,2010-07-05 11:15:00,4364.0,4365.75,2010-07-05 11:25:00,4363.75,close,1.75,-0.5,-0.2857142857142857,-10.0
2010-07-13,-1,2010-07-13 09:45:00,2010-07-13 10:20:00,2010-07-13 10:30:00,2010-07-13 10:35:00,4470.5,4478.5,2010-07-13 10:55:00,4471.5,thesis_flip,8.0,-1.75,-0.21875,-35.0
2010-07-14,1,2010-07-14 10:30:00,2010-07-14 10:50:00,2010-07-14 11:15:00,2010-07-14 11:20:00,4499.75,4490.75,2010-07-14 12:05:00,4502.25,thesis_flip,9.0,1.75,0.19444444444444445,35.0
2010-07-21,-1,2010-07-21 09:45:00,2010-07-21 10:05:00,2010-07-21 11:05:00,2010-07-21 11:10:00,4474.0,4483.75,2010-07-21 11:25:00,4475.5,thesis_flip,9.75,-2.25,-0.23076923076923078,-45.0
2010-07-26,1,2010-07-26 10:00:00,2010-07-26 10:25:00,2010-07-26 10:35:00,2010-07-26 10:40:00,4521.25,4515.25,2010-07-26 12:05:00,4526.5,thesis_flip,6.0,4.5,0.75,90.0
2010-07-27,-1,2010-07-27 09:55:00,2010-07-27 10:10:00,2010-07-27 11:15:00,2010-07-27 11:20:00,4522.5,4542.0,2010-07-27 11:40:00,4529.0,thesis_flip,19.5,-7.25,-0.3717948717948718,-145.0
2010-07-28,-1,2010-07-28 10:05:00,2010-07-28 10:55:00,2010-07-28 11:00:00,2010-07-28 11:05:00,4524.0,4528.75,2010-07-28 12:20:00,4525.5,thesis_flip,4.75,-2.25,-0.47368421052631576,-45.0
2010-08-09,-1,2010-08-09 09:50:00,2010-08-09 10:30:00,2010-08-09 10:50:00,2010-08-09 10:55:00,4550.0,4555.0,2010-08-09 11:15:00,4553.25,thesis_flip,5.0,-4.0,-0.8,-80.0
2010-08-16,1,2010-08-16 09:45:00,2010-08-16 09:55:00,2010-08-16 10:05:00,2010-08-16 10:10:00,4466.0,4459.0,2010-08-16 10:55:00,4470.5,thesis_flip,7.0,3.75,0.5357142857142857,75.0
2010-08-18,1,2010-08-18 09:55:00,2010-08-18 10:40:00,2010-08-18 11:00:00,2010-08-18 11:05:00,4489.25,4482.0,2010-08-18 12:05:00,4494.0,thesis_flip,7.25,4.0,0.5517241379310345,80.0
2010-08-19,-1,2010-08-19 09:50:00,2010-08-19 10:45:00,2010-08-19 11:00:00,2010-08-19 11:05:00,4464.75,4484.0,2010-08-19 12:10:00,4459.75,thesis_flip,19.25,4.25,0.22077922077922077,85.0
2010-08-24,-1,2010-08-24 09:50:00,2010-08-24 10:15:00,2010-08-24 10:30:00,2010-08-24 10:35:00,4418.25,4424.5,2010-08-24 10:50:00,4424.5,stop,6.25,-7.0,-1.12,-140.0
2010-08-26,-1,2010-08-26 09:50:00,2010-08-26 10:05:00,2010-08-26 10:20:00,2010-08-26 10:25:00,4437.5,4444.5,2010-08-26 10:40:00,4438.75,thesis_flip,7.0,-2.0,-0.2857142857142857,-40.0
2010-08-27,-1,2010-08-27 09:55:00,2010-08-27 10:35:00,2010-08-27 10:45:00,2010-08-27 10:50:00,4414.5,4423.0,2010-08-27 11:05:00,4423.0,stop,8.5,-9.25,-1.088235294117647,-185.0
2010-08-30,1,2010-08-30 09:55:00,2010-08-30 10:05:00,2010-08-30 10:45:00,2010-08-30 10:50:00,4435.0,4430.25,2010-08-30 11:05:00,4433.75,thesis_flip,4.75,-2.0,-0.42105263157894735,-40.0
2010-08-31,1,2010-08-31 09:45:00,2010-08-31 10:45:00,2010-08-31 11:20:00,2010-08-31 11:25:00,4416.0,4407.5,2010-08-31 11:50:00,4416.25,thesis_flip,8.5,-0.5,-0.058823529411764705,-10.0
2010-09-02,1,2010-09-02 09:45:00,2010-09-02 10:30:00,2010-09-02 11:00:00,2010-09-02 11:05:00,4477.5,4465.75,2010-09-02 12:45:00,4475.75,thesis_flip,11.75,-2.5,-0.2127659574468085,-50.0
2010-09-06,-1,2010-09-06 09:45:00,2010-09-06 10:05:00,2010-09-06 10:20:00,2010-09-06 10:25:00,4515.25,4519.5,2010-09-06 11:00:00,4516.25,thesis_flip,4.25,-1.75,-0.4117647058823529,-35.0
2010-09-08,1,2010-09-08 10:00:00,2010-09-08 10:15:00,2010-09-08 10:35:00,2010-09-08 10:40:00,4521.5,4514.75,2010-09-08 11:00:00,4519.75,thesis_flip,6.75,-2.5,-0.37037037037037035,-50.0
2010-09-09,-1,2010-09-09 09:45:00,2010-09-09 09:55:00,2010-09-09 10:30:00,2010-09-09 10:35:00,4533.75,4539.5,2010-09-09 10:50:00,4535.25,thesis_flip,5.75,-2.25,-0.391304347826087,-45.0
2010-09-10,1,2010-09-10 09:50:00,2010-09-10 10:25:00,2010-09-10 10:55:00,2010-09-10 11:00:00,4537.5,4530.75,2010-09-10 11:20:00,4532.25,thesis_flip,6.75,-6.0,-0.8888888888888888,-120.0
2010-09-17,-1,2010-09-17 09:50:00,2010-09-17 10:10:00,2010-09-17 11:15:00,2010-09-17 11:20:00,4599.5,4602.5,2010-09-17 11:55:00,4598.0,thesis_flip,3.0,0.75,0.25,15.0
2010-09-27,-1,2010-09-27 10:10:00,2010-09-27 10:30:00,2010-09-27 11:00:00,2010-09-27 11:05:00,4660.0,4666.0,2010-09-27 12:05:00,4660.75,thesis_flip,6.0,-1.5,-0.25,-30.0
2010-09-30,-1,2010-09-30 10:20:00,2010-09-30 10:40:00,2010-09-30 10:45:00,2010-09-30 10:50:00,4656.75,4662.5,2010-09-30 11:50:00,4638.5,thesis_flip,5.75,17.5,3.0434782608695654,350.0
2010-10-06,-1,2010-10-06 09:45:00,2010-10-06 10:10:00,2010-10-06 10:15:00,2010-10-06 10:20:00,4657.25,4666.75,2010-10-06 11:30:00,4651.75,thesis_flip,9.5,4.75,0.5,95.0
2010-10-07,-1,2010-10-07 09:45:00,2010-10-07 10:15:00,2010-10-07 11:00:00,2010-10-07 11:05:00,4652.75,4661.75,2010-10-07 11:35:00,4655.25,thesis_flip,9.0,-3.25,-0.3611111111111111,-65.0
2010-10-13,1,2010-10-13 09:45:00,2010-10-13 10:05:00,2010-10-13 10:35:00,2010-10-13 10:40:00,4702.0,4694.5,2010-10-13 11:45:00,4703.0,thesis_flip,7.5,0.25,0.03333333333333333,5.0
2010-11-01,1,2010-11-01 09:45:00,2010-11-01 10:10:00,2010-11-01 10:45:00,2010-11-01 10:50:00,4785.5,4782.5,2010-11-01 10:50:00,4782.5,stop,3.0,-3.75,-1.25,-75.0
2010-11-02,-1,2010-11-02 10:30:00,2010-11-02 10:55:00,2010-11-02 11:25:00,2010-11-02 11:30:00,4789.5,4792.25,2010-11-02 12:05:00,4791.0,thesis_flip,2.75,-2.25,-0.8181818181818182,-45.0
2010-11-11,1,2010-11-11 09:50:00,2010-11-11 10:20:00,2010-11-11 10:55:00,2010-11-11 11:00:00,4808.75,4797.0,2010-11-11 11:30:00,4801.75,thesis_flip,11.75,-7.75,-0.6595744680851063,-155.0
2010-11-17,1,2010-11-17 10:00:00,2010-11-17 10:40:00,2010-11-17 11:10:00,2010-11-17 11:15:00,4752.5,4745.25,2010-11-17 11:40:00,4751.25,thesis_flip,7.25,-2.0,-0.27586206896551724,-40.0
2010-11-22,1,2010-11-22 09:50:00,2010-11-22 10:45:00,2010-11-22 10:50:00,2010-11-22 10:55:00,4782.75,4776.75,2010-11-22 11:00:00,4776.75,stop,6.0,-6.75,-1.125,-135.0
2010-11-26,1,2010-11-26 09:50:00,2010-11-26 10:20:00,2010-11-26 11:05:00,2010-11-26 11:10:00,4801.75,4797.75,2010-11-26 11:30:00,4800.75,thesis_flip,4.0,-1.75,-0.4375,-35.0
2010-12-02,1,2010-12-02 09:55:00,2010-12-02 10:30:00,2010-12-02 10:55:00,2010-12-02 11:00:00,4822.25,4816.5,2010-12-02 11:40:00,4824.25,thesis_flip,5.75,1.25,0.21739130434782608,25.0
2010-12-03,1,2010-12-03 10:00:00,2010-12-03 10:20:00,2010-12-03 10:30:00,2010-12-03 10:35:00,4831.75,4826.75,2010-12-03 11:15:00,4830.5,thesis_flip,5.0,-2.0,-0.4,-40.0
2010-12-06,-1,2010-12-06 09:50:00,2010-12-06 10:15:00,2010-12-06 10:45:00,2010-12-06 10:50:00,4834.75,4839.25,2010-12-06 12:35:00,4832.25,thesis_flip,4.5,1.75,0.3888888888888889,35.0
2010-12-07,-1,2010-12-07 09:45:00,2010-12-07 10:10:00,2010-12-07 10:25:00,2010-12-07 10:30:00,4848.0,4857.0,2010-12-07 10:45:00,4850.5,thesis_flip,9.0,-3.25,-0.3611111111111111,-65.0
2010-12-09,-1,2010-12-09 09:45:00,2010-12-09 10:25:00,2010-12-09 10:40:00,2010-12-09 10:45:00,4846.75,4857.25,2010-12-09 12:00:00,4844.0,thesis_flip,10.5,2.0,0.19047619047619047,40.0
2010-12-14,1,2010-12-14 10:05:00,2010-12-14 10:55:00,2010-12-14 11:15:00,2010-12-14 11:20:00,4862.0,4860.5,2010-12-14 12:20:00,4863.0,thesis_flip,1.5,0.25,0.16666666666666666,5.0
2010-12-17,-1,2010-12-17 10:00:00,2010-12-17 10:30:00,2010-12-17 10:35:00,2010-12-17 10:40:00,4866.0,4868.25,2010-12-17 11:00:00,4866.5,thesis_flip,2.25,-1.25,-0.5555555555555556,-25.0
2010-12-20,-1,2010-12-20 09:45:00,2010-12-20 10:05:00,2010-12-20 10:15:00,2010-12-20 10:20:00,4854.75,4868.0,2010-12-20 10:35:00,4857.25,thesis_flip,13.25,-3.25,-0.24528301886792453,-65.0
2010-12-27,-1,2010-12-27 09:45:00,2010-12-27 10:20:00,2010-12-27 10:50:00,2010-12-27 10:55:00,4860.25,4862.75,2010-12-27 11:10:00,4862.25,thesis_flip,2.5,-2.75,-1.1,-55.0
2010-12-28,-1,2010-12-28 10:10:00,2010-12-28 10:35:00,2010-12-28 10:45:00,2010-12-28 10:50:00,4872.25,4874.75,2010-12-28 12:20:00,4870.75,thesis_flip,2.5,0.75,0.3,15.0
2011-01-04,-1,2011-01-04 10:05:00,2011-01-04 10:35:00,2011-01-04 10:45:00,2011-01-04 10:50:00,4898.5,4903.75,2011-01-04 11:25:00,4894.5,thesis_flip,5.25,3.25,0.6190476190476191,65.0
2011-01-05,1,2011-01-05 09:50:00,2011-01-05 10:20:00,2011-01-05 10:35:00,2011-01-05 10:40:00,4902.5,4894.5,2011-01-05 11:45:00,4911.75,thesis_flip,8.0,8.5,1.0625,170.0
2011-01-06,1,2011-01-06 09:45:00,2011-01-06 10:05:00,2011-01-06 10:20:00,2011-01-06 10:25:00,4922.25,4917.0,2011-01-06 10:55:00,4921.0,thesis_flip,5.25,-2.0,-0.38095238095238093,-40.0
2011-01-11,-1,2011-01-11 09:55:00,2011-01-11 10:05:00,2011-01-11 10:30:00,2011-01-11 10:35:00,4932.25,4937.25,2011-01-11 11:00:00,4936.0,thesis_flip,5.0,-4.5,-0.9,-90.0
2011-01-14,1,2011-01-14 10:10:00,2011-01-14 10:20:00,2011-01-14 10:30:00,2011-01-14 10:35:00,4954.25,4949.75,2011-01-14 11:00:00,4956.5,thesis_flip,4.5,1.5,0.3333333333333333,30.0
2011-01-19,-1,2011-01-19 09:55:00,2011-01-19 10:10:00,2011-01-19 10:20:00,2011-01-19 10:25:00,4962.25,4972.25,2011-01-19 11:35:00,4961.75,thesis_flip,10.0,-0.25,-0.025,-5.0
2011-01-20,-1,2011-01-20 10:15:00,2011-01-20 10:25:00,2011-01-20 10:50:00,2011-01-20 10:55:00,4919.25,4932.0,2011-01-20 11:10:00,4922.25,thesis_flip,12.75,-3.75,-0.29411764705882354,-75.0
2011-01-25,1,2011-01-25 09:50:00,2011-01-25 10:10:00,2011-01-25 10:40:00,2011-01-25 10:45:00,4942.5,4934.5,2011-01-25 11:05:00,4940.75,thesis_flip,8.0,-2.5,-0.3125,-50.0
2011-02-07,1,2011-02-07 09:45:00,2011-02-07 10:05:00,2011-02-07 10:20:00,2011-02-07 10:25:00,4996.75,4987.5,2011-02-07 11:55:00,5001.75,thesis_flip,9.25,4.25,0.4594594594594595,85.0
2011-02-08,1,2011-02-08 09:50:00,2011-02-08 10:10:00,2011-02-08 10:20:00,2011-02-08 10:25:00,5002.5,4996.5,2011-02-08 10:40:00,4998.25,thesis_flip,6.0,-5.0,-0.8333333333333334,-100.0
2011-02-11,1,2011-02-11 09:55:00,2011-02-11 10:30:00,2011-02-11 10:35:00,2011-02-11 10:40:00,5009.25,5003.75,2011-02-11 11:40:00,5014.25,thesis_flip,5.5,4.25,0.7727272727272727,85.0
2011-02-14,1,2011-02-14 09:45:00,2011-02-14 10:00:00,2011-02-14 11:10:00,2011-02-14 11:15:00,5029.5,5025.75,2011-02-14 11:55:00,5029.75,thesis_flip,3.75,-0.5,-0.13333333333333333,-10.0
2011-02-17,1,2011-02-17 09:45:00,2011-02-17 11:05:00,2011-02-17 11:10:00,2011-02-17 11:15:00,5039.75,5035.0,2011-02-17 12:15:00,5044.25,thesis_flip,4.75,3.75,0.7894736842105263,75.0
2011-02-18,-1,2011-02-18 10:10:00,2011-02-18 10:50:00,2011-02-18 10:55:00,2011-02-18 11:00:00,5039.0,5043.5,2011-02-18 11:20:00,5041.0,thesis_flip,4.5,-2.75,-0.6111111111111112,-55.0
2011-02-23,-1,2011-02-23 10:25:00,2011-02-23 10:50:00,2011-02-23 11:10:00,2011-02-23 11:15:00,4956.75,4967.75,2011-02-23 13:00:00,4941.25,thesis_flip,11.0,14.75,1.3409090909090908,295.0
2011-03-01,-1,2011-03-01 10:15:00,2011-03-01 11:05:00,2011-03-01 11:20:00,2011-03-01 11:25:00,4992.0,4996.25,2011-03-01 12:45:00,4975.75,thesis_flip,4.25,15.5,3.6470588235294117,310.0
2011-03-02,1,2011-03-02 10:00:00,2011-03-02 10:20:00,2011-03-02 10:35:00,2011-03-02 10:40:00,4976.75,4968.0,2011-03-02 11:30:00,4977.5,thesis_flip,8.75,0.0,0.0,0.0
2011-03-03,1,2011-03-03 09:45:00,2011-03-03 10:25:00,2011-03-03 10:40:00,2011-03-03 10:45:00,5013.5,5004.75,2011-03-03 11:40:00,5013.5,thesis_flip,8.75,-0.75,-0.08571428571428572,-15.0
2011-03-04,-1,2011-03-04 10:05:00,2011-03-04 11:00:00,2011-03-04 11:05:00,2011-03-04 11:10:00,5009.0,5014.25,2011-03-04 11:35:00,5012.0,thesis_flip,5.25,-3.75,-0.7142857142857143,-75.0
2011-03-07,-1,2011-03-07 09:45:00,2011-03-07 10:20:00,2011-03-07 10:35:00,2011-03-07 10:40:00,4994.75,5014.0,2011-03-07 11:20:00,4981.25,thesis_flip,19.25,12.75,0.6623376623376623,255.0
2011-03-10,-1,2011-03-10 10:05:00,2011-03-10 10:15:00,2011-03-10 10:30:00,2011-03-10 10:35:00,4926.75,4932.75,2011-03-10 10:50:00,4932.75,stop,6.0,-6.75,-1.125,-135.0
2011-03-14,1,2011-03-14 10:00:00,2011-03-14 10:25:00,2011-03-14 10:45:00,2011-03-14 10:50:00,4937.0,4929.5,2011-03-14 10:55:00,4929.5,stop,7.5,-8.25,-1.1,-165.0
2011-03-15,1,2011-03-15 09:45:00,2011-03-15 10:10:00,2011-03-15 10:20:00,2011-03-15 10:25:00,4883.25,4870.5,2011-03-15 11:05:00,4888.75,thesis_flip,12.75,4.75,0.37254901960784315,95.0
2011-03-17,1,2011-03-17 10:25:00,2011-03-17 10:55:00,2011-03-17 11:00:00,2011-03-17 11:05:00,4894.0,4886.25,2011-03-17 11:25:00,4889.5,thesis_flip,7.75,-5.25,-0.6774193548387096,-105.0
2011-03-18,-1,2011-03-18 09:50:00,2011-03-18 10:35:00,2011-03-18 11:25:00,2011-03-18 11:30:00,4870.5,4891.0,2011-03-18 12:10:00,4871.25,thesis_flip,20.5,-1.5,-0.07317073170731707,-30.0
2011-03-22,-1,2011-03-22 09:45:00,2011-03-22 10:00:00,2011-03-22 10:45:00,2011-03-22 10:50:00,4906.0,4913.25,2011-03-22 11:25:00,4905.25,thesis_flip,7.25,0.0,0.0,0.0
2011-03-23,-1,2011-03-23 10:10:00,2011-03-23 10:35:00,2011-03-23 10:45:00,2011-03-23 10:50:00,4886.25,4892.0,2011-03-23 11:00:00,4892.0,stop,5.75,-6.5,-1.1304347826086956,-130.0
2011-03-30,-1,2011-03-30 09:45:00,2011-03-30 10:00:00,2011-03-30 10:05:00,2011-03-30 10:10:00,4974.75,4983.25,2011-03-30 10:35:00,4978.5,thesis_flip,8.5,-4.5,-0.5294117647058824,-90.0
2011-03-31,-1,2011-03-31 10:00:00,2011-03-31 10:55:00,2011-03-31 11:05:00,2011-03-31 11:10:00,4983.5,4988.0,2011-03-31 11:50:00,4980.25,thesis_flip,4.5,2.5,0.5555555555555556,50.0
2011-04-06,-1,2011-04-06 10:10:00,2011-04-06 10:40:00,2011-04-06 11:00:00,2011-04-06 11:05:00,4985.75,4990.25,2011-04-06 11:25:00,4978.0,thesis_flip,4.5,7.0,1.5555555555555556,140.0
2011-04-08,-1,2011-04-08 09:45:00,2011-04-08 10:10:00,2011-04-08 10:15:00,2011-04-08 10:20:00,4977.25,4984.0,2011-04-08 11:35:00,4978.25,thesis_flip,6.75,-1.75,-0.25925925925925924,-35.0
2011-04-12,-1,2011-04-12 09:55:00,2011-04-12 10:35:00,2011-04-12 10:50:00,2011-04-12 10:55:00,4937.5,4946.5,2011-04-12 11:35:00,4940.25,thesis_flip,9.0,-3.5,-0.3888888888888889,-70.0
2011-04-19,-1,2011-04-19 09:50:00,2011-04-19 10:00:00,2011-04-19 10:30:00,2011-04-19 10:35:00,4938.0,4944.0,2011-04-19 12:00:00,4935.5,thesis_flip,6.0,1.75,0.2916666666666667,35.0
2011-04-26,1,2011-04-26 10:20:00,2011-04-26 10:50:00,2011-04-26 10:55:00,2011-04-26 11:00:00,5045.75,5035.75,2011-04-26 11:20:00,5043.5,thesis_flip,10.0,-3.0,-0.3,-60.0
2011-04-27,-1,2011-04-27 10:00:00,2011-04-27 10:35:00,2011-04-27 11:20:00,2011-04-27 11:25:00,5039.25,5044.25,2011-04-27 11:45:00,5042.75,thesis_flip,5.0,-4.25,-0.85,-85.0
2011-04-29,-1,2011-04-29 09:55:00,2011-04-29 10:25:00,2011-04-29 11:15:00,2011-04-29 11:20:00,5052.5,5056.75,2011-04-29 11:45:00,5055.0,thesis_flip,4.25,-3.25,-0.7647058823529411,-65.0
2011-05-02,1,2011-05-02 10:20:00,2011-05-02 10:50:00,2011-05-02 11:05:00,2011-05-02 11:10:00,5062.5,5058.75,2011-05-02 11:20:00,5058.75,stop,3.75,-4.5,-1.2,-90.0
2011-05-03,-1,2011-05-03 10:20:00,2011-05-03 10:35:00,2011-05-03 10:40:00,2011-05-03 10:45:00,5039.25,5045.0,2011-05-03 11:20:00,5042.75,thesis_flip,5.75,-4.25,-0.7391304347826086,-85.0
2011-05-05,1,2011-05-05 09:45:00,2011-05-05 10:05:00,2011-05-05 10:35:00,2011-05-05 10:40:00,5035.75,5026.75,2011-05-05 10:55:00,5032.75,thesis_flip,9.0,-3.75,-0.4166666666666667,-75.0
2011-05-09,1,2011-05-09 10:10:00,2011-05-09 10:35:00,2011-05-09 10:50:00,2011-05-09 10:55:00,5031.25,5023.25,2011-05-09 11:45:00,5029.25,thesis_flip,8.0,-2.75,-0.34375,-55.0
2011-05-11,1,2011-05-11 09:45:00,2011-05-11 10:10:00,2011-05-11 10:15:00,2011-05-11 10:20:00,5060.5,5055.0,2011-05-11 10:35:00,5055.0,stop,5.5,-6.25,-1.1363636363636365,-125.0
2011-05-12,1,2011-05-12 10:05:00,2011-05-12 11:05:00,2011-05-12 11:10:00,2011-05-12 11:15:00,5035.75,5028.25,2011-05-12 12:00:00,5038.5,thesis_flip,7.5,2.0,0.26666666666666666,40.0
2011-05-13,-1,2011-05-13 10:05:00,2011-05-13 11:10:00,2011-05-13 11:15:00,2011-05-13 11:20:00,5036.5,5052.75,2011-05-13 14:10:00,5030.5,thesis_flip,16.25,5.25,0.3230769230769231,105.0
2011-05-17,1,2011-05-17 09:55:00,2011-05-17 10:05:00,2011-05-17 10:10:00,2011-05-17 10:15:00,4978.25,4972.5,2011-05-17 10:40:00,4982.75,thesis_flip,5.75,3.75,0.6521739130434783,75.0
2011-05-19,-1,2011-05-19 10:15:00,2011-05-19 10:25:00,2011-05-19 10:40:00,2011-05-19 10:45:00,5008.0,5014.75,2011-05-19 11:30:00,5008.0,thesis_flip,6.75,-0.75,-0.1111111111111111,-15.0
2011-05-24,-1,2011-05-24 09:45:00,2011-05-24 09:55:00,2011-05-24 10:25:00,2011-05-24 10:30:00,4962.0,4967.75,2011-05-24 11:05:00,4961.25,thesis_flip,5.75,0.0,0.0,0.0
2011-05-25,1,2011-05-25 09:45:00,2011-05-25 10:00:00,2011-05-25 10:25:00,2011-05-25 10:30:00,4957.25,4951.25,2011-05-25 10:50:00,4956.75,thesis_flip,6.0,-1.25,-0.20833333333333334,-25.0
2011-05-26,1,2011-05-26 09:45:00,2011-05-26 10:05:00,2011-05-26 10:20:00,2011-05-26 10:25:00,4963.0,4954.5,2011-05-26 10:55:00,4958.75,thesis_flip,8.5,-5.0,-0.5882352941176471,-100.0
2011-05-31,-1,2011-05-31 09:55:00,2011-05-31 10:25:00,2011-05-31 10:35:00,2011-05-31 10:40:00,4998.75,5007.5,2011-05-31 11:25:00,5001.0,thesis_flip,8.75,-3.0,-0.34285714285714286,-60.0
2011-06-08,-1,2011-06-08 09:45:00,2011-06-08 10:10:00,2011-06-08 10:30:00,2011-06-08 10:35:00,4907.0,4913.25,2011-06-08 10:45:00,4913.25,stop,6.25,-7.0,-1.12,-140.0
2011-06-09,1,2011-06-09 10:00:00,2011-06-09 10:20:00,2011-06-09 10:30:00,2011-06-09 10:35:00,4907.5,4901.75,2011-06-09 11:10:00,4904.5,thesis_flip,5.75,-3.75,-0.6521739130434783,-75.0
2011-06-13,1,2011-06-13 10:25:00,2011-06-13 10:50:00,2011-06-13 11:20:00,2011-06-13 11:25:00,4876.75,4871.25,2011-06-13 11:40:00,4874.0,thesis_flip,5.5,-3.5,-0.6363636363636364,-70.0
2011-06-16,1,2011-06-16 10:10:00,2011-06-16 10:45:00,2011-06-16 11:15:00,2011-06-16 11:20:00,4863.5,4856.25,2011-06-16 11:45:00,4860.75,thesis_flip,7.25,-3.5,-0.4827586206896552,-70.0
2011-06-17,-1,2011-06-17 09:50:00,2011-06-17 10:10:00,2011-06-17 10:20:00,2011-06-17 10:25:00,4853.5,4863.75,2011-06-17 10:40:00,4855.25,thesis_flip,10.25,-2.5,-0.24390243902439024,-50.0
2011-06-20,1,2011-06-20 09:45:00,2011-06-20 10:35:00,2011-06-20 11:20:00,2011-06-20 11:25:00,4846.75,4838.5,2011-06-20 12:55:00,4856.5,thesis_flip,8.25,9.0,1.0909090909090908,180.0
2011-06-22,1,2011-06-22 10:05:00,2011-06-22 10:20:00,2011-06-22 10:50:00,2011-06-22 10:55:00,4899.5,4893.25,2011-06-22 11:25:00,4899.0,thesis_flip,6.25,-1.25,-0.2,-25.0
2011-07-04,1,2011-07-04 09:55:00,2011-07-04 10:20:00,2011-07-04 10:55:00,2011-07-04 11:00:00,5017.25,5013.25,2011-07-04 11:25:00,5017.25,thesis_flip,4.0,-0.75,-0.1875,-15.0
2011-07-08,-1,2011-07-08 10:15:00,2011-07-08 10:35:00,2011-07-08 11:00:00,2011-07-08 11:05:00,5033.0,5043.5,2011-07-08 11:40:00,5036.75,thesis_flip,10.5,-4.5,-0.42857142857142855,-90.0
2011-07-12,-1,2011-07-12 09:45:00,2011-07-12 10:15:00,2011-07-12 10:45:00,2011-07-12 10:50:00,5003.75,5011.5,2011-07-12 11:05:00,5005.25,thesis_flip,7.75,-2.25,-0.2903225806451613,-45.0
2011-07-20,-1,2011-07-20 09:45:00,2011-07-20 10:20:00,2011-07-20 11:20:00,2011-07-20 11:25:00,5046.5,5050.0,2011-07-20 12:55:00,5039.25,thesis_flip,3.5,6.5,1.8571428571428572,130.0
2011-07-21,1,2011-07-21 09:45:00,2011-07-21 10:15:00,2011-07-21 10:20:00,2011-07-21 10:25:00,5061.0,5039.0,2011-07-21 11:00:00,5062.5,thesis_flip,22.0,0.75,0.03409090909090909,15.0
2011-07-28,1,2011-07-28 09:50:00,2011-07-28 10:20:00,2011-07-28 10:40:00,2011-07-28 10:45:00,5034.0,5018.25,2011-07-28 12:15:00,5045.75,thesis_flip,15.75,11.0,0.6984126984126984,220.0
2011-07-29,1,2011-07-29 09:55:00,2011-07-29 10:15:00,2011-07-29 10:20:00,2011-07-29 10:25:00,5010.75,5000.25,2011-07-29 11:30:00,5029.5,thesis_flip,10.5,18.0,1.7142857142857142,360.0
2011-08-02,1,2011-08-02 09:55:00,2011-08-02 10:25:00,2011-08-02 10:40:00,2011-08-02 10:45:00,4998.5,4990.75,2011-08-02 10:50:00,4990.75,stop,7.75,-8.5,-1.096774193548387,-170.0
2011-08-04,-1,2011-08-04 10:15:00,2011-08-04 10:35:00,2011-08-04 10:40:00,2011-08-04 10:45:00,4913.5,4927.5,2011-08-04 12:05:00,4898.5,thesis_flip,14.0,14.25,1.0178571428571428,285.0
2011-08-05,-1,2011-08-05 09:45:00,2011-08-05 10:40:00,2011-08-05 11:00:00,2011-08-05 11:05:00,4836.5,4868.75,2011-08-05 11:30:00,4831.25,thesis_flip,32.25,4.5,0.13953488372093023,90.0
2011-08-08,-1,2011-08-08 10:20:00,2011-08-08 11:00:00,2011-08-08 11:20:00,2011-08-08 11:25:00,4781.0,4794.0,2011-08-08 11:50:00,4779.5,thesis_flip,13.0,0.75,0.057692307692307696,15.0
2011-08-16,1,2011-08-16 10:25:00,2011-08-16 10:40:00,2011-08-16 10:55:00,2011-08-16 11:00:00,4858.25,4847.25,2011-08-16 11:20:00,4848.25,thesis_flip,11.0,-10.75,-0.9772727272727273,-215.0
2011-08-22,-1,2011-08-22 09:50:00,2011-08-22 10:10:00,2011-08-22 10:35:00,2011-08-22 10:40:00,4721.0,4730.75,2011-08-22 12:10:00,4700.25,thesis_flip,9.75,20.0,2.051282051282051,400.0
2011-08-23,1,2011-08-23 09:45:00,2011-08-23 10:10:00,2011-08-23 10:25:00,2011-08-23 10:30:00,4732.25,4713.0,2011-08-23 10:55:00,4732.25,thesis_flip,19.25,-0.75,-0.03896103896103896,-15.0
2011-08-25,-1,2011-08-25 10:00:00,2011-08-25 10:10:00,2011-08-25 10:20:00,2011-08-25 10:25:00,4776.0,4791.5,2011-08-25 11:05:00,4772.25,thesis_flip,15.5,3.0,0.1935483870967742,60.0
2011-08-29,1,2011-08-29 09:45:00,2011-08-29 10:10:00,2011-08-29 10:20:00,2011-08-29 10:25:00,4859.5,4848.5,2011-08-29 11:05:00,4851.75,thesis_flip,11.0,-8.5,-0.7727272727272727,-170.0
2011-08-31,1,2011-08-31 09:50:00,2011-08-31 10:05:00,2011-08-31 10:15:00,2011-08-31 10:20:00,4919.5,4908.25,2011-08-31 10:45:00,4913.25,thesis_flip,11.25,-7.0,-0.6222222222222222,-140.0
2011-09-02,1,2011-09-02 10:05:00,2011-09-02 11:05:00,2011-09-02 11:10:00,2011-09-02 11:15:00,4835.25,4824.0,2011-09-02 11:50:00,4833.0,thesis_flip,11.25,-3.0,-0.26666666666666666,-60.0
2011-09-06,1,2011-09-06 10:00:00,2011-09-06 10:35:00,2011-09-06 10:50:00,2011-09-06 10:55:00,4773.75,4764.75,2011-09-06 11:50:00,4780.0,thesis_flip,9.0,5.5,0.6111111111111112,110.0
2011-09-09,1,2011-09-09 10:25:00,2011-09-09 10:40:00,2011-09-09 10:45:00,2011-09-09 10:50:00,4856.0,4848.75,2011-09-09 11:10:00,4848.75,stop,7.25,-8.0,-1.103448275862069,-160.0
2011-09-12,1,2011-09-12 09:50:00,2011-09-12 11:10:00,2011-09-12 11:15:00,2011-09-12 11:20:00,4816.0,4803.75,2011-09-12 11:55:00,4818.75,thesis_flip,12.25,2.0,0.16326530612244897,40.0
2011-09-16,1,2011-09-16 09:45:00,2011-09-16 10:00:00,2011-09-16 10:10:00,2011-09-16 10:15:00,4960.0,4946.75,2011-09-16 10:30:00,4950.75,thesis_flip,13.25,-10.0,-0.7547169811320755,-200.0
2011-09-23,1,2011-09-23 09:50:00,2011-09-23 10:15:00,2011-09-23 10:25:00,2011-09-23 10:30:00,4838.5,4827.0,2011-09-23 11:05:00,4845.25,thesis_flip,11.5,6.0,0.5217391304347826,120.0
2011-09-29,-1,2011-09-29 09:50:00,2011-09-29 10:35:00,2011-09-29 10:40:00,2011-09-29 10:45:00,4862.75,4902.25,2011-09-29 11:05:00,4865.5,thesis_flip,39.5,-3.5,-0.08860759493670886,-70.0
2011-10-05,1,2011-10-05 10:00:00,2011-10-05 10:25:00,2011-10-05 10:35:00,2011-10-05 10:40:00,4787.5,4765.25,2011-10-05 11:20:00,4799.25,thesis_flip,22.25,11.0,0.4943820224719101,220.0
2011-10-11,1,2011-10-11 09:45:00,2011-10-11 10:15:00,2011-10-11 10:25:00,2011-10-11 10:30:00,4946.25,4928.5,2011-10-11 10:55:00,4946.5,thesis_flip,17.75,-0.5,-0.028169014084507043,-10.0
2011-10-12,1,2011-10-12 09:50:00,2011-10-12 10:10:00,2011-10-12 10:30:00,2011-10-12 10:35:00,4978.5,4965.75,2011-10-12 10:55:00,4974.25,thesis_flip,12.75,-5.0,-0.39215686274509803,-100.0
2011-10-13,1,2011-10-13 09:45:00,2011-10-13 10:00:00,2011-10-13 10:30:00,2011-10-13 10:35:00,4966.5,4953.25,2011-10-13 11:00:00,4955.0,thesis_flip,13.25,-12.25,-0.9245283018867925,-245.0
2011-10-14,-1,2011-10-14 10:25:00,2011-10-14 10:50:00,2011-10-14 11:20:00,2011-10-14 11:25:00,5001.5,5012.0,2011-10-14 12:35:00,5003.25,thesis_flip,10.5,-2.5,-0.23809523809523808,-50.0
2011-10-18,-1,2011-10-18 09:45:00,2011-10-18 10:30:00,2011-10-18 11:00:00,2011-10-18 11:05:00,4984.5,4990.75,2011-10-18 11:35:00,4990.75,stop,6.25,-7.0,-1.12,-140.0
2011-10-19,-1,2011-10-19 09:45:00,2011-10-19 09:55:00,2011-10-19 10:00:00,2011-10-19 10:05:00,4992.25,5000.25,2011-10-19 10:15:00,5000.25,stop,8.0,-8.75,-1.09375,-175.0
2011-10-24,1,2011-10-24 09:45:00,2011-10-24 10:35:00,2011-10-24 11:00:00,2011-10-24 11:05:00,5028.5,5003.75,2011-10-24 11:55:00,5032.75,thesis_flip,24.75,3.5,0.1414141414141414,70.0
2011-10-31,1,2011-10-31 10:30:00,2011-10-31 10:50:00,2011-10-31 11:30:00,2011-10-31 11:35:00,5033.75,5028.5,2011-10-31 12:00:00,5031.75,thesis_flip,5.25,-2.75,-0.5238095238095238,-55.0
2011-11-01,1,2011-11-01 10:25:00,2011-11-01 10:40:00,2011-11-01 11:15:00,2011-11-01 11:20:00,4969.0,4962.0,2011-11-01 11:30:00,4962.0,stop,7.0,-7.75,-1.1071428571428572,-155.0
2011-11-11,1,2011-11-11 10:00:00,2011-11-11 11:00:00,2011-11-11 11:30:00,2011-11-11 11:35:00,5009.0,4994.0,2011-11-11 12:25:00,5010.0,thesis_flip,15.0,0.25,0.016666666666666666,5.0
2011-11-15,1,2011-11-15 09:50:00,2011-11-15 10:05:00,2011-11-15 10:25:00,2011-11-15 10:30:00,4996.25,4989.0,2011-11-15 11:00:00,4993.25,thesis_flip,7.25,-3.75,-0.5172413793103449,-75.0
2011-11-16,1,2011-11-16 09:50:00,2011-11-16 10:20:00,2011-11-16 10:40:00,2011-11-16 10:45:00,5009.5,4999.25,2011-11-16 11:40:00,5012.0,thesis_flip,10.25,1.75,0.17073170731707318,35.0
2011-11-17,-1,2011-11-17 09:45:00,2011-11-17 10:15:00,2011-11-17 10:55:00,2011-11-17 11:00:00,4958.75,4970.25,2011-11-17 11:30:00,4954.25,thesis_flip,11.5,3.75,0.32608695652173914,75.0
2011-11-18,-1,2011-11-18 10:20:00,2011-11-18 11:00:00,2011-11-18 11:05:00,2011-11-18 11:10:00,4923.5,4930.0,2011-11-18 12:30:00,4915.0,thesis_flip,6.5,7.75,1.1923076923076923,155.0
2011-11-22,1,2011-11-22 09:50:00,2011-11-22 10:10:00,2011-11-22 10:20:00,2011-11-22 10:25:00,4870.0,4863.5,2011-11-22 10:40:00,4867.75,thesis_flip,6.5,-3.0,-0.46153846153846156,-60.0
2011-11-24,-1,2011-11-24 09:45:00,2011-11-24 09:55:00,2011-11-24 10:55:00,2011-11-24 11:00:00,4816.25,4820.25,2011-11-24 11:05:00,4820.25,stop,4.0,-4.75,-1.1875,-95.0
2011-11-29,1,2011-11-29 09:50:00,2011-11-29 10:20:00,2011-11-29 10:40:00,2011-11-29 10:45:00,4892.75,4881.5,2011-11-29 11:00:00,4881.5,stop,11.25,-12.0,-1.0666666666666667,-240.0
2011-12-06,-1,2011-12-06 09:45:00,2011-12-06 10:15:00,2011-12-06 10:40:00,2011-12-06 10:45:00,4982.0,4991.5,2011-12-06 13:20:00,4977.5,thesis_flip,9.5,3.75,0.39473684210526316,75.0
2011-12-09,1,2011-12-09 09:50:00,2011-12-09 10:15:00,2011-12-09 10:55:00,2011-12-09 11:00:00,4966.0,4952.75,2011-12-09 12:00:00,4968.75,thesis_flip,13.25,2.0,0.1509433962264151,40.0
2011-12-12,-1,2011-12-12 09:55:00,2011-12-12 10:10:00,2011-12-12 10:15:00,2011-12-12 10:20:00,4935.25,4943.0,2011-12-12 10:45:00,4940.25,thesis_flip,7.75,-5.75,-0.7419354838709677,-115.0
2011-12-19,-1,2011-12-19 09:45:00,2011-12-19 10:10:00,2011-12-19 10:45:00,2011-12-19 10:50:00,4895.5,4907.0,2011-12-19 11:30:00,4888.5,thesis_flip,11.5,6.25,0.5434782608695652,125.0
2011-12-27,1,2011-12-27 09:50:00,2011-12-27 10:55:00,2011-12-27 11:10:00,2011-12-27 11:15:00,4948.5,4943.75,2011-12-27 13:10:00,4951.0,thesis_flip,4.75,1.75,0.3684210526315789,35.0
2011-12-30,1,2011-12-30 09:50:00,2011-12-30 10:25:00,2011-12-30 11:15:00,2011-12-30 11:20:00,4942.75,4938.5,2011-12-30 12:00:00,4941.0,thesis_flip,4.25,-2.5,-0.5882352941176471,-50.0
2012-01-06,-1,2012-01-06 09:50:00,2012-01-06 10:00:00,2012-01-06 10:55:00,2012-01-06 11:00:00,5006.0,5010.25,2012-01-06 11:05:00,5010.25,stop,4.25,-5.0,-1.1764705882352942,-100.0
2012-01-09,-1,2012-01-09 10:00:00,2012-01-09 10:25:00,2012-01-09 10:30:00,2012-01-09 10:35:00,5012.5,5017.5,2012-01-09 11:30:00,5004.75,thesis_flip,5.0,7.0,1.4,140.0
2012-01-16,1,2012-01-16 09:55:00,2012-01-16 10:50:00,2012-01-16 10:55:00,2012-01-16 11:00:00,5039.5,5034.25,2012-01-16 11:25:00,5045.0,close,5.25,4.75,0.9047619047619048,95.0
2012-01-18,1,2012-01-18 09:50:00,2012-01-18 10:05:00,2012-01-18 10:20:00,2012-01-18 10:25:00,5068.0,5059.0,2012-01-18 10:50:00,5067.0,thesis_flip,9.0,-1.75,-0.19444444444444445,-35.0
2012-01-19,1,2012-01-19 09:55:00,2012-01-19 10:25:00,2012-01-19 10:40:00,2012-01-19 10:45:00,5098.0,5090.25,2012-01-19 12:40:00,5099.0,thesis_flip,7.75,0.25,0.03225806451612903,5.0
2012-01-23,1,2012-01-23 09:55:00,2012-01-23 10:50:00,2012-01-23 11:25:00,2012-01-23 11:30:00,5098.25,5095.5,2012-01-23 11:35:00,5095.5,stop,2.75,-3.5,-1.2727272727272727,-70.0
2012-01-24,1,2012-01-24 10:00:00,2012-01-24 10:40:00,2012-01-24 10:45:00,2012-01-24 10:50:00,5096.5,5087.0,2012-01-24 11:05:00,5092.0,thesis_flip,9.5,-5.25,-0.5526315789473685,-105.0
2012-01-25,-1,2012-01-25 10:05:00,2012-01-25 10:15:00,2012-01-25 10:30:00,2012-01-25 10:35:00,5099.25,5106.75,2012-01-25 11:00:00,5105.0,thesis_flip,7.5,-6.5,-0.8666666666666667,-130.0
2012-01-31,-1,2012-01-31 10:00:00,2012-01-31 10:40:00,2012-01-31 10:45:00,2012-01-31 10:50:00,5119.25,5131.5,2012-01-31 12:05:00,5114.5,thesis_flip,12.25,4.0,0.32653061224489793,80.0
2012-02-06,1,2012-02-06 10:00:00,2012-02-06 10:25:00,2012-02-06 10:55:00,2012-02-06 11:00:00,5178.0,5173.75,2012-02-06 12:10:00,5179.25,thesis_flip,4.25,0.5,0.11764705882352941,10.0
2012-02-09,-1,2012-02-09 09:45:00,2012-02-09 10:05:00,2012-02-09 10:20:00,2012-02-09 10:25:00,5203.75,5213.5,2012-02-09 10:45:00,5206.5,thesis_flip,9.75,-3.5,-0.358974358974359,-70.0
2012-02-15,1,2012-02-15 09:50:00,2012-02-15 10:25:00,2012-02-15 10:30:00,2012-02-15 10:35:00,5251.0,5244.25,2012-02-15 11:00:00,5252.5,thesis_flip,6.75,0.75,0.1111111111111111,15.0
2012-02-16,1,2012-02-16 10:00:00,2012-02-16 10:15:00,2012-02-16 10:25:00,2012-02-16 10:30:00,5224.75,5218.5,2012-02-16 10:55:00,5219.5,thesis_flip,6.25,-6.0,-0.96,-120.0
2012-02-22,1,2012-02-22 10:10:00,2012-02-22 10:40:00,2012-02-22 10:50:00,2012-02-22 10:55:00,5247.25,5241.25,2012-02-22 11:15:00,5245.25,thesis_flip,6.0,-2.75,-0.4583333333333333,-55.0
2012-02-24,-1,2012-02-24 10:20:00,2012-02-24 11:10:00,2012-02-24 11:20:00,2012-02-24 11:25:00,5264.25,5266.0,2012-02-24 11:25:00,5266.0,stop,1.75,-2.5,-1.4285714285714286,-50.0
2012-02-27,1,2012-02-27 10:05:00,2012-02-27 10:45:00,2012-02-27 11:05:00,2012-02-27 11:10:00,5265.75,5250.75,2012-02-27 11:50:00,5269.0,thesis_flip,15.0,2.5,0.16666666666666666,50.0
2012-02-28,1,2012-02-28 09:55:00,2012-02-28 10:45:00,2012-02-28 11:20:00,2012-02-28 11:25:00,5290.0,5275.5,2012-02-28 11:45:00,5288.0,thesis_flip,14.5,-2.75,-0.1896551724137931,-55.0
2012-03-01,1,2012-03-01 09:50:00,2012-03-01 10:10:00,2012-03-01 10:20:00,2012-03-01 10:25:00,5295.75,5287.75,2012-03-01 10:50:00,5287.75,stop,8.0,-8.75,-1.09375,-175.0
2012-03-02,1,2012-03-02 09:50:00,2012-03-02 10:00:00,2012-03-02 10:10:00,2012-03-02 10:15:00,5306.25,5302.0,2012-03-02 10:35:00,5306.25,thesis_flip,4.25,-0.75,-0.17647058823529413,-15.0
2012-03-06,-1,2012-03-06 10:10:00,2012-03-06 10:40:00,2012-03-06 10:50:00,2012-03-06 10:55:00,5241.5,5247.0,2012-03-06 11:00:00,5247.0,stop,5.5,-6.25,-1.1363636363636365,-125.0
2012-03-09,1,2012-03-09 10:30:00,2012-03-09 10:45:00,2012-03-09 10:55:00,2012-03-09 11:00:00,5309.75,5306.75,2012-03-09 11:25:00,5306.75,stop,3.0,-3.75,-1.25,-75.0
2012-03-12,-1,2012-03-12 10:00:00,2012-03-12 10:15:00,2012-03-12 10:30:00,2012-03-12 10:35:00,5300.0,5308.25,2012-03-12 11:40:00,5301.0,thesis_flip,8.25,-1.75,-0.21212121212121213,-35.0
2012-03-14,1,2012-03-14 09:45:00,2012-03-14 10:10:00,2012-03-14 10:15:00,2012-03-14 10:20:00,5371.75,5364.5,2012-03-14 11:00:00,5369.25,thesis_flip,7.25,-3.25,-0.4482758620689655,-65.0
2012-03-15,1,2012-03-15 10:15:00,2012-03-15 10:30:00,2012-03-15 11:20:00,2012-03-15 11:25:00,5376.0,5368.0,2012-03-15 12:40:00,5379.25,thesis_flip,8.0,2.5,0.3125,50.0
2012-03-16,-1,2012-03-16 09:45:00,2012-03-16 10:20:00,2012-03-16 11:15:00,2012-03-16 11:20:00,5375.25,5380.0,2012-03-16 11:55:00,5376.75,thesis_flip,4.75,-2.25,-0.47368421052631576,-45.0
2012-03-19,1,2012-03-19 09:45:00,2012-03-19 10:15:00,2012-03-19 10:45:00,2012-03-19 10:50:00,5380.75,5372.0,2012-03-19 11:05:00,5378.0,thesis_flip,8.75,-3.5,-0.4,-70.0
2012-03-22,1,2012-03-22 10:00:00,2012-03-22 10:35:00,2012-03-22 10:40:00,2012-03-22 10:45:00,5391.25,5384.0,2012-03-22 10:50:00,5384.0,stop,7.25,-8.0,-1.103448275862069,-160.0
2012-03-26,1,2012-03-26 09:55:00,2012-03-26 10:30:00,2012-03-26 10:45:00,2012-03-26 10:50:00,5417.75,5409.5,2012-03-26 11:55:00,5419.5,thesis_flip,8.25,1.0,0.12121212121212122,20.0
2012-04-05,1,2012-04-05 09:45:00,2012-04-05 10:10:00,2012-04-05 10:35:00,2012-04-05 10:40:00,5408.75,5403.25,2012-04-05 12:50:00,5419.75,thesis_flip,5.5,10.25,1.8636363636363635,205.0
2012-04-10,-1,2012-04-10 10:15:00,2012-04-10 10:40:00,2012-04-10 10:55:00,2012-04-10 11:00:00,5396.25,5402.0,2012-04-10 12:30:00,5369.0,thesis_flip,5.75,26.5,4.608695652173913,530.0
2012-04-12,1,2012-04-12 09:45:00,2012-04-12 10:20:00,2012-04-12 10:25:00,2012-04-12 10:30:00,5391.75,5383.5,2012-04-12 11:30:00,5400.5,thesis_flip,8.25,8.0,0.9696969696969697,160.0
2012-04-17,1,2012-04-17 09:55:00,2012-04-17 10:35:00,2012-04-17 10:50:00,2012-04-17 10:55:00,5367.5,5350.0,2012-04-17 11:25:00,5371.75,thesis_flip,17.5,3.5,0.2,70.0
2012-04-19,1,2012-04-19 09:45:00,2012-04-19 10:15:00,2012-04-19 10:20:00,2012-04-19 10:25:00,5381.75,5368.25,2012-04-19 11:10:00,5388.5,thesis_flip,13.5,6.0,0.4444444444444444,120.0
2012-04-24,1,2012-04-24 10:05:00,2012-04-24 10:55:00,2012-04-24 11:10:00,2012-04-24 11:15:00,5313.5,5304.0,2012-04-24 11:35:00,5310.0,thesis_flip,9.5,-4.25,-0.4473684210526316,-85.0
2012-04-25,1,2012-04-25 09:45:00,2012-04-25 10:40:00,2012-04-25 11:25:00,2012-04-25 11:30:00,5362.25,5357.0,2012-04-25 11:45:00,5359.0,thesis_flip,5.25,-4.0,-0.7619047619047619,-80.0
2012-04-30,-1,2012-04-30 09:50:00,2012-04-30 10:50:00,2012-04-30 11:30:00,2012-04-30 11:35:00,5384.25,5390.25,2012-04-30 11:55:00,5388.0,thesis_flip,6.0,-4.5,-0.75,-90.0
2012-05-03,-1,2012-05-03 10:00:00,2012-05-03 10:45:00,2012-05-03 11:25:00,2012-05-03 11:30:00,5388.0,5392.5,2012-05-03 12:20:00,5373.75,thesis_flip,4.5,13.5,3.0,270.0
2012-05-04,-1,2012-05-04 09:55:00,2012-05-04 10:40:00,2012-05-04 11:00:00,2012-05-04 11:05:00,5320.5,5330.25,2012-05-04 11:55:00,5312.0,thesis_flip,9.75,7.75,0.7948717948717948,155.0
2012-05-10,-1,2012-05-10 10:10:00,2012-05-10 10:25:00,2012-05-10 10:50:00,2012-05-10 10:55:00,5275.5,5281.5,2012-05-10 11:25:00,5278.0,thesis_flip,6.0,-3.25,-0.5416666666666666,-65.0
2012-05-15,1,2012-05-15 10:20:00,2012-05-15 10:40:00,2012-05-15 11:30:00,2012-05-15 11:35:00,5262.5,5255.5,2012-05-15 12:50:00,5274.5,thesis_flip,7.0,11.25,1.6071428571428572,225.0
2012-05-16,1,2012-05-16 09:50:00,2012-05-16 10:25:00,2012-05-16 10:30:00,2012-05-16 10:35:00,5259.0,5247.75,2012-05-16 11:05:00,5247.75,stop,11.25,-12.0,-1.0666666666666667,-240.0
2012-05-17,-1,2012-05-17 09:45:00,2012-05-17 09:55:00,2012-05-17 10:00:00,2012-05-17 10:05:00,5210.25,5218.5,2012-05-17 10:15:00,5218.5,stop,8.25,-9.0,-1.0909090909090908,-180.0
2012-05-24,-1,2012-05-24 09:50:00,2012-05-24 10:10:00,2012-05-24 10:45:00,2012-05-24 10:50:00,5206.0,5212.75,2012-05-24 11:15:00,5209.25,thesis_flip,6.75,-4.0,-0.5925925925925926,-80.0
2012-06-04,-1,2012-06-04 09:45:00,2012-06-04 10:25:00,2012-06-04 11:05:00,2012-06-04 11:10:00,5121.75,5134.0,2012-06-04 12:40:00,5113.5,thesis_flip,12.25,7.5,0.6122448979591837,150.0
2012-06-05,1,2012-06-05 09:45:00,2012-06-05 10:10:00,2012-06-05 11:10:00,2012-06-05 11:15:00,5145.75,5136.25,2012-06-05 11:30:00,5143.0,thesis_flip,9.5,-3.5,-0.3684210526315789,-70.0
2012-06-07,-1,2012-06-07 10:00:00,2012-06-07 10:20:00,2012-06-07 10:35:00,2012-06-07 10:40:00,5214.5,5226.5,2012-06-07 11:05:00,5215.75,thesis_flip,12.0,-2.0,-0.16666666666666666,-40.0
2012-06-08,1,2012-06-08 09:55:00,2012-06-08 10:20:00,2012-06-08 10:30:00,2012-06-08 10:35:00,5204.5,5194.25,2012-06-08 11:10:00,5208.75,thesis_flip,10.25,3.5,0.34146341463414637,70.0
2012-06-14,1,2012-06-14 09:55:00,2012-06-14 10:35:00,2012-06-14 10:50:00,2012-06-14 10:55:00,5204.5,5194.75,2012-06-14 12:00:00,5206.5,thesis_flip,9.75,1.25,0.1282051282051282,25.0
2012-06-18,1,2012-06-18 10:00:00,2012-06-18 10:20:00,2012-06-18 10:25:00,2012-06-18 10:30:00,5251.25,5240.5,2012-06-18 11:10:00,5243.5,thesis_flip,10.75,-8.5,-0.7906976744186046,-170.0
2012-06-21,-1,2012-06-21 09:45:00,2012-06-21 10:10:00,2012-06-21 11:00:00,2012-06-21 11:05:00,5269.5,5281.25,2012-06-21 11:55:00,5258.5,thesis_flip,11.75,10.25,0.8723404255319149,205.0
2012-06-26,-1,2012-06-26 10:15:00,2012-06-26 11:00:00,2012-06-26 11:05:00,2012-06-26 11:10:00,5200.0,5211.5,2012-06-26 11:50:00,5211.5,stop,11.5,-12.25,-1.065217391304348,-245.0
2012-06-27,1,2012-06-27 10:05:00,2012-06-27 10:45:00,2012-06-27 10:55:00,2012-06-27 11:00:00,5236.75,5231.5,2012-06-27 11:15:00,5233.5,thesis_flip,5.25,-4.0,-0.7619047619047619,-80.0
2012-07-04,1,2012-07-04 09:50:00,2012-07-04 10:35:00,2012-07-04 11:05:00,2012-07-04 11:10:00,5312.25,5308.5,2012-07-04 11:25:00,5312.5,close,3.75,-0.5,-0.13333333333333333,-10.0
2012-07-09,-1,2012-07-09 09:50:00,2012-07-09 10:25:00,2012-07-09 10:30:00,2012-07-09 10:35:00,5263.25,5274.75,2012-07-09 10:50:00,5272.25,thesis_flip,11.5,-9.75,-0.8478260869565217,-195.0
2012-07-16,-1,2012-07-16 09:45:00,2012-07-16 10:10:00,2012-07-16 10:45:00,2012-07-16 10:50:00,5242.75,5247.0,2012-07-16 11:10:00,5247.0,stop,4.25,-5.0,-1.1764705882352942,-100.0
2012-07-17,-1,2012-07-17 09:45:00,2012-07-17 10:10:00,2012-07-17 10:35:00,2012-07-17 10:40:00,5222.25,5251.75,2012-07-17 10:55:00,5226.0,thesis_flip,29.5,-4.5,-0.15254237288135594,-90.0
2012-07-20,-1,2012-07-20 09:45:00,2012-07-20 10:25:00,2012-07-20 10:30:00,2012-07-20 10:35:00,5304.0,5316.75,2012-07-20 10:55:00,5306.5,thesis_flip,12.75,-3.25,-0.2549019607843137,-65.0
2012-08-01,-1,2012-08-01 09:45:00,2012-08-01 10:20:00,2012-08-01 11:20:00,2012-08-01 11:25:00,5306.75,5318.25,2012-08-01 12:20:00,5309.75,thesis_flip,11.5,-3.75,-0.32608695652173914,-75.0
2012-08-06,1,2012-08-06 09:45:00,2012-08-06 09:55:00,2012-08-06 10:05:00,2012-08-06 10:10:00,5361.75,5355.25,2012-08-06 13:05:00,5369.25,thesis_flip,6.5,6.75,1.0384615384615385,135.0
2012-08-17,1,2012-08-17 09:55:00,2012-08-17 10:25:00,2012-08-17 10:55:00,2012-08-17 11:00:00,5442.0,5438.0,2012-08-17 11:15:00,5439.0,thesis_flip,4.0,-3.75,-0.9375,-75.0
2012-08-21,1,2012-08-21 10:00:00,2012-08-21 10:15:00,2012-08-21 10:20:00,2012-08-21 10:25:00,5471.0,5467.0,2012-08-21 10:45:00,5469.75,thesis_flip,4.0,-2.0,-0.5,-40.0
2012-08-24,1,2012-08-24 10:15:00,2012-08-24 10:40:00,2012-08-24 11:00:00,2012-08-24 11:05:00,5443.0,5427.75,2012-08-24 11:45:00,5444.0,thesis_flip,15.25,0.25,0.01639344262295082,5.0
2012-08-27,-1,2012-08-27 09:55:00,2012-08-27 10:05:00,2012-08-27 10:50:00,2012-08-27 10:55:00,5451.25,5456.0,2012-08-27 11:05:00,5456.0,stop,4.75,-5.5,-1.1578947368421053,-110.0
2012-08-28,-1,2012-08-28 09:55:00,2012-08-28 10:25:00,2012-08-28 10:55:00,2012-08-28 11:00:00,5449.75,5458.5,2012-08-28 11:30:00,5451.0,thesis_flip,8.75,-2.0,-0.22857142857142856,-40.0
2012-09-03,-1,2012-09-03 09:50:00,2012-09-03 10:50:00,2012-09-03 10:55:00,2012-09-03 11:00:00,5446.5,5448.25,2012-09-03 11:05:00,5448.25,stop,1.75,-2.5,-1.4285714285714286,-50.0
2012-09-04,-1,2012-09-04 10:05:00,2012-09-04 10:35:00,2012-09-04 10:55:00,2012-09-04 11:00:00,5416.25,5431.75,2012-09-04 11:20:00,5418.75,thesis_flip,15.5,-3.25,-0.20967741935483872,-65.0
2012-09-05,1,2012-09-05 09:55:00,2012-09-05 10:10:00,2012-09-05 11:10:00,2012-09-05 11:15:00,5441.5,5432.5,2012-09-05 12:40:00,5444.75,thesis_flip,9.0,2.5,0.2777777777777778,50.0
2012-09-10,-1,2012-09-10 10:10:00,2012-09-10 10:25:00,2012-09-10 10:40:00,2012-09-10 10:45:00,5478.5,5488.75,2012-09-10 11:20:00,5482.75,thesis_flip,10.25,-5.0,-0.4878048780487805,-100.0
2012-09-11,1,2012-09-11 09:50:00,2012-09-11 10:30:00,2012-09-11 11:15:00,2012-09-11 11:20:00,5469.25,5455.75,2012-09-11 11:35:00,5467.75,thesis_flip,13.5,-2.25,-0.16666666666666666,-45.0
2012-09-13,1,2012-09-13 10:00:00,2012-09-13 10:35:00,2012-09-13 11:00:00,2012-09-13 11:05:00,5470.5,5464.75,2012-09-13 11:40:00,5470.25,thesis_flip,5.75,-1.0,-0.17391304347826086,-20.0
2012-09-17,-1,2012-09-17 09:45:00,2012-09-17 10:05:00,2012-09-17 10:35:00,2012-09-17 10:40:00,5521.75,5527.25,2012-09-17 14:25:00,5522.0,thesis_flip,5.5,-1.0,-0.18181818181818182,-20.0
2012-09-24,1,2012-09-24 10:00:00,2012-09-24 10:20:00,2012-09-24 10:55:00,2012-09-24 11:00:00,5516.25,5506.25,2012-09-24 11:15:00,5512.75,thesis_flip,10.0,-4.25,-0.425,-85.0
2012-09-26,-1,2012-09-26 09:45:00,2012-09-26 10:00:00,2012-09-26 10:20:00,2012-09-26 10:25:00,5453.25,5465.75,2012-09-26 10:55:00,5447.25,thesis_flip,12.5,5.25,0.42,105.0
2012-09-27,1,2012-09-27 10:10:00,2012-09-27 10:25:00,2012-09-27 10:30:00,2012-09-27 10:35:00,5468.0,5460.5,2012-09-27 11:10:00,5466.0,thesis_flip,7.5,-2.75,-0.36666666666666664,-55.0
2012-09-28,-1,2012-09-28 09:45:00,2012-09-28 10:05:00,2012-09-28 10:15:00,2012-09-28 10:20:00,5474.75,5484.0,2012-09-28 10:50:00,5474.5,thesis_flip,9.25,-0.5,-0.05405405405405406,-10.0
2012-10-03,1,2012-10-03 10:15:00,2012-10-03 10:25:00,2012-10-03 11:05:00,2012-10-03 11:10:00,5483.0,5476.0,2012-10-03 11:45:00,5485.75,thesis_flip,7.0,2.0,0.2857142857142857,40.0
2012-10-08,1,2012-10-08 09:50:00,2012-10-08 10:05:00,2012-10-08 10:40:00,2012-10-08 10:45:00,5465.25,5457.25,2012-10-08 11:10:00,5459.5,thesis_flip,8.0,-6.5,-0.8125,-130.0
2012-10-10,1,2012-10-10 09:45:00,2012-10-10 10:00:00,2012-10-10 10:25:00,2012-10-10 10:30:00,5418.25,5408.25,2012-10-10 10:45:00,5411.75,thesis_flip,10.0,-7.25,-0.725,-145.0
2012-10-11,-1,2012-10-11 09:50:00,2012-10-11 10:35:00,2012-10-11 10:50:00,2012-10-11 10:55:00,5417.75,5422.0,2012-10-11 12:10:00,5402.5,thesis_flip,4.25,14.5,3.411764705882353,290.0
2012-10-16,1,2012-10-16 09:55:00,2012-10-16 10:10:00,2012-10-16 10:15:00,2012-10-16 10:20:00,5425.25,5419.75,2012-10-16 12:25:00,5446.0,thesis_flip,5.5,20.0,3.6363636363636362,400.0
2012-10-17,1,2012-10-17 09:45:00,2012-10-17 10:10:00,2012-10-17 10:45:00,2012-10-17 10:50:00,5450.5,5439.75,2012-10-17 11:05:00,5446.0,thesis_flip,10.75,-5.25,-0.4883720930232558,-105.0
2012-10-19,-1,2012-10-19 10:15:00,2012-10-19 10:35:00,2012-10-19 10:45:00,2012-10-19 10:50:00,5383.75,5393.5,2012-10-19 12:40:00,5362.75,thesis_flip,9.75,20.25,2.076923076923077,405.0
2012-10-25,-1,2012-10-25 09:50:00,2012-10-25 10:15:00,2012-10-25 10:25:00,2012-10-25 10:30:00,5340.5,5347.5,2012-10-25 11:05:00,5335.0,thesis_flip,7.0,4.75,0.6785714285714286,95.0
2012-10-31,-1,2012-10-31 10:10:00,2012-10-31 10:35:00,2012-10-31 10:40:00,2012-10-31 10:45:00,5315.0,5326.25,2012-10-31 11:20:00,5318.25,thesis_flip,11.25,-4.0,-0.35555555555555557,-80.0
2012-11-02,-1,2012-11-02 09:45:00,2012-11-02 10:05:00,2012-11-02 11:00:00,2012-11-02 11:05:00,5354.75,5362.75,2012-11-02 12:20:00,5355.25,thesis_flip,8.0,-1.25,-0.15625,-25.0
2012-11-06,-1,2012-11-06 10:10:00,2012-11-06 10:25:00,2012-11-06 11:00:00,2012-11-06 11:05:00,5345.5,5349.25,2012-11-06 11:20:00,5348.5,thesis_flip,3.75,-3.75,-1.0,-75.0
2012-11-09,1,2012-11-09 10:05:00,2012-11-09 10:30:00,2012-11-09 10:40:00,2012-11-09 10:45:00,5266.75,5256.25,2012-11-09 11:25:00,5266.75,thesis_flip,10.5,-0.75,-0.07142857142857142,-15.0
2012-11-13,1,2012-11-13 09:45:00,2012-11-13 10:00:00,2012-11-13 10:10:00,2012-11-13 10:15:00,5255.75,5243.25,2012-11-13 11:40:00,5256.25,thesis_flip,12.5,-0.25,-0.02,-5.0
2012-11-14,-1,2012-11-14 09:55:00,2012-11-14 10:30:00,2012-11-14 10:50:00,2012-11-14 10:55:00,5229.0,5249.0,2012-11-14 11:10:00,5233.0,thesis_flip,20.0,-4.75,-0.2375,-95.0
2012-11-15,-1,2012-11-15 09:55:00,2012-11-15 10:30:00,2012-11-15 10:45:00,2012-11-15 10:50:00,5202.75,5217.5,2012-11-15 12:05:00,5198.0,thesis_flip,14.75,4.0,0.2711864406779661,80.0
2012-11-16,-1,2012-11-16 09:50:00,2012-11-16 10:25:00,2012-11-16 11:05:00,2012-11-16 11:10:00,5183.75,5193.75,2012-11-16 11:45:00,5187.0,thesis_flip,10.0,-4.0,-0.4,-80.0
2012-11-19,1,2012-11-19 09:45:00,2012-11-19 10:05:00,2012-11-19 10:15:00,2012-11-19 10:20:00,5247.25,5239.5,2012-11-19 11:35:00,5251.25,thesis_flip,7.75,3.25,0.41935483870967744,65.0
2012-11-20,1,2012-11-20 10:15:00,2012-11-20 10:35:00,2012-11-20 11:15:00,2012-11-20 11:20:00,5267.0,5261.5,2012-11-20 11:40:00,5267.75,thesis_flip,5.5,0.0,0.0,0.0
2012-11-30,-1,2012-11-30 10:05:00,2012-11-30 10:20:00,2012-11-30 10:35:00,2012-11-30 10:40:00,5353.0,5356.5,2012-11-30 11:05:00,5354.0,thesis_flip,3.5,-1.75,-0.5,-35.0
2012-12-03,-1,2012-12-03 10:00:00,2012-12-03 10:40:00,2012-12-03 10:50:00,2012-12-03 10:55:00,5358.0,5372.5,2012-12-03 11:55:00,5363.25,thesis_flip,14.5,-6.0,-0.41379310344827586,-120.0
2012-12-04,-1,2012-12-04 10:00:00,2012-12-04 10:40:00,2012-12-04 11:05:00,2012-12-04 11:10:00,5328.75,5349.0,2012-12-04 11:35:00,5334.5,thesis_flip,20.25,-6.5,-0.32098765432098764,-130.0
2012-12-06,1,2012-12-06 09:50:00,2012-12-06 10:15:00,2012-12-06 10:35:00,2012-12-06 10:40:00,5326.0,5310.75,2012-12-06 12:00:00,5334.75,thesis_flip,15.25,8.0,0.5245901639344263,160.0
2012-12-18,1,2012-12-18 09:45:00,2012-12-18 10:55:00,2012-12-18 11:10:00,2012-12-18 11:15:00,5368.75,5347.75,2012-12-18 12:05:00,5374.0,thesis_flip,21.0,4.5,0.21428571428571427,90.0
2012-12-19,-1,2012-12-19 09:50:00,2012-12-19 11:00:00,2012-12-19 11:20:00,2012-12-19 11:25:00,5387.5,5391.5,2012-12-19 11:30:00,5391.5,stop,4.0,-4.75,-1.1875,-95.0
2013-01-03,1,2013-01-03 10:05:00,2013-01-03 10:25:00,2013-01-03 11:30:00,2013-01-03 11:35:00,5426.0,5418.5,2013-01-03 11:50:00,5425.5,thesis_flip,7.5,-1.25,-0.16666666666666666,-25.0
2013-01-04,-1,2013-01-04 10:00:00,2013-01-04 10:25:00,2013-01-04 10:30:00,2013-01-04 10:35:00,5397.75,5405.25,2013-01-04 11:05:00,5399.0,thesis_flip,7.5,-2.0,-0.26666666666666666,-40.0
2013-01-07,1,2013-01-07 10:05:00,2013-01-07 10:30:00,2013-01-07 10:45:00,2013-01-07 10:50:00,5399.75,5389.25,2013-01-07 11:45:00,5397.5,thesis_flip,10.5,-3.0,-0.2857142857142857,-60.0
2013-01-11,-1,2013-01-11 10:05:00,2013-01-11 10:25:00,2013-01-11 10:50:00,2013-01-11 10:55:00,5415.75,5419.5,2013-01-11 11:05:00,5419.5,stop,3.75,-4.5,-1.2,-90.0
2013-01-16,1,2013-01-16 09:50:00,2013-01-16 10:15:00,2013-01-16 10:20:00,2013-01-16 10:25:00,5410.75,5403.5,2013-01-16 10:50:00,5408.0,thesis_flip,7.25,-3.5,-0.4827586206896552,-70.0
2013-01-17,1,2013-01-17 10:15:00,2013-01-17 10:55:00,2013-01-17 11:15:00,2013-01-17 11:20:00,5421.25,5416.5,2013-01-17 11:55:00,5421.75,thesis_flip,4.75,-0.25,-0.05263157894736842,-5.0
2013-01-23,1,2013-01-23 09:55:00,2013-01-23 10:25:00,2013-01-23 10:50:00,2013-01-23 10:55:00,5436.75,5434.0,2013-01-23 11:30:00,5435.0,thesis_flip,2.75,-2.5,-0.9090909090909091,-50.0
2013-01-25,1,2013-01-25 09:50:00,2013-01-25 10:05:00,2013-01-25 11:00:00,2013-01-25 11:05:00,5409.5,5403.0,2013-01-25 11:20:00,5408.75,thesis_flip,6.5,-1.5,-0.23076923076923078,-30.0
2013-01-29,-1,2013-01-29 10:00:00,2013-01-29 10:50:00,2013-01-29 11:10:00,2013-01-29 11:15:00,5409.0,5413.25,2013-01-29 11:20:00,5413.25,stop,4.25,-5.0,-1.1764705882352942,-100.0
2013-01-31,1,2013-01-31 09:50:00,2013-01-31 10:10:00,2013-01-31 10:30:00,2013-01-31 10:35:00,5423.25,5416.5,2013-01-31 10:50:00,5416.5,stop,6.75,-7.5,-1.1111111111111112,-150.0
2013-02-01,-1,2013-02-01 09:45:00,2013-02-01 10:35:00,2013-02-01 10:50:00,2013-02-01 10:55:00,5420.5,5433.25,2013-02-01 11:35:00,5431.0,thesis_flip,12.75,-11.25,-0.8823529411764706,-225.0
2013-02-05,1,2013-02-05 09:50:00,2013-02-05 10:15:00,2013-02-05 10:35:00,2013-02-05 10:40:00,5418.75,5408.5,2013-02-05 11:45:00,5418.75,thesis_flip,10.25,-0.75,-0.07317073170731707,-15.0
2013-02-07,-1,2013-02-07 09:50:00,2013-02-07 10:35:00,2013-02-07 10:50:00,2013-02-07 10:55:00,5396.25,5423.75,2013-02-07 11:10:00,5405.0,thesis_flip,27.5,-9.5,-0.34545454545454546,-190.0
2013-02-08,1,2013-02-08 09:50:00,2013-02-08 10:25:00,2013-02-08 10:55:00,2013-02-08 11:00:00,5458.75,5453.25,2013-02-08 11:15:00,5457.0,thesis_flip,5.5,-2.5,-0.45454545454545453,-50.0
2013-02-15,1,2013-02-15 10:00:00,2013-02-15 10:25:00,2013-02-15 10:55:00,2013-02-15 11:00:00,5455.25,5451.75,2013-02-15 11:20:00,5453.5,thesis_flip,3.5,-2.5,-0.7142857142857143,-50.0
2013-02-19,1,2013-02-19 09:45:00,2013-02-19 10:30:00,2013-02-19 11:15:00,2013-02-19 11:20:00,5453.0,5450.0,2013-02-19 12:10:00,5452.5,thesis_flip,3.0,-1.25,-0.4166666666666667,-25.0
2013-02-20,-1,2013-02-20 09:55:00,2013-02-20 10:25:00,2013-02-20 10:45:00,2013-02-20 10:50:00,5457.0,5461.25,2013-02-20 12:20:00,5447.25,thesis_flip,4.25,9.0,2.1176470588235294,180.0
2013-02-21,-1,2013-02-21 09:45:00,2013-02-21 10:55:00,2013-02-21 11:10:00,2013-02-21 11:15:00,5398.25,5409.0,2013-02-21 11:45:00,5398.5,thesis_flip,10.75,-1.0,-0.09302325581395349,-20.0
2013-02-22,-1,2013-02-22 09:45:00,2013-02-22 09:55:00,2013-02-22 10:30:00,2013-02-22 10:35:00,5402.0,5406.75,2013-02-22 11:30:00,5403.25,thesis_flip,4.75,-2.0,-0.42105263157894735,-40.0
2013-02-25,-1,2013-02-25 10:25:00,2013-02-25 10:40:00,2013-02-25 10:50:00,2013-02-25 10:55:00,5426.25,5438.25,2013-02-25 11:10:00,5430.5,thesis_flip,12.0,-5.0,-0.4166666666666667,-100.0
2013-02-27,1,2013-02-27 09:50:00,2013-02-27 10:25:00,2013-02-27 10:35:00,2013-02-27 10:40:00,5414.25,5396.5,2013-02-27 11:35:00,5420.25,thesis_flip,17.75,5.25,0.29577464788732394,105.0
2013-03-01,1,2013-03-01 10:05:00,2013-03-01 10:35:00,2013-03-01 10:40:00,2013-03-01 10:45:00,5419.25,5403.5,2013-03-01 11:15:00,5422.0,thesis_flip,15.75,2.0,0.12698412698412698,40.0
2013-03-05,1,2013-03-05 10:15:00,2013-03-05 10:35:00,2013-03-05 11:30:00,2013-03-05 11:35:00,5477.75,5469.5,2013-03-05 12:10:00,5482.5,thesis_flip,8.25,4.0,0.48484848484848486,80.0
2013-03-06,-1,2013-03-06 10:30:00,2013-03-06 10:40:00,2013-03-06 10:50:00,2013-03-06 10:55:00,5474.0,5480.75,2013-03-06 11:20:00,5476.25,thesis_flip,6.75,-3.0,-0.4444444444444444,-60.0
2013-03-08,-1,2013-03-08 09:45:00,2013-03-08 10:15:00,2013-03-08 11:20:00,2013-03-08 11:25:00,5483.0,5487.75,2013-03-08 12:55:00,5481.5,thesis_flip,4.75,0.75,0.15789473684210525,15.0
2013-03-11,-1,2013-03-11 10:25:00,2013-03-11 10:35:00,2013-03-11 10:50:00,2013-03-11 10:55:00,5474.5,5477.75,2013-03-11 11:05:00,5477.75,stop,3.25,-4.0,-1.2307692307692308,-80.0
2013-03-13,-1,2013-03-13 10:00:00,2013-03-13 10:30:00,2013-03-13 11:00:00,2013-03-13 11:05:00,5480.0,5483.0,2013-03-13 11:10:00,5483.0,stop,3.0,-3.75,-1.25,-75.0
2013-03-14,-1,2013-03-14 10:10:00,2013-03-14 10:30:00,2013-03-14 11:25:00,2013-03-14 11:30:00,5486.0,5489.5,2013-03-14 11:45:00,5487.5,thesis_flip,3.5,-2.25,-0.6428571428571429,-45.0
2013-03-20,-1,2013-03-20 09:45:00,2013-03-20 10:25:00,2013-03-20 10:35:00,2013-03-20 10:40:00,5478.75,5488.0,2013-03-20 11:00:00,5482.25,thesis_flip,9.25,-4.25,-0.4594594594594595,-85.0
2013-03-21,-1,2013-03-21 10:15:00,2013-03-21 10:40:00,2013-03-21 11:00:00,2013-03-21 11:05:00,5456.75,5462.25,2013-03-21 11:15:00,5462.25,stop,5.5,-6.25,-1.1363636363636365,-125.0
2013-03-22,1,2013-03-22 10:05:00,2013-03-22 10:20:00,2013-03-22 11:25:00,2013-03-22 11:30:00,5473.75,5468.5,2013-03-22 11:45:00,5471.0,thesis_flip,5.25,-3.5,-0.6666666666666666,-70.0
2013-03-27,1,2013-03-27 09:50:00,2013-03-27 10:50:00,2013-03-27 11:10:00,2013-03-27 11:15:00,5482.25,5466.0,2013-03-27 13:10:00,5480.75,thesis_flip,16.25,-2.25,-0.13846153846153847,-45.0
2013-04-02,1,2013-04-02 09:50:00,2013-04-02 10:25:00,2013-04-02 10:45:00,2013-04-02 10:50:00,5508.25,5500.25,2013-04-02 11:40:00,5507.0,thesis_flip,8.0,-2.0,-0.25,-40.0
2013-04-03,-1,2013-04-03 10:00:00,2013-04-03 11:05:00,2013-04-03 11:30:00,2013-04-03 11:35:00,5491.25,5500.75,2013-04-03 11:50:00,5494.5,thesis_flip,9.5,-4.0,-0.42105263157894735,-80.0
2013-04-09,-1,2013-04-09 09:50:00,2013-04-09 10:35:00,2013-04-09 10:40:00,2013-04-09 10:45:00,5470.75,5476.25,2013-04-09 11:35:00,5468.5,thesis_flip,5.5,1.5,0.2727272727272727,30.0
2013-04-10,1,2013-04-10 09:45:00,2013-04-10 10:15:00,2013-04-10 10:30:00,2013-04-10 10:35:00,5524.0,5503.0,2013-04-10 12:05:00,5535.25,thesis_flip,21.0,10.5,0.5,210.0
2013-04-11,1,2013-04-11 09:45:00,2013-04-11 10:10:00,2013-04-11 10:55:00,2013-04-11 11:00:00,5542.0,5532.0,2013-04-11 11:35:00,5542.75,thesis_flip,10.0,0.0,0.0,0.0
2013-04-12,-1,2013-04-12 10:00:00,2013-04-12 10:20:00,2013-04-12 10:35:00,2013-04-12 10:40:00,5528.75,5537.0,2013-04-12 11:20:00,5522.25,thesis_flip,8.25,5.75,0.696969696969697,115.0
2013-04-15,-1,2013-04-15 09:45:00,2013-04-15 10:10:00,2013-04-15 11:00:00,2013-04-15 11:05:00,5521.25,5529.75,2013-04-15 11:40:00,5526.75,thesis_flip,8.5,-6.25,-0.7352941176470589,-125.0
2013-04-17,-1,2013-04-17 10:00:00,2013-04-17 10:25:00,2013-04-17 10:35:00,2013-04-17 10:40:00,5466.75,5485.5,2013-04-17 11:15:00,5460.0,thesis_flip,18.75,6.0,0.32,120.0
2013-04-24,-1,2013-04-24 10:10:00,2013-04-24 10:20:00,2013-04-24 11:05:00,2013-04-24 11:10:00,5507.5,5516.0,2013-04-24 11:25:00,5511.75,thesis_flip,8.5,-5.0,-0.5882352941176471,-100.0
2013-04-25,1,2013-04-25 10:15:00,2013-04-25 10:30:00,2013-04-25 10:40:00,2013-04-25 10:45:00,5541.25,5533.25,2013-04-25 11:00:00,5538.0,thesis_flip,8.0,-4.0,-0.5,-80.0
2013-05-08,1,2013-05-08 09:50:00,2013-05-08 10:30:00,2013-05-08 10:35:00,2013-05-08 10:40:00,5647.5,5636.0,2013-05-08 12:30:00,5648.5,thesis_flip,11.5,0.25,0.021739130434782608,5.0
2013-05-10,1,2013-05-10 09:55:00,2013-05-10 10:50:00,2013-05-10 11:25:00,2013-05-10 11:30:00,5656.0,5647.25,2013-05-10 11:50:00,5653.5,thesis_flip,8.75,-3.25,-0.37142857142857144,-65.0
2013-05-13,1,2013-05-13 10:10:00,2013-05-13 10:35:00,2013-05-13 10:45:00,2013-05-13 10:50:00,5667.75,5661.75,2013-05-13 11:20:00,5661.75,stop,6.0,-6.75,-1.125,-135.0
2013-05-16,1,2013-05-16 09:50:00,2013-05-16 10:20:00,2013-05-16 10:35:00,2013-05-16 10:40:00,5695.5,5688.75,2013-05-16 12:05:00,5699.0,thesis_flip,6.75,2.75,0.4074074074074074,55.0
2013-05-20,1,2013-05-20 10:05:00,2013-05-20 10:15:00,2013-05-20 11:00:00,2013-05-20 11:05:00,5715.5,5709.75,2013-05-20 12:15:00,5714.5,thesis_flip,5.75,-1.75,-0.30434782608695654,-35.0
2013-05-21,-1,2013-05-21 10:10:00,2013-05-21 11:10:00,2013-05-21 11:20:00,2013-05-21 11:25:00,5706.75,5711.25,2013-05-21 11:30:00,5711.25,stop,4.5,-5.25,-1.1666666666666667,-105.0
2013-05-22,1,2013-05-22 09:45:00,2013-05-22 10:45:00,2013-05-22 11:05:00,2013-05-22 11:10:00,5722.0,5713.25,2013-05-22 12:30:00,5722.0,thesis_flip,8.75,-0.75,-0.08571428571428572,-15.0
2013-05-23,1,2013-05-23 10:05:00,2013-05-23 10:55:00,2013-05-23 11:05:00,2013-05-23 11:10:00,5679.5,5668.0,2013-05-23 11:30:00,5677.75,thesis_flip,11.5,-2.5,-0.21739130434782608,-50.0
2013-06-04,1,2013-06-04 09:55:00,2013-06-04 10:15:00,2013-06-04 10:20:00,2013-06-04 10:25:00,5688.5,5684.0,2013-06-04 10:55:00,5685.0,thesis_flip,4.5,-4.25,-0.9444444444444444,-85.0
2013-06-11,1,2013-06-11 09:50:00,2013-06-11 10:05:00,2013-06-11 10:20:00,2013-06-11 10:25:00,5654.25,5644.0,2013-06-11 11:55:00,5668.0,thesis_flip,10.25,13.0,1.2682926829268293,260.0
2013-06-13,1,2013-06-13 09:55:00,2013-06-13 10:20:00,2013-06-13 10:30:00,2013-06-13 10:35:00,5621.0,5607.5,2013-06-13 11:00:00,5618.75,thesis_flip,13.5,-3.0,-0.2222222222222222,-60.0
2013-06-17,1,2013-06-17 09:50:00,2013-06-17 10:10:00,2013-06-17 10:55:00,2013-06-17 11:00:00,5672.25,5662.5,2013-06-17 11:50:00,5671.25,thesis_flip,9.75,-1.75,-0.1794871794871795,-35.0
2013-06-18,1,2013-06-18 09:45:00,2013-06-18 10:10:00,2013-06-18 10:15:00,2013-06-18 10:20:00,5675.5,5669.0,2013-06-18 11:05:00,5682.25,thesis_flip,6.5,6.0,0.9230769230769231,120.0
2013-06-21,-1,2013-06-21 09:55:00,2013-06-21 10:20:00,2013-06-21 10:30:00,2013-06-21 10:35:00,5560.75,5574.5,2013-06-21 10:50:00,5562.5,thesis_flip,13.75,-2.5,-0.18181818181818182,-50.0
2013-06-24,-1,2013-06-24 09:55:00,2013-06-24 10:25:00,2013-06-24 11:10:00,2013-06-24 11:15:00,5523.0,5533.75,2013-06-24 11:55:00,5522.0,thesis_flip,10.75,0.25,0.023255813953488372,5.0
2013-06-27,1,2013-06-27 09:45:00,2013-06-27 10:10:00,2013-06-27 10:20:00,2013-06-27 10:25:00,5605.5,5597.25,2013-06-27 10:45:00,5606.25,thesis_flip,8.25,0.0,0.0,0.0
2013-07-02,1,2013-07-02 09:45:00,2013-07-02 10:10:00,2013-07-02 10:20:00,2013-07-02 10:25:00,5631.25,5621.0,2013-07-02 11:25:00,5629.0,thesis_flip,10.25,-3.0,-0.2926829268292683,-60.0
2013-07-03,1,2013-07-03 09:50:00,2013-07-03 10:15:00,2013-07-03 10:20:00,2013-07-03 10:25:00,5621.75,5609.25,2013-07-03 10:40:00,5619.5,thesis_flip,12.5,-3.0,-0.24,-60.0
2013-07-05,-1,2013-07-05 10:10:00,2013-07-05 11:10:00,2013-07-05 11:30:00,2013-07-05 11:35:00,5630.5,5638.75,2013-07-05 11:55:00,5638.75,stop,8.25,-9.0,-1.0909090909090908,-180.0
2013-07-10,1,2013-07-10 09:55:00,2013-07-10 10:20:00,2013-07-10 11:20:00,2013-07-10 11:25:00,5676.75,5672.75,2013-07-10 12:00:00,5677.25,thesis_flip,4.0,-0.25,-0.0625,-5.0
2013-07-11,1,2013-07-11 10:10:00,2013-07-11 10:30:00,2013-07-11 10:45:00,2013-07-11 10:50:00,5725.0,5720.25,2013-07-11 12:35:00,5733.5,thesis_flip,4.75,7.75,1.631578947368421,155.0
2013-07-17,-1,2013-07-17 09:50:00,2013-07-17 10:25:00,2013-07-17 11:20:00,2013-07-17 11:25:00,5770.5,5779.75,2013-07-17 12:00:00,5770.0,thesis_flip,9.25,-0.25,-0.02702702702702703,-5.0
2013-07-22,-1,2013-07-22 09:55:00,2013-07-22 10:15:00,2013-07-22 10:30:00,2013-07-22 10:35:00,5736.75,5740.0,2013-07-22 10:40:00,5740.0,stop,3.25,-4.0,-1.2307692307692308,-80.0
2013-07-26,1,2013-07-26 09:55:00,2013-07-26 11:05:00,2013-07-26 11:10:00,2013-07-26 11:15:00,5738.25,5730.75,2013-07-26 12:55:00,5749.25,thesis_flip,7.5,10.25,1.3666666666666667,205.0
2013-08-09,1,2013-08-09 09:45:00,2013-08-09 10:00:00,2013-08-09 10:40:00,2013-08-09 10:45:00,5822.0,5814.25,2013-08-09 10:55:00,5814.25,stop,7.75,-8.5,-1.096774193548387,-170.0
2013-08-16,1,2013-08-16 09:50:00,2013-08-16 10:15:00,2013-08-16 10:25:00,2013-08-16 10:30:00,5778.0,5768.5,2013-08-16 11:10:00,5779.0,thesis_flip,9.5,0.25,0.02631578947368421,5.0
2013-08-20,1,2013-08-20 09:45:00,2013-08-20 10:00:00,2013-08-20 10:20:00,2013-08-20 10:25:00,5775.0,5768.25,2013-08-20 10:55:00,5778.0,thesis_flip,6.75,2.25,0.3333333333333333,45.0
2013-08-21,1,2013-08-21 10:00:00,2013-08-21 10:20:00,2013-08-21 10:40:00,2013-08-21 10:45:00,5782.0,5774.75,2013-08-21 11:10:00,5777.0,thesis_flip,7.25,-5.75,-0.7931034482758621,-115.0
2013-08-26,1,2013-08-26 09:45:00,2013-08-26 10:15:00,2013-08-26 10:55:00,2013-08-26 11:00:00,5832.25,5823.75,2013-08-26 12:10:00,5833.0,thesis_flip,8.5,0.0,0.0,0.0
2013-08-29,1,2013-08-29 09:50:00,2013-08-29 10:00:00,2013-08-29 10:15:00,2013-08-29 10:20:00,5789.25,5781.25,2013-08-29 11:55:00,5799.0,thesis_flip,8.0,9.0,1.125,180.0
2013-08-30,-1,2013-08-30 09:55:00,2013-08-30 10:30:00,2013-08-30 10:40:00,2013-08-30 10:45:00,5767.75,5777.75,2013-08-30 11:05:00,5769.0,thesis_flip,10.0,-2.0,-0.2,-40.0
2013-09-02,1,2013-09-02 10:30:00,2013-09-02 10:50:00,2013-09-02 10:55:00,2013-09-02 11:00:00,5804.25,5801.5,2013-09-02 11:15:00,5802.5,thesis_flip,2.75,-2.5,-0.9090909090909091,-50.0
2013-09-05,1,2013-09-05 09:45:00,2013-09-05 10:15:00,2013-09-05 11:30:00,2013-09-05 11:35:00,5824.75,5818.0,2013-09-05 12:10:00,5823.0,thesis_flip,6.75,-2.5,-0.37037037037037035,-50.0
2013-09-17,1,2013-09-17 09:50:00,2013-09-17 10:20:00,2013-09-17 10:50:00,2013-09-17 10:55:00,5854.5,5847.75,2013-09-17 11:35:00,5855.75,thesis_flip,6.75,0.5,0.07407407407407407,10.0
2013-09-19,-1,2013-09-19 10:15:00,2013-09-19 10:35:00,2013-09-19 11:05:00,2013-09-19 11:10:00,5901.25,5906.0,2013-09-19 12:05:00,5902.5,thesis_flip,4.75,-2.0,-0.42105263157894735,-40.0
2013-09-20,-1,2013-09-20 09:45:00,2013-09-20 10:00:00,2013-09-20 11:10:00,2013-09-20 11:15:00,5905.75,5915.0,2013-09-20 12:10:00,5902.25,thesis_flip,9.25,2.75,0.2972972972972973,55.0
2013-09-25,-1,2013-09-25 10:05:00,2013-09-25 10:35:00,2013-09-25 10:45:00,2013-09-25 10:50:00,5882.0,5887.5,2013-09-25 11:15:00,5887.5,stop,5.5,-6.25,-1.1363636363636365,-125.0
2013-10-01,1,2013-10-01 10:20:00,2013-10-01 10:40:00,2013-10-01 11:20:00,2013-10-01 11:25:00,5913.25,5901.5,2013-10-01 13:15:00,5914.75,thesis_flip,11.75,0.75,0.06382978723404255,15.0
2013-10-07,1,2013-10-07 09:45:00,2013-10-07 10:10:00,2013-10-07 10:50:00,2013-10-07 10:55:00,5902.75,5890.5,2013-10-07 11:20:00,5890.75,thesis_flip,12.25,-12.75,-1.0408163265306123,-255.0
2013-10-09,-1,2013-10-09 09:45:00,2013-10-09 10:10:00,2013-10-09 10:35:00,2013-10-09 10:40:00,5811.0,5818.5,2013-10-09 11:35:00,5794.0,thesis_flip,7.5,16.25,2.1666666666666665,325.0
2013-10-10,1,2013-10-10 09:55:00,2013-10-10 10:30:00,2013-10-10 10:35:00,2013-10-10 10:40:00,5860.0,5851.0,2013-10-10 10:55:00,5858.5,thesis_flip,9.0,-2.25,-0.25,-45.0
2013-10-11,1,2013-10-11 09:45:00,2013-10-11 10:00:00,2013-10-11 10:55:00,2013-10-11 11:00:00,5883.25,5877.0,2013-10-11 11:20:00,5881.25,thesis_flip,6.25,-2.75,-0.44,-55.0
2013-10-14,1,2013-10-14 09:55:00,2013-10-14 10:15:00,2013-10-14 11:10:00,2013-10-14 11:15:00,5892.0,5885.0,2013-10-14 12:25:00,5900.5,thesis_flip,7.0,7.75,1.1071428571428572,155.0
2013-10-15,1,2013-10-15 09:55:00,2013-10-15 10:15:00,2013-10-15 11:10:00,2013-10-15 11:15:00,5928.0,5919.5,2013-10-15 11:40:00,5928.75,thesis_flip,8.5,0.0,0.0,0.0
2013-10-16,1,2013-10-16 09:55:00,2013-10-16 10:15:00,2013-10-16 10:45:00,2013-10-16 10:50:00,5945.0,5935.5,2013-10-16 11:20:00,5946.0,thesis_flip,9.5,0.25,0.02631578947368421,5.0
2013-10-23,-1,2013-10-23 09:55:00,2013-10-23 10:30:00,2013-10-23 10:45:00,2013-10-23 10:50:00,6004.5,6014.25,2013-10-23 11:25:00,6004.5,thesis_flip,9.75,-0.75,-0.07692307692307693,-15.0
2013-10-24,1,2013-10-24 10:15:00,2013-10-24 10:45:00,2013-10-24 11:05:00,2013-10-24 11:10:00,6027.0,6014.75,2013-10-24 12:05:00,6026.75,thesis_flip,12.25,-1.0,-0.08163265306122448,-20.0
2013-10-29,-1,2013-10-29 09:50:00,2013-10-29 10:25:00,2013-10-29 10:40:00,2013-10-29 10:45:00,6048.5,6056.75,2013-10-29 11:10:00,6053.5,thesis_flip,8.25,-5.75,-0.696969696969697,-115.0
2013-10-30,-1,2013-10-30 10:00:00,2013-10-30 11:25:00,2013-10-30 11:30:00,2013-10-30 11:35:00,6059.25,6070.75,2013-10-30 12:05:00,6058.5,thesis_flip,11.5,0.0,0.0,0.0
2013-10-31,-1,2013-10-31 09:50:00,2013-10-31 10:25:00,2013-10-31 10:35:00,2013-10-31 10:40:00,6037.25,6046.5,2013-10-31 10:45:00,6046.5,stop,9.25,-10.0,-1.0810810810810811,-200.0
2013-11-01,-1,2013-11-01 10:00:00,2013-11-01 10:20:00,2013-11-01 11:00:00,2013-11-01 11:05:00,6045.25,6062.0,2013-11-01 11:35:00,6042.0,thesis_flip,16.75,2.5,0.14925373134328357,50.0
2013-11-11,1,2013-11-11 09:45:00,2013-11-11 10:30:00,2013-11-11 10:45:00,2013-11-11 10:50:00,6031.5,6023.5,2013-11-11 11:00:00,6023.5,stop,8.0,-8.75,-1.09375,-175.0
2013-11-12,1,2013-11-12 09:45:00,2013-11-12 10:20:00,2013-11-12 11:30:00,2013-11-12 11:35:00,6035.5,6024.5,2013-11-12 11:45:00,6024.5,stop,11.0,-11.75,-1.0681818181818181,-235.0
2013-11-13,1,2013-11-13 09:45:00,2013-11-13 10:00:00,2013-11-13 10:40:00,2013-11-13 10:45:00,6038.25,6022.75,2013-11-13 11:45:00,6035.0,thesis_flip,15.5,-4.0,-0.25806451612903225,-80.0
2013-11-18,-1,2013-11-18 09:45:00,2013-11-18 10:05:00,2013-11-18 11:15:00,2013-11-18 11:20:00,6090.5,6094.0,2013-11-18 12:25:00,6088.25,thesis_flip,3.5,1.5,0.42857142857142855,30.0
2013-11-22,1,2013-11-22 09:50:00,2013-11-22 10:05:00,2013-11-22 11:15:00,2013-11-22 11:20:00,6089.5,6082.75,2013-11-22 13:05:00,6093.0,thesis_flip,6.75,2.75,0.4074074074074074,55.0
2013-12-03,1,2013-12-03 10:05:00,2013-12-03 10:15:00,2013-12-03 10:35:00,2013-12-03 10:40:00,6159.25,6155.5,2013-12-03 11:00:00,6155.5,stop,3.75,-4.5,-1.2,-90.0
2013-12-06,-1,2013-12-06 09:45:00,2013-12-06 10:15:00,2013-12-06 10:20:00,2013-12-06 10:25:00,6169.75,6180.0,2013-12-06 10:55:00,6166.5,thesis_flip,10.25,2.5,0.24390243902439024,50.0
2013-12-09,1,2013-12-09 09:45:00,2013-12-09 10:25:00,2013-12-09 10:35:00,2013-12-09 10:40:00,6193.25,6187.5,2013-12-09 11:45:00,6193.5,thesis_flip,5.75,-0.5,-0.08695652173913043,-10.0
2013-12-12,-1,2013-12-12 09:45:00,2013-12-12 10:20:00,2013-12-12 11:25:00,2013-12-12 11:30:00,6142.25,6151.75,2013-12-12 12:50:00,6138.0,thesis_flip,9.5,3.5,0.3684210526315789,70.0
2013-12-18,-1,2013-12-18 09:50:00,2013-12-18 10:35:00,2013-12-18 10:45:00,2013-12-18 10:50:00,6134.0,6140.5,2013-12-18 12:15:00,6124.0,thesis_flip,6.5,9.25,1.4230769230769231,185.0
2013-12-20,1,2013-12-20 09:45:00,2013-12-20 10:20:00,2013-12-20 10:30:00,2013-12-20 10:35:00,6193.25,6186.25,2013-12-20 13:35:00,6207.75,thesis_flip,7.0,13.75,1.9642857142857142,275.0
2013-12-27,-1,2013-12-27 09:55:00,2013-12-27 10:10:00,2013-12-27 10:20:00,2013-12-27 10:25:00,6259.0,6261.5,2013-12-27 11:15:00,6252.0,thesis_flip,2.5,6.25,2.5,125.0
2013-12-30,-1,2013-12-30 09:45:00,2013-12-30 10:30:00,2013-12-30 10:50:00,2013-12-30 10:55:00,6238.25,6242.25,2013-12-30 11:10:00,6242.25,stop,4.0,-4.75,-1.1875,-95.0
2014-01-02,-1,2014-01-02 10:05:00,2014-01-02 10:25:00,2014-01-02 11:30:00,2014-01-02 11:35:00,6238.5,6243.75,2014-01-02 13:00:00,6237.0,thesis_flip,5.25,0.75,0.14285714285714285,15.0
2014-01-06,-1,2014-01-06 10:00:00,2014-01-06 10:50:00,2014-01-06 11:10:00,2014-01-06 11:15:00,6189.25,6197.25,2014-01-06 11:55:00,6189.5,thesis_flip,8.0,-1.0,-0.125,-20.0
2014-01-08,1,2014-01-08 10:10:00,2014-01-08 10:35:00,2014-01-08 11:30:00,2014-01-08 11:35:00,6241.75,6231.75,2014-01-08 12:10:00,6242.25,thesis_flip,10.0,-0.25,-0.025,-5.0
2014-01-13,1,2014-01-13 10:05:00,2014-01-13 10:20:00,2014-01-13 11:10:00,2014-01-13 11:15:00,6242.25,6236.25,2014-01-13 12:20:00,6238.25,thesis_flip,6.0,-4.75,-0.7916666666666666,-95.0
2014-01-16,1,2014-01-16 10:20:00,2014-01-16 10:40:00,2014-01-16 11:05:00,2014-01-16 11:10:00,6275.75,6271.0,2014-01-16 12:10:00,6277.5,thesis_flip,4.75,1.0,0.21052631578947367,20.0
2014-01-23,-1,2014-01-23 10:10:00,2014-01-23 10:30:00,2014-01-23 10:50:00,2014-01-23 10:55:00,6262.5,6269.5,2014-01-23 11:15:00,6264.75,thesis_flip,7.0,-3.0,-0.42857142857142855,-60.0
2014-01-28,1,2014-01-28 10:00:00,2014-01-28 10:25:00,2014-01-28 11:00:00,2014-01-28 11:05:00,6178.5,6167.0,2014-01-28 11:15:00,6167.0,stop,11.5,-12.25,-1.065217391304348,-245.0
2014-01-29,1,2014-01-29 10:05:00,2014-01-29 10:35:00,2014-01-29 10:40:00,2014-01-29 10:45:00,6156.75,6143.0,2014-01-29 12:10:00,6164.5,thesis_flip,13.75,7.0,0.509090909090909,140.0
2014-01-31,1,2014-01-31 10:10:00,2014-01-31 10:55:00,2014-01-31 11:00:00,2014-01-31 11:05:00,6182.0,6164.25,2014-01-31 11:20:00,6180.0,thesis_flip,17.75,-2.75,-0.15492957746478872,-55.0
2014-02-04,1,2014-02-04 09:55:00,2014-02-04 10:40:00,2014-02-04 11:00:00,2014-02-04 11:05:00,6132.75,6121.0,2014-02-04 13:15:00,6142.25,thesis_flip,11.75,8.75,0.7446808510638298,175.0
2014-02-05,-1,2014-02-05 09:45:00,2014-02-05 10:25:00,2014-02-05 11:05:00,2014-02-05 11:10:00,6094.75,6132.75,2014-02-05 11:30:00,6115.25,thesis_flip,38.0,-21.25,-0.5592105263157895,-425.0
2014-02-11,1,2014-02-11 09:45:00,2014-02-11 09:55:00,2014-02-11 11:15:00,2014-02-11 11:20:00,6274.0,6263.5,2014-02-11 12:15:00,6277.75,thesis_flip,10.5,3.0,0.2857142857142857,60.0
2014-02-19,-1,2014-02-19 10:00:00,2014-02-19 10:35:00,2014-02-19 10:45:00,2014-02-19 10:50:00,6349.0,6355.5,2014-02-19 11:50:00,6351.5,thesis_flip,6.5,-3.25,-0.5,-65.0
2014-02-20,-1,2014-02-20 09:45:00,2014-02-20 10:25:00,2014-02-20 11:20:00,2014-02-20 11:25:00,6332.0,6340.0,2014-02-20 12:15:00,6340.0,stop,8.0,-8.75,-1.09375,-175.0
2014-03-06,-1,2014-03-06 10:10:00,2014-03-06 10:35:00,2014-03-06 11:00:00,2014-03-06 11:05:00,6408.0,6410.5,2014-03-06 11:20:00,6410.5,stop,2.5,-3.25,-1.3,-65.0
2014-03-26,-1,2014-03-26 10:20:00,2014-03-26 10:40:00,2014-03-26 10:50:00,2014-03-26 10:55:00,6303.0,6318.25,2014-03-26 11:15:00,6310.25,thesis_flip,15.25,-8.0,-0.5245901639344263,-160.0
2014-03-28,1,2014-03-28 10:20:00,2014-03-28 10:30:00,2014-03-28 10:45:00,2014-03-28 10:50:00,6279.5,6271.5,2014-03-28 11:10:00,6278.5,thesis_flip,8.0,-1.75,-0.21875,-35.0
2014-04-02,-1,2014-04-02 09:55:00,2014-04-02 10:05:00,2014-04-02 10:10:00,2014-04-02 10:15:00,6329.5,6341.0,2014-04-02 10:25:00,6341.0,stop,11.5,-12.25,-1.065217391304348,-245.0
2014-04-04,-1,2014-04-04 09:45:00,2014-04-04 10:25:00,2014-04-04 10:40:00,2014-04-04 10:45:00,6288.75,6317.25,2014-04-04 12:20:00,6236.0,thesis_flip,28.5,52.0,1.8245614035087718,1040.0
2014-04-07,1,2014-04-07 09:55:00,2014-04-07 10:45:00,2014-04-07 11:00:00,2014-04-07 11:05:00,6207.5,6193.25,2014-04-07 11:45:00,6198.0,thesis_flip,14.25,-10.25,-0.7192982456140351,-205.0
2014-04-09,1,2014-04-09 10:20:00,2014-04-09 10:45:00,2014-04-09 11:30:00,2014-04-09 11:35:00,6236.25,6227.75,2014-04-09 12:55:00,6243.0,thesis_flip,8.5,6.0,0.7058823529411765,120.0
2014-04-11,1,2014-04-11 09:50:00,2014-04-11 10:35:00,2014-04-11 10:50:00,2014-04-11 10:55:00,6171.75,6128.0,2014-04-11 11:10:00,6159.5,thesis_flip,43.75,-13.0,-0.29714285714285715,-260.0
2014-04-14,-1,2014-04-14 09:45:00,2014-04-14 10:15:00,2014-04-14 10:20:00,2014-04-14 10:25:00,6134.75,6146.25,2014-04-14 10:35:00,6146.25,stop,11.5,-12.25,-1.065217391304348,-245.0
2014-04-16,-1,2014-04-16 09:45:00,2014-04-16 10:00:00,2014-04-16 10:30:00,2014-04-16 10:35:00,6175.5,6190.0,2014-04-16 11:15:00,6173.5,thesis_flip,14.5,1.25,0.08620689655172414,25.0
2014-04-29,-1,2014-04-29 10:25:00,2014-04-29 10:50:00,2014-04-29 11:10:00,2014-04-29 11:15:00,6225.0,6237.5,2014-04-29 11:25:00,6237.5,stop,12.5,-13.25,-1.06,-265.0
2014-05-02,-1,2014-05-02 09:45:00,2014-05-02 09:55:00,2014-05-02 10:25:00,2014-05-02 10:30:00,6273.0,6281.0,2014-05-02 11:05:00,6266.0,thesis_flip,8.0,6.25,0.78125,125.0
2014-05-09,1,2014-05-09 10:10:00,2014-05-09 10:50:00,2014-05-09 11:15:00,2014-05-09 11:20:00,6202.75,6195.0,2014-05-09 12:10:00,6211.25,thesis_flip,7.75,7.75,1.0,155.0
2014-05-13,1,2014-05-13 09:45:00,2014-05-13 10:15:00,2014-05-13 10:35:00,2014-05-13 10:40:00,6306.5,6290.5,2014-05-13 11:00:00,6302.0,thesis_flip,16.0,-5.25,-0.328125,-105.0
2014-05-16,-1,2014-05-16 10:05:00,2014-05-16 10:20:00,2014-05-16 10:25:00,2014-05-16 10:30:00,6228.0,6238.75,2014-05-16 10:50:00,6238.75,stop,10.75,-11.5,-1.069767441860465,-230.0
2014-05-21,1,2014-05-21 09:45:00,2014-05-21 10:10:00,2014-05-21 10:30:00,2014-05-21 10:35:00,6305.5,6298.25,2014-05-21 11:00:00,6304.5,thesis_flip,7.25,-1.75,-0.2413793103448276,-35.0
2014-05-22,1,2014-05-22 09:45:00,2014-05-22 10:10:00,2014-05-22 10:35:00,2014-05-22 10:40:00,6326.5,6314.75,2014-05-22 11:05:00,6330.0,thesis_flip,11.75,2.75,0.23404255319148937,55.0
2014-05-23,-1,2014-05-23 09:45:00,2014-05-23 10:05:00,2014-05-23 10:35:00,2014-05-23 10:40:00,6339.25,6343.0,2014-05-23 11:10:00,6343.0,stop,3.75,-4.5,-1.2,-90.0
2014-05-27,1,2014-05-27 09:45:00,2014-05-27 10:15:00,2014-05-27 11:05:00,2014-05-27 11:10:00,6391.75,6376.75,2014-05-27 12:25:00,6386.0,thesis_flip,15.0,-6.5,-0.43333333333333335,-130.0
2014-06-04,1,2014-06-04 09:45:00,2014-06-04 10:15:00,2014-06-04 10:35:00,2014-06-04 10:40:00,6414.0,6406.25,2014-06-04 11:45:00,6422.5,thesis_flip,7.75,7.75,1.0,155.0
2014-06-11,1,2014-06-11 10:25:00,2014-06-11 10:55:00,2014-06-11 11:00:00,2014-06-11 11:05:00,6483.25,6476.5,2014-06-11 11:20:00,6479.0,thesis_flip,6.75,-5.0,-0.7407407407407407,-100.0
2014-06-17,1,2014-06-17 10:05:00,2014-06-17 11:00:00,2014-06-17 11:30:00,2014-06-17 11:35:00,6464.0,6458.0,2014-06-17 12:30:00,6469.0,thesis_flip,6.0,4.25,0.7083333333333334,85.0
2014-06-18,-1,2014-06-18 10:00:00,2014-06-18 10:30:00,2014-06-18 10:55:00,2014-06-18 11:00:00,6460.25,6469.25,2014-06-18 12:40:00,6463.5,thesis_flip,9.0,-4.0,-0.4444444444444444,-80.0
2014-06-19,-1,2014-06-19 09:45:00,2014-06-19 10:25:00,2014-06-19 10:50:00,2014-06-19 10:55:00,6483.75,6492.5,2014-06-19 12:10:00,6482.25,thesis_flip,8.75,0.75,0.08571428571428572,15.0
2014-06-25,1,2014-06-25 09:50:00,2014-06-25 10:05:00,2014-06-25 10:55:00,2014-06-25 11:00:00,6495.0,6481.75,2014-06-25 11:40:00,6496.25,thesis_flip,13.25,0.5,0.03773584905660377,10.0
2014-06-30,1,2014-06-30 10:20:00,2014-06-30 10:30:00,2014-06-30 11:10:00,2014-06-30 11:15:00,6535.5,6530.75,2014-06-30 11:50:00,6536.25,thesis_flip,4.75,0.0,0.0,0.0
2014-07-01,1,2014-07-01 09:50:00,2014-07-01 10:05:00,2014-07-01 10:10:00,2014-07-01 10:15:00,6566.25,6556.75,2014-07-01 14:10:00,6583.5,thesis_flip,9.5,16.5,1.736842105263158,330.0
2014-07-02,1,2014-07-02 10:20:00,2014-07-02 11:25:00,2014-07-02 11:30:00,2014-07-02 11:35:00,6583.5,6578.0,2014-07-02 12:35:00,6586.25,thesis_flip,5.5,2.0,0.36363636363636365,40.0
2014-07-04,-1,2014-07-04 09:50:00,2014-07-04 10:05:00,2014-07-04 10:40:00,2014-07-04 10:45:00,6606.0,6607.5,2014-07-04 11:45:00,6605.75,thesis_flip,1.5,-0.5,-0.3333333333333333,-10.0
2014-07-10,1,2014-07-10 10:00:00,2014-07-10 10:25:00,2014-07-10 10:45:00,2014-07-10 10:50:00,6557.25,6539.25,2014-07-10 12:50:00,6569.75,thesis_flip,18.0,11.75,0.6527777777777778,235.0
2014-07-14,1,2014-07-14 10:00:00,2014-07-14 10:25:00,2014-07-14 10:45:00,2014-07-14 10:50:00,6616.5,6609.75,2014-07-14 11:35:00,6620.25,thesis_flip,6.75,3.0,0.4444444444444444,60.0
2014-07-15,-1,2014-07-15 09:50:00,2014-07-15 10:05:00,2014-07-15 10:10:00,2014-07-15 10:15:00,6609.25,6623.75,2014-07-15 11:15:00,6602.5,thesis_flip,14.5,6.0,0.41379310344827586,120.0
2014-07-17,1,2014-07-17 09:50:00,2014-07-17 10:30:00,2014-07-17 10:50:00,2014-07-17 10:55:00,6616.0,6608.5,2014-07-17 11:00:00,6608.5,stop,7.5,-8.25,-1.1,-165.0
2014-07-25,1,2014-07-25 09:50:00,2014-07-25 10:10:00,2014-07-25 10:15:00,2014-07-25 10:20:00,6652.25,6648.25,2014-07-25 10:40:00,6650.75,thesis_flip,4.0,-2.25,-0.5625,-45.0
2014-07-28,-1,2014-07-28 09:45:00,2014-07-28 10:10:00,2014-07-28 10:15:00,2014-07-28 10:20:00,6626.25,6642.0,2014-07-28 10:45:00,6632.25,thesis_flip,15.75,-6.75,-0.42857142857142855,-135.0
2014-07-29,1,2014-07-29 09:45:00,2014-07-29 10:10:00,2014-07-29 10:40:00,2014-07-29 10:45:00,6671.0,6662.5,2014-07-29 10:50:00,6662.5,stop,8.5,-9.25,-1.088235294117647,-185.0
2014-07-31,-1,2014-07-31 09:55:00,2014-07-31 10:15:00,2014-07-31 10:30:00,2014-07-31 10:35:00,6607.5,6625.25,2014-07-31 12:35:00,6588.25,thesis_flip,17.75,18.5,1.0422535211267605,370.0
2014-08-01,1,2014-08-01 09:50:00,2014-08-01 10:15:00,2014-08-01 10:25:00,2014-08-01 10:30:00,6583.0,6571.75,2014-08-01 10:50:00,6575.25,thesis_flip,11.25,-8.5,-0.7555555555555555,-170.0
2014-08-05,-1,2014-08-05 09:50:00,2014-08-05 10:40:00,2014-08-05 11:00:00,2014-08-05 11:05:00,6574.5,6587.0,2014-08-05 11:20:00,6584.75,thesis_flip,12.5,-11.0,-0.88,-220.0
2014-08-13,1,2014-08-13 10:15:00,2014-08-13 10:30:00,2014-08-13 10:35:00,2014-08-13 10:40:00,6626.0,6619.75,2014-08-13 12:00:00,6632.75,thesis_flip,6.25,6.0,0.96,120.0
2014-08-19,1,2014-08-19 09:50:00,2014-08-19 10:15:00,2014-08-19 10:20:00,2014-08-19 10:25:00,6722.5,6718.5,2014-08-19 10:35:00,6718.5,stop,4.0,-4.75,-1.1875,-95.0
2014-08-22,1,2014-08-22 10:05:00,2014-08-22 10:35:00,2014-08-22 11:10:00,2014-08-22 11:15:00,6746.0,6734.25,2014-08-22 11:50:00,6745.75,thesis_flip,11.75,-1.0,-0.0851063829787234,-20.0
2014-08-25,1,2014-08-25 09:50:00,2014-08-25 10:05:00,2014-08-25 10:35:00,2014-08-25 10:40:00,6769.75,6763.5,2014-08-25 11:10:00,6767.5,thesis_flip,6.25,-3.0,-0.48,-60.0
2014-08-27,-1,2014-08-27 09:45:00,2014-08-27 10:30:00,2014-08-27 11:25:00,2014-08-27 11:30:00,6765.0,6768.5,2014-08-27 11:45:00,6767.25,thesis_flip,3.5,-3.0,-0.8571428571428571,-60.0
2014-08-28,1,2014-08-28 09:50:00,2014-08-28 10:20:00,2014-08-28 10:45:00,2014-08-28 10:50:00,6759.25,6750.75,2014-08-28 11:25:00,6756.5,thesis_flip,8.5,-3.5,-0.4117647058823529,-70.0
2014-09-08,1,2014-09-08 09:50:00,2014-09-08 10:40:00,2014-09-08 10:45:00,2014-09-08 10:50:00,6791.75,6785.75,2014-09-08 11:40:00,6792.5,thesis_flip,6.0,0.0,0.0,0.0
2014-09-10,-1,2014-09-10 10:00:00,2014-09-10 10:20:00,2014-09-10 11:00:00,2014-09-10 11:05:00,6756.75,6763.25,2014-09-10 11:10:00,6763.25,stop,6.5,-7.25,-1.1153846153846154,-145.0
2014-09-12,-1,2014-09-12 09:55:00,2014-09-12 10:30:00,2014-09-12 11:10:00,2014-09-12 11:15:00,6771.75,6777.0,2014-09-12 12:15:00,6771.25,thesis_flip,5.25,-0.25,-0.047619047619047616,-5.0
2014-09-16,1,2014-09-16 09:45:00,2014-09-16 10:15:00,2014-09-16 11:20:00,2014-09-16 11:25:00,6731.75,6722.75,2014-09-16 12:10:00,6748.25,thesis_flip,9.0,15.75,1.75,315.0
2014-09-19,-1,2014-09-19 10:25:00,2014-09-19 10:45:00,2014-09-19 11:25:00,2014-09-19 11:30:00,6809.0,6814.75,2014-09-19 13:30:00,6791.0,thesis_flip,5.75,17.25,3.0,345.0
2014-09-23,1,2014-09-23 09:50:00,2014-09-23 10:55:00,2014-09-23 11:20:00,2014-09-23 11:25:00,6762.25,6752.0,2014-09-23 12:00:00,6764.25,thesis_flip,10.25,1.25,0.12195121951219512,25.0
2014-09-26,1,2014-09-26 10:00:00,2014-09-26 10:35:00,2014-09-26 10:55:00,2014-09-26 11:00:00,6725.25,6717.0,2014-09-26 11:20:00,6721.25,thesis_flip,8.25,-4.75,-0.5757575757575758,-95.0
2014-10-02,-1,2014-10-02 10:10:00,2014-10-02 10:35:00,2014-10-02 10:40:00,2014-10-02 10:45:00,6666.0,6687.25,2014-10-02 11:15:00,6663.75,thesis_flip,21.25,1.5,0.07058823529411765,30.0
2014-10-06,-1,2014-10-06 10:15:00,2014-10-06 10:40:00,2014-10-06 10:45:00,2014-10-06 10:50:00,6725.5,6742.0,2014-10-06 11:05:00,6726.5,thesis_flip,16.5,-1.75,-0.10606060606060606,-35.0
2014-10-10,-1,2014-10-10 10:05:00,2014-10-10 11:00:00,2014-10-10 11:10:00,2014-10-10 11:15:00,6620.75,6633.75,2014-10-10 11:50:00,6626.5,thesis_flip,13.0,-6.5,-0.5,-130.0
2014-10-13,-1,2014-10-13 09:45:00,2014-10-13 10:20:00,2014-10-13 10:25:00,2014-10-13 10:30:00,6529.0,6562.0,2014-10-13 10:55:00,6543.25,thesis_flip,33.0,-15.0,-0.45454545454545453,-300.0
2014-10-15,1,2014-10-15 09:45:00,2014-10-15 10:05:00,2014-10-15 11:05:00,2014-10-15 11:10:00,6484.0,6457.75,2014-10-15 11:25:00,6465.0,thesis_flip,26.25,-19.75,-0.7523809523809524,-395.0
2014-10-17,1,2014-10-17 10:25:00,2014-10-17 10:45:00,2014-10-17 10:50:00,2014-10-17 10:55:00,6523.5,6515.0,2014-10-17 12:00:00,6537.75,thesis_flip,8.5,13.5,1.588235294117647,270.0
2014-10-21,1,2014-10-21 10:10:00,2014-10-21 10:35:00,2014-10-21 10:40:00,2014-10-21 10:45:00,6629.5,6613.25,2014-10-21 11:55:00,6638.75,thesis_flip,16.25,8.5,0.5230769230769231,170.0
2014-10-22,1,2014-10-22 09:50:00,2014-10-22 10:55:00,2014-10-22 11:10:00,2014-10-22 11:15:00,6684.25,6666.25,2014-10-22 11:50:00,6681.75,thesis_flip,18.0,-3.25,-0.18055555555555555,-65.0
2014-10-23,1,2014-10-23 09:50:00,2014-10-23 10:05:00,2014-10-23 10:45:00,2014-10-23 10:50:00,6712.5,6691.75,2014-10-23 11:25:00,6713.5,thesis_flip,20.75,0.25,0.012048192771084338,5.0
2014-10-30,-1,2014-10-30 09:55:00,2014-10-30 10:10:00,2014-10-30 10:45:00,2014-10-30 10:50:00,6765.5,6779.75,2014-10-30 11:05:00,6776.5,thesis_flip,14.25,-11.75,-0.8245614035087719,-235.0
2014-11-03,1,2014-11-03 09:50:00,2014-11-03 10:25:00,2014-11-03 10:30:00,2014-11-03 10:35:00,6869.75,6861.75,2014-11-03 10:50:00,6865.25,thesis_flip,8.0,-5.25,-0.65625,-105.0
2014-11-05,-1,2014-11-05 10:25:00,2014-11-05 11:15:00,2014-11-05 11:20:00,2014-11-05 11:25:00,6858.75,6864.25,2014-11-05 11:55:00,6864.25,stop,5.5,-6.25,-1.1363636363636365,-125.0
2014-11-07,-1,2014-11-07 09:50:00,2014-11-07 10:05:00,2014-11-07 10:20:00,2014-11-07 10:25:00,6849.75,6865.0,2014-11-07 10:40:00,6854.0,thesis_flip,15.25,-5.0,-0.32786885245901637,-100.0
2014-11-10,1,2014-11-10 10:30:00,2014-11-10 11:00:00,2014-11-10 11:15:00,2014-11-10 11:20:00,6881.5,6868.0,2014-11-10 11:50:00,6881.75,thesis_flip,13.5,-0.5,-0.037037037037037035,-10.0
2014-11-11,1,2014-11-11 10:25:00,2014-11-11 11:15:00,2014-11-11 11:20:00,2014-11-11 11:25:00,6887.25,6880.5,2014-11-11 11:40:00,6883.0,thesis_flip,6.75,-5.0,-0.7407407407407407,-100.0
2014-11-12,1,2014-11-12 10:05:00,2014-11-12 10:35:00,2014-11-12 11:20:00,2014-11-12 11:25:00,6887.5,6878.25,2014-11-12 12:40:00,6895.0,thesis_flip,9.25,6.75,0.7297297297297297,135.0
2014-11-21,-1,2014-11-21 09:55:00,2014-11-21 10:35:00,2014-11-21 10:45:00,2014-11-21 10:50:00,6974.5,6981.5,2014-11-21 11:15:00,6970.0,thesis_flip,7.0,3.75,0.5357142857142857,75.0
2014-11-25,-1,2014-11-25 10:00:00,2014-11-25 10:20:00,2014-11-25 10:55:00,2014-11-25 11:00:00,6997.75,7005.75,2014-11-25 12:45:00,7001.0,thesis_flip,8.0,-4.0,-0.5,-80.0
2014-11-26,1,2014-11-26 09:45:00,2014-11-26 10:10:00,2014-11-26 10:20:00,2014-11-26 10:25:00,7010.0,7001.25,2014-11-26 11:55:00,7014.75,thesis_flip,8.75,4.0,0.45714285714285713,80.0
2014-12-01,-1,2014-12-01 09:45:00,2014-12-01 10:35:00,2014-12-01 10:50:00,2014-12-01 10:55:00,6997.25,7021.0,2014-12-01 11:25:00,7000.0,thesis_flip,23.75,-3.5,-0.14736842105263157,-70.0
2014-12-02,1,2014-12-02 10:00:00,2014-12-02 10:50:00,2014-12-02 11:15:00,2014-12-02 11:20:00,7007.25,6999.25,2014-12-02 12:20:00,7006.25,thesis_flip,8.0,-1.75,-0.21875,-35.0
2014-12-04,1,2014-12-04 10:00:00,2014-12-04 10:25:00,2014-12-04 10:55:00,2014-12-04 11:00:00,7015.5,7007.75,2014-12-04 11:25:00,7007.75,stop,7.75,-8.5,-1.096774193548387,-170.0
2014-12-10,-1,2014-12-10 10:00:00,2014-12-10 10:15:00,2014-12-10 10:25:00,2014-12-10 10:30:00,6981.0,6992.25,2014-12-10 10:55:00,6983.5,thesis_flip,11.25,-3.25,-0.28888888888888886,-65.0
2014-12-11,1,2014-12-11 09:45:00,2014-12-11 10:05:00,2014-12-11 10:15:00,2014-12-11 10:20:00,6984.5,6971.5,2014-12-11 11:05:00,6993.25,thesis_flip,13.0,8.0,0.6153846153846154,160.0
2014-12-12,1,2014-12-12 09:55:00,2014-12-12 10:20:00,2014-12-12 10:25:00,2014-12-12 10:30:00,6950.75,6937.0,2014-12-12 10:50:00,6937.0,stop,13.75,-14.5,-1.0545454545454545,-290.0
2014-12-15,-1,2014-12-15 10:00:00,2014-12-15 10:45:00,2014-12-15 11:00:00,2014-12-15 11:05:00,6902.25,6933.25,2014-12-15 12:05:00,6873.25,thesis_flip,31.0,28.25,0.9112903225806451,565.0
2014-12-18,1,2014-12-18 09:55:00,2014-12-18 10:55:00,2014-12-18 11:15:00,2014-12-18 11:20:00,6943.0,6931.25,2014-12-18 12:25:00,6947.0,thesis_flip,11.75,3.25,0.2765957446808511,65.0
2014-12-19,1,2014-12-19 09:55:00,2014-12-19 10:35:00,2014-12-19 10:55:00,2014-12-19 11:00:00,6999.0,6984.25,2014-12-19 11:55:00,6996.5,thesis_flip,14.75,-3.25,-0.22033898305084745,-65.0
2014-12-22,1,2014-12-22 10:05:00,2014-12-22 10:35:00,2014-12-22 11:15:00,2014-12-22 11:20:00,7008.25,7001.75,2014-12-22 11:45:00,7007.5,thesis_flip,6.5,-1.5,-0.23076923076923078,-30.0
2014-12-23,-1,2014-12-23 09:45:00,2014-12-23 10:20:00,2014-12-23 10:30:00,2014-12-23 10:35:00,6998.25,7012.5,2014-12-23 11:05:00,7002.0,thesis_flip,14.25,-4.5,-0.3157894736842105,-90.0
2014-12-24,1,2014-12-24 09:50:00,2014-12-24 10:20:00,2014-12-24 11:00:00,2014-12-24 11:05:00,7013.5,7002.75,2014-12-24 11:45:00,7011.5,thesis_flip,10.75,-2.75,-0.2558139534883721,-55.0
2014-12-26,1,2014-12-26 10:00:00,2014-12-26 10:10:00,2014-12-26 10:45:00,2014-12-26 10:50:00,7020.0,7017.0,2014-12-26 11:15:00,7020.75,thesis_flip,3.0,0.0,0.0,0.0
2014-12-30,-1,2014-12-30 09:55:00,2014-12-30 10:20:00,2014-12-30 10:30:00,2014-12-30 10:35:00,7006.25,7013.5,2014-12-30 10:50:00,7009.75,thesis_flip,7.25,-4.25,-0.5862068965517241,-85.0
2015-01-02,-1,2015-01-02 10:05:00,2015-01-02 10:45:00,2015-01-02 11:00:00,2015-01-02 11:05:00,6931.25,6974.0,2015-01-02 11:50:00,6932.0,thesis_flip,42.75,-1.5,-0.03508771929824561,-30.0
2015-01-05,-1,2015-01-05 09:50:00,2015-01-05 10:15:00,2015-01-05 10:30:00,2015-01-05 10:35:00,6895.25,6911.75,2015-01-05 10:55:00,6902.5,thesis_flip,16.5,-8.0,-0.48484848484848486,-160.0
2015-01-06,-1,2015-01-06 10:00:00,2015-01-06 10:50:00,2015-01-06 10:55:00,2015-01-06 11:00:00,6856.0,6887.25,2015-01-06 12:35:00,6818.0,thesis_flip,31.25,37.25,1.192,745.0
2015-01-07,1,2015-01-07 10:00:00,2015-01-07 10:20:00,2015-01-07 10:50:00,2015-01-07 10:55:00,6861.5,6843.5,2015-01-07 11:10:00,6850.75,thesis_flip,18.0,-11.5,-0.6388888888888888,-230.0
2015-01-08,1,2015-01-08 09:50:00,2015-01-08 10:50:00,2015-01-08 10:55:00,2015-01-08 11:00:00,6947.0,6919.5,2015-01-08 11:25:00,6946.0,thesis_flip,27.5,-1.75,-0.06363636363636363,-35.0
2015-01-15,-1,2015-01-15 09:45:00,2015-01-15 10:05:00,2015-01-15 10:55:00,2015-01-15 11:00:00,6837.75,6859.5,2015-01-15 13:05:00,6817.75,thesis_flip,21.75,19.25,0.8850574712643678,385.0
2015-01-16,-1,2015-01-16 10:10:00,2015-01-16 10:40:00,2015-01-16 10:45:00,2015-01-16 10:50:00,6803.0,6819.75,2015-01-16 10:55:00,6819.75,stop,16.75,-17.5,-1.044776119402985,-350.0
2015-01-19,1,2015-01-19 09:50:00,2015-01-19 10:15:00,2015-01-19 10:30:00,2015-01-19 10:35:00,6862.0,6857.75,2015-01-19 10:50:00,6858.0,thesis_flip,4.25,-4.75,-1.1176470588235294,-95.0
2015-01-20,-1,2015-01-20 09:45:00,2015-01-20 10:20:00,2015-01-20 10:35:00,2015-01-20 10:40:00,6843.75,6861.75,2015-01-20 11:10:00,6847.0,thesis_flip,18.0,-4.0,-0.2222222222222222,-80.0
2015-01-23,1,2015-01-23 09:55:00,2015-01-23 10:20:00,2015-01-23 10:50:00,2015-01-23 10:55:00,6982.5,6969.0,2015-01-23 11:15:00,6980.25,thesis_flip,13.5,-3.0,-0.2222222222222222,-60.0
2015-01-29,-1,2015-01-29 09:45:00,2015-01-29 10:10:00,2015-01-29 10:40:00,2015-01-29 10:45:00,6822.0,6844.0,2015-01-29 11:00:00,6829.5,thesis_flip,22.0,-8.25,-0.375,-165.0
2015-02-05,1,2015-02-05 09:45:00,2015-02-05 10:05:00,2015-02-05 10:25:00,2015-02-05 10:30:00,6952.25,6941.75,2015-02-05 11:05:00,6955.75,thesis_flip,10.5,2.75,0.2619047619047619,55.0
2015-02-10,1,2015-02-10 09:45:00,2015-02-10 10:00:00,2015-02-10 10:35:00,2015-02-10 10:40:00,6955.25,6947.0,2015-02-10 10:45:00,6947.0,stop,8.25,-9.0,-1.0909090909090908,-180.0
2015-02-11,1,2015-02-11 09:55:00,2015-02-11 10:15:00,2015-02-11 10:35:00,2015-02-11 10:40:00,7009.5,7002.5,2015-02-11 12:05:00,7012.0,thesis_flip,7.0,1.75,0.25,35.0
2015-02-12,1,2015-02-12 10:05:00,2015-02-12 10:15:00,2015-02-12 11:10:00,2015-02-12 11:15:00,7045.5,7039.0,2015-02-12 11:20:00,7039.0,stop,6.5,-7.25,-1.1153846153846154,-145.0
2015-02-19,1,2015-02-19 09:45:00,2015-02-19 10:20:00,2015-02-19 10:35:00,2015-02-19 10:40:00,7126.75,7112.0,2015-02-19 11:05:00,7122.25,thesis_flip,14.75,-5.25,-0.3559322033898305,-105.0
2015-03-03,-1,2015-03-03 09:45:00,2015-03-03 10:15:00,2015-03-03 10:25:00,2015-03-03 10:30:00,7171.5,7181.25,2015-03-03 10:45:00,7174.75,thesis_flip,9.75,-4.0,-0.41025641025641024,-80.0
2015-03-05,1,2015-03-05 09:45:00,2015-03-05 10:30:00,2015-03-05 10:45:00,2015-03-05 10:50:00,7179.5,7171.5,2015-03-05 11:00:00,7171.5,stop,8.0,-8.75,-1.09375,-175.0
2015-03-12,1,2015-03-12 09:45:00,2015-03-12 10:15:00,2015-03-12 11:10:00,2015-03-12 11:15:00,7044.0,7033.25,2015-03-12 11:35:00,7045.75,thesis_flip,10.75,1.0,0.09302325581395349,20.0
2015-03-25,-1,2015-03-25 09:45:00,2015-03-25 10:45:00,2015-03-25 11:15:00,2015-03-25 11:20:00,7118.75,7137.5,2015-03-25 13:00:00,7078.25,thesis_flip,18.75,39.75,2.12,795.0
2015-03-26,1,2015-03-26 09:45:00,2015-03-26 10:00:00,2015-03-26 10:35:00,2015-03-26 10:40:00,7016.5,6994.25,2015-03-26 11:15:00,7016.0,thesis_flip,22.25,-1.25,-0.056179775280898875,-25.0
2015-03-30,1,2015-03-30 09:45:00,2015-03-30 10:15:00,2015-03-30 10:50:00,2015-03-30 10:55:00,7084.75,7075.0,2015-03-30 11:35:00,7083.25,thesis_flip,9.75,-2.25,-0.23076923076923078,-45.0
2015-04-01,-1,2015-04-01 09:45:00,2015-04-01 11:00:00,2015-04-01 11:25:00,2015-04-01 11:30:00,7016.75,7029.0,2015-04-01 11:50:00,7022.0,thesis_flip,12.25,-6.0,-0.4897959183673469,-120.0
2015-04-02,1,2015-04-02 09:50:00,2015-04-02 10:25:00,2015-04-02 11:00:00,2015-04-02 11:05:00,7032.25,7024.0,2015-04-02 11:55:00,7028.25,thesis_flip,8.25,-4.75,-0.5757575757575758,-95.0
2015-04-07,1,2015-04-07 10:25:00,2015-04-07 11:25:00,2015-04-07 11:30:00,2015-04-07 11:35:00,7087.0,7081.75,2015-04-07 12:45:00,7085.75,thesis_flip,5.25,-2.0,-0.38095238095238093,-40.0
2015-04-08,1,2015-04-08 09:45:00,2015-04-08 10:55:00,2015-04-08 11:10:00,2015-04-08 11:15:00,7081.25,7063.75,2015-04-08 12:30:00,7087.0,thesis_flip,17.5,5.0,0.2857142857142857,100.0
2015-04-10,1,2015-04-10 10:30:00,2015-04-10 10:55:00,2015-04-10 11:05:00,2015-04-10 11:10:00,7128.25,7123.0,2015-04-10 11:50:00,7128.0,thesis_flip,5.25,-1.0,-0.19047619047619047,-20.0
2015-04-15,1,2015-04-15 09:50:00,2015-04-15 10:10:00,2015-04-15 10:20:00,2015-04-15 10:25:00,7132.25,7124.0,2015-04-15 11:20:00,7127.25,thesis_flip,8.25,-5.75,-0.696969696969697,-115.0
2015-04-16,-1,2015-04-16 10:30:00,2015-04-16 10:50:00,2015-04-16 11:30:00,2015-04-16 11:35:00,7133.25,7138.0,2015-04-16 12:00:00,7134.0,thesis_flip,4.75,-1.5,-0.3157894736842105,-30.0
2015-04-22,-1,2015-04-22 09:45:00,2015-04-22 10:10:00,2015-04-22 10:35:00,2015-04-22 10:40:00,7140.0,7152.5,2015-04-22 10:45:00,7152.5,stop,12.5,-13.25,-1.06,-265.0
2015-04-27,1,2015-04-27 09:50:00,2015-04-27 10:20:00,2015-04-27 11:10:00,2015-04-27 11:15:00,7266.75,7258.5,2015-04-27 11:45:00,7265.0,thesis_flip,8.25,-2.5,-0.30303030303030304,-50.0
2015-05-01,1,2015-05-01 10:15:00,2015-05-01 10:50:00,2015-05-01 11:00:00,2015-05-01 11:05:00,7166.0,7155.5,2015-05-01 11:45:00,7162.5,thesis_flip,10.5,-4.25,-0.40476190476190477,-85.0
2015-05-06,-1,2015-05-06 09:50:00,2015-05-06 10:00:00,2015-05-06 10:05:00,2015-05-06 10:10:00,7086.5,7104.0,2015-05-06 10:25:00,7104.0,stop,17.5,-18.25,-1.042857142857143,-365.0
2015-05-11,-1,2015-05-11 10:30:00,2015-05-11 10:45:00,2015-05-11 11:00:00,2015-05-11 11:05:00,7164.5,7172.0,2015-05-11 11:10:00,7172.0,stop,7.5,-8.25,-1.1,-165.0
2015-05-14,1,2015-05-14 10:10:00,2015-05-14 10:40:00,2015-05-14 11:00:00,2015-05-14 11:05:00,7195.5,7185.5,2015-05-14 12:45:00,7198.5,thesis_flip,10.0,2.25,0.225,45.0
2015-05-15,-1,2015-05-15 10:00:00,2015-05-15 10:20:00,2015-05-15 11:15:00,2015-05-15 11:20:00,7207.5,7217.5,2015-05-15 12:25:00,7208.25,thesis_flip,10.0,-1.5,-0.15,-30.0
2015-05-18,1,2015-05-18 09:55:00,2015-05-18 10:15:00,2015-05-18 10:20:00,2015-05-18 10:25:00,7209.25,7205.0,2015-05-18 10:55:00,7207.5,thesis_flip,4.25,-2.5,-0.5882352941176471,-50.0
2015-05-28,-1,2015-05-28 09:50:00,2015-05-28 10:25:00,2015-05-28 11:00:00,2015-05-28 11:05:00,7250.25,7257.5,2015-05-28 11:10:00,7257.5,stop,7.25,-8.0,-1.103448275862069,-160.0
2015-05-29,-1,2015-05-29 10:05:00,2015-05-29 11:00:00,2015-05-29 11:25:00,2015-05-29 11:30:00,7227.25,7248.75,2015-05-29 11:45:00,7239.0,thesis_flip,21.5,-12.5,-0.5813953488372093,-250.0
2015-06-01,-1,2015-06-01 09:45:00,2015-06-01 10:15:00,2015-06-01 11:25:00,2015-06-01 11:30:00,7230.0,7242.0,2015-06-01 11:45:00,7234.75,thesis_flip,12.0,-5.5,-0.4583333333333333,-110.0
2015-06-03,1,2015-06-03 10:10:00,2015-06-03 10:30:00,2015-06-03 10:45:00,2015-06-03 10:50:00,7260.75,7255.5,2015-06-03 11:10:00,7255.5,stop,5.25,-6.0,-1.1428571428571428,-120.0
2015-06-04,1,2015-06-04 10:00:00,2015-06-04 10:45:00,2015-06-04 11:10:00,2015-06-04 11:15:00,7230.75,7218.75,2015-06-04 11:35:00,7223.5,thesis_flip,12.0,-8.0,-0.6666666666666666,-160.0
2015-06-08,-1,2015-06-08 09:50:00,2015-06-08 10:05:00,2015-06-08 10:50:00,2015-06-08 10:55:00,7177.0,7187.25,2015-06-08 13:50:00,7151.5,thesis_flip,10.25,24.75,2.4146341463414633,495.0
2015-06-19,-1,2015-06-19 09:45:00,2015-06-19 09:55:00,2015-06-19 10:30:00,2015-06-19 10:35:00,7261.5,7268.75,2015-06-19 10:50:00,7266.5,thesis_flip,7.25,-5.75,-0.7931034482758621,-115.0
2015-06-30,-1,2015-06-30 10:30:00,2015-06-30 11:00:00,2015-06-30 11:25:00,2015-06-30 11:30:00,7136.75,7147.0,2015-06-30 11:50:00,7139.25,thesis_flip,10.25,-3.25,-0.3170731707317073,-65.0
2015-07-02,-1,2015-07-02 09:50:00,2015-07-02 10:20:00,2015-07-02 10:35:00,2015-07-02 10:40:00,7168.0,7179.0,2015-07-02 12:50:00,7162.0,thesis_flip,11.0,5.25,0.4772727272727273,105.0
2015-07-03,-1,2015-07-03 10:15:00,2015-07-03 11:05:00,2015-07-03 11:20:00,2015-07-03 11:25:00,7169.5,7173.25,2015-07-03 12:00:00,7163.0,thesis_flip,3.75,5.75,1.5333333333333334,115.0
2015-07-06,1,2015-07-06 09:45:00,2015-07-06 10:15:00,2015-07-06 10:30:00,2015-07-06 10:35:00,7169.5,7151.5,2015-07-06 11:00:00,7174.25,thesis_flip,18.0,4.0,0.2222222222222222,80.0
2015-07-08,-1,2015-07-08 09:45:00,2015-07-08 10:55:00,2015-07-08 11:05:00,2015-07-08 11:10:00,7115.25,7133.0,2015-07-08 12:05:00,7108.25,thesis_flip,17.75,6.25,0.352112676056338,125.0
2015-07-09,-1,2015-07-09 10:15:00,2015-07-09 11:05:00,2015-07-09 11:25:00,2015-07-09 11:30:00,7134.5,7146.25,2015-07-09 14:55:00,7105.25,thesis_flip,11.75,28.5,2.425531914893617,570.0
2015-07-17,1,2015-07-17 10:25:00,2015-07-17 10:50:00,2015-07-17 11:25:00,2015-07-17 11:30:00,7384.25,7374.0,2015-07-17 11:55:00,7383.75,thesis_flip,10.25,-1.25,-0.12195121951219512,-25.0
2015-07-22,1,2015-07-22 09:55:00,2015-07-22 10:10:00,2015-07-22 10:55:00,2015-07-22 11:00:00,7375.0,7362.75,2015-07-22 11:25:00,7366.25,thesis_flip,12.25,-9.5,-0.7755102040816326,-190.0
2015-07-27,1,2015-07-27 09:50:00,2015-07-27 10:20:00,2015-07-27 10:30:00,2015-07-27 10:35:00,7285.75,7264.5,2015-07-27 10:55:00,7281.5,thesis_flip,21.25,-5.0,-0.23529411764705882,-100.0
2015-07-28,-1,2015-07-28 09:45:00,2015-07-28 10:10:00,2015-07-28 10:15:00,2015-07-28 10:20:00,7251.75,7271.75,2015-07-28 10:45:00,7259.25,thesis_flip,20.0,-8.25,-0.4125,-165.0
2015-07-30,-1,2015-07-30 09:45:00,2015-07-30 10:20:00,2015-07-30 10:55:00,2015-07-30 11:00:00,7296.25,7306.0,2015-07-30 11:15:00,7303.75,thesis_flip,9.75,-8.25,-0.8461538461538461,-165.0
2015-08-06,-1,2015-08-06 09:50:00,2015-08-06 10:35:00,2015-08-06 10:55:00,2015-08-06 11:00:00,7294.5,7327.25,2015-08-06 11:50:00,7270.25,thesis_flip,32.75,23.5,0.7175572519083969,470.0
2015-08-13,-1,2015-08-13 09:45:00,2015-08-13 10:05:00,2015-08-13 10:55:00,2015-08-13 11:00:00,7274.25,7287.25,2015-08-13 11:20:00,7280.75,thesis_flip,13.0,-7.25,-0.5576923076923077,-145.0
2015-08-14,1,2015-08-14 09:50:00,2015-08-14 10:20:00,2015-08-14 10:35:00,2015-08-14 10:40:00,7265.5,7256.0,2015-08-14 10:45:00,7256.0,stop,9.5,-10.25,-1.0789473684210527,-205.0
2015-08-19,-1,2015-08-19 09:45:00,2015-08-19 10:20:00,2015-08-19 10:35:00,2015-08-19 10:40:00,7261.5,7270.75,2015-08-19 11:40:00,7246.25,thesis_flip,9.25,14.5,1.5675675675675675,290.0
2015-08-20,-1,2015-08-20 09:55:00,2015-08-20 10:25:00,2015-08-20 11:05:00,2015-08-20 11:10:00,7175.5,7212.5,2015-08-20 11:30:00,7177.5,thesis_flip,37.0,-2.75,-0.07432432432432433,-55.0
2015-08-24,1,2015-08-24 10:00:00,2015-08-24 10:10:00,2015-08-24 10:20:00,2015-08-24 10:25:00,6855.0,6779.25,2015-08-24 11:10:00,6832.5,thesis_flip,75.75,-23.25,-0.3069306930693069,-465.0
2015-08-26,-1,2015-08-26 10:15:00,2015-08-26 10:50:00,2015-08-26 11:30:00,2015-08-26 11:35:00,6825.75,6874.5,2015-08-26 12:20:00,6834.5,thesis_flip,48.75,-9.5,-0.19487179487179487,-190.0
2015-08-31,-1,2015-08-31 09:45:00,2015-08-31 10:20:00,2015-08-31 11:00:00,2015-08-31 11:05:00,7040.0,7058.75,2015-08-31 11:40:00,7058.75,stop,18.75,-19.5,-1.04,-390.0
2015-09-09,-1,2015-09-09 09:45:00,2015-09-09 10:05:00,2015-09-09 10:50:00,2015-09-09 10:55:00,7053.0,7086.5,2015-09-09 11:10:00,7063.5,thesis_flip,33.5,-11.25,-0.3358208955223881,-225.0
2015-09-11,-1,2015-09-11 09:55:00,2015-09-11 10:05:00,2015-09-11 10:50:00,2015-09-11 10:55:00,7022.25,7033.75,2015-09-11 11:30:00,7028.75,thesis_flip,11.5,-7.25,-0.6304347826086957,-145.0
2015-09-14,-1,2015-09-14 09:45:00,2015-09-14 10:20:00,2015-09-14 10:25:00,2015-09-14 10:30:00,7056.25,7065.25,2015-09-14 11:55:00,7051.5,thesis_flip,9.0,4.0,0.4444444444444444,80.0
2015-09-16,-1,2015-09-16 10:00:00,2015-09-16 10:15:00,2015-09-16 10:40:00,2015-09-16 10:45:00,7100.0,7111.0,2015-09-16 11:05:00,7111.0,stop,11.0,-11.75,-1.0681818181818181,-235.0
2015-09-17,1,2015-09-17 10:00:00,2015-09-17 10:25:00,2015-09-17 10:40:00,2015-09-17 10:45:00,7136.25,7128.5,2015-09-17 11:05:00,7135.0,thesis_flip,7.75,-2.0,-0.25806451612903225,-40.0
2015-09-18,1,2015-09-18 10:05:00,2015-09-18 11:15:00,2015-09-18 11:20:00,2015-09-18 11:25:00,7109.0,7088.75,2015-09-18 12:05:00,7108.25,thesis_flip,20.25,-1.5,-0.07407407407407407,-30.0
2015-09-24,-1,2015-09-24 09:45:00,2015-09-24 10:45:00,2015-09-24 11:00:00,2015-09-24 11:05:00,6946.0,6978.25,2015-09-24 11:20:00,6957.0,thesis_flip,32.25,-11.75,-0.3643410852713178,-235.0
2015-09-25,-1,2015-09-25 10:20:00,2015-09-25 10:45:00,2015-09-25 11:30:00,2015-09-25 11:35:00,7035.25,7048.25,2015-09-25 12:35:00,7024.5,thesis_flip,13.0,10.0,0.7692307692307693,200.0
2015-09-28,-1,2015-09-28 09:45:00,2015-09-28 10:15:00,2015-09-28 11:10:00,2015-09-28 11:15:00,6910.25,6933.5,2015-09-28 13:10:00,6882.25,thesis_flip,23.25,27.25,1.1720430107526882,545.0
2015-09-29,1,2015-09-29 09:55:00,2015-09-29 10:05:00,2015-09-29 10:10:00,2015-09-29 10:15:00,6884.25,6862.5,2015-09-29 10:45:00,6883.5,thesis_flip,21.75,-1.5,-0.06896551724137931,-30.0
2015-10-01,-1,2015-10-01 09:55:00,2015-10-01 10:25:00,2015-10-01 10:50:00,2015-10-01 10:55:00,6899.0,6920.5,2015-10-01 12:30:00,6891.25,thesis_flip,21.5,7.0,0.32558139534883723,140.0
2015-10-05,1,2015-10-05 10:10:00,2015-10-05 10:50:00,2015-10-05 11:00:00,2015-10-05 11:05:00,7059.0,7047.25,2015-10-05 11:20:00,7057.0,thesis_flip,11.75,-2.75,-0.23404255319148937,-55.0
2015-10-08,-1,2015-10-08 10:15:00,2015-10-08 10:30:00,2015-10-08 10:50:00,2015-10-08 10:55:00,7047.25,7056.0,2015-10-08 11:35:00,7044.0,thesis_flip,8.75,2.5,0.2857142857142857,50.0
2015-10-19,1,2015-10-19 09:50:00,2015-10-19 11:00:00,2015-10-19 11:30:00,2015-10-19 11:35:00,7206.75,7183.0,2015-10-19 12:05:00,7208.25,thesis_flip,23.75,0.75,0.031578947368421054,15.0
2015-10-20,1,2015-10-20 10:05:00,2015-10-20 10:35:00,2015-10-20 11:25:00,2015-10-20 11:30:00,7202.25,7189.25,2015-10-20 11:55:00,7193.75,thesis_flip,13.0,-9.25,-0.7115384615384616,-185.0
2015-10-21,-1,2015-10-21 10:00:00,2015-10-21 10:50:00,2015-10-21 11:05:00,2015-10-21 11:10:00,7185.25,7201.0,2015-10-21 11:25:00,7198.25,thesis_flip,15.75,-13.75,-0.873015873015873,-275.0
2015-10-26,-1,2015-10-26 09:45:00,2015-10-26 10:00:00,2015-10-26 10:10:00,2015-10-26 10:15:00,7357.25,7369.5,2015-10-26 10:25:00,7369.5,stop,12.25,-13.0,-1.0612244897959184,-260.0
2015-10-27,1,2015-10-27 09:50:00,2015-10-27 10:10:00,2015-10-27 10:35:00,2015-10-27 10:40:00,7376.0,7368.75,2015-10-27 11:40:00,7386.0,thesis_flip,7.25,9.25,1.2758620689655173,185.0
2015-10-28,-1,2015-10-28 10:15:00,2015-10-28 10:40:00,2015-10-28 11:20:00,2015-10-28 11:25:00,7394.5,7401.0,2015-10-28 11:40:00,7401.0,stop,6.5,-7.25,-1.1153846153846154,-145.0
2015-11-03,1,2015-11-03 10:15:00,2015-11-03 11:00:00,2015-11-03 11:15:00,2015-11-03 11:20:00,7454.5,7447.5,2015-11-03 12:20:00,7464.25,thesis_flip,7.0,9.0,1.2857142857142858,180.0
2015-11-04,-1,2015-11-04 09:45:00,2015-11-04 10:45:00,2015-11-04 10:55:00,2015-11-04 11:00:00,7459.25,7479.5,2015-11-04 11:50:00,7463.0,thesis_flip,20.25,-4.5,-0.2222222222222222,-90.0
2015-11-06,-1,2015-11-06 09:50:00,2015-11-06 10:45:00,2015-11-06 11:00:00,2015-11-06 11:05:00,7452.0,7465.75,2015-11-06 11:50:00,7454.0,thesis_flip,13.75,-2.75,-0.2,-55.0
2015-11-11,-1,2015-11-11 09:45:00,2015-11-11 10:15:00,2015-11-11 10:35:00,2015-11-11 10:40:00,7392.25,7402.5,2015-11-11 11:05:00,7393.5,thesis_flip,10.25,-2.0,-0.1951219512195122,-40.0
2015-11-12,1,2015-11-12 09:55:00,2015-11-12 10:20:00,2015-11-12 10:40:00,2015-11-12 10:45:00,7386.25,7371.75,2015-11-12 11:20:00,7385.75,thesis_flip,14.5,-1.25,-0.08620689655172414,-25.0
2015-11-18,1,2015-11-18 09:45:00,2015-11-18 11:00:00,2015-11-18 11:10:00,2015-11-18 11:15:00,7363.5,7347.25,2015-11-18 12:10:00,7366.25,thesis_flip,16.25,2.0,0.12307692307692308,40.0
2015-11-19,1,2015-11-19 10:05:00,2015-11-19 10:25:00,2015-11-19 10:55:00,2015-11-19 11:00:00,7417.75,7407.75,2015-11-19 11:40:00,7420.5,thesis_flip,10.0,2.0,0.2,40.0
2015-11-20,1,2015-11-20 09:45:00,2015-11-20 10:00:00,2015-11-20 10:10:00,2015-11-20 10:15:00,7448.5,7437.0,2015-11-20 10:45:00,7440.5,thesis_flip,11.5,-8.75,-0.7608695652173914,-175.0
2015-11-23,1,2015-11-23 09:45:00,2015-11-23 09:55:00,2015-11-23 10:10:00,2015-11-23 10:15:00,7458.0,7447.0,2015-11-23 10:30:00,7457.0,thesis_flip,11.0,-1.75,-0.1590909090909091,-35.0
2015-11-27,-1,2015-11-27 09:45:00,2015-11-27 10:05:00,2015-11-27 10:35:00,2015-11-27 10:40:00,7430.25,7437.25,2015-11-27 11:00:00,7437.25,stop,7.0,-7.75,-1.1071428571428572,-155.0
2015-11-30,-1,2015-11-30 09:45:00,2015-11-30 10:00:00,2015-11-30 10:10:00,2015-11-30 10:15:00,7433.75,7443.0,2015-11-30 10:35:00,7440.25,thesis_flip,9.25,-7.25,-0.7837837837837838,-145.0
2015-12-01,1,2015-12-01 09:45:00,2015-12-01 10:30:00,2015-12-01 10:35:00,2015-12-01 10:40:00,7455.25,7441.25,2015-12-01 11:10:00,7456.75,thesis_flip,14.0,0.75,0.05357142857142857,15.0
2015-12-02,1,2015-12-02 09:55:00,2015-12-02 10:15:00,2015-12-02 10:35:00,2015-12-02 10:40:00,7496.25,7486.5,2015-12-02 11:00:00,7491.75,thesis_flip,9.75,-5.25,-0.5384615384615384,-105.0
2015-12-03,-1,2015-12-03 09:45:00,2015-12-03 10:20:00,2015-12-03 10:35:00,2015-12-03 10:40:00,7418.75,7447.5,2015-12-03 11:10:00,7440.5,thesis_flip,28.75,-22.5,-0.782608695652174,-450.0
2015-12-04,1,2015-12-04 09:45:00,2015-12-04 10:20:00,2015-12-04 10:35:00,2015-12-04 10:40:00,7429.5,7402.5,2015-12-04 11:30:00,7435.5,thesis_flip,27.0,5.25,0.19444444444444445,105.0
2015-12-07,-1,2015-12-07 09:50:00,2015-12-07 10:15:00,2015-12-07 10:30:00,2015-12-07 10:35:00,7447.25,7464.0,2015-12-07 11:40:00,7443.75,thesis_flip,16.75,2.75,0.16417910447761194,55.0
2015-12-09,1,2015-12-09 09:45:00,2015-12-09 10:15:00,2015-12-09 10:30:00,2015-12-09 10:35:00,7455.0,7431.0,2015-12-09 10:50:00,7447.5,thesis_flip,24.0,-8.25,-0.34375,-165.0
2015-12-11,-1,2015-12-11 09:45:00,2015-12-11 10:15:00,2015-12-11 10:55:00,2015-12-11 11:00:00,7333.5,7358.5,2015-12-11 11:45:00,7331.0,thesis_flip,25.0,1.75,0.07,35.0
2015-12-14,-1,2015-12-14 10:10:00,2015-12-14 10:30:00,2015-12-14 10:50:00,2015-12-14 10:55:00,7276.75,7314.75,2015-12-14 11:55:00,7254.75,thesis_flip,38.0,21.25,0.5592105263157895,425.0
2015-12-17,-1,2015-12-17 10:15:00,2015-12-17 10:55:00,2015-12-17 11:15:00,2015-12-17 11:20:00,7382.0,7427.25,2015-12-17 11:40:00,7393.5,thesis_flip,45.25,-12.25,-0.27071823204419887,-245.0
2015-12-21,-1,2015-12-21 09:50:00,2015-12-21 10:25:00,2015-12-21 10:45:00,2015-12-21 10:50:00,7302.25,7315.75,2015-12-21 12:00:00,7290.25,thesis_flip,13.5,11.25,0.8333333333333334,225.0
2015-12-22,-1,2015-12-22 09:45:00,2015-12-22 10:05:00,2015-12-22 10:45:00,2015-12-22 10:50:00,7331.75,7339.75,2015-12-22 11:40:00,7333.0,thesis_flip,8.0,-2.0,-0.25,-40.0
2015-12-30,-1,2015-12-30 09:45:00,2015-12-30 10:15:00,2015-12-30 10:20:00,2015-12-30 10:25:00,7427.25,7436.75,2015-12-30 10:45:00,7431.5,thesis_flip,9.5,-5.0,-0.5263157894736842,-100.0
2015-12-31,-1,2015-12-31 09:50:00,2015-12-31 10:05:00,2015-12-31 10:25:00,2015-12-31 10:30:00,7372.25,7387.0,2015-12-31 10:50:00,7373.5,thesis_flip,14.75,-2.0,-0.13559322033898305,-40.0
2016-01-04,-1,2016-01-04 10:00:00,2016-01-04 10:35:00,2016-01-04 10:55:00,2016-01-04 11:00:00,7209.0,7229.5,2016-01-04 11:25:00,7210.75,thesis_flip,20.5,-2.5,-0.12195121951219512,-50.0
2016-01-05,-1,2016-01-05 09:50:00,2016-01-05 10:25:00,2016-01-05 11:00:00,2016-01-05 11:05:00,7259.5,7270.75,2016-01-05 11:35:00,7255.25,thesis_flip,11.25,3.5,0.3111111111111111,70.0
2016-01-06,1,2016-01-06 10:05:00,2016-01-06 10:25:00,2016-01-06 10:55:00,2016-01-06 11:00:00,7210.75,7187.0,2016-01-06 11:15:00,7208.25,thesis_flip,23.75,-3.25,-0.1368421052631579,-65.0
2016-01-11,-1,2016-01-11 09:45:00,2016-01-11 10:40:00,2016-01-11 10:45:00,2016-01-11 10:50:00,7033.75,7050.25,2016-01-11 11:20:00,7017.0,thesis_flip,16.5,16.0,0.9696969696969697,320.0
2016-01-28,-1,2016-01-28 10:00:00,2016-01-28 11:15:00,2016-01-28 11:25:00,2016-01-28 11:30:00,6920.0,6933.75,2016-01-28 12:05:00,6913.0,thesis_flip,13.75,6.25,0.45454545454545453,125.0
2016-01-29,1,2016-01-29 10:15:00,2016-01-29 10:35:00,2016-01-29 10:40:00,2016-01-29 10:45:00,6982.5,6973.5,2016-01-29 10:50:00,6973.5,stop,9.0,-9.75,-1.0833333333333333,-195.0
2016-02-08,-1,2016-02-08 10:25:00,2016-02-08 10:50:00,2016-02-08 10:55:00,2016-02-08 11:00:00,6686.75,6711.75,2016-02-08 11:25:00,6679.5,thesis_flip,25.0,6.5,0.26,130.0
2016-02-09,1,2016-02-09 09:45:00,2016-02-09 11:15:00,2016-02-09 11:20:00,2016-02-09 11:25:00,6732.0,6693.0,2016-02-09 11:40:00,6714.5,thesis_flip,39.0,-18.25,-0.46794871794871795,-365.0
2016-02-12,-1,2016-02-12 09:45:00,2016-02-12 10:25:00,2016-02-12 10:35:00,2016-02-12 10:40:00,6743.0,6753.5,2016-02-12 11:10:00,6749.0,thesis_flip,10.5,-6.75,-0.6428571428571429,-135.0
2016-02-15,1,2016-02-15 09:55:00,2016-02-15 10:15:00,2016-02-15 10:45:00,2016-02-15 10:50:00,6841.5,6835.5,2016-02-15 11:05:00,6839.75,thesis_flip,6.0,-2.5,-0.4166666666666667,-50.0
2016-02-16,-1,2016-02-16 10:00:00,2016-02-16 10:30:00,2016-02-16 10:50:00,2016-02-16 10:55:00,6831.75,6845.5,2016-02-16 11:35:00,6832.5,thesis_flip,13.75,-1.5,-0.10909090909090909,-30.0
2016-02-18,-1,2016-02-18 10:05:00,2016-02-18 10:15:00,2016-02-18 10:35:00,2016-02-18 10:40:00,6947.5,6958.25,2016-02-18 11:40:00,6940.5,thesis_flip,10.75,6.25,0.5813953488372093,125.0
2016-02-19,1,2016-02-19 10:15:00,2016-02-19 11:20:00,2016-02-19 11:25:00,2016-02-19 11:30:00,6931.25,6908.25,2016-02-19 12:00:00,6925.5,thesis_flip,23.0,-6.5,-0.2826086956521739,-130.0
2016-02-22,1,2016-02-22 09:55:00,2016-02-22 10:20:00,2016-02-22 11:25:00,2016-02-22 11:30:00,6987.5,6972.0,2016-02-22 11:45:00,6983.0,thesis_flip,15.5,-5.25,-0.3387096774193548,-105.0
2016-02-24,-1,2016-02-24 09:45:00,2016-02-24 10:25:00,2016-02-24 10:50:00,2016-02-24 10:55:00,6864.0,6876.5,2016-02-24 11:35:00,6876.5,stop,12.5,-13.25,-1.06,-265.0
2016-02-25,-1,2016-02-25 09:55:00,2016-02-25 10:30:00,2016-02-25 10:55:00,2016-02-25 11:00:00,6954.5,6968.75,2016-02-25 11:30:00,6961.0,thesis_flip,14.25,-7.25,-0.5087719298245614,-145.0
2016-02-26,-1,2016-02-26 10:00:00,2016-02-26 10:55:00,2016-02-26 11:20:00,2016-02-26 11:25:00,7013.75,7024.5,2016-02-26 12:20:00,6998.75,thesis_flip,10.75,14.25,1.3255813953488371,285.0
2016-02-29,1,2016-02-29 09:50:00,2016-02-29 10:15:00,2016-02-29 10:20:00,2016-02-29 10:25:00,7010.5,6996.5,2016-02-29 12:05:00,7020.75,thesis_flip,14.0,9.5,0.6785714285714286,190.0
2016-03-02,-1,2016-03-02 09:50:00,2016-03-02 10:15:00,2016-03-02 10:35:00,2016-03-02 10:40:00,7078.5,7099.5,2016-03-02 11:00:00,7087.25,thesis_flip,21.0,-9.5,-0.4523809523809524,-190.0
2016-03-03,-1,2016-03-03 10:10:00,2016-03-03 10:55:00,2016-03-03 11:00:00,2016-03-03 11:05:00,7075.0,7085.0,2016-03-03 11:50:00,7066.5,thesis_flip,10.0,7.75,0.775,155.0
2016-03-08,1,2016-03-08 09:45:00,2016-03-08 10:15:00,2016-03-08 10:55:00,2016-03-08 11:00:00,7040.75,7029.5,2016-03-08 12:35:00,7062.75,thesis_flip,11.25,21.25,1.8888888888888888,425.0
2016-03-24,1,2016-03-24 09:50:00,2016-03-24 10:15:00,2016-03-24 10:35:00,2016-03-24 10:40:00,7159.25,7148.5,2016-03-24 11:20:00,7162.75,thesis_flip,10.75,2.75,0.2558139534883721,55.0
2016-03-28,-1,2016-03-28 09:45:00,2016-03-28 10:40:00,2016-03-28 11:15:00,2016-03-28 11:20:00,7162.75,7178.75,2016-03-28 11:35:00,7170.25,thesis_flip,16.0,-8.25,-0.515625,-165.0
2016-03-30,1,2016-03-30 09:45:00,2016-03-30 10:05:00,2016-03-30 11:00:00,2016-03-30 11:05:00,7279.5,7273.0,2016-03-30 11:05:00,7273.0,stop,6.5,-7.25,-1.1153846153846154,-145.0
2016-03-31,1,2016-03-31 09:45:00,2016-03-31 10:05:00,2016-03-31 10:20:00,2016-03-31 10:25:00,7264.25,7250.75,2016-03-31 11:25:00,7265.25,thesis_flip,13.5,0.25,0.018518518518518517,5.0
2016-04-05,1,2016-04-05 10:05:00,2016-04-05 11:05:00,2016-04-05 11:20:00,2016-04-05 11:25:00,7254.25,7245.25,2016-04-05 11:35:00,7245.25,stop,9.0,-9.75,-1.0833333333333333,-195.0
2016-04-06,1,2016-04-06 09:50:00,2016-04-06 10:50:00,2016-04-06 10:55:00,2016-04-06 11:00:00,7268.75,7242.25,2016-04-06 12:10:00,7276.5,thesis_flip,26.5,7.0,0.2641509433962264,140.0
2016-04-07,-1,2016-04-07 09:45:00,2016-04-07 10:20:00,2016-04-07 10:25:00,2016-04-07 10:30:00,7262.25,7288.75,2016-04-07 11:35:00,7258.0,thesis_flip,26.5,3.5,0.1320754716981132,70.0
2016-04-11,1,2016-04-11 10:05:00,2016-04-11 11:05:00,2016-04-11 11:10:00,2016-04-11 11:15:00,7260.5,7256.0,2016-04-11 11:30:00,7256.0,stop,4.5,-5.25,-1.1666666666666667,-105.0
2016-04-13,1,2016-04-13 10:10:00,2016-04-13 10:55:00,2016-04-13 11:25:00,2016-04-13 11:30:00,7314.0,7303.0,2016-04-13 11:50:00,7311.5,thesis_flip,11.0,-3.25,-0.29545454545454547,-65.0
2016-04-14,-1,2016-04-14 09:50:00,2016-04-14 10:10:00,2016-04-14 10:35:00,2016-04-14 10:40:00,7316.5,7324.5,2016-04-14 10:50:00,7324.5,stop,8.0,-8.75,-1.09375,-175.0
2016-04-19,-1,2016-04-19 09:50:00,2016-04-19 10:50:00,2016-04-19 11:10:00,2016-04-19 11:15:00,7316.25,7327.25,2016-04-19 11:40:00,7315.25,thesis_flip,11.0,0.25,0.022727272727272728,5.0
2016-04-20,1,2016-04-20 09:50:00,2016-04-20 10:05:00,2016-04-20 10:10:00,2016-04-20 10:15:00,7315.25,7308.0,2016-04-20 10:20:00,7308.0,stop,7.25,-8.0,-1.103448275862069,-160.0
2016-04-27,-1,2016-04-27 09:50:00,2016-04-27 10:00:00,2016-04-27 10:10:00,2016-04-27 10:15:00,7161.0,7176.5,2016-04-27 10:55:00,7156.5,thesis_flip,15.5,3.75,0.24193548387096775,75.0
2016-04-28,1,2016-04-28 09:55:00,2016-04-28 10:25:00,2016-04-28 10:45:00,2016-04-28 10:50:00,7209.75,7192.0,2016-04-28 11:50:00,7208.75,thesis_flip,17.75,-1.75,-0.09859154929577464,-35.0
2016-05-02,1,2016-05-02 10:15:00,2016-05-02 11:00:00,2016-05-02 11:05:00,2016-05-02 11:10:00,7108.0,7101.25,2016-05-02 13:10:00,7115.5,thesis_flip,6.75,6.75,1.0,135.0
2016-05-04,1,2016-05-04 09:55:00,2016-05-04 10:25:00,2016-05-04 11:00:00,2016-05-04 11:05:00,7090.25,7078.75,2016-05-04 11:15:00,7078.75,stop,11.5,-12.25,-1.065217391304348,-245.0
2016-05-09,1,2016-05-09 09:55:00,2016-05-09 10:10:00,2016-05-09 11:00:00,2016-05-09 11:05:00,7116.5,7104.0,2016-05-09 11:15:00,7104.0,stop,12.5,-13.25,-1.06,-265.0
2016-05-10,1,2016-05-10 09:45:00,2016-05-10 10:45:00,2016-05-10 11:30:00,2016-05-10 11:35:00,7151.0,7128.5,2016-05-10 13:15:00,7155.5,thesis_flip,22.5,3.75,0.16666666666666666,75.0
2016-05-16,1,2016-05-16 09:45:00,2016-05-16 10:15:00,2016-05-16 10:35:00,2016-05-16 10:40:00,7119.25,7108.0,2016-05-16 11:25:00,7130.25,thesis_flip,11.25,10.25,0.9111111111111111,205.0
2016-05-17,-1,2016-05-17 10:00:00,2016-05-17 10:15:00,2016-05-17 10:25:00,2016-05-17 10:30:00,7126.0,7136.25,2016-05-17 10:45:00,7130.0,thesis_flip,10.25,-4.75,-0.4634146341463415,-95.0
2016-05-18,1,2016-05-18 10:00:00,2016-05-18 10:45:00,2016-05-18 11:25:00,2016-05-18 11:30:00,7120.0,7101.25,2016-05-18 12:00:00,7117.5,thesis_flip,18.75,-3.25,-0.17333333333333334,-65.0
2016-05-27,1,2016-05-27 09:45:00,2016-05-27 10:55:00,2016-05-27 11:25:00,2016-05-27 11:30:00,7281.75,7270.25,2016-05-27 12:50:00,7282.5,thesis_flip,11.5,0.0,0.0,0.0
2016-05-31,1,2016-05-31 09:45:00,2016-05-31 10:20:00,2016-05-31 10:30:00,2016-05-31 10:35:00,7299.5,7293.0,2016-05-31 10:35:00,7293.0,stop,6.5,-7.25,-1.1153846153846154,-145.0
2016-06-06,1,2016-06-06 09:45:00,2016-06-06 10:35:00,2016-06-06 10:55:00,2016-06-06 11:00:00,7299.5,7292.75,2016-06-06 11:25:00,7298.0,thesis_flip,6.75,-2.25,-0.3333333333333333,-45.0
2016-06-09,1,2016-06-09 09:50:00,2016-06-09 10:25:00,2016-06-09 10:40:00,2016-06-09 10:45:00,7289.0,7278.0,2016-06-09 11:00:00,7286.75,thesis_flip,11.0,-3.0,-0.2727272727272727,-60.0
2016-06-13,1,2016-06-13 09:45:00,2016-06-13 10:15:00,2016-06-13 10:30:00,2016-06-13 10:35:00,7233.5,7218.5,2016-06-13 10:50:00,7225.75,thesis_flip,15.0,-8.5,-0.5666666666666667,-170.0
2016-06-17,-1,2016-06-17 09:45:00,2016-06-17 09:55:00,2016-06-17 10:20:00,2016-06-17 10:25:00,7156.0,7165.75,2016-06-17 10:50:00,7148.25,thesis_flip,9.75,7.0,0.717948717948718,140.0
2016-06-24,1,2016-06-24 10:00:00,2016-06-24 10:30:00,2016-06-24 10:35:00,2016-06-24 10:40:00,7126.5,7112.0,2016-06-24 10:55:00,7112.0,stop,14.5,-15.25,-1.0517241379310345,-305.0
2016-06-28,1,2016-06-28 09:45:00,2016-06-28 10:45:00,2016-06-28 10:50:00,2016-06-28 10:55:00,7040.0,7031.5,2016-06-28 11:00:00,7031.5,stop,8.5,-9.25,-1.088235294117647,-185.0
2016-06-29,1,2016-06-29 09:45:00,2016-06-29 10:20:00,2016-06-29 11:00:00,2016-06-29 11:05:00,7115.75,7105.0,2016-06-29 12:35:00,7133.25,thesis_flip,10.75,16.75,1.558139534883721,335.0
2016-07-05,-1,2016-07-05 09:45:00,2016-07-05 10:10:00,2016-07-05 10:45:00,2016-07-05 10:50:00,7178.25,7189.0,2016-07-05 11:20:00,7182.0,thesis_flip,10.75,-4.5,-0.4186046511627907,-90.0
2016-07-06,1,2016-07-06 10:00:00,2016-07-06 10:40:00,2016-07-06 10:50:00,2016-07-06 10:55:00,7187.5,7158.5,2016-07-06 11:30:00,7197.5,thesis_flip,29.0,9.25,0.31896551724137934,185.0
2016-07-07,1,2016-07-07 09:45:00,2016-07-07 10:10:00,2016-07-07 10:30:00,2016-07-07 10:35:00,7239.75,7233.25,2016-07-07 10:50:00,7233.25,stop,6.5,-7.25,-1.1153846153846154,-145.0
2016-07-08,1,2016-07-08 09:45:00,2016-07-08 10:15:00,2016-07-08 10:40:00,2016-07-08 10:45:00,7283.25,7270.5,2016-07-08 12:05:00,7290.25,thesis_flip,12.75,6.25,0.49019607843137253,125.0
2016-07-15,-1,2016-07-15 10:15:00,2016-07-15 10:45:00,2016-07-15 11:00:00,2016-07-15 11:05:00,7369.5,7375.25,2016-07-15 13:05:00,7359.25,thesis_flip,5.75,9.5,1.6521739130434783,190.0
2016-07-19,-1,2016-07-19 09:45:00,2016-07-19 10:20:00,2016-07-19 10:35:00,2016-07-19 10:40:00,7379.75,7385.5,2016-07-19 11:00:00,7383.5,thesis_flip,5.75,-4.5,-0.782608695652174,-90.0
2016-07-25,-1,2016-07-25 10:10:00,2016-07-25 10:20:00,2016-07-25 11:00:00,2016-07-25 11:05:00,7432.5,7438.5,2016-07-25 11:25:00,7435.0,thesis_flip,6.0,-3.25,-0.5416666666666666,-65.0
2016-08-03,1,2016-08-03 10:10:00,2016-08-03 10:35:00,2016-08-03 11:10:00,2016-08-03 11:15:00,7499.0,7493.0,2016-08-03 11:35:00,7493.0,stop,6.0,-6.75,-1.125,-135.0
2016-08-08,-1,2016-08-08 09:50:00,2016-08-08 10:05:00,2016-08-08 10:15:00,2016-08-08 10:20:00,7555.0,7565.5,2016-08-08 11:35:00,7557.75,thesis_flip,10.5,-3.5,-0.3333333333333333,-70.0
2016-08-10,-1,2016-08-10 09:55:00,2016-08-10 10:45:00,2016-08-10 11:10:00,2016-08-10 11:15:00,7562.75,7577.5,2016-08-10 12:05:00,7558.0,thesis_flip,14.75,4.0,0.2711864406779661,80.0
2016-08-11,-1,2016-08-11 10:05:00,2016-08-11 10:40:00,2016-08-11 11:10:00,2016-08-11 11:15:00,7578.25,7584.5,2016-08-11 11:35:00,7583.5,thesis_flip,6.25,-6.0,-0.96,-120.0
2016-08-15,1,2016-08-15 09:45:00,2016-08-15 10:15:00,2016-08-15 10:20:00,2016-08-15 10:25:00,7608.75,7602.0,2016-08-15 11:50:00,7612.5,thesis_flip,6.75,3.0,0.4444444444444444,60.0
2016-08-17,-1,2016-08-17 10:00:00,2016-08-17 10:15:00,2016-08-17 11:20:00,2016-08-17 11:25:00,7563.75,7569.5,2016-08-17 12:15:00,7557.0,thesis_flip,5.75,6.0,1.0434782608695652,120.0
2016-08-18,1,2016-08-18 10:15:00,2016-08-18 10:35:00,2016-08-18 10:55:00,2016-08-18 11:00:00,7595.0,7588.0,2016-08-18 11:45:00,7591.75,thesis_flip,7.0,-4.0,-0.5714285714285714,-80.0
2016-08-25,1,2016-08-25 10:20:00,2016-08-25 10:30:00,2016-08-25 11:00:00,2016-08-25 11:05:00,7572.5,7558.0,2016-08-25 11:30:00,7570.5,thesis_flip,14.5,-2.75,-0.1896551724137931,-55.0
2016-09-06,1,2016-09-06 09:45:00,2016-09-06 10:10:00,2016-09-06 10:30:00,2016-09-06 10:35:00,7587.75,7578.25,2016-09-06 13:00:00,7605.75,thesis_flip,9.5,17.25,1.8157894736842106,345.0
2016-09-08,-1,2016-09-08 09:50:00,2016-09-08 10:10:00,2016-09-08 10:45:00,2016-09-08 10:50:00,7588.75,7597.0,2016-09-08 11:10:00,7597.0,stop,8.25,-9.0,-1.0909090909090908,-180.0
2016-09-16,-1,2016-09-16 10:00:00,2016-09-16 10:25:00,2016-09-16 10:55:00,2016-09-16 11:00:00,7587.5,7599.75,2016-09-16 11:40:00,7590.5,thesis_flip,12.25,-3.75,-0.30612244897959184,-75.0
2016-09-27,1,2016-09-27 09:45:00,2016-09-27 10:05:00,2016-09-27 11:15:00,2016-09-27 11:20:00,7624.75,7613.5,2016-09-27 11:55:00,7630.75,thesis_flip,11.25,5.25,0.4666666666666667,105.0
2016-09-29,-1,2016-09-29 10:05:00,2016-09-29 10:20:00,2016-09-29 10:30:00,2016-09-29 10:35:00,7640.75,7648.0,2016-09-29 11:30:00,7634.0,thesis_flip,7.25,6.0,0.8275862068965517,120.0
2016-10-05,1,2016-10-05 09:45:00,2016-10-05 10:00:00,2016-10-05 10:05:00,2016-10-05 10:10:00,7667.5,7658.5,2016-10-05 10:45:00,7662.75,thesis_flip,9.0,-5.5,-0.6111111111111112,-110.0
2016-10-06,-1,2016-10-06 09:50:00,2016-10-06 10:10:00,2016-10-06 11:00:00,2016-10-06 11:05:00,7644.5,7649.0,2016-10-06 11:30:00,7644.75,thesis_flip,4.5,-1.0,-0.2222222222222222,-20.0
2016-10-07,-1,2016-10-07 09:45:00,2016-10-07 10:35:00,2016-10-07 10:55:00,2016-10-07 11:00:00,7644.25,7656.25,2016-10-07 12:50:00,7631.0,thesis_flip,12.0,12.5,1.0416666666666667,250.0
2016-10-13,-1,2016-10-13 09:50:00,2016-10-13 10:40:00,2016-10-13 10:45:00,2016-10-13 10:50:00,7551.5,7563.25,2016-10-13 11:15:00,7557.5,thesis_flip,11.75,-6.75,-0.574468085106383,-135.0
2016-10-21,1,2016-10-21 10:30:00,2016-10-21 10:45:00,2016-10-21 11:05:00,2016-10-21 11:10:00,7624.0,7617.25,2016-10-21 12:20:00,7627.5,thesis_flip,6.75,2.75,0.4074074074074074,55.0
2016-10-27,-1,2016-10-27 09:45:00,2016-10-27 10:25:00,2016-10-27 10:35:00,2016-10-27 10:40:00,7630.75,7657.5,2016-10-27 11:10:00,7635.5,thesis_flip,26.75,-5.5,-0.205607476635514,-110.0
2016-10-28,1,2016-10-28 09:45:00,2016-10-28 10:40:00,2016-10-28 11:30:00,2016-10-28 11:35:00,7621.5,7599.25,2016-10-28 11:50:00,7618.25,thesis_flip,22.25,-4.0,-0.1797752808988764,-80.0
2016-10-31,-1,2016-10-31 09:50:00,2016-10-31 10:15:00,2016-10-31 10:30:00,2016-10-31 10:35:00,7589.75,7600.25,2016-10-31 10:55:00,7597.75,thesis_flip,10.5,-8.75,-0.8333333333333334,-175.0
2016-11-02,-1,2016-11-02 10:30:00,2016-11-02 10:45:00,2016-11-02 11:30:00,2016-11-02 11:35:00,7540.5,7547.25,2016-11-02 14:25:00,7524.75,thesis_flip,6.75,15.0,2.2222222222222223,300.0
2016-11-11,1,2016-11-11 10:05:00,2016-11-11 10:30:00,2016-11-11 11:30:00,2016-11-11 11:35:00,7508.5,7493.5,2016-11-11 11:50:00,7499.0,thesis_flip,15.0,-10.25,-0.6833333333333333,-205.0
2016-11-14,-1,2016-11-14 09:55:00,2016-11-14 10:10:00,2016-11-14 10:25:00,2016-11-14 10:30:00,7498.25,7514.0,2016-11-14 11:15:00,7476.0,thesis_flip,15.75,21.5,1.3650793650793651,430.0
2016-11-15,1,2016-11-15 10:00:00,2016-11-15 11:00:00,2016-11-15 11:20:00,2016-11-15 11:25:00,7550.5,7535.0,2016-11-15 11:50:00,7542.25,thesis_flip,15.5,-9.0,-0.5806451612903226,-180.0
2016-11-16,1,2016-11-16 10:20:00,2016-11-16 10:50:00,2016-11-16 11:25:00,2016-11-16 11:30:00,7575.25,7559.25,2016-11-16 11:45:00,7570.0,thesis_flip,16.0,-6.0,-0.375,-120.0
2016-11-17,1,2016-11-17 10:05:00,2016-11-17 10:20:00,2016-11-17 10:40:00,2016-11-17 10:45:00,7586.0,7575.75,2016-11-17 11:00:00,7584.0,thesis_flip,10.25,-2.75,-0.2682926829268293,-55.0
2016-11-18,-1,2016-11-18 09:55:00,2016-11-18 10:05:00,2016-11-18 10:15:00,2016-11-18 10:20:00,7603.0,7615.75,2016-11-18 11:45:00,7598.5,thesis_flip,12.75,3.75,0.29411764705882354,75.0
2016-11-24,1,2016-11-24 10:00:00,2016-11-24 10:15:00,2016-11-24 10:45:00,2016-11-24 10:50:00,7638.75,7636.5,2016-11-24 12:30:00,7647.25,thesis_flip,2.25,7.75,3.4444444444444446,155.0
2016-11-25,1,2016-11-25 09:45:00,2016-11-25 10:15:00,2016-11-25 10:40:00,2016-11-25 10:45:00,7647.75,7642.25,2016-11-25 12:10:00,7651.75,thesis_flip,5.5,3.25,0.5909090909090909,65.0
2016-11-28,1,2016-11-28 09:50:00,2016-11-28 10:35:00,2016-11-28 11:30:00,2016-11-28 11:35:00,7656.5,7647.0,2016-11-28 13:05:00,7657.0,thesis_flip,9.5,-0.25,-0.02631578947368421,-5.0
2016-12-02,-1,2016-12-02 10:10:00,2016-12-02 10:30:00,2016-12-02 10:50:00,2016-12-02 10:55:00,7525.25,7536.0,2016-12-02 11:05:00,7536.0,stop,10.75,-11.5,-1.069767441860465,-230.0
2016-12-06,1,2016-12-06 10:00:00,2016-12-06 10:20:00,2016-12-06 10:30:00,2016-12-06 10:35:00,7573.0,7560.0,2016-12-06 11:35:00,7560.0,stop,13.0,-13.75,-1.0576923076923077,-275.0
2016-12-09,1,2016-12-09 10:20:00,2016-12-09 10:40:00,2016-12-09 11:05:00,2016-12-09 11:10:00,7677.5,7671.25,2016-12-09 11:30:00,7676.5,thesis_flip,6.25,-1.75,-0.28,-35.0
2016-12-13,1,2016-12-13 09:50:00,2016-12-13 10:45:00,2016-12-13 10:50:00,2016-12-13 10:55:00,7734.0,7711.5,2016-12-13 12:10:00,7741.25,thesis_flip,22.5,6.5,0.28888888888888886,130.0
2016-12-16,-1,2016-12-16 09:45:00,2016-12-16 09:55:00,2016-12-16 10:30:00,2016-12-16 10:35:00,7714.75,7729.25,2016-12-16 11:40:00,7708.0,thesis_flip,14.5,6.0,0.41379310344827586,120.0
2016-12-29,-1,2016-12-29 09:45:00,2016-12-29 10:05:00,2016-12-29 10:40:00,2016-12-29 10:45:00,7702.5,7713.75,2016-12-29 12:20:00,7693.5,thesis_flip,11.25,8.25,0.7333333333333333,165.0
2017-01-06,1,2017-01-06 09:55:00,2017-01-06 10:35:00,2017-01-06 10:40:00,2017-01-06 10:45:00,7765.25,7756.75,2017-01-06 13:30:00,7791.25,thesis_flip,8.5,25.25,2.9705882352941178,505.0
2017-01-09,1,2017-01-09 10:20:00,2017-01-09 10:30:00,2017-01-09 11:15:00,2017-01-09 11:20:00,7807.25,7796.75,2017-01-09 11:45:00,7801.75,thesis_flip,10.5,-6.25,-0.5952380952380952,-125.0
2017-01-13,1,2017-01-13 10:10:00,2017-01-13 10:35:00,2017-01-13 10:50:00,2017-01-13 10:55:00,7845.25,7838.75,2017-01-13 11:05:00,7838.75,stop,6.5,-7.25,-1.1153846153846154,-145.0
2017-01-16,-1,2017-01-16 09:50:00,2017-01-16 11:10:00,2017-01-16 11:25:00,2017-01-16 11:30:00,7838.75,7840.25,2017-01-16 11:50:00,7839.0,thesis_flip,1.5,-1.0,-0.6666666666666666,-20.0
2017-01-25,1,2017-01-25 10:05:00,2017-01-25 10:25:00,2017-01-25 10:35:00,2017-01-25 10:40:00,7917.25,7914.75,2017-01-25 11:35:00,7918.75,thesis_flip,2.5,0.75,0.3,15.0
2017-01-27,-1,2017-01-27 09:45:00,2017-01-27 10:00:00,2017-01-27 10:05:00,2017-01-27 10:10:00,7933.75,7942.75,2017-01-27 10:30:00,7939.75,thesis_flip,9.0,-6.75,-0.75,-135.0
2017-01-31,-1,2017-01-31 09:50:00,2017-01-31 10:05:00,2017-01-31 10:40:00,2017-01-31 10:45:00,7881.5,7895.25,2017-01-31 12:10:00,7874.0,thesis_flip,13.75,6.75,0.4909090909090909,135.0
2017-02-01,-1,2017-02-01 09:50:00,2017-02-01 10:15:00,2017-02-01 10:35:00,2017-02-01 10:40:00,7913.25,7936.5,2017-02-01 10:55:00,7918.25,thesis_flip,23.25,-5.75,-0.24731182795698925,-115.0
2017-02-02,1,2017-02-02 09:45:00,2017-02-02 10:00:00,2017-02-02 10:55:00,2017-02-02 11:00:00,7941.25,7927.0,2017-02-02 11:30:00,7938.0,thesis_flip,14.25,-4.0,-0.2807017543859649,-80.0
2017-02-06,1,2017-02-06 09:50:00,2017-02-06 10:00:00,2017-02-06 11:10:00,2017-02-06 11:15:00,7942.75,7933.25,2017-02-06 11:45:00,7945.75,thesis_flip,9.5,2.25,0.23684210526315788,45.0
2017-02-09,1,2017-02-09 10:20:00,2017-02-09 10:55:00,2017-02-09 11:10:00,2017-02-09 11:15:00,7994.25,7986.25,2017-02-09 12:10:00,7999.25,thesis_flip,8.0,4.25,0.53125,85.0
2017-02-13,1,2017-02-13 10:00:00,2017-02-13 10:50:00,2017-02-13 10:55:00,2017-02-13 11:00:00,8035.0,8029.75,2017-02-13 13:50:00,8042.25,thesis_flip,5.25,6.5,1.2380952380952381,130.0
2017-02-14,-1,2017-02-14 10:00:00,2017-02-14 10:25:00,2017-02-14 10:30:00,2017-02-14 10:35:00,8033.5,8042.5,2017-02-14 10:50:00,8034.5,thesis_flip,9.0,-1.75,-0.19444444444444445,-35.0
2017-02-15,1,2017-02-15 09:50:00,2017-02-15 10:15:00,2017-02-15 10:30:00,2017-02-15 10:35:00,8064.5,8057.0,2017-02-15 11:40:00,8069.5,thesis_flip,7.5,4.25,0.5666666666666667,85.0
2017-02-16,-1,2017-02-16 09:50:00,2017-02-16 10:25:00,2017-02-16 10:45:00,2017-02-16 10:50:00,8086.25,8099.75,2017-02-16 11:20:00,8082.75,thesis_flip,13.5,2.75,0.2037037037037037,55.0
2017-02-17,1,2017-02-17 10:10:00,2017-02-17 10:45:00,2017-02-17 11:30:00,2017-02-17 11:35:00,8091.0,8085.5,2017-02-17 13:55:00,8095.75,thesis_flip,5.5,4.0,0.7272727272727273,80.0
2017-02-24,1,2017-02-24 09:55:00,2017-02-24 10:25:00,2017-02-24 11:00:00,2017-02-24 11:05:00,8109.25,8094.75,2017-02-24 11:35:00,8107.0,thesis_flip,14.5,-3.0,-0.20689655172413793,-60.0
2017-02-27,1,2017-02-27 09:55:00,2017-02-27 10:10:00,2017-02-27 10:25:00,2017-02-27 10:30:00,8122.0,8112.5,2017-02-27 12:05:00,8120.75,thesis_flip,9.5,-2.0,-0.21052631578947367,-40.0
2017-02-28,-1,2017-02-28 09:50:00,2017-02-28 10:05:00,2017-02-28 10:20:00,2017-02-28 10:25:00,8126.75,8130.25,2017-02-28 10:55:00,8127.75,thesis_flip,3.5,-1.75,-0.5,-35.0
2017-03-01,1,2017-03-01 10:00:00,2017-03-01 10:15:00,2017-03-01 10:55:00,2017-03-01 11:00:00,8158.25,8151.0,2017-03-01 12:40:00,8175.5,thesis_flip,7.25,16.5,2.2758620689655173,330.0
2017-03-02,-1,2017-03-02 10:10:00,2017-03-02 10:40:00,2017-03-02 11:05:00,2017-03-02 11:10:00,8155.75,8166.75,2017-03-02 12:00:00,8159.75,thesis_flip,11.0,-4.75,-0.4318181818181818,-95.0
2017-03-03,-1,2017-03-03 10:20:00,2017-03-03 11:05:00,2017-03-03 11:25:00,2017-03-03 11:30:00,8138.0,8142.0,2017-03-03 11:45:00,8142.0,stop,4.0,-4.75,-1.1875,-95.0
2017-03-08,1,2017-03-08 09:45:00,2017-03-08 10:55:00,2017-03-08 11:00:00,2017-03-08 11:05:00,8161.5,8147.0,2017-03-08 11:35:00,8152.0,thesis_flip,14.5,-10.25,-0.7068965517241379,-205.0
2017-03-09,1,2017-03-09 09:45:00,2017-03-09 10:10:00,2017-03-09 10:55:00,2017-03-09 11:00:00,8151.75,8144.0,2017-03-09 11:25:00,8147.75,thesis_flip,7.75,-4.75,-0.6129032258064516,-95.0
2017-03-17,1,2017-03-17 09:50:00,2017-03-17 10:20:00,2017-03-17 10:25:00,2017-03-17 10:30:00,8197.75,8193.25,2017-03-17 11:00:00,8193.25,stop,4.5,-5.25,-1.1666666666666667,-105.0
2017-03-24,1,2017-03-24 09:45:00,2017-03-24 10:00:00,2017-03-24 10:50:00,2017-03-24 10:55:00,8173.0,8166.25,2017-03-24 11:20:00,8173.5,thesis_flip,6.75,-0.25,-0.037037037037037035,-5.0
2017-03-27,1,2017-03-27 09:50:00,2017-03-27 10:25:00,2017-03-27 10:30:00,2017-03-27 10:35:00,8135.5,8113.75,2017-03-27 11:10:00,8132.75,thesis_flip,21.75,-3.5,-0.16091954022988506,-70.0
2017-04-05,1,2017-04-05 09:45:00,2017-04-05 10:10:00,2017-04-05 10:40:00,2017-04-05 10:45:00,8253.5,8238.25,2017-04-05 11:25:00,8251.75,thesis_flip,15.25,-2.5,-0.16393442622950818,-50.0
2017-04-07,-1,2017-04-07 09:50:00,2017-04-07 10:20:00,2017-04-07 10:50:00,2017-04-07 10:55:00,8200.75,8208.75,2017-04-07 11:20:00,8200.25,thesis_flip,8.0,-0.25,-0.03125,-5.0
2017-04-10,1,2017-04-10 10:30:00,2017-04-10 11:00:00,2017-04-10 11:10:00,2017-04-10 11:15:00,8216.25,8211.5,2017-04-10 11:30:00,8214.25,thesis_flip,4.75,-2.75,-0.5789473684210527,-55.0
2017-04-17,1,2017-04-17 10:05:00,2017-04-17 10:40:00,2017-04-17 11:15:00,2017-04-17 11:20:00,8170.75,8161.0,2017-04-17 11:45:00,8166.25,thesis_flip,9.75,-5.25,-0.5384615384615384,-105.0
2017-04-18,1,2017-04-18 09:55:00,2017-04-18 10:10:00,2017-04-18 10:35:00,2017-04-18 10:40:00,8175.25,8167.25,2017-04-18 10:55:00,8170.25,thesis_flip,8.0,-5.75,-0.71875,-115.0
2017-04-19,1,2017-04-19 09:55:00,2017-04-19 10:15:00,2017-04-19 11:05:00,2017-04-19 11:10:00,8207.75,8201.0,2017-04-19 11:50:00,8210.5,thesis_flip,6.75,2.0,0.2962962962962963,40.0
2017-04-21,-1,2017-04-21 09:50:00,2017-04-21 10:05:00,2017-04-21 10:35:00,2017-04-21 10:40:00,8222.25,8227.5,2017-04-21 11:20:00,8224.5,thesis_flip,5.25,-3.0,-0.5714285714285714,-60.0
2017-04-28,-1,2017-04-28 09:50:00,2017-04-28 11:00:00,2017-04-28 11:10:00,2017-04-28 11:15:00,8361.75,8367.75,2017-04-28 12:05:00,8363.5,thesis_flip,6.0,-2.5,-0.4166666666666667,-50.0
2017-05-01,1,2017-05-01 09:50:00,2017-05-01 10:20:00,2017-05-01 10:25:00,2017-05-01 10:30:00,8390.5,8383.25,2017-05-01 11:30:00,8397.5,thesis_flip,7.25,6.25,0.8620689655172413,125.0
2017-05-02,-1,2017-05-02 09:45:00,2017-05-02 10:15:00,2017-05-02 11:20:00,2017-05-02 11:25:00,8414.5,8418.5,2017-05-02 11:30:00,8418.5,stop,4.0,-4.75,-1.1875,-95.0
2017-05-03,-1,2017-05-03 10:05:00,2017-05-03 10:25:00,2017-05-03 10:45:00,2017-05-03 10:50:00,8395.75,8404.5,2017-05-03 11:20:00,8394.0,thesis_flip,8.75,1.0,0.11428571428571428,20.0
2017-05-04,-1,2017-05-04 09:50:00,2017-05-04 10:35:00,2017-05-04 10:50:00,2017-05-04 10:55:00,8401.5,8408.0,2017-05-04 11:25:00,8404.5,thesis_flip,6.5,-3.75,-0.5769230769230769,-75.0
2017-05-08,-1,2017-05-08 09:55:00,2017-05-08 10:05:00,2017-05-08 10:50:00,2017-05-08 10:55:00,8423.5,8431.5,2017-05-08 11:40:00,8425.0,thesis_flip,8.0,-2.25,-0.28125,-45.0
2017-05-10,-1,2017-05-10 10:00:00,2017-05-10 10:35:00,2017-05-10 10:55:00,2017-05-10 11:00:00,8443.0,8451.25,2017-05-10 11:15:00,8451.25,stop,8.25,-9.0,-1.0909090909090908,-180.0
2017-05-15,1,2017-05-15 09:45:00,2017-05-15 10:00:00,2017-05-15 10:25:00,2017-05-15 10:30:00,8480.5,8474.0,2017-05-15 11:15:00,8485.0,thesis_flip,6.5,3.75,0.5769230769230769,75.0
2017-05-22,1,2017-05-22 09:45:00,2017-05-22 10:05:00,2017-05-22 10:25:00,2017-05-22 10:30:00,8468.0,8462.25,2017-05-22 11:45:00,8469.75,thesis_flip,5.75,1.0,0.17391304347826086,20.0
2017-05-23,-1,2017-05-23 09:45:00,2017-05-23 10:10:00,2017-05-23 10:30:00,2017-05-23 10:35:00,8484.25,8490.5,2017-05-23 11:05:00,8488.0,thesis_flip,6.25,-4.5,-0.72,-90.0
2017-05-26,1,2017-05-26 09:50:00,2017-05-26 10:20:00,2017-05-26 10:35:00,2017-05-26 10:40:00,8574.25,8567.75,2017-05-26 10:55:00,8572.25,thesis_flip,6.5,-2.75,-0.4230769230769231,-55.0
2017-05-29,-1,2017-05-29 10:05:00,2017-05-29 10:15:00,2017-05-29 10:30:00,2017-05-29 10:35:00,8579.5,8581.5,2017-05-29 11:20:00,8577.75,thesis_flip,2.0,1.0,0.5,20.0
2017-06-02,1,2017-06-02 10:10:00,2017-06-02 10:40:00,2017-06-02 10:50:00,2017-06-02 10:55:00,8630.25,8624.5,2017-06-02 14:30:00,8654.75,thesis_flip,5.75,23.75,4.130434782608695,475.0
2017-06-05,1,2017-06-05 09:45:00,2017-06-05 10:10:00,2017-06-05 10:40:00,2017-06-05 10:45:00,8673.75,8664.0,2017-06-05 10:55:00,8664.0,stop,9.75,-10.5,-1.0769230769230769,-210.0
2017-06-07,-1,2017-06-07 10:25:00,2017-06-07 10:50:00,2017-06-07 11:25:00,2017-06-07 11:30:00,8651.75,8660.75,2017-06-07 11:55:00,8656.25,thesis_flip,9.0,-5.25,-0.5833333333333334,-105.0
2017-06-08,-1,2017-06-08 09:45:00,2017-06-08 10:15:00,2017-06-08 11:25:00,2017-06-08 11:30:00,8657.5,8665.25,2017-06-08 11:55:00,8661.5,thesis_flip,7.75,-4.75,-0.6129032258064516,-95.0
2017-06-16,-1,2017-06-16 10:15:00,2017-06-16 10:35:00,2017-06-16 10:50:00,2017-06-16 10:55:00,8439.75,8459.5,2017-06-16 11:20:00,8448.75,thesis_flip,19.75,-9.75,-0.4936708860759494,-195.0
2017-06-21,1,2017-06-21 10:20:00,2017-06-21 10:35:00,2017-06-21 10:40:00,2017-06-21 10:45:00,8546.75,8529.5,2017-06-21 11:00:00,8542.25,thesis_flip,17.25,-5.25,-0.30434782608695654,-105.0
2017-06-29,-1,2017-06-29 10:10:00,2017-06-29 10:45:00,2017-06-29 10:55:00,2017-06-29 11:00:00,8458.5,8476.75,2017-06-29 11:50:00,8433.25,thesis_flip,18.25,24.5,1.3424657534246576,490.0
2017-06-30,-1,2017-06-30 10:00:00,2017-06-30 11:05:00,2017-06-30 11:15:00,2017-06-30 11:20:00,8436.0,8446.5,2017-06-30 11:55:00,8442.25,thesis_flip,10.5,-7.0,-0.6666666666666666,-140.0
2017-07-03,-1,2017-07-03 10:00:00,2017-07-03 10:10:00,2017-07-03 10:15:00,2017-07-03 10:20:00,8432.75,8448.75,2017-07-03 11:30:00,8402.75,thesis_flip,16.0,29.25,1.828125,585.0
2017-07-07,1,2017-07-07 09:50:00,2017-07-07 10:30:00,2017-07-07 11:05:00,2017-07-07 11:10:00,8418.75,8404.5,2017-07-07 13:15:00,8438.0,thesis_flip,14.25,18.5,1.2982456140350878,370.0
2017-07-13,1,2017-07-13 09:45:00,2017-07-13 10:40:00,2017-07-13 10:50:00,2017-07-13 10:55:00,8566.75,8552.75,2017-07-13 11:30:00,8564.25,thesis_flip,14.0,-3.25,-0.23214285714285715,-65.0
2017-07-18,1,2017-07-18 09:45:00,2017-07-18 10:20:00,2017-07-18 10:25:00,2017-07-18 10:30:00,8626.5,8612.0,2017-07-18 10:40:00,8612.0,stop,14.5,-15.25,-1.0517241379310345,-305.0
2017-07-20,-1,2017-07-20 10:10:00,2017-07-20 11:10:00,2017-07-20 11:25:00,2017-07-20 11:30:00,8693.75,8702.5,2017-07-20 11:45:00,8698.0,thesis_flip,8.75,-5.0,-0.5714285714285714,-100.0
2017-07-21,1,2017-07-21 10:10:00,2017-07-21 10:20:00,2017-07-21 10:35:00,2017-07-21 10:40:00,8686.0,8678.5,2017-07-21 10:55:00,8678.5,stop,7.5,-8.25,-1.1,-165.0
2017-07-25,1,2017-07-25 09:55:00,2017-07-25 10:20:00,2017-07-25 11:00:00,2017-07-25 11:05:00,8705.25,8695.75,2017-07-25 11:35:00,8704.5,thesis_flip,9.5,-1.5,-0.15789473684210525,-30.0
2017-08-01,-1,2017-08-01 10:20:00,2017-08-01 10:55:00,2017-08-01 11:10:00,2017-08-01 11:15:00,8665.25,8679.0,2017-08-01 11:40:00,8666.25,thesis_flip,13.75,-1.75,-0.12727272727272726,-35.0
2017-08-02,-1,2017-08-02 09:55:00,2017-08-02 10:25:00,2017-08-02 10:40:00,2017-08-02 10:45:00,8642.25,8695.25,2017-08-02 11:25:00,8654.5,thesis_flip,53.0,-13.0,-0.24528301886792453,-260.0
2017-08-03,-1,2017-08-03 09:50:00,2017-08-03 10:50:00,2017-08-03 11:15:00,2017-08-03 11:20:00,8670.75,8683.75,2017-08-03 12:20:00,8672.5,thesis_flip,13.0,-2.5,-0.19230769230769232,-50.0
2017-08-04,-1,2017-08-04 09:55:00,2017-08-04 10:45:00,2017-08-04 10:50:00,2017-08-04 10:55:00,8669.25,8680.25,2017-08-04 11:15:00,8680.25,stop,11.0,-11.75,-1.0681818181818181,-235.0
2017-08-07,1,2017-08-07 09:55:00,2017-08-07 10:25:00,2017-08-07 10:50:00,2017-08-07 10:55:00,8696.25,8685.25,2017-08-07 12:20:00,8699.5,thesis_flip,11.0,2.5,0.22727272727272727,50.0
2017-08-08,1,2017-08-08 10:05:00,2017-08-08 10:20:00,2017-08-08 10:35:00,2017-08-08 10:40:00,8708.25,8697.5,2017-08-08 12:35:00,8741.5,thesis_flip,10.75,32.5,3.0232558139534884,650.0
2017-08-09,1,2017-08-09 09:55:00,2017-08-09 10:25:00,2017-08-09 10:30:00,2017-08-09 10:35:00,8674.0,8652.75,2017-08-09 10:50:00,8669.0,thesis_flip,21.25,-5.75,-0.27058823529411763,-115.0
2017-08-10,-1,2017-08-10 09:55:00,2017-08-10 10:10:00,2017-08-10 11:00:00,2017-08-10 11:05:00,8625.0,8642.75,2017-08-10 12:10:00,8606.75,thesis_flip,17.75,17.5,0.9859154929577465,350.0
2017-08-14,1,2017-08-14 10:00:00,2017-08-14 10:55:00,2017-08-14 11:30:00,2017-08-14 11:35:00,8677.5,8667.0,2017-08-14 12:20:00,8676.5,thesis_flip,10.5,-1.75,-0.16666666666666666,-35.0
2017-08-18,-1,2017-08-18 09:50:00,2017-08-18 10:35:00,2017-08-18 11:05:00,2017-08-18 11:10:00,8566.0,8586.75,2017-08-18 11:25:00,8586.75,stop,20.75,-21.5,-1.036144578313253,-430.0
2017-08-21,-1,2017-08-21 09:55:00,2017-08-21 10:25:00,2017-08-21 11:00:00,2017-08-21 11:05:00,8537.5,8562.5,2017-08-21 11:35:00,8560.25,thesis_flip,25.0,-23.5,-0.94,-470.0
2017-08-22,1,2017-08-22 09:45:00,2017-08-22 10:05:00,2017-08-22 10:10:00,2017-08-22 10:15:00,8622.25,8613.25,2017-08-22 12:25:00,8645.5,thesis_flip,9.0,22.5,2.5,450.0
2017-08-23,1,2017-08-23 09:55:00,2017-08-23 10:20:00,2017-08-23 10:45:00,2017-08-23 10:50:00,8631.75,8618.75,2017-08-23 12:30:00,8628.0,thesis_flip,13.0,-4.5,-0.34615384615384615,-90.0
2017-08-24,-1,2017-08-24 09:45:00,2017-08-24 11:20:00,2017-08-24 11:30:00,2017-08-24 11:35:00,8583.25,8628.0,2017-08-24 12:50:00,8602.5,thesis_flip,44.75,-20.0,-0.44692737430167595,-400.0
2017-08-29,1,2017-08-29 09:45:00,2017-08-29 10:20:00,2017-08-29 10:25:00,2017-08-29 10:30:00,8606.0,8590.0,2017-08-29 11:25:00,8623.75,thesis_flip,16.0,17.0,1.0625,340.0
2017-08-30,1,2017-08-30 09:45:00,2017-08-30 10:00:00,2017-08-30 10:15:00,2017-08-30 10:20:00,8672.0,8661.75,2017-08-30 10:40:00,8666.25,thesis_flip,10.25,-6.5,-0.6341463414634146,-130.0
2017-08-31,1,2017-08-31 10:20:00,2017-08-31 10:40:00,2017-08-31 11:05:00,2017-08-31 11:10:00,8745.0,8738.25,2017-08-31 11:35:00,8741.0,thesis_flip,6.75,-4.75,-0.7037037037037037,-95.0
2017-09-06,-1,2017-09-06 10:10:00,2017-09-06 10:50:00,2017-09-06 11:05:00,2017-09-06 11:10:00,8694.25,8716.5,2017-09-06 11:25:00,8696.5,thesis_flip,22.25,-3.0,-0.1348314606741573,-60.0
2017-09-08,-1,2017-09-08 10:00:00,2017-09-08 10:20:00,2017-09-08 11:15:00,2017-09-08 11:20:00,8716.5,8725.5,2017-09-08 12:35:00,8708.5,thesis_flip,9.0,7.25,0.8055555555555556,145.0
2017-09-11,1,2017-09-11 09:50:00,2017-09-11 10:10:00,2017-09-11 11:30:00,2017-09-11 11:35:00,8748.5,8737.75,2017-09-11 13:10:00,8757.0,thesis_flip,10.75,7.75,0.7209302325581395,155.0
2017-09-15,1,2017-09-15 10:00:00,2017-09-15 10:10:00,2017-09-15 10:15:00,2017-09-15 10:20:00,8748.25,8740.25,2017-09-15 11:10:00,8774.25,thesis_flip,8.0,25.25,3.15625,505.0
2017-09-18,1,2017-09-18 09:45:00,2017-09-18 10:35:00,2017-09-18 11:00:00,2017-09-18 11:05:00,8779.75,8771.25,2017-09-18 12:00:00,8780.0,thesis_flip,8.5,-0.5,-0.058823529411764705,-10.0
2017-09-26,-1,2017-09-26 10:30:00,2017-09-26 10:40:00,2017-09-26 10:45:00,2017-09-26 10:50:00,8657.25,8667.25,2017-09-26 12:05:00,8654.5,thesis_flip,10.0,2.0,0.2,40.0
2017-09-27,-1,2017-09-27 10:10:00,2017-09-27 10:20:00,2017-09-27 10:30:00,2017-09-27 10:35:00,8681.0,8690.75,2017-09-27 11:10:00,8685.0,thesis_flip,9.75,-4.75,-0.48717948717948717,-95.0
2017-09-28,1,2017-09-28 10:25:00,2017-09-28 11:05:00,2017-09-28 11:25:00,2017-09-28 11:30:00,8699.25,8691.0,2017-09-28 12:00:00,8691.0,stop,8.25,-9.0,-1.0909090909090908,-180.0
2017-10-02,1,2017-10-02 09:55:00,2017-10-02 10:05:00,2017-10-02 10:45:00,2017-10-02 10:50:00,8776.75,8765.5,2017-10-02 11:10:00,8766.75,thesis_flip,11.25,-10.75,-0.9555555555555556,-215.0
2017-10-06,1,2017-10-06 10:00:00,2017-10-06 10:30:00,2017-10-06 11:15:00,2017-10-06 11:20:00,8825.75,8810.5,2017-10-06 11:40:00,8824.5,thesis_flip,15.25,-2.0,-0.13114754098360656,-40.0
2017-10-18,-1,2017-10-18 09:45:00,2017-10-18 10:00:00,2017-10-18 10:05:00,2017-10-18 10:10:00,8880.75,8888.0,2017-10-18 10:25:00,8884.25,thesis_flip,7.25,-4.25,-0.5862068965517241,-85.0
2017-10-19,-1,2017-10-19 09:45:00,2017-10-19 10:25:00,2017-10-19 11:25:00,2017-10-19 11:30:00,8848.0,8852.75,2017-10-19 11:30:00,8852.75,stop,4.75,-5.5,-1.1578947368421053,-110.0
2017-10-25,-1,2017-10-25 09:50:00,2017-10-25 10:05:00,2017-10-25 10:35:00,2017-10-25 10:40:00,8837.25,8845.5,2017-10-25 11:35:00,8804.0,thesis_flip,8.25,32.5,3.9393939393939394,650.0
2017-11-01,-1,2017-11-01 09:50:00,2017-11-01 10:20:00,2017-11-01 10:55:00,2017-11-01 11:00:00,9019.25,9036.0,2017-11-01 11:15:00,9028.5,thesis_flip,16.75,-10.0,-0.5970149253731343,-200.0
2017-11-10,-1,2017-11-10 10:30:00,2017-11-10 10:40:00,2017-11-10 11:20:00,2017-11-10 11:25:00,9062.0,9069.0,2017-11-10 11:45:00,9066.0,thesis_flip,7.0,-4.75,-0.6785714285714286,-95.0
2017-11-17,-1,2017-11-17 10:10:00,2017-11-17 10:35:00,2017-11-17 11:05:00,2017-11-17 11:10:00,9101.75,9111.0,2017-11-17 11:25:00,9104.25,thesis_flip,9.25,-3.25,-0.35135135135135137,-65.0
2017-11-20,-1,2017-11-20 10:25:00,2017-11-20 10:45:00,2017-11-20 11:15:00,2017-11-20 11:20:00,9085.5,9091.5,2017-11-20 11:55:00,9086.75,thesis_flip,6.0,-2.0,-0.3333333333333333,-40.0
2017-11-23,-1,2017-11-23 10:00:00,2017-11-23 10:40:00,2017-11-23 11:25:00,2017-11-23 11:30:00,9152.5,9156.25,2017-11-23 11:55:00,9152.75,thesis_flip,3.75,-1.0,-0.26666666666666666,-20.0
2017-11-24,1,2017-11-24 09:55:00,2017-11-24 10:35:00,2017-11-24 11:00:00,2017-11-24 11:05:00,9176.75,9163.25,2017-11-24 11:55:00,9178.5,thesis_flip,13.5,1.0,0.07407407407407407,20.0
2017-11-28,-1,2017-11-28 09:45:00,2017-11-28 10:25:00,2017-11-28 10:50:00,2017-11-28 10:55:00,9183.25,9189.75,2017-11-28 11:10:00,9184.75,thesis_flip,6.5,-2.25,-0.34615384615384615,-45.0
2017-11-30,1,2017-11-30 10:30:00,2017-11-30 10:45:00,2017-11-30 11:15:00,2017-11-30 11:20:00,9137.25,9115.0,2017-11-30 12:55:00,9130.75,thesis_flip,22.25,-7.25,-0.3258426966292135,-145.0
2017-12-05,1,2017-12-05 10:00:00,2017-12-05 10:20:00,2017-12-05 10:45:00,2017-12-05 10:50:00,9086.75,9068.0,2017-12-05 11:40:00,9094.5,thesis_flip,18.75,7.0,0.37333333333333335,140.0
2017-12-07,1,2017-12-07 10:30:00,2017-12-07 11:20:00,2017-12-07 11:25:00,2017-12-07 11:30:00,9093.75,9083.75,2017-12-07 12:05:00,9094.5,thesis_flip,10.0,0.0,0.0,0.0
2017-12-11,1,2017-12-11 10:30:00,2017-12-11 10:45:00,2017-12-11 11:15:00,2017-12-11 11:20:00,9136.25,9126.25,2017-12-11 13:15:00,9159.25,thesis_flip,10.0,22.25,2.225,445.0
2017-12-13,-1,2017-12-13 10:05:00,2017-12-13 10:50:00,2017-12-13 11:25:00,2017-12-13 11:30:00,9179.5,9186.75,2017-12-13 12:25:00,9170.75,thesis_flip,7.25,8.0,1.103448275862069,160.0
2017-12-15,1,2017-12-15 10:15:00,2017-12-15 10:55:00,2017-12-15 11:00:00,2017-12-15 11:05:00,9200.25,9186.5,2017-12-15 12:40:00,9223.0,thesis_flip,13.75,22.0,1.6,440.0
2017-12-18,1,2017-12-18 10:05:00,2017-12-18 10:45:00,2017-12-18 11:10:00,2017-12-18 11:15:00,9277.5,9272.0,2017-12-18 11:15:00,9272.0,stop,5.5,-6.25,-1.1363636363636365,-125.0
2017-12-20,-1,2017-12-20 09:45:00,2017-12-20 10:05:00,2017-12-20 10:35:00,2017-12-20 10:40:00,9220.5,9236.75,2017-12-20 11:05:00,9227.5,thesis_flip,16.25,-7.75,-0.47692307692307695,-155.0
2017-12-21,-1,2017-12-21 09:50:00,2017-12-21 10:10:00,2017-12-21 10:45:00,2017-12-21 10:50:00,9244.5,9255.0,2017-12-21 11:10:00,9246.75,thesis_flip,10.5,-3.0,-0.2857142857142857,-60.0
2017-12-26,-1,2017-12-26 09:45:00,2017-12-26 10:35:00,2017-12-26 10:45:00,2017-12-26 10:50:00,9203.5,9208.25,2017-12-26 11:25:00,9202.0,thesis_flip,4.75,0.75,0.15789473684210525,15.0
2017-12-29,-1,2017-12-29 10:00:00,2017-12-29 11:05:00,2017-12-29 11:30:00,2017-12-29 11:35:00,9171.0,9195.0,2017-12-29 11:50:00,9177.75,thesis_flip,24.0,-7.5,-0.3125,-150.0
2018-01-05,1,2018-01-05 10:15:00,2018-01-05 10:40:00,2018-01-05 10:55:00,2018-01-05 11:00:00,9393.75,9380.5,2018-01-05 12:35:00,9401.75,thesis_flip,13.25,7.25,0.5471698113207547,145.0
2018-01-08,1,2018-01-08 10:15:00,2018-01-08 10:35:00,2018-01-08 11:10:00,2018-01-08 11:15:00,9435.75,9422.25,2018-01-08 11:50:00,9435.5,thesis_flip,13.5,-1.0,-0.07407407407407407,-20.0
2018-01-10,-1,2018-01-10 09:50:00,2018-01-10 10:30:00,2018-01-10 10:45:00,2018-01-10 10:50:00,9394.5,9409.5,2018-01-10 11:00:00,9409.5,stop,15.0,-15.75,-1.05,-315.0
2018-01-18,-1,2018-01-18 10:00:00,2018-01-18 10:25:00,2018-01-18 10:55:00,2018-01-18 11:00:00,9562.5,9574.0,2018-01-18 11:15:00,9572.0,thesis_flip,11.5,-10.25,-0.8913043478260869,-205.0
2018-01-23,1,2018-01-23 09:45:00,2018-01-23 10:00:00,2018-01-23 10:10:00,2018-01-23 10:15:00,9713.75,9689.75,2018-01-23 11:45:00,9719.5,thesis_flip,24.0,5.0,0.20833333333333334,100.0
2018-01-31,-1,2018-01-31 10:00:00,2018-01-31 10:30:00,2018-01-31 10:40:00,2018-01-31 10:45:00,9723.25,9738.0,2018-01-31 11:35:00,9715.0,thesis_flip,14.75,7.5,0.5084745762711864,150.0
2018-02-07,1,2018-02-07 10:05:00,2018-02-07 10:25:00,2018-02-07 10:45:00,2018-02-07 10:50:00,9430.75,9401.0,2018-02-07 11:35:00,9442.5,thesis_flip,29.75,11.0,0.3697478991596639,220.0
2018-02-13,1,2018-02-13 10:15:00,2018-02-13 10:40:00,2018-02-13 10:45:00,2018-02-13 10:50:00,9288.25,9260.25,2018-02-13 11:05:00,9268.25,thesis_flip,28.0,-20.75,-0.7410714285714286,-415.0
2018-02-15,1,2018-02-15 09:55:00,2018-02-15 10:10:00,2018-02-15 10:20:00,2018-02-15 10:25:00,9494.75,9476.75,2018-02-15 10:35:00,9476.75,stop,18.0,-18.75,-1.0416666666666667,-375.0
2018-02-16,1,2018-02-16 09:45:00,2018-02-16 10:10:00,2018-02-16 10:15:00,2018-02-16 10:20:00,9559.5,9538.5,2018-02-16 10:45:00,9570.5,thesis_flip,21.0,10.25,0.4880952380952381,205.0
2018-02-20,1,2018-02-20 09:45:00,2018-02-20 10:25:00,2018-02-20 11:00:00,2018-02-20 11:05:00,9563.0,9528.5,2018-02-20 12:20:00,9585.5,thesis_flip,34.5,21.75,0.6304347826086957,435.0
2018-02-21,1,2018-02-21 10:05:00,2018-02-21 10:45:00,2018-02-21 11:20:00,2018-02-21 11:25:00,9594.75,9572.0,2018-02-21 12:00:00,9595.5,thesis_flip,22.75,0.0,0.0,0.0
2018-03-01,-1,2018-03-01 09:50:00,2018-03-01 10:45:00,2018-03-01 10:55:00,2018-03-01 11:00:00,9587.5,9649.0,2018-03-01 11:20:00,9611.0,thesis_flip,61.5,-24.25,-0.3943089430894309,-485.0
2018-03-02,1,2018-03-02 10:30:00,2018-03-02 10:55:00,2018-03-02 11:25:00,2018-03-02 11:30:00,9483.5,9443.5,2018-03-02 12:40:00,9498.75,thesis_flip,40.0,14.5,0.3625,290.0
2018-03-08,-1,2018-03-08 10:00:00,2018-03-08 10:40:00,2018-03-08 11:25:00,2018-03-08 11:30:00,9717.0,9724.75,2018-03-08 12:00:00,9714.75,thesis_flip,7.75,1.5,0.1935483870967742,30.0
2018-03-14,-1,2018-03-14 09:45:00,2018-03-14 10:05:00,2018-03-14 10:10:00,2018-03-14 10:15:00,9806.0,9833.0,2018-03-14 10:35:00,9816.75,thesis_flip,27.0,-11.5,-0.42592592592592593,-230.0
2018-03-19,-1,2018-03-19 10:10:00,2018-03-19 10:45:00,2018-03-19 10:50:00,2018-03-19 10:55:00,9636.0,9679.5,2018-03-19 12:25:00,9592.25,thesis_flip,43.5,43.0,0.9885057471264368,860.0
2018-03-21,1,2018-03-21 09:50:00,2018-03-21 10:10:00,2018-03-21 11:15:00,2018-03-21 11:20:00,9631.75,9617.75,2018-03-21 13:10:00,9643.0,thesis_flip,14.0,10.5,0.75,210.0
2018-03-22,1,2018-03-22 09:45:00,2018-03-22 09:55:00,2018-03-22 10:10:00,2018-03-22 10:15:00,9545.5,9508.5,2018-03-22 10:35:00,9515.0,thesis_flip,37.0,-31.25,-0.8445945945945946,-625.0
2018-03-26,-1,2018-03-26 10:10:00,2018-03-26 10:50:00,2018-03-26 11:05:00,2018-03-26 11:10:00,9309.25,9387.75,2018-03-26 11:35:00,9326.5,thesis_flip,78.5,-18.0,-0.22929936305732485,-360.0
2018-03-27,-1,2018-03-27 09:45:00,2018-03-27 10:00:00,2018-03-27 10:10:00,2018-03-27 10:15:00,9497.5,9538.0,2018-03-27 10:45:00,9519.75,thesis_flip,40.5,-23.0,-0.5679012345679012,-460.0
2018-04-06,1,2018-04-06 09:50:00,2018-04-06 10:10:00,2018-04-06 10:15:00,2018-04-06 10:20:00,9307.25,9285.5,2018-04-06 10:30:00,9285.5,stop,21.75,-22.5,-1.0344827586206897,-450.0
2018-04-11,1,2018-04-11 10:20:00,2018-04-11 11:15:00,2018-04-11 11:25:00,2018-04-11 11:30:00,9346.5,9321.5,2018-04-11 12:20:00,9371.5,thesis_flip,25.0,24.25,0.97,485.0
2018-04-20,-1,2018-04-20 09:50:00,2018-04-20 10:10:00,2018-04-20 10:45:00,2018-04-20 10:50:00,9442.5,9468.5,2018-04-20 11:40:00,9418.5,thesis_flip,26.0,23.25,0.8942307692307693,465.0
2018-04-24,-1,2018-04-24 09:50:00,2018-04-24 10:35:00,2018-04-24 10:55:00,2018-04-24 11:00:00,9330.25,9402.0,2018-04-24 11:30:00,9321.0,thesis_flip,71.75,8.5,0.11846689895470383,170.0
2018-05-01,1,2018-05-01 09:55:00,2018-05-01 10:15:00,2018-05-01 11:15:00,2018-05-01 11:20:00,9338.75,9312.75,2018-05-01 11:50:00,9328.5,thesis_flip,26.0,-11.0,-0.4230769230769231,-220.0
2018-05-04,1,2018-05-04 10:00:00,2018-05-04 10:45:00,2018-05-04 11:00:00,2018-05-04 11:05:00,9463.5,9372.75,2018-05-04 11:50:00,9468.0,thesis_flip,90.75,3.75,0.04132231404958678,75.0
2018-05-08,-1,2018-05-08 09:55:00,2018-05-08 10:15:00,2018-05-08 10:20:00,2018-05-08 10:25:00,9519.25,9533.5,2018-05-08 10:30:00,9533.5,stop,14.25,-15.0,-1.0526315789473684,-300.0
2018-05-10,1,2018-05-10 10:25:00,2018-05-10 10:55:00,2018-05-10 11:10:00,2018-05-10 11:15:00,9671.75,9655.5,2018-05-10 11:35:00,9669.75,thesis_flip,16.25,-2.75,-0.16923076923076924,-55.0
2018-05-15,-1,2018-05-15 09:55:00,2018-05-15 11:00:00,2018-05-15 11:10:00,2018-05-15 11:15:00,9593.25,9634.0,2018-05-15 11:50:00,9612.0,thesis_flip,40.75,-19.5,-0.4785276073619632,-390.0
2018-05-25,1,2018-05-25 09:45:00,2018-05-25 10:00:00,2018-05-25 10:15:00,2018-05-25 10:20:00,9706.75,9683.25,2018-05-25 10:50:00,9698.5,thesis_flip,23.5,-9.0,-0.3829787234042553,-180.0
2018-06-01,1,2018-06-01 10:00:00,2018-06-01 10:25:00,2018-06-01 10:45:00,2018-06-01 10:50:00,9785.25,9746.0,2018-06-01 13:40:00,9811.0,thesis_flip,39.25,25.0,0.6369426751592356,500.0
2018-06-05,1,2018-06-05 09:55:00,2018-06-05 10:40:00,2018-06-05 10:50:00,2018-06-05 10:55:00,9897.5,9889.75,2018-06-05 11:05:00,9889.75,stop,7.75,-8.5,-1.096774193548387,-170.0
2018-06-14,1,2018-06-14 10:00:00,2018-06-14 10:50:00,2018-06-14 11:10:00,2018-06-14 11:15:00,9990.0,9970.25,2018-06-14 12:25:00,10001.5,thesis_flip,19.75,10.75,0.5443037974683544,215.0
2018-06-18,1,2018-06-18 09:50:00,2018-06-18 10:15:00,2018-06-18 10:20:00,2018-06-18 10:25:00,9945.25,9924.25,2018-06-18 11:25:00,9969.5,thesis_flip,21.0,23.5,1.119047619047619,470.0
2018-06-19,-1,2018-06-19 10:20:00,2018-06-19 10:50:00,2018-06-19 11:30:00,2018-06-19 11:35:00,9902.75,9915.0,2018-06-19 11:45:00,9915.0,stop,12.25,-13.0,-1.0612244897959184,-260.0
2018-06-22,-1,2018-06-22 09:55:00,2018-06-22 10:10:00,2018-06-22 10:20:00,2018-06-22 10:25:00,9920.5,9935.25,2018-06-22 11:00:00,9919.25,thesis_flip,14.75,0.5,0.03389830508474576,10.0
2018-06-25,-1,2018-06-25 09:45:00,2018-06-25 10:20:00,2018-06-25 10:55:00,2018-06-25 11:00:00,9781.5,9829.5,2018-06-25 12:25:00,9734.5,thesis_flip,48.0,46.25,0.9635416666666666,925.0
2018-06-27,1,2018-06-27 09:45:00,2018-06-27 10:20:00,2018-06-27 10:35:00,2018-06-27 10:40:00,9845.75,9815.75,2018-06-27 10:55:00,9830.75,thesis_flip,30.0,-15.75,-0.525,-315.0
2018-06-28,-1,2018-06-28 09:45:00,2018-06-28 10:05:00,2018-06-28 10:30:00,2018-06-28 10:35:00,9677.0,9723.0,2018-06-28 10:55:00,9723.0,stop,46.0,-46.75,-1.016304347826087,-935.0
2018-07-02,1,2018-07-02 09:45:00,2018-07-02 10:05:00,2018-07-02 10:25:00,2018-07-02 10:30:00,9750.25,9720.25,2018-07-02 10:55:00,9746.25,thesis_flip,30.0,-4.75,-0.15833333333333333,-95.0
2018-07-20,1,2018-07-20 10:25:00,2018-07-20 10:55:00,2018-07-20 11:20:00,2018-07-20 11:25:00,10107.5,10089.5,2018-07-20 11:40:00,10100.5,thesis_flip,18.0,-7.75,-0.4305555555555556,-155.0
2018-07-25,1,2018-07-25 09:45:00,2018-07-25 10:20:00,2018-07-25 10:30:00,2018-07-25 10:35:00,10139.25,10116.25,2018-07-25 10:50:00,10123.75,thesis_flip,23.0,-16.25,-0.7065217391304348,-325.0
2018-07-26,-1,2018-07-26 09:45:00,2018-07-26 10:20:00,2018-07-26 10:25:00,2018-07-26 10:30:00,10115.25,10134.75,2018-07-26 11:20:00,10134.75,stop,19.5,-20.25,-1.0384615384615385,-405.0
2018-07-30,-1,2018-07-30 09:50:00,2018-07-30 10:15:00,2018-07-30 10:50:00,2018-07-30 10:55:00,9920.25,9948.5,2018-07-30 12:00:00,9923.0,thesis_flip,28.25,-3.5,-0.12389380530973451,-70.0
2018-08-03,1,2018-08-03 10:25:00,2018-08-03 10:40:00,2018-08-03 11:10:00,2018-08-03 11:15:00,10087.75,10070.75,2018-08-03 11:55:00,10070.75,stop,17.0,-17.75,-1.0441176470588236,-355.0
2018-08-06,1,2018-08-06 09:50:00,2018-08-06 10:35:00,2018-08-06 11:20:00,2018-08-06 11:25:00,10108.75,10095.0,2018-08-06 12:30:00,10126.0,thesis_flip,13.75,16.5,1.2,330.0
2018-08-07,-1,2018-08-07 09:45:00,2018-08-07 10:20:00,2018-08-07 10:40:00,2018-08-07 10:45:00,10169.25,10184.0,2018-08-07 11:10:00,10165.25,thesis_flip,14.75,3.25,0.22033898305084745,65.0
2018-08-08,1,2018-08-08 09:45:00,2018-08-08 09:55:00,2018-08-08 10:05:00,2018-08-08 10:10:00,10168.25,10154.0,2018-08-08 11:25:00,10181.5,thesis_flip,14.25,12.5,0.8771929824561403,250.0
2018-08-15,-1,2018-08-15 09:45:00,2018-08-15 10:45:00,2018-08-15 10:50:00,2018-08-15 10:55:00,10024.5,10094.75,2018-08-15 11:10:00,10046.25,thesis_flip,70.25,-22.5,-0.3202846975088968,-450.0
2018-08-20,-1,2018-08-20 09:50:00,2018-08-20 10:15:00,2018-08-20 10:40:00,2018-08-20 10:45:00,10057.0,10077.5,2018-08-20 11:20:00,10063.25,thesis_flip,20.5,-7.0,-0.34146341463414637,-140.0
2018-08-24,1,2018-08-24 10:00:00,2018-08-24 10:15:00,2018-08-24 10:20:00,2018-08-24 10:25:00,10165.25,10153.75,2018-08-24 11:05:00,10179.5,thesis_flip,11.5,13.5,1.173913043478261,270.0
2018-08-27,1,2018-08-27 09:55:00,2018-08-27 10:05:00,2018-08-27 10:10:00,2018-08-27 10:15:00,10252.5,10237.0,2018-08-27 10:40:00,10253.25,thesis_flip,15.5,0.0,0.0,0.0
2018-08-28,-1,2018-08-28 10:20:00,2018-08-28 10:35:00,2018-08-28 10:45:00,2018-08-28 10:50:00,10268.75,10283.5,2018-08-28 11:20:00,10283.5,stop,14.75,-15.5,-1.0508474576271187,-310.0
2018-08-30,1,2018-08-30 10:15:00,2018-08-30 10:25:00,2018-08-30 10:30:00,2018-08-30 10:35:00,10370.75,10355.75,2018-08-30 11:10:00,10365.5,thesis_flip,15.0,-6.0,-0.4,-120.0
2018-08-31,1,2018-08-31 09:45:00,2018-08-31 10:15:00,2018-08-31 11:00:00,2018-08-31 11:05:00,10378.0,10359.75,2018-08-31 11:25:00,10359.75,stop,18.25,-19.0,-1.0410958904109588,-380.0
2018-09-03,1,2018-09-03 09:55:00,2018-09-03 10:45:00,2018-09-03 11:30:00,2018-09-03 11:35:00,10381.5,10370.5,2018-09-03 12:00:00,10380.75,thesis_flip,11.0,-1.5,-0.13636363636363635,-30.0
2018-09-07,1,2018-09-07 09:45:00,2018-09-07 10:05:00,2018-09-07 10:45:00,2018-09-07 10:50:00,10182.75,10138.25,2018-09-07 11:05:00,10179.0,thesis_flip,44.5,-4.5,-0.10112359550561797,-90.0
2018-09-10,-1,2018-09-10 10:00:00,2018-09-10 10:40:00,2018-09-10 10:55:00,2018-09-10 11:00:00,10130.25,10144.0,2018-09-10 11:10:00,10144.0,stop,13.75,-14.5,-1.0545454545454545,-290.0
2018-09-12,-1,2018-09-12 09:50:00,2018-09-12 10:10:00,2018-09-12 10:20:00,2018-09-12 10:25:00,10145.5,10182.0,2018-09-12 11:05:00,10147.0,thesis_flip,36.5,-2.25,-0.06164383561643835,-45.0
2018-09-18,1,2018-09-18 09:45:00,2018-09-18 10:45:00,2018-09-18 11:10:00,2018-09-18 11:15:00,10218.5,10184.5,2018-09-18 11:55:00,10221.75,thesis_flip,34.0,2.5,0.07352941176470588,50.0
2018-09-21,-1,2018-09-21 09:50:00,2018-09-21 10:05:00,2018-09-21 10:20:00,2018-09-21 10:25:00,10265.75,10289.5,2018-09-21 11:15:00,10263.25,thesis_flip,23.75,1.75,0.07368421052631578,35.0
2018-09-26,1,2018-09-26 10:00:00,2018-09-26 10:40:00,2018-09-26 11:00:00,2018-09-26 11:05:00,10298.75,10270.25,2018-09-26 12:05:00,10304.25,thesis_flip,28.5,4.75,0.16666666666666666,95.0
2018-10-01,1,2018-10-01 09:50:00,2018-10-01 10:10:00,2018-10-01 10:25:00,2018-10-01 10:30:00,10394.5,10382.5,2018-10-01 10:45:00,10382.5,stop,12.0,-12.75,-1.0625,-255.0
2018-10-02,1,2018-10-02 09:55:00,2018-10-02 10:30:00,2018-10-02 10:45:00,2018-10-02 10:50:00,10357.0,10330.75,2018-10-02 11:05:00,10353.5,thesis_flip,26.25,-4.25,-0.1619047619047619,-85.0
2018-10-05,-1,2018-10-05 09:55:00,2018-10-05 10:10:00,2018-10-05 10:45:00,2018-10-05 10:50:00,10132.5,10176.0,2018-10-05 12:10:00,10073.75,thesis_flip,43.5,58.0,1.3333333333333333,1160.0
2018-10-11,1,2018-10-11 09:45:00,2018-10-11 10:20:00,2018-10-11 10:25:00,2018-10-11 10:30:00,9746.0,9707.25,2018-10-11 10:45:00,9707.25,stop,38.75,-39.5,-1.0193548387096774,-790.0
2018-10-16,1,2018-10-16 09:55:00,2018-10-16 10:15:00,2018-10-16 10:40:00,2018-10-16 10:45:00,9852.0,9817.0,2018-10-16 12:20:00,9894.0,thesis_flip,35.0,41.25,1.1785714285714286,825.0
2018-10-17,-1,2018-10-17 10:00:00,2018-10-17 10:15:00,2018-10-17 10:35:00,2018-10-17 10:40:00,9911.5,9948.0,2018-10-17 10:55:00,9915.5,thesis_flip,36.5,-4.75,-0.13013698630136986,-95.0
2018-10-18,-1,2018-10-18 10:05:00,2018-10-18 10:50:00,2018-10-18 11:00:00,2018-10-18 11:05:00,9897.0,9924.25,2018-10-18 12:25:00,9831.75,thesis_flip,27.25,64.5,2.36697247706422,1290.0
2018-10-24,-1,2018-10-24 09:45:00,2018-10-24 10:40:00,2018-10-24 10:55:00,2018-10-24 11:00:00,9726.75,9780.75,2018-10-24 11:50:00,9699.0,thesis_flip,54.0,27.0,0.5,540.0
2018-10-30,1,2018-10-30 09:50:00,2018-10-30 11:00:00,2018-10-30 11:05:00,2018-10-30 11:10:00,9423.5,9365.0,2018-10-30 12:00:00,9439.25,thesis_flip,58.5,15.0,0.2564102564102564,300.0
2018-11-02,-1,2018-11-02 10:00:00,2018-11-02 10:55:00,2018-11-02 11:00:00,2018-11-02 11:05:00,9638.0,9705.75,2018-11-02 12:00:00,9655.0,thesis_flip,67.75,-17.75,-0.26199261992619927,-355.0
2018-11-05,-1,2018-11-05 10:10:00,2018-11-05 11:00:00,2018-11-05 11:15:00,2018-11-05 11:20:00,9570.5,9593.5,2018-11-05 11:55:00,9571.5,thesis_flip,23.0,-1.75,-0.07608695652173914,-35.0
2018-11-06,1,2018-11-06 09:45:00,2018-11-06 09:55:00,2018-11-06 11:10:00,2018-11-06 11:15:00,9663.0,9631.5,2018-11-06 11:30:00,9631.5,stop,31.5,-32.25,-1.0238095238095237,-645.0
2018-11-08,1,2018-11-08 09:55:00,2018-11-08 10:20:00,2018-11-08 10:30:00,2018-11-08 10:35:00,9855.0,9835.0,2018-11-08 11:20:00,9835.0,stop,20.0,-20.75,-1.0375,-415.0
2018-11-09,-1,2018-11-09 10:05:00,2018-11-09 10:45:00,2018-11-09 10:50:00,2018-11-09 10:55:00,9728.0,9752.0,2018-11-09 12:50:00,9707.5,thesis_flip,24.0,19.75,0.8229166666666666,395.0
2018-11-12,-1,2018-11-12 10:00:00,2018-11-12 10:25:00,2018-11-12 10:40:00,2018-11-12 10:45:00,9563.5,9608.25,2018-11-12 11:40:00,9525.25,thesis_flip,44.75,37.5,0.8379888268156425,750.0
2018-11-14,-1,2018-11-14 09:50:00,2018-11-14 10:25:00,2018-11-14 10:50:00,2018-11-14 10:55:00,9494.75,9570.75,2018-11-14 11:55:00,9473.75,thesis_flip,76.0,20.25,0.26644736842105265,405.0
2018-11-26,1,2018-11-26 09:50:00,2018-11-26 10:30:00,2018-11-26 10:50:00,2018-11-26 10:55:00,9322.0,9296.0,2018-11-26 11:30:00,9316.25,thesis_flip,26.0,-6.5,-0.25,-130.0
2018-12-04,-1,2018-12-04 09:50:00,2018-12-04 10:20:00,2018-12-04 10:55:00,2018-12-04 11:00:00,9696.0,9722.0,2018-12-04 14:00:00,9530.0,thesis_flip,26.0,165.25,6.355769230769231,3305.0
2018-12-10,-1,2018-12-10 09:50:00,2018-12-10 10:15:00,2018-12-10 10:25:00,2018-12-10 10:30:00,9291.25,9326.75,2018-12-10 11:30:00,9236.5,thesis_flip,35.5,54.0,1.5211267605633803,1080.0
2018-12-11,-1,2018-12-11 10:10:00,2018-12-11 10:25:00,2018-12-11 10:45:00,2018-12-11 10:50:00,9423.25,9463.75,2018-12-11 11:50:00,9411.5,thesis_flip,40.5,11.0,0.2716049382716049,220.0
2018-12-12,1,2018-12-12 09:55:00,2018-12-12 11:05:00,2018-12-12 11:15:00,2018-12-12 11:20:00,9530.5,9471.25,2018-12-12 11:35:00,9516.0,thesis_flip,59.25,-15.25,-0.25738396624472576,-305.0
2018-12-14,1,2018-12-14 10:00:00,2018-12-14 10:20:00,2018-12-14 10:45:00,2018-12-14 10:50:00,9369.75,9339.0,2018-12-14 11:15:00,9360.5,thesis_flip,30.75,-10.0,-0.3252032520325203,-200.0
2018-12-26,-1,2018-12-26 10:10:00,2018-12-26 10:40:00,2018-12-26 10:50:00,2018-12-26 10:55:00,8583.5,8638.25,2018-12-26 11:15:00,8638.25,stop,54.75,-55.5,-1.0136986301369864,-1110.0
2018-12-31,-1,2018-12-31 09:50:00,2018-12-31 10:25:00,2018-12-31 10:50:00,2018-12-31 10:55:00,8945.5,9005.0,2018-12-31 11:50:00,8963.75,thesis_flip,59.5,-19.0,-0.31932773109243695,-380.0
2019-01-02,1,2019-01-02 09:45:00,2019-01-02 10:10:00,2019-01-02 10:40:00,2019-01-02 10:45:00,8962.25,8886.0,2019-01-02 11:40:00,8978.0,thesis_flip,76.25,15.0,0.19672131147540983,300.0
2019-01-03,-1,2019-01-03 09:45:00,2019-01-03 10:20:00,2019-01-03 10:35:00,2019-01-03 10:40:00,8827.0,8903.75,2019-01-03 11:00:00,8856.25,thesis_flip,76.75,-30.0,-0.39087947882736157,-600.0
2019-01-04,1,2019-01-04 09:55:00,2019-01-04 10:30:00,2019-01-04 10:55:00,2019-01-04 11:00:00,9029.5,8924.75,2019-01-04 12:05:00,9042.25,thesis_flip,104.75,12.0,0.11455847255369929,240.0
2019-01-09,1,2019-01-09 09:50:00,2019-01-09 10:25:00,2019-01-09 11:00:00,2019-01-09 11:05:00,9243.75,9204.5,2019-01-09 13:35:00,9271.5,thesis_flip,39.25,27.0,0.6878980891719745,540.0
2019-01-24,1,2019-01-24 10:10:00,2019-01-24 10:40:00,2019-01-24 11:00:00,2019-01-24 11:05:00,9336.0,9317.75,2019-01-24 11:10:00,9317.75,stop,18.25,-19.0,-1.0410958904109588,-380.0
2019-01-28,-1,2019-01-28 09:45:00,2019-01-28 10:15:00,2019-01-28 10:35:00,2019-01-28 10:40:00,9323.0,9338.0,2019-01-28 10:40:00,9338.0,stop,15.0,-15.75,-1.05,-315.0
2019-01-29,-1,2019-01-29 10:10:00,2019-01-29 10:40:00,2019-01-29 10:45:00,2019-01-29 10:50:00,9298.75,9332.75,2019-01-29 11:40:00,9286.75,thesis_flip,34.0,11.25,0.33088235294117646,225.0
2019-01-30,-1,2019-01-30 09:55:00,2019-01-30 10:35:00,2019-01-30 10:50:00,2019-01-30 10:55:00,9354.0,9365.5,2019-01-30 11:00:00,9365.5,stop,11.5,-12.25,-1.065217391304348,-245.0
2019-02-01,1,2019-02-01 10:05:00,2019-02-01 10:40:00,2019-02-01 11:05:00,2019-02-01 11:10:00,9549.75,9530.5,2019-02-01 12:10:00,9555.25,thesis_flip,19.25,4.75,0.24675324675324675,95.0
2019-02-04,1,2019-02-04 09:45:00,2019-02-04 10:15:00,2019-02-04 11:00:00,2019-02-04 11:05:00,9584.0,9537.0,2019-02-04 12:30:00,9584.5,thesis_flip,47.0,-0.25,-0.005319148936170213,-5.0
2019-02-06,-1,2019-02-06 10:00:00,2019-02-06 10:55:00,2019-02-06 11:20:00,2019-02-06 11:25:00,9650.75,9669.5,2019-02-06 12:30:00,9645.5,thesis_flip,18.75,4.5,0.24,90.0
2019-02-08,-1,2019-02-08 10:15:00,2019-02-08 10:55:00,2019-02-08 11:00:00,2019-02-08 11:05:00,9500.25,9527.25,2019-02-08 11:55:00,9508.5,thesis_flip,27.0,-9.0,-0.3333333333333333,-180.0
2019-02-11,-1,2019-02-11 10:20:00,2019-02-11 10:40:00,2019-02-11 10:50:00,2019-02-11 10:55:00,9571.5,9586.75,2019-02-11 11:25:00,9573.0,thesis_flip,15.25,-2.25,-0.14754098360655737,-45.0
2019-02-14,1,2019-02-14 09:55:00,2019-02-14 10:20:00,2019-02-14 10:30:00,2019-02-14 10:35:00,9672.5,9643.75,2019-02-14 10:35:00,9643.75,stop,28.75,-29.5,-1.0260869565217392,-590.0
2019-02-15,-1,2019-02-15 09:50:00,2019-02-15 10:45:00,2019-02-15 10:50:00,2019-02-15 10:55:00,9696.25,9718.5,2019-02-15 11:55:00,9687.25,thesis_flip,22.25,8.25,0.3707865168539326,165.0
2019-02-19,1,2019-02-19 10:05:00,2019-02-19 10:45:00,2019-02-19 11:00:00,2019-02-19 11:05:00,9718.25,9706.75,2019-02-19 11:25:00,9712.75,thesis_flip,11.5,-6.25,-0.5434782608695652,-125.0
2019-02-21,-1,2019-02-21 09:45:00,2019-02-21 11:10:00,2019-02-21 11:25:00,2019-02-21 11:30:00,9678.5,9689.0,2019-02-21 11:50:00,9689.0,stop,10.5,-11.25,-1.0714285714285714,-225.0
2019-02-22,1,2019-02-22 09:55:00,2019-02-22 10:30:00,2019-02-22 10:40:00,2019-02-22 10:45:00,9721.0,9707.25,2019-02-22 11:45:00,9737.75,thesis_flip,13.75,16.0,1.1636363636363636,320.0
2019-03-06,-1,2019-03-06 09:45:00,2019-03-06 10:15:00,2019-03-06 10:20:00,2019-03-06 10:25:00,9779.0,9806.0,2019-03-06 10:55:00,9775.0,thesis_flip,27.0,3.25,0.12037037037037036,65.0
2019-03-08,1,2019-03-08 09:45:00,2019-03-08 09:55:00,2019-03-08 10:40:00,2019-03-08 10:45:00,9632.5,9587.0,2019-03-08 11:00:00,9623.5,thesis_flip,45.5,-9.75,-0.21428571428571427,-195.0
2019-03-11,1,2019-03-11 09:45:00,2019-03-11 10:05:00,2019-03-11 10:45:00,2019-03-11 10:50:00,9761.5,9730.0,2019-03-11 12:20:00,9785.75,thesis_flip,31.5,23.5,0.746031746031746,470.0
2019-03-13,1,2019-03-13 09:50:00,2019-03-13 10:10:00,2019-03-13 10:15:00,2019-03-13 10:20:00,9892.0,9883.0,2019-03-13 10:25:00,9883.0,stop,9.0,-9.75,-1.0833333333333333,-195.0
2019-03-15,1,2019-03-15 09:50:00,2019-03-15 10:20:00,2019-03-15 10:30:00,2019-03-15 10:35:00,9946.5,9926.75,2019-03-15 11:35:00,9950.25,thesis_flip,19.75,3.0,0.1518987341772152,60.0
2019-03-25,-1,2019-03-25 09:45:00,2019-03-25 09:55:00,2019-03-25 10:10:00,2019-03-25 10:15:00,9915.25,9943.25,2019-03-25 10:30:00,9933.25,thesis_flip,28.0,-18.75,-0.6696428571428571,-375.0
2019-03-27,-1,2019-03-27 09:55:00,2019-03-27 10:50:00,2019-03-27 11:10:00,2019-03-27 11:15:00,9951.5,10014.75,2019-03-27 12:05:00,9919.5,thesis_flip,63.25,31.25,0.49407114624505927,625.0
2019-03-29,-1,2019-03-29 09:45:00,2019-03-29 10:10:00,2019-03-29 10:40:00,2019-03-29 10:45:00,9992.25,10013.5,2019-03-29 11:05:00,9994.25,thesis_flip,21.25,-2.75,-0.12941176470588237,-55.0
2019-04-02,1,2019-04-02 10:25:00,2019-04-02 10:55:00,2019-04-02 11:20:00,2019-04-02 11:25:00,10124.0,10110.0,2019-04-02 12:20:00,10128.25,thesis_flip,14.0,3.5,0.25,70.0
2019-04-03,1,2019-04-03 10:10:00,2019-04-03 11:05:00,2019-04-03 11:30:00,2019-04-03 11:35:00,10226.75,10185.0,2019-04-03 12:25:00,10227.25,thesis_flip,41.75,-0.25,-0.005988023952095809,-5.0
2019-04-04,-1,2019-04-04 10:20:00,2019-04-04 10:50:00,2019-04-04 11:00:00,2019-04-04 11:05:00,10177.75,10192.75,2019-04-04 11:40:00,10180.75,thesis_flip,15.0,-3.75,-0.25,-75.0
2019-04-05,1,2019-04-05 10:00:00,2019-04-05 10:35:00,2019-04-05 10:50:00,2019-04-05 10:55:00,10221.5,10206.75,2019-04-05 11:20:00,10214.75,thesis_flip,14.75,-7.5,-0.5084745762711864,-150.0
2019-04-09,1,2019-04-09 10:05:00,2019-04-09 10:30:00,2019-04-09 11:00:00,2019-04-09 11:05:00,10233.75,10213.75,2019-04-09 11:25:00,10223.0,thesis_flip,20.0,-11.5,-0.575,-230.0
2019-04-11,-1,2019-04-11 09:50:00,2019-04-11 10:20:00,2019-04-11 11:30:00,2019-04-11 11:35:00,10246.25,10255.5,2019-04-11 12:55:00,10244.0,thesis_flip,9.25,1.5,0.16216216216216217,30.0
2019-04-16,1,2019-04-16 10:00:00,2019-04-16 10:55:00,2019-04-16 11:05:00,2019-04-16 11:10:00,10301.75,10289.5,2019-04-16 11:30:00,10297.75,thesis_flip,12.25,-4.75,-0.3877551020408163,-95.0
2019-04-17,-1,2019-04-17 09:55:00,2019-04-17 11:00:00,2019-04-17 11:25:00,2019-04-17 11:30:00,10309.5,10336.25,2019-04-17 11:50:00,10323.0,thesis_flip,26.75,-14.25,-0.5327102803738317,-285.0
2019-04-18,-1,2019-04-18 09:50:00,2019-04-18 11:15:00,2019-04-18 11:20:00,2019-04-18 11:25:00,10306.0,10314.0,2019-04-18 11:40:00,10311.75,thesis_flip,8.0,-6.5,-0.8125,-130.0
2019-05-01,1,2019-05-01 10:10:00,2019-05-01 10:20:00,2019-05-01 11:10:00,2019-05-01 11:15:00,10468.5,10453.5,2019-05-01 12:10:00,10473.25,thesis_flip,15.0,4.0,0.26666666666666666,80.0
2019-05-02,1,2019-05-02 10:00:00,2019-05-02 10:30:00,2019-05-02 11:05:00,2019-05-02 11:10:00,10398.25,10379.5,2019-05-02 11:15:00,10379.5,stop,18.75,-19.5,-1.04,-390.0
2019-05-03,1,2019-05-03 09:50:00,2019-05-03 10:20:00,2019-05-03 10:25:00,2019-05-03 10:30:00,10432.75,10417.0,2019-05-03 11:20:00,10454.0,thesis_flip,15.75,20.5,1.3015873015873016,410.0
2019-05-06,1,2019-05-06 09:55:00,2019-05-06 10:05:00,2019-05-06 10:15:00,2019-05-06 10:20:00,10378.0,10351.5,2019-05-06 10:45:00,10369.5,thesis_flip,26.5,-9.25,-0.3490566037735849,-185.0
2019-05-07,-1,2019-05-07 09:45:00,2019-05-07 10:25:00,2019-05-07 10:30:00,2019-05-07 10:35:00,10305.5,10344.25,2019-05-07 11:15:00,10294.5,thesis_flip,38.75,10.25,0.2645161290322581,205.0
2019-05-09,-1,2019-05-09 09:50:00,2019-05-09 10:05:00,2019-05-09 10:20:00,2019-05-09 10:25:00,10109.75,10147.75,2019-05-09 10:50:00,10134.0,thesis_flip,38.0,-25.0,-0.6578947368421053,-500.0
2019-05-13,-1,2019-05-13 09:50:00,2019-05-13 11:10:00,2019-05-13 11:15:00,2019-05-13 11:20:00,9967.25,10015.5,2019-05-13 12:00:00,9977.0,thesis_flip,48.25,-10.5,-0.21761658031088082,-210.0
2019-05-17,1,2019-05-17 09:45:00,2019-05-17 10:05:00,2019-05-17 10:15:00,2019-05-17 10:20:00,10170.75,10143.75,2019-05-17 11:20:00,10224.75,thesis_flip,27.0,53.25,1.9722222222222223,1065.0
2019-05-20,1,2019-05-20 10:30:00,2019-05-20 10:50:00,2019-05-20 10:55:00,2019-05-20 11:00:00,10046.0,10024.5,2019-05-20 11:05:00,10024.5,stop,21.5,-22.25,-1.0348837209302326,-445.0
2019-05-22,1,2019-05-22 09:50:00,2019-05-22 10:30:00,2019-05-22 11:10:00,2019-05-22 11:15:00,10054.5,10041.25,2019-05-22 11:40:00,10055.0,thesis_flip,13.25,-0.25,-0.018867924528301886,-5.0
2019-05-23,-1,2019-05-23 10:05:00,2019-05-23 10:20:00,2019-05-23 11:00:00,2019-05-23 11:05:00,9939.0,9963.25,2019-05-23 11:30:00,9942.0,thesis_flip,24.25,-3.75,-0.15463917525773196,-75.0
2019-05-30,1,2019-05-30 09:45:00,2019-05-30 10:10:00,2019-05-30 10:30:00,2019-05-30 10:35:00,9885.0,9868.75,2019-05-30 10:50:00,9868.75,stop,16.25,-17.0,-1.0461538461538462,-340.0
2019-06-05,-1,2019-06-05 09:50:00,2019-06-05 10:05:00,2019-06-05 10:25:00,2019-06-05 10:30:00,9794.25,9841.75,2019-06-05 11:05:00,9799.25,thesis_flip,47.5,-5.75,-0.12105263157894737,-115.0
2019-06-18,1,2019-06-18 09:45:00,2019-06-18 10:15:00,2019-06-18 10:35:00,2019-06-18 10:40:00,10305.25,10280.5,2019-06-18 11:15:00,10300.75,thesis_flip,24.75,-5.25,-0.21212121212121213,-105.0
2019-06-20,-1,2019-06-20 10:15:00,2019-06-20 10:40:00,2019-06-20 10:55:00,2019-06-20 11:00:00,10347.5,10370.25,2019-06-20 11:45:00,10342.75,thesis_flip,22.75,4.0,0.17582417582417584,80.0
2019-06-24,-1,2019-06-24 10:00:00,2019-06-24 10:25:00,2019-06-24 11:15:00,2019-06-24 11:20:00,10356.25,10367.75,2019-06-24 11:35:00,10364.5,thesis_flip,11.5,-9.0,-0.782608695652174,-180.0
2019-06-28,-1,2019-06-28 09:45:00,2019-06-28 10:55:00,2019-06-28 11:00:00,2019-06-28 11:05:00,10267.25,10277.0,2019-06-28 11:20:00,10274.75,thesis_flip,9.75,-8.25,-0.8461538461538461,-165.0
2019-07-01,-1,2019-07-01 09:45:00,2019-07-01 10:05:00,2019-07-01 10:20:00,2019-07-01 10:25:00,10401.0,10435.25,2019-07-01 10:45:00,10402.5,thesis_flip,34.25,-2.25,-0.06569343065693431,-45.0
2019-07-15,-1,2019-07-15 09:45:00,2019-07-15 10:30:00,2019-07-15 10:35:00,2019-07-15 10:40:00,10559.75,10569.0,2019-07-15 10:55:00,10566.0,thesis_flip,9.25,-7.0,-0.7567567567567568,-140.0
2019-07-19,-1,2019-07-19 09:50:00,2019-07-19 10:10:00,2019-07-19 10:45:00,2019-07-19 10:50:00,10512.75,10546.75,2019-07-19 11:10:00,10529.25,thesis_flip,34.0,-17.25,-0.5073529411764706,-345.0
2019-07-22,1,2019-07-22 09:45:00,2019-07-22 10:30:00,2019-07-22 10:35:00,2019-07-22 10:40:00,10503.25,10485.5,2019-07-22 10:45:00,10485.5,stop,17.75,-18.5,-1.0422535211267605,-370.0
2019-07-23,-1,2019-07-23 09:55:00,2019-07-23 11:10:00,2019-07-23 11:30:00,2019-07-23 11:35:00,10520.75,10537.5,2019-07-23 12:20:00,10514.75,thesis_flip,16.75,5.25,0.31343283582089554,105.0
2019-07-24,1,2019-07-24 09:45:00,2019-07-24 10:15:00,2019-07-24 10:30:00,2019-07-24 10:35:00,10577.75,10556.25,2019-07-24 10:50:00,10575.25,thesis_flip,21.5,-3.25,-0.1511627906976744,-65.0
2019-07-25,-1,2019-07-25 10:10:00,2019-07-25 10:50:00,2019-07-25 11:15:00,2019-07-25 11:20:00,10559.0,10577.75,2019-07-25 11:45:00,10560.0,thesis_flip,18.75,-1.75,-0.09333333333333334,-35.0
2019-07-30,1,2019-07-30 10:00:00,2019-07-30 10:35:00,2019-07-30 11:30:00,2019-07-30 11:35:00,10566.25,10549.0,2019-07-30 11:50:00,10557.75,thesis_flip,17.25,-9.25,-0.5362318840579711,-185.0
2019-08-01,1,2019-08-01 09:55:00,2019-08-01 10:35:00,2019-08-01 10:40:00,2019-08-01 10:45:00,10570.5,10518.5,2019-08-01 12:00:00,10589.25,thesis_flip,52.0,18.0,0.34615384615384615,360.0
2019-08-02,-1,2019-08-02 09:45:00,2019-08-02 10:20:00,2019-08-02 10:30:00,2019-08-02 10:35:00,10263.0,10340.5,2019-08-02 11:10:00,10263.75,thesis_flip,77.5,-1.5,-0.01935483870967742,-30.0
2019-08-05,-1,2019-08-05 10:00:00,2019-08-05 10:25:00,2019-08-05 10:35:00,2019-08-05 10:40:00,10064.5,10103.0,2019-08-05 11:05:00,10080.5,thesis_flip,38.5,-16.75,-0.43506493506493504,-335.0
2019-08-06,-1,2019-08-06 10:10:00,2019-08-06 10:50:00,2019-08-06 11:00:00,2019-08-06 11:05:00,10066.25,10108.0,2019-08-06 11:50:00,10063.5,thesis_flip,41.75,2.0,0.04790419161676647,40.0
2019-08-14,-1,2019-08-14 10:00:00,2019-08-14 10:20:00,2019-08-14 10:35:00,2019-08-14 10:40:00,10170.25,10200.75,2019-08-14 11:35:00,10153.25,thesis_flip,30.5,16.25,0.5327868852459017,325.0
2019-08-28,1,2019-08-28 10:05:00,2019-08-28 10:35:00,2019-08-28 10:40:00,2019-08-28 10:45:00,10169.5,10135.25,2019-08-28 11:05:00,10158.0,thesis_flip,34.25,-12.25,-0.35766423357664234,-245.0
2019-08-30,-1,2019-08-30 09:55:00,2019-08-30 10:25:00,2019-08-30 10:55:00,2019-08-30 11:00:00,10293.5,10332.0,2019-08-30 11:35:00,10267.5,thesis_flip,38.5,25.25,0.6558441558441559,505.0
2019-09-04,-1,2019-09-04 10:05:00,2019-09-04 10:35:00,2019-09-04 10:40:00,2019-09-04 10:45:00,10267.5,10276.0,2019-09-04 10:50:00,10276.0,stop,8.5,-9.25,-1.088235294117647,-185.0
2019-09-10,-1,2019-09-10 09:50:00,2019-09-10 10:00:00,2019-09-10 10:50:00,2019-09-10 10:55:00,10359.5,10379.5,2019-09-10 11:50:00,10369.25,thesis_flip,20.0,-10.5,-0.525,-210.0
2019-09-12,1,2019-09-12 10:15:00,2019-09-12 10:40:00,2019-09-12 11:15:00,2019-09-12 11:20:00,10537.25,10508.0,2019-09-12 11:35:00,10531.25,thesis_flip,29.25,-6.75,-0.23076923076923078,-135.0
2019-09-13,1,2019-09-13 09:50:00,2019-09-13 10:00:00,2019-09-13 10:45:00,2019-09-13 10:50:00,10509.0,10478.25,2019-09-13 11:30:00,10498.0,thesis_flip,30.75,-11.75,-0.3821138211382114,-235.0
2019-09-16,1,2019-09-16 09:50:00,2019-09-16 10:15:00,2019-09-16 11:05:00,2019-09-16 11:10:00,10487.5,10463.0,2019-09-16 11:35:00,10476.5,thesis_flip,24.5,-11.75,-0.47959183673469385,-235.0
2019-09-26,-1,2019-09-26 10:15:00,2019-09-26 10:30:00,2019-09-26 10:55:00,2019-09-26 11:00:00,10373.5,10398.75,2019-09-26 11:40:00,10362.25,thesis_flip,25.25,10.5,0.4158415841584158,210.0
2019-09-30,1,2019-09-30 10:10:00,2019-09-30 11:00:00,2019-09-30 11:25:00,2019-09-30 11:30:00,10356.75,10326.75,2019-09-30 13:25:00,10373.75,thesis_flip,30.0,16.25,0.5416666666666666,325.0
2019-10-04,1,2019-10-04 09:55:00,2019-10-04 10:10:00,2019-10-04 10:50:00,2019-10-04 10:55:00,10313.75,10290.5,2019-10-04 12:15:00,10335.75,thesis_flip,23.25,21.25,0.9139784946236559,425.0
2019-10-07,1,2019-10-07 10:25:00,2019-10-07 10:45:00,2019-10-07 10:55:00,2019-10-07 11:00:00,10372.75,10351.75,2019-10-07 11:25:00,10372.75,thesis_flip,21.0,-0.75,-0.03571428571428571,-15.0
2019-10-08,-1,2019-10-08 09:50:00,2019-10-08 11:00:00,2019-10-08 11:25:00,2019-10-08 11:30:00,10249.5,10276.5,2019-10-08 12:25:00,10267.75,thesis_flip,27.0,-19.0,-0.7037037037037037,-380.0
2019-10-14,1,2019-10-14 10:05:00,2019-10-14 10:50:00,2019-10-14 10:55:00,2019-10-14 11:00:00,10477.5,10450.75,2019-10-14 11:30:00,10463.5,thesis_flip,26.75,-14.75,-0.5514018691588785,-295.0
2019-10-15,1,2019-10-15 10:00:00,2019-10-15 10:45:00,2019-10-15 10:55:00,2019-10-15 11:00:00,10555.25,10502.25,2019-10-15 11:15:00,10542.75,thesis_flip,53.0,-13.25,-0.25,-265.0
2019-10-17,-1,2019-10-17 10:25:00,2019-10-17 10:55:00,2019-10-17 11:30:00,2019-10-17 11:35:00,10540.5,10568.75,2019-10-17 12:25:00,10539.5,thesis_flip,28.25,0.25,0.008849557522123894,5.0
2019-10-18,-1,2019-10-18 10:00:00,2019-10-18 10:15:00,2019-10-18 10:30:00,2019-10-18 10:35:00,10515.5,10547.25,2019-10-18 12:45:00,10457.75,thesis_flip,31.75,57.0,1.795275590551181,1140.0
2019-10-22,-1,2019-10-22 09:45:00,2019-10-22 10:25:00,2019-10-22 10:55:00,2019-10-22 11:00:00,10559.25,10579.25,2019-10-22 12:15:00,10538.0,thesis_flip,20.0,20.5,1.025,410.0
2019-10-25,1,2019-10-25 09:45:00,2019-10-25 10:30:00,2019-10-25 10:45:00,2019-10-25 10:50:00,10605.0,10559.25,2019-10-25 12:00:00,10633.5,thesis_flip,45.75,27.75,0.6065573770491803,555.0
2019-10-29,-1,2019-10-29 10:00:00,2019-10-29 11:00:00,2019-10-29 11:10:00,2019-10-29 11:15:00,10677.5,10705.5,2019-10-29 11:55:00,10678.0,thesis_flip,28.0,-1.25,-0.044642857142857144,-25.0
2019-11-01,1,2019-11-01 09:50:00,2019-11-01 10:15:00,2019-11-01 10:50:00,2019-11-01 10:55:00,10752.75,10730.0,2019-11-01 11:25:00,10746.0,thesis_flip,22.75,-7.5,-0.32967032967032966,-150.0
2019-11-04,-1,2019-11-04 10:00:00,2019-11-04 10:15:00,2019-11-04 10:35:00,2019-11-04 10:40:00,10813.25,10825.25,2019-11-04 11:05:00,10816.75,thesis_flip,12.0,-4.25,-0.3541666666666667,-85.0
2019-11-11,1,2019-11-11 09:45:00,2019-11-11 10:00:00,2019-11-11 10:25:00,2019-11-11 10:30:00,10838.0,10821.0,2019-11-11 11:00:00,10835.0,thesis_flip,17.0,-3.75,-0.22058823529411764,-75.0
2019-11-12,1,2019-11-12 09:55:00,2019-11-12 10:10:00,2019-11-12 10:20:00,2019-11-12 10:25:00,10886.5,10869.75,2019-11-12 11:05:00,10886.5,thesis_flip,16.75,-0.75,-0.04477611940298507,-15.0
2019-11-19,-1,2019-11-19 09:50:00,2019-11-19 10:35:00,2019-11-19 10:45:00,2019-11-19 10:50:00,10928.0,10950.5,2019-11-19 11:10:00,10927.25,thesis_flip,22.5,0.0,0.0,0.0
2019-11-20,1,2019-11-20 09:55:00,2019-11-20 10:40:00,2019-11-20 10:50:00,2019-11-20 10:55:00,10948.0,10923.75,2019-11-20 11:10:00,10938.25,thesis_flip,24.25,-10.5,-0.4329896907216495,-210.0
2019-11-21,-1,2019-11-21 10:15:00,2019-11-21 10:35:00,2019-11-21 10:50:00,2019-11-21 10:55:00,10859.75,10869.75,2019-11-21 10:55:00,10869.75,stop,10.0,-10.75,-1.075,-215.0
2019-11-22,-1,2019-11-22 10:05:00,2019-11-22 10:40:00,2019-11-22 11:00:00,2019-11-22 11:05:00,10843.0,10881.75,2019-11-22 11:25:00,10855.0,thesis_flip,38.75,-12.75,-0.32903225806451614,-255.0
2019-11-26,1,2019-11-26 10:20:00,2019-11-26 10:45:00,2019-11-26 11:10:00,2019-11-26 11:15:00,10997.0,10980.75,2019-11-26 11:35:00,10990.25,thesis_flip,16.25,-7.5,-0.46153846153846156,-150.0
2019-11-27,1,2019-11-27 09:50:00,2019-11-27 10:05:00,2019-11-27 10:25:00,2019-11-27 10:30:00,11025.25,11011.75,2019-11-27 12:30:00,11038.25,thesis_flip,13.5,12.25,0.9074074074074074,245.0
2019-12-03,-1,2019-12-03 09:45:00,2019-12-03 10:05:00,2019-12-03 10:45:00,2019-12-03 10:50:00,10793.0,10822.5,2019-12-03 12:10:00,10808.75,thesis_flip,29.5,-16.5,-0.559322033898305,-330.0
2019-12-06,1,2019-12-06 09:45:00,2019-12-06 10:00:00,2019-12-06 10:45:00,2019-12-06 10:50:00,10993.0,10977.5,2019-12-06 11:55:00,10993.25,thesis_flip,15.5,-0.5,-0.03225806451612903,-10.0
2019-12-10,1,2019-12-10 10:05:00,2019-12-10 10:45:00,2019-12-10 10:55:00,2019-12-10 11:00:00,10992.0,10970.5,2019-12-10 11:00:00,10970.5,stop,21.5,-22.25,-1.0348837209302326,-445.0
2019-12-13,1,2019-12-13 09:50:00,2019-12-13 10:25:00,2019-12-13 11:05:00,2019-12-13 11:10:00,11086.5,11066.0,2019-12-13 11:20:00,11066.0,stop,20.5,-21.25,-1.0365853658536586,-425.0
2019-12-16,1,2019-12-16 09:45:00,2019-12-16 10:10:00,2019-12-16 10:20:00,2019-12-16 10:25:00,11172.5,11156.0,2019-12-16 11:00:00,11172.75,thesis_flip,16.5,-0.5,-0.030303030303030304,-10.0
2019-12-17,-1,2019-12-17 09:55:00,2019-12-17 10:20:00,2019-12-17 10:55:00,2019-12-17 11:00:00,11164.75,11176.75,2019-12-17 11:40:00,11170.25,thesis_flip,12.0,-6.25,-0.5208333333333334,-125.0
2019-12-18,-1,2019-12-18 09:55:00,2019-12-18 10:30:00,2019-12-18 11:05:00,2019-12-18 11:10:00,11183.5,11190.25,2019-12-18 11:15:00,11190.25,stop,6.75,-7.5,-1.1111111111111112,-150.0
2019-12-19,1,2019-12-19 10:25:00,2019-12-19 10:50:00,2019-12-19 11:05:00,2019-12-19 11:10:00,11205.0,11195.75,2019-12-19 11:45:00,11212.0,thesis_flip,9.25,6.25,0.6756756756756757,125.0
2019-12-26,1,2019-12-26 09:45:00,2019-12-26 10:25:00,2019-12-26 10:45:00,2019-12-26 10:50:00,11327.25,11317.75,2019-12-26 12:15:00,11333.0,thesis_flip,9.5,5.0,0.5263157894736842,100.0
2019-12-30,-1,2019-12-30 09:45:00,2019-12-30 10:20:00,2019-12-30 11:00:00,2019-12-30 11:05:00,11276.25,11290.0,2019-12-30 11:15:00,11290.0,stop,13.75,-14.5,-1.0545454545454545,-290.0
2020-01-08,1,2020-01-08 10:05:00,2020-01-08 11:00:00,2020-01-08 11:05:00,2020-01-08 11:10:00,11441.75,11419.0,2020-01-08 12:40:00,11494.75,thesis_flip,22.75,52.25,2.2967032967032965,1045.0
2020-01-13,1,2020-01-13 09:55:00,2020-01-13 10:25:00,2020-01-13 10:45:00,2020-01-13 10:50:00,11593.25,11582.75,2020-01-13 13:35:00,11628.75,thesis_flip,10.5,34.75,3.3095238095238093,695.0
2020-01-14,-1,2020-01-14 09:55:00,2020-01-14 10:20:00,2020-01-14 10:45:00,2020-01-14 10:50:00,11623.75,11642.75,2020-01-14 11:05:00,11626.0,thesis_flip,19.0,-3.0,-0.15789473684210525,-60.0
2020-01-15,1,2020-01-15 09:50:00,2020-01-15 10:00:00,2020-01-15 10:05:00,2020-01-15 10:10:00,11651.25,11640.75,2020-01-15 10:15:00,11640.75,stop,10.5,-11.25,-1.0714285714285714,-225.0
2020-01-21,1,2020-01-21 10:00:00,2020-01-21 10:30:00,2020-01-21 11:05:00,2020-01-21 11:10:00,11742.0,11724.25,2020-01-21 12:20:00,11751.75,thesis_flip,17.75,9.0,0.5070422535211268,180.0
2020-01-22,1,2020-01-22 10:25:00,2020-01-22 11:20:00,2020-01-22 11:30:00,2020-01-22 11:35:00,11801.75,11781.5,2020-01-22 11:50:00,11794.5,thesis_flip,20.25,-8.0,-0.3950617283950617,-160.0
2020-01-24,-1,2020-01-24 10:00:00,2020-01-24 10:35:00,2020-01-24 11:15:00,2020-01-24 11:20:00,11796.75,11828.0,2020-01-24 12:35:00,11750.0,thesis_flip,31.25,46.0,1.472,920.0
2020-01-27,1,2020-01-27 09:50:00,2020-01-27 10:10:00,2020-01-27 11:00:00,2020-01-27 11:05:00,11535.5,11509.0,2020-01-27 11:20:00,11510.75,thesis_flip,26.5,-25.5,-0.9622641509433962,-510.0
2020-02-04,1,2020-02-04 09:45:00,2020-02-04 10:20:00,2020-02-04 10:25:00,2020-02-04 10:30:00,11843.0,11815.25,2020-02-04 13:15:00,11886.0,thesis_flip,27.75,42.25,1.5225225225225225,845.0
2020-02-06,1,2020-02-06 09:55:00,2020-02-06 10:40:00,2020-02-06 11:05:00,2020-02-06 11:10:00,11991.5,11953.5,2020-02-06 11:45:00,11991.75,thesis_flip,38.0,-0.5,-0.013157894736842105,-10.0
2020-02-10,1,2020-02-10 09:50:00,2020-02-10 10:40:00,2020-02-10 11:20:00,2020-02-10 11:25:00,12030.25,11995.0,2020-02-10 11:55:00,12033.5,thesis_flip,35.25,2.5,0.07092198581560284,50.0
2020-02-12,-1,2020-02-12 09:50:00,2020-02-12 10:05:00,2020-02-12 10:30:00,2020-02-12 10:35:00,12129.5,12153.75,2020-02-12 11:05:00,12147.5,thesis_flip,24.25,-18.75,-0.7731958762886598,-375.0
2020-02-13,1,2020-02-13 09:50:00,2020-02-13 10:20:00,2020-02-13 10:40:00,2020-02-13 10:45:00,12157.75,12117.25,2020-02-13 11:50:00,12178.25,thesis_flip,40.5,19.75,0.4876543209876543,395.0
2020-02-14,-1,2020-02-14 10:10:00,2020-02-14 10:25:00,2020-02-14 11:25:00,2020-02-14 11:30:00,12194.5,12205.25,2020-02-14 12:35:00,12175.5,thesis_flip,10.75,18.25,1.697674418604651,365.0
2020-02-19,1,2020-02-19 10:15:00,2020-02-19 11:10:00,2020-02-19 11:15:00,2020-02-19 11:20:00,12297.5,12273.5,2020-02-19 11:45:00,12292.75,thesis_flip,24.0,-5.5,-0.22916666666666666,-110.0
2020-02-21,-1,2020-02-21 09:45:00,2020-02-21 10:35:00,2020-02-21 11:15:00,2020-02-21 11:20:00,12062.75,12093.75,2020-02-21 12:05:00,12093.75,stop,31.0,-31.75,-1.0241935483870968,-635.0
2020-02-24,1,2020-02-24 09:50:00,2020-02-24 10:15:00,2020-02-24 10:50:00,2020-02-24 10:55:00,11714.75,11675.25,2020-02-24 11:40:00,11675.25,stop,39.5,-40.25,-1.018987341772152,-805.0
2020-03-05,1,2020-03-05 10:15:00,2020-03-05 10:50:00,2020-03-05 11:10:00,2020-03-05 11:15:00,11411.5,11333.75,2020-03-05 11:40:00,11377.25,thesis_flip,77.75,-35.0,-0.45016077170418006,-700.0
2020-03-13,-1,2020-03-13 09:50:00,2020-03-13 11:00:00,2020-03-13 11:25:00,2020-03-13 11:30:00,9956.0,10205.5,2020-03-13 12:00:00,9969.0,thesis_flip,249.5,-13.75,-0.05511022044088176,-275.0
2020-03-19,1,2020-03-19 09:55:00,2020-03-19 10:15:00,2020-03-19 11:10:00,2020-03-19 11:15:00,9771.0,9649.25,2020-03-19 12:00:00,9788.25,thesis_flip,121.75,16.5,0.13552361396303902,330.0
2020-03-26,1,2020-03-26 10:05:00,2020-03-26 10:20:00,2020-03-26 10:30:00,2020-03-26 10:35:00,10177.5,10096.25,2020-03-26 10:45:00,10096.25,stop,81.25,-82.0,-1.0092307692307692,-1640.0
2020-03-30,1,2020-03-30 10:00:00,2020-03-30 10:20:00,2020-03-30 10:35:00,2020-03-30 10:40:00,10243.5,10174.25,2020-03-30 11:00:00,10230.0,thesis_flip,69.25,-14.25,-0.20577617328519857,-285.0
2020-04-09,-1,2020-04-09 10:05:00,2020-04-09 10:25:00,2020-04-09 11:00:00,2020-04-09 11:05:00,10658.75,10710.0,2020-04-09 11:30:00,10673.0,thesis_flip,51.25,-15.0,-0.2926829268292683,-300.0
2020-04-13,-1,2020-04-13 09:45:00,2020-04-13 10:25:00,2020-04-13 11:05:00,2020-04-13 11:10:00,10614.0,10695.5,2020-04-13 11:25:00,10650.5,thesis_flip,81.5,-37.25,-0.4570552147239264,-745.0
2020-04-21,-1,2020-04-21 10:15:00,2020-04-21 10:25:00,2020-04-21 10:30:00,2020-04-21 10:35:00,10978.0,11015.0,2020-04-21 11:55:00,10857.25,thesis_flip,37.0,120.0,3.2432432432432434,2400.0
2020-04-22,-1,2020-04-22 09:45:00,2020-04-22 10:05:00,2020-04-22 10:50:00,2020-04-22 10:55:00,11042.75,11074.75,2020-04-22 11:20:00,11058.25,thesis_flip,32.0,-16.25,-0.5078125,-325.0
2020-04-23,1,2020-04-23 10:15:00,2020-04-23 10:45:00,2020-04-23 11:25:00,2020-04-23 11:30:00,11232.75,11209.25,2020-04-23 11:30:00,11209.25,stop,23.5,-24.25,-1.0319148936170213,-485.0
2020-04-29,1,2020-04-29 09:45:00,2020-04-29 10:40:00,2020-04-29 10:50:00,2020-04-29 10:55:00,11393.25,11333.0,2020-04-29 11:40:00,11385.25,thesis_flip,60.25,-8.75,-0.14522821576763487,-175.0
2020-05-05,1,2020-05-05 09:45:00,2020-05-05 10:35:00,2020-05-05 11:20:00,2020-05-05 11:25:00,11442.5,11403.75,2020-05-05 12:25:00,11450.25,thesis_flip,38.75,7.0,0.18064516129032257,140.0
2020-05-07,-1,2020-05-07 10:10:00,2020-05-07 10:40:00,2020-05-07 10:45:00,2020-05-07 10:50:00,11501.0,11543.25,2020-05-07 11:05:00,11528.0,thesis_flip,42.25,-27.75,-0.6568047337278107,-555.0
2020-05-08,1,2020-05-08 10:15:00,2020-05-08 11:25:00,2020-05-08 11:30:00,2020-05-08 11:35:00,11651.5,11623.75,2020-05-08 12:20:00,11665.5,thesis_flip,27.75,13.25,0.4774774774774775,265.0
2020-05-11,1,2020-05-11 09:50:00,2020-05-11 10:05:00,2020-05-11 10:45:00,2020-05-11 10:50:00,11717.5,11664.0,2020-05-11 12:10:00,11721.0,thesis_flip,53.5,2.75,0.0514018691588785,55.0
2020-05-12,-1,2020-05-12 09:50:00,2020-05-12 10:00:00,2020-05-12 10:45:00,2020-05-12 10:50:00,11754.25,11781.0,2020-05-12 10:55:00,11781.0,stop,26.75,-27.5,-1.02803738317757,-550.0
2020-05-13,1,2020-05-13 10:00:00,2020-05-13 10:35:00,2020-05-13 11:10:00,2020-05-13 11:15:00,11600.25,11566.75,2020-05-13 11:20:00,11566.75,stop,33.5,-34.25,-1.0223880597014925,-685.0
2020-05-14,-1,2020-05-14 09:45:00,2020-05-14 10:30:00,2020-05-14 11:20:00,2020-05-14 11:25:00,11393.0,11440.75,2020-05-14 11:55:00,11401.0,thesis_flip,47.75,-8.75,-0.18324607329842932,-175.0
2020-05-19,1,2020-05-19 09:55:00,2020-05-19 10:30:00,2020-05-19 10:50:00,2020-05-19 10:55:00,11858.25,11827.75,2020-05-19 12:20:00,11835.25,thesis_flip,30.5,-23.75,-0.7786885245901639,-475.0
2020-05-26,-1,2020-05-26 09:50:00,2020-05-26 10:45:00,2020-05-26 11:30:00,2020-05-26 11:35:00,11916.5,11992.25,2020-05-26 12:00:00,11911.0,thesis_flip,75.75,4.75,0.0627062706270627,95.0
2020-05-29,-1,2020-05-29 10:05:00,2020-05-29 10:35:00,2020-05-29 10:45:00,2020-05-29 10:50:00,11858.75,11899.25,2020-05-29 11:40:00,11893.0,thesis_flip,40.5,-35.0,-0.8641975308641975,-700.0
2020-06-01,1,2020-06-01 10:25:00,2020-06-01 11:00:00,2020-06-01 11:30:00,2020-06-01 11:35:00,12029.25,12001.75,2020-06-01 13:00:00,12047.75,thesis_flip,27.5,17.75,0.6454545454545455,355.0
2020-06-08,-1,2020-06-08 09:45:00,2020-06-08 09:55:00,2020-06-08 10:00:00,2020-06-08 10:05:00,12232.0,12261.5,2020-06-08 10:25:00,12240.0,thesis_flip,29.5,-8.75,-0.2966101694915254,-175.0
2020-06-09,1,2020-06-09 09:50:00,2020-06-09 10:25:00,2020-06-09 10:30:00,2020-06-09 10:35:00,12383.25,12341.75,2020-06-09 11:15:00,12418.0,thesis_flip,41.5,34.0,0.8192771084337349,680.0
2020-06-10,1,2020-06-10 10:00:00,2020-06-10 10:40:00,2020-06-10 11:10:00,2020-06-10 11:15:00,12522.25,12484.0,2020-06-10 11:35:00,12521.25,thesis_flip,38.25,-1.75,-0.0457516339869281,-35.0
2020-06-11,1,2020-06-11 10:10:00,2020-06-11 10:20:00,2020-06-11 10:30:00,2020-06-11 10:35:00,12437.75,12394.5,2020-06-11 10:45:00,12394.5,stop,43.25,-44.0,-1.0173410404624277,-880.0
2020-06-12,-1,2020-06-12 10:10:00,2020-06-12 10:30:00,2020-06-12 10:35:00,2020-06-12 10:40:00,12187.5,12264.0,2020-06-12 11:35:00,12120.0,thesis_flip,76.5,66.75,0.8725490196078431,1335.0
2020-06-17,-1,2020-06-17 10:00:00,2020-06-17 10:20:00,2020-06-17 11:20:00,2020-06-17 11:25:00,12561.5,12593.25,2020-06-17 11:45:00,12584.75,thesis_flip,31.75,-24.0,-0.7559055118110236,-480.0
2020-06-18,1,2020-06-18 10:05:00,2020-06-18 10:40:00,2020-06-18 10:55:00,2020-06-18 11:00:00,12578.0,12508.5,2020-06-18 11:35:00,12562.75,thesis_flip,69.5,-16.0,-0.2302158273381295,-320.0
2020-06-19,1,2020-06-19 09:45:00,2020-06-19 10:15:00,2020-06-19 11:00:00,2020-06-19 11:05:00,12674.0,12649.75,2020-06-19 11:20:00,12655.75,thesis_flip,24.25,-19.0,-0.7835051546391752,-380.0
2020-06-23,1,2020-06-23 10:15:00,2020-06-23 10:55:00,2020-06-23 11:05:00,2020-06-23 11:10:00,12816.0,12780.25,2020-06-23 11:40:00,12830.5,thesis_flip,35.75,13.75,0.38461538461538464,275.0
2020-06-25,-1,2020-06-25 09:45:00,2020-06-25 10:10:00,2020-06-25 11:05:00,2020-06-25 11:10:00,12541.75,12597.25,2020-06-25 11:50:00,12571.0,thesis_flip,55.5,-30.0,-0.5405405405405406,-600.0
2020-07-01,1,2020-07-01 10:15:00,2020-07-01 10:40:00,2020-07-01 11:05:00,2020-07-01 11:10:00,12811.5,12769.5,2020-07-01 11:30:00,12789.0,thesis_flip,42.0,-23.25,-0.5535714285714286,-465.0
2020-07-02,-1,2020-07-02 10:25:00,2020-07-02 10:35:00,2020-07-02 11:00:00,2020-07-02 11:05:00,12933.25,12989.0,2020-07-02 11:40:00,12944.0,thesis_flip,55.75,-11.5,-0.2062780269058296,-230.0
2020-07-07,1,2020-07-07 09:45:00,2020-07-07 10:25:00,2020-07-07 10:50:00,2020-07-07 10:55:00,13253.25,13182.25,2020-07-07 11:35:00,13250.5,thesis_flip,71.0,-3.5,-0.04929577464788732,-70.0
2020-07-09,-1,2020-07-09 10:15:00,2020-07-09 10:50:00,2020-07-09 10:55:00,2020-07-09 11:00:00,13177.75,13308.75,2020-07-09 11:35:00,13198.25,thesis_flip,131.0,-21.25,-0.16221374045801526,-425.0
2020-07-10,-1,2020-07-10 10:00:00,2020-07-10 10:20:00,2020-07-10 10:45:00,2020-07-10 10:50:00,13289.5,13317.5,2020-07-10 11:20:00,13308.0,thesis_flip,28.0,-19.25,-0.6875,-385.0
2020-07-14,-1,2020-07-14 09:50:00,2020-07-14 10:40:00,2020-07-14 10:55:00,2020-07-14 11:00:00,13087.0,13155.0,2020-07-14 11:20:00,13124.25,thesis_flip,68.0,-38.0,-0.5588235294117647,-760.0
2020-07-16,-1,2020-07-16 10:00:00,2020-07-16 10:20:00,2020-07-16 10:55:00,2020-07-16 11:00:00,13095.25,13152.75,2020-07-16 11:30:00,13095.0,thesis_flip,57.5,-0.5,-0.008695652173913044,-10.0
2020-07-21,-1,2020-07-21 10:25:00,2020-07-21 10:45:00,2020-07-21 11:05:00,2020-07-21 11:10:00,13464.5,13500.0,2020-07-21 12:15:00,13442.0,thesis_flip,35.5,21.75,0.6126760563380281,435.0
2020-07-24,1,2020-07-24 10:20:00,2020-07-24 11:00:00,2020-07-24 11:20:00,2020-07-24 11:25:00,13096.25,12976.5,2020-07-24 11:40:00,13074.25,thesis_flip,119.75,-22.75,-0.18997912317327767,-455.0
2020-07-28,-1,2020-07-28 09:50:00,2020-07-28 10:20:00,2020-07-28 10:30:00,2020-07-28 10:35:00,13178.25,13210.0,2020-07-28 10:55:00,13210.0,stop,31.75,-32.5,-1.0236220472440944,-650.0
2020-07-29,1,2020-07-29 10:00:00,2020-07-29 10:30:00,2020-07-29 10:35:00,2020-07-29 10:40:00,13225.0,13192.25,2020-07-29 11:05:00,13207.25,thesis_flip,32.75,-18.5,-0.5648854961832062,-370.0
2020-08-03,1,2020-08-03 10:00:00,2020-08-03 10:40:00,2020-08-03 11:00:00,2020-08-03 11:05:00,13614.25,13575.5,2020-08-03 11:35:00,13619.5,thesis_flip,38.75,4.5,0.11612903225806452,90.0
2020-08-05,1,2020-08-05 09:50:00,2020-08-05 10:15:00,2020-08-05 11:00:00,2020-08-05 11:05:00,13705.5,13672.25,2020-08-05 11:20:00,13692.0,thesis_flip,33.25,-14.25,-0.42857142857142855,-285.0
2020-08-07,1,2020-08-07 09:45:00,2020-08-07 10:15:00,2020-08-07 10:30:00,2020-08-07 10:35:00,13830.75,13790.75,2020-08-07 11:15:00,13823.75,thesis_flip,40.0,-7.75,-0.19375,-155.0
2020-08-14,-1,2020-08-14 09:45:00,2020-08-14 10:00:00,2020-08-14 10:10:00,2020-08-14 10:15:00,13722.25,13770.5,2020-08-14 10:45:00,13724.5,thesis_flip,48.25,-3.0,-0.06217616580310881,-60.0
2020-08-17,1,2020-08-17 09:50:00,2020-08-17 10:30:00,2020-08-17 11:10:00,2020-08-17 11:15:00,13845.0,13822.0,2020-08-17 11:35:00,13832.25,thesis_flip,23.0,-13.5,-0.5869565217391305,-270.0
2020-08-18,-1,2020-08-18 09:50:00,2020-08-18 10:10:00,2020-08-18 10:25:00,2020-08-18 10:30:00,13864.25,13931.75,2020-08-18 10:45:00,13900.5,thesis_flip,67.5,-37.0,-0.5481481481481482,-740.0
2020-08-19,-1,2020-08-19 09:45:00,2020-08-19 10:10:00,2020-08-19 11:10:00,2020-08-19 11:15:00,13971.75,14002.0,2020-08-19 11:30:00,14002.0,stop,30.25,-31.0,-1.024793388429752,-620.0
2020-08-21,1,2020-08-21 09:55:00,2020-08-21 10:35:00,2020-08-21 11:20:00,2020-08-21 11:25:00,14122.0,14052.25,2020-08-21 11:45:00,14089.25,thesis_flip,69.75,-33.5,-0.48028673835125446,-670.0
2020-08-25,1,2020-08-25 10:15:00,2020-08-25 10:25:00,2020-08-25 10:35:00,2020-08-25 10:40:00,14218.75,14181.75,2020-08-25 11:30:00,14248.75,thesis_flip,37.0,29.25,0.7905405405405406,585.0
2020-08-31,1,2020-08-31 10:15:00,2020-08-31 10:50:00,2020-08-31 10:55:00,2020-08-31 11:00:00,14669.5,14625.25,2020-08-31 11:20:00,14663.25,thesis_flip,44.25,-7.0,-0.15819209039548024,-140.0
2020-09-07,1,2020-09-07 10:25:00,2020-09-07 10:40:00,2020-09-07 11:00:00,2020-09-07 11:05:00,14106.75,14062.0,2020-09-07 11:30:00,14082.0,thesis_flip,44.75,-25.5,-0.5698324022346368,-510.0
2020-09-11,-1,2020-09-11 09:55:00,2020-09-11 10:10:00,2020-09-11 10:30:00,2020-09-11 10:35:00,13756.25,13804.25,2020-09-11 10:45:00,13804.25,stop,48.0,-48.75,-1.015625,-975.0
2020-09-14,1,2020-09-14 09:45:00,2020-09-14 10:20:00,2020-09-14 10:25:00,2020-09-14 10:30:00,13938.5,13864.5,2020-09-14 10:50:00,13900.5,thesis_flip,74.0,-38.75,-0.5236486486486487,-775.0
2020-09-18,-1,2020-09-18 09:45:00,2020-09-18 10:20:00,2020-09-18 10:25:00,2020-09-18 10:30:00,13641.75,13701.25,2020-09-18 11:10:00,13567.0,thesis_flip,59.5,74.0,1.2436974789915967,1480.0
2020-09-22,-1,2020-09-22 09:45:00,2020-09-22 10:25:00,2020-09-22 10:45:00,2020-09-22 10:50:00,13570.25,13648.0,2020-09-22 11:20:00,13583.5,thesis_flip,77.75,-14.0,-0.18006430868167203,-280.0
2020-09-23,-1,2020-09-23 09:50:00,2020-09-23 10:10:00,2020-09-23 10:15:00,2020-09-23 10:20:00,13632.0,13700.5,2020-09-23 10:50:00,13694.25,thesis_flip,68.5,-63.0,-0.9197080291970803,-1260.0
2020-09-24,1,2020-09-24 09:45:00,2020-09-24 10:40:00,2020-09-24 10:45:00,2020-09-24 10:50:00,13453.25,13369.5,2020-09-24 11:10:00,13432.0,thesis_flip,83.75,-22.0,-0.2626865671641791,-440.0
2020-09-28,-1,2020-09-28 09:45:00,2020-09-28 10:10:00,2020-09-28 10:35:00,2020-09-28 10:40:00,13869.75,13912.0,2020-09-28 11:10:00,13878.0,thesis_flip,42.25,-9.0,-0.21301775147928995,-180.0
2020-10-01,-1,2020-10-01 09:50:00,2020-10-01 10:15:00,2020-10-01 10:45:00,2020-10-01 10:50:00,14111.75,14138.5,2020-10-01 11:25:00,14119.25,thesis_flip,26.75,-8.25,-0.308411214953271,-165.0
2020-10-08,-1,2020-10-08 09:45:00,2020-10-08 10:05:00,2020-10-08 10:15:00,2020-10-08 10:20:00,14107.75,14146.0,2020-10-08 10:35:00,14121.75,thesis_flip,38.25,-14.75,-0.38562091503267976,-295.0
2020-10-09,1,2020-10-09 09:45:00,2020-10-09 10:05:00,2020-10-09 10:30:00,2020-10-09 10:35:00,14235.5,14208.25,2020-10-09 11:20:00,14252.5,thesis_flip,27.25,16.25,0.5963302752293578,325.0
2020-10-14,-1,2020-10-14 10:25:00,2020-10-14 10:55:00,2020-10-14 11:25:00,2020-10-14 11:30:00,14652.75,14699.75,2020-10-14 13:45:00,14538.75,thesis_flip,47.0,113.25,2.4095744680851063,2265.0
2020-10-15,1,2020-10-15 09:50:00,2020-10-15 10:20:00,2020-10-15 10:55:00,2020-10-15 11:00:00,14399.5,14342.25,2020-10-15 12:15:00,14400.5,thesis_flip,57.25,0.25,0.004366812227074236,5.0
2020-10-23,-1,2020-10-23 10:00:00,2020-10-23 10:35:00,2020-10-23 10:50:00,2020-10-23 10:55:00,14176.25,14223.5,2020-10-23 11:10:00,14219.5,thesis_flip,47.25,-44.0,-0.9312169312169312,-880.0
2020-10-29,1,2020-10-29 09:50:00,2020-10-29 10:25:00,2020-10-29 11:10:00,2020-10-29 11:15:00,13904.0,13835.75,2020-10-29 11:45:00,13888.75,thesis_flip,68.25,-16.0,-0.23443223443223443,-320.0
2020-10-30,-1,2020-10-30 09:45:00,2020-10-30 10:00:00,2020-10-30 10:10:00,2020-10-30 10:15:00,13711.0,13785.5,2020-10-30 11:05:00,13645.25,thesis_flip,74.5,65.0,0.87248322147651,1300.0
2020-11-09,1,2020-11-09 10:00:00,2020-11-09 10:10:00,2020-11-09 10:15:00,2020-11-09 10:20:00,14849.25,14762.25,2020-11-09 10:35:00,14762.25,stop,87.0,-87.75,-1.0086206896551724,-1755.0
2020-11-13,-1,2020-11-13 10:00:00,2020-11-13 10:15:00,2020-11-13 10:35:00,2020-11-13 10:40:00,14424.25,14475.25,2020-11-13 11:10:00,14442.0,thesis_flip,51.0,-18.5,-0.3627450980392157,-370.0
2020-11-16,1,2020-11-16 10:20:00,2020-11-16 10:45:00,2020-11-16 10:50:00,2020-11-16 10:55:00,14596.0,14568.5,2020-11-16 11:20:00,14600.25,thesis_flip,27.5,3.5,0.12727272727272726,70.0
2020-11-17,-1,2020-11-17 09:55:00,2020-11-17 10:05:00,2020-11-17 11:10:00,2020-11-17 11:15:00,14610.5,14632.0,2020-11-17 12:00:00,14594.5,thesis_flip,21.5,15.25,0.7093023255813954,305.0
2020-11-18,-1,2020-11-18 09:50:00,2020-11-18 10:40:00,2020-11-18 11:15:00,2020-11-18 11:20:00,14559.25,14578.5,2020-11-18 11:35:00,14566.0,thesis_flip,19.25,-7.5,-0.38961038961038963,-150.0
2020-11-19,1,2020-11-19 09:55:00,2020-11-19 10:30:00,2020-11-19 10:35:00,2020-11-19 10:40:00,14532.75,14478.5,2020-11-19 11:00:00,14529.75,thesis_flip,54.25,-3.75,-0.06912442396313365,-75.0
2020-11-20,1,2020-11-20 10:20:00,2020-11-20 10:40:00,2020-11-20 11:05:00,2020-11-20 11:10:00,14605.0,14573.25,2020-11-20 11:45:00,14582.0,thesis_flip,31.75,-23.75,-0.7480314960629921,-475.0
2020-11-25,-1,2020-11-25 10:00:00,2020-11-25 10:35:00,2020-11-25 11:15:00,2020-11-25 11:20:00,14711.25,14729.5,2020-11-25 11:35:00,14716.25,thesis_flip,18.25,-5.75,-0.3150684931506849,-115.0
2020-11-30,-1,2020-11-30 09:45:00,2020-11-30 10:05:00,2020-11-30 10:25:00,2020-11-30 10:30:00,14803.25,14864.5,2020-11-30 11:00:00,14761.0,thesis_flip,61.25,41.5,0.6775510204081633,830.0
2020-12-01,1,2020-12-01 10:00:00,2020-12-01 10:45:00,2020-12-01 10:50:00,2020-12-01 10:55:00,14984.0,14945.5,2020-12-01 12:45:00,15055.75,thesis_flip,38.5,71.0,1.844155844155844,1420.0
2020-12-04,1,2020-12-04 09:55:00,2020-12-04 10:45:00,2020-12-04 11:20:00,2020-12-04 11:25:00,15099.5,15068.25,2020-12-04 11:55:00,15109.5,thesis_flip,31.25,9.25,0.296,185.0
2020-12-07,1,2020-12-07 09:55:00,2020-12-07 10:50:00,2020-12-07 11:05:00,2020-12-07 11:10:00,15202.75,15171.75,2020-12-07 12:05:00,15176.25,thesis_flip,31.0,-27.25,-0.8790322580645161,-545.0
2020-12-08,-1,2020-12-08 09:45:00,2020-12-08 10:00:00,2020-12-08 10:15:00,2020-12-08 10:20:00,15120.75,15164.25,2020-12-08 10:35:00,15128.0,thesis_flip,43.5,-8.0,-0.1839080459770115,-160.0
2020-12-09,-1,2020-12-09 10:10:00,2020-12-09 10:40:00,2020-12-09 11:00:00,2020-12-09 11:05:00,15183.0,15218.0,2020-12-09 11:30:00,15196.0,thesis_flip,35.0,-13.75,-0.39285714285714285,-275.0
2020-12-17,-1,2020-12-17 10:00:00,2020-12-17 10:35:00,2020-12-17 10:40:00,2020-12-17 10:45:00,15320.25,15337.0,2020-12-17 12:00:00,15307.25,thesis_flip,16.75,12.25,0.7313432835820896,245.0
2020-12-22,1,2020-12-22 09:45:00,2020-12-22 10:25:00,2020-12-22 10:30:00,2020-12-22 10:35:00,15323.25,15282.5,2020-12-22 10:45:00,15282.5,stop,40.75,-41.5,-1.01840490797546,-830.0
2020-12-30,-1,2020-12-30 10:00:00,2020-12-30 10:15:00,2020-12-30 10:30:00,2020-12-30 10:35:00,15441.5,15462.5,2020-12-30 10:55:00,15442.25,thesis_flip,21.0,-1.5,-0.07142857142857142,-30.0
2021-01-05,1,2021-01-05 09:50:00,2021-01-05 10:05:00,2021-01-05 10:50:00,2021-01-05 10:55:00,15349.25,15309.25,2021-01-05 10:55:00,15309.25,stop,40.0,-40.75,-1.01875,-815.0
2021-01-06,1,2021-01-06 09:45:00,2021-01-06 10:10:00,2021-01-06 10:15:00,2021-01-06 10:20:00,15284.25,15207.75,2021-01-06 11:40:00,15333.0,thesis_flip,76.5,48.0,0.6274509803921569,960.0
2021-01-08,-1,2021-01-08 10:25:00,2021-01-08 10:50:00,2021-01-08 11:15:00,2021-01-08 11:20:00,15599.5,15652.25,2021-01-08 12:00:00,15626.75,thesis_flip,52.75,-28.0,-0.5308056872037915,-560.0
2021-01-11,1,2021-01-11 10:05:00,2021-01-11 10:15:00,2021-01-11 10:25:00,2021-01-11 10:30:00,15584.25,15552.75,2021-01-11 10:45:00,15579.5,thesis_flip,31.5,-5.5,-0.1746031746031746,-110.0
2021-01-12,-1,2021-01-12 09:45:00,2021-01-12 10:30:00,2021-01-12 10:40:00,2021-01-12 10:45:00,15486.75,15512.25,2021-01-12 11:10:00,15501.25,thesis_flip,25.5,-15.25,-0.5980392156862745,-305.0
2021-01-13,1,2021-01-13 09:50:00,2021-01-13 10:15:00,2021-01-13 10:25:00,2021-01-13 10:30:00,15524.5,15465.0,2021-01-13 11:15:00,15555.25,thesis_flip,59.5,30.0,0.5042016806722689,600.0
2021-01-19,-1,2021-01-19 09:45:00,2021-01-19 10:25:00,2021-01-19 11:10:00,2021-01-19 11:15:00,15456.25,15508.5,2021-01-19 11:35:00,15465.75,thesis_flip,52.25,-10.25,-0.19617224880382775,-205.0
2021-01-22,1,2021-01-22 09:45:00,2021-01-22 10:45:00,2021-01-22 10:55:00,2021-01-22 11:00:00,15945.25,15917.0,2021-01-22 11:25:00,15949.25,thesis_flip,28.25,3.25,0.11504424778761062,65.0
2021-01-28,1,2021-01-28 10:15:00,2021-01-28 10:25:00,2021-01-28 10:45:00,2021-01-28 10:50:00,15867.75,15798.0,2021-01-28 11:30:00,15868.25,thesis_flip,69.75,-0.25,-0.0035842293906810036,-5.0
2021-01-29,1,2021-01-29 10:20:00,2021-01-29 10:50:00,2021-01-29 10:55:00,2021-01-29 11:00:00,15699.25,15645.25,2021-01-29 11:10:00,15645.25,stop,54.0,-54.75,-1.0138888888888888,-1095.0
2021-02-02,1,2021-02-02 09:45:00,2021-02-02 10:05:00,2021-02-02 10:15:00,2021-02-02 10:20:00,16028.25,15961.25,2021-02-02 11:35:00,16002.0,thesis_flip,67.0,-27.0,-0.40298507462686567,-540.0
2021-02-04,-1,2021-02-04 10:00:00,2021-02-04 10:20:00,2021-02-04 10:25:00,2021-02-04 10:30:00,16008.25,16046.75,2021-02-04 10:50:00,16022.5,thesis_flip,38.5,-15.0,-0.38961038961038963,-300.0
2021-02-05,-1,2021-02-05 09:55:00,2021-02-05 10:25:00,2021-02-05 11:05:00,2021-02-05 11:10:00,16154.25,16169.5,2021-02-05 11:35:00,16154.0,thesis_flip,15.25,-0.5,-0.03278688524590164,-10.0
2021-02-09,1,2021-02-09 09:50:00,2021-02-09 11:25:00,2021-02-09 11:30:00,2021-02-09 11:35:00,16283.25,16261.5,2021-02-09 12:00:00,16285.0,thesis_flip,21.75,1.0,0.04597701149425287,20.0
2021-02-11,-1,2021-02-11 09:50:00,2021-02-11 10:10:00,2021-02-11 10:30:00,2021-02-11 10:35:00,16280.25,16312.5,2021-02-11 10:40:00,16312.5,stop,32.25,-33.0,-1.0232558139534884,-660.0
2021-02-12,1,2021-02-12 10:10:00,2021-02-12 10:25:00,2021-02-12 10:35:00,2021-02-12 10:40:00,16302.5,16258.25,2021-02-12 11:45:00,16322.25,thesis_flip,44.25,19.0,0.4293785310734463,380.0
2021-02-25,-1,2021-02-25 10:00:00,2021-02-25 10:25:00,2021-02-25 10:35:00,2021-02-25 10:40:00,15701.0,15801.0,2021-02-25 11:00:00,15725.0,thesis_flip,100.0,-24.75,-0.2475,-495.0
2021-03-02,-1,2021-03-02 09:45:00,2021-03-02 10:15:00,2021-03-02 10:25:00,2021-03-02 10:30:00,15751.0,15842.5,2021-03-02 11:10:00,15786.5,thesis_flip,91.5,-36.25,-0.39617486338797814,-725.0
2021-03-04,-1,2021-03-04 09:45:00,2021-03-04 10:55:00,2021-03-04 11:10:00,2021-03-04 11:15:00,15278.0,15361.0,2021-03-04 11:40:00,15361.0,stop,83.0,-83.75,-1.0090361445783131,-1675.0
2021-03-05,-1,2021-03-05 09:45:00,2021-03-05 09:55:00,2021-03-05 10:10:00,2021-03-05 10:15:00,14975.25,15086.75,2021-03-05 10:55:00,15002.5,thesis_flip,111.5,-28.0,-0.25112107623318386,-560.0
2021-03-08,1,2021-03-08 10:30:00,2021-03-08 10:45:00,2021-03-08 11:20:00,2021-03-08 11:25:00,15236.5,15179.0,2021-03-08 11:30:00,15179.0,stop,57.5,-58.25,-1.0130434782608695,-1165.0
2021-03-09,1,2021-03-09 09:45:00,2021-03-09 10:00:00,2021-03-09 11:00:00,2021-03-09 11:05:00,15326.75,15236.5,2021-03-09 11:50:00,15322.25,thesis_flip,90.25,-5.25,-0.05817174515235457,-105.0
2021-03-12,1,2021-03-12 09:50:00,2021-03-12 10:35:00,2021-03-12 10:40:00,2021-03-12 10:45:00,15429.5,15368.25,2021-03-12 10:55:00,15368.25,stop,61.25,-62.0,-1.0122448979591836,-1240.0
2021-03-15,1,2021-03-15 09:50:00,2021-03-15 10:05:00,2021-03-15 10:45:00,2021-03-15 10:50:00,15552.75,15495.75,2021-03-15 11:20:00,15546.5,thesis_flip,57.0,-7.0,-0.12280701754385964,-140.0
2021-03-16,1,2021-03-16 09:45:00,2021-03-16 10:15:00,2021-03-16 10:25:00,2021-03-16 10:30:00,15856.0,15786.75,2021-03-16 11:10:00,15858.25,thesis_flip,69.25,1.5,0.021660649819494584,30.0
2021-03-17,1,2021-03-17 10:15:00,2021-03-17 10:45:00,2021-03-17 11:15:00,2021-03-17 11:20:00,15613.75,15568.5,2021-03-17 11:35:00,15578.25,thesis_flip,45.25,-36.25,-0.8011049723756906,-725.0
2021-03-18,-1,2021-03-18 09:45:00,2021-03-18 10:15:00,2021-03-18 11:10:00,2021-03-18 11:15:00,15548.5,15594.0,2021-03-18 12:05:00,15569.75,thesis_flip,45.5,-22.0,-0.4835164835164835,-440.0
2021-03-19,-1,2021-03-19 10:00:00,2021-03-19 10:25:00,2021-03-19 10:30:00,2021-03-19 10:35:00,15334.0,15384.25,2021-03-19 10:35:00,15384.25,stop,50.25,-51.0,-1.0149253731343284,-1020.0
2021-03-22,1,2021-03-22 09:50:00,2021-03-22 10:15:00,2021-03-22 10:40:00,2021-03-22 10:45:00,15636.75,15579.25,2021-03-22 13:05:00,15732.75,thesis_flip,57.5,95.25,1.6565217391304348,1905.0
2021-03-30,-1,2021-03-30 10:15:00,2021-03-30 10:55:00,2021-03-30 11:20:00,2021-03-30 11:25:00,15460.0,15483.75,2021-03-30 11:30:00,15483.75,stop,23.75,-24.5,-1.0315789473684212,-490.0
2021-04-01,1,2021-04-01 10:05:00,2021-04-01 10:45:00,2021-04-01 11:00:00,2021-04-01 11:05:00,15907.5,15881.5,2021-04-01 11:10:00,15881.5,stop,26.0,-26.75,-1.0288461538461537,-535.0
2021-04-06,1,2021-04-06 09:50:00,2021-04-06 10:25:00,2021-04-06 10:45:00,2021-04-06 10:50:00,16193.75,16160.5,2021-04-06 11:35:00,16221.0,thesis_flip,33.25,26.5,0.7969924812030075,530.0
2021-04-09,1,2021-04-09 09:55:00,2021-04-09 11:15:00,2021-04-09 11:30:00,2021-04-09 11:35:00,16338.5,16291.5,2021-04-09 12:15:00,16356.25,thesis_flip,47.0,17.0,0.3617021276595745,340.0
2021-04-14,-1,2021-04-14 10:25:00,2021-04-14 10:40:00,2021-04-14 10:55:00,2021-04-14 11:00:00,16512.75,16554.75,2021-04-14 11:40:00,16484.0,thesis_flip,42.0,28.0,0.6666666666666666,560.0
2021-04-15,1,2021-04-15 10:25:00,2021-04-15 10:55:00,2021-04-15 11:00:00,2021-04-15 11:05:00,16604.0,16571.25,2021-04-15 11:20:00,16589.0,thesis_flip,32.75,-15.75,-0.48091603053435117,-315.0
2021-04-21,1,2021-04-21 09:45:00,2021-04-21 11:25:00,2021-04-21 11:30:00,2021-04-21 11:35:00,16461.75,16355.75,2021-04-21 12:15:00,16454.25,thesis_flip,106.0,-8.25,-0.07783018867924528,-165.0
2021-04-22,1,2021-04-22 10:30:00,2021-04-22 11:10:00,2021-04-22 11:30:00,2021-04-22 11:35:00,16521.0,16491.75,2021-04-22 12:05:00,16491.75,stop,29.25,-30.0,-1.0256410256410255,-600.0
2021-04-23,1,2021-04-23 09:50:00,2021-04-23 10:20:00,2021-04-23 10:30:00,2021-04-23 10:35:00,16457.5,16417.0,2021-04-23 12:30:00,16520.0,thesis_flip,40.5,61.75,1.5246913580246915,1235.0
2021-04-26,1,2021-04-26 10:05:00,2021-04-26 10:30:00,2021-04-26 11:10:00,2021-04-26 11:15:00,16582.0,16540.75,2021-04-26 11:30:00,16575.25,thesis_flip,41.25,-7.5,-0.18181818181818182,-150.0
2021-05-05,-1,2021-05-05 09:55:00,2021-05-05 10:35:00,2021-05-05 11:20:00,2021-05-05 11:25:00,16185.75,16223.0,2021-05-05 11:50:00,16223.0,stop,37.25,-38.0,-1.0201342281879195,-760.0
2021-05-06,-1,2021-05-06 10:05:00,2021-05-06 10:20:00,2021-05-06 11:05:00,2021-05-06 11:10:00,16018.0,16084.75,2021-05-06 11:25:00,16067.0,thesis_flip,66.75,-49.75,-0.7453183520599251,-995.0
2021-05-07,1,2021-05-07 09:45:00,2021-05-07 10:25:00,2021-05-07 11:00:00,2021-05-07 11:05:00,16377.25,16295.5,2021-05-07 12:15:00,16356.5,thesis_flip,81.75,-21.5,-0.26299694189602446,-430.0
2021-05-10,-1,2021-05-10 09:50:00,2021-05-10 10:10:00,2021-05-10 10:25:00,2021-05-10 10:30:00,16111.75,16151.5,2021-05-10 11:20:00,16085.0,thesis_flip,39.75,26.0,0.6540880503144654,520.0
2021-05-11,1,2021-05-11 09:50:00,2021-05-11 10:50:00,2021-05-11 11:10:00,2021-05-11 11:15:00,15819.5,15722.75,2021-05-11 11:45:00,15874.5,thesis_flip,96.75,54.25,0.5607235142118863,1085.0
2021-05-12,-1,2021-05-12 10:25:00,2021-05-12 10:45:00,2021-05-12 10:50:00,2021-05-12 10:55:00,15643.25,15719.25,2021-05-12 11:15:00,15697.25,thesis_flip,76.0,-54.75,-0.7203947368421053,-1095.0
2021-05-13,1,2021-05-13 10:00:00,2021-05-13 10:35:00,2021-05-13 10:50:00,2021-05-13 10:55:00,15796.5,15750.0,2021-05-13 11:05:00,15750.0,stop,46.5,-47.25,-1.0161290322580645,-945.0
2021-05-14,1,2021-05-14 09:55:00,2021-05-14 10:15:00,2021-05-14 10:30:00,2021-05-14 10:35:00,15907.5,15829.25,2021-05-14 11:05:00,15911.25,thesis_flip,78.25,3.0,0.038338658146964855,60.0
2021-05-19,1,2021-05-19 10:25:00,2021-05-19 10:55:00,2021-05-19 11:05:00,2021-05-19 11:10:00,15719.0,15640.75,2021-05-19 13:25:00,15769.5,thesis_flip,78.25,49.75,0.6357827476038339,995.0
2021-05-21,-1,2021-05-21 10:15:00,2021-05-21 10:30:00,2021-05-21 10:35:00,2021-05-21 10:40:00,16071.75,16104.25,2021-05-21 11:00:00,16069.25,thesis_flip,32.5,1.75,0.05384615384615385,35.0
2021-05-25,-1,2021-05-25 09:50:00,2021-05-25 10:10:00,2021-05-25 10:30:00,2021-05-25 10:35:00,16236.0,16275.5,2021-05-25 10:50:00,16270.75,thesis_flip,39.5,-35.5,-0.8987341772151899,-710.0
2021-05-27,1,2021-05-27 10:15:00,2021-05-27 10:45:00,2021-05-27 11:05:00,2021-05-27 11:10:00,16296.25,16272.25,2021-05-27 11:30:00,16287.75,thesis_flip,24.0,-9.25,-0.3854166666666667,-185.0
2021-05-31,-1,2021-05-31 09:45:00,2021-05-31 10:00:00,2021-05-31 10:50:00,2021-05-31 10:55:00,16259.75,16271.75,2021-05-31 11:40:00,16265.75,thesis_flip,12.0,-6.75,-0.5625,-135.0
2021-06-03,-1,2021-06-03 09:45:00,2021-06-03 10:30:00,2021-06-03 10:35:00,2021-06-03 10:40:00,16090.25,16147.25,2021-06-03 10:55:00,16147.25,stop,57.0,-57.75,-1.013157894736842,-1155.0
2021-06-07,-1,2021-06-07 10:15:00,2021-06-07 10:35:00,2021-06-07 11:25:00,2021-06-07 11:30:00,16321.25,16350.25,2021-06-07 11:55:00,16334.25,thesis_flip,29.0,-13.75,-0.47413793103448276,-275.0
2021-06-09,-1,2021-06-09 09:50:00,2021-06-09 10:20:00,2021-06-09 11:30:00,2021-06-09 11:35:00,16441.5,16476.75,2021-06-09 12:10:00,16437.25,thesis_flip,35.25,3.5,0.09929078014184398,70.0
2021-06-10,1,2021-06-10 09:45:00,2021-06-10 11:00:00,2021-06-10 11:05:00,2021-06-10 11:10:00,16470.0,16422.5,2021-06-10 12:30:00,16514.0,thesis_flip,47.5,43.25,0.9105263157894737,865.0
2021-06-14,1,2021-06-14 09:45:00,2021-06-14 10:10:00,2021-06-14 10:50:00,2021-06-14 10:55:00,16617.75,16586.25,2021-06-14 12:25:00,16646.75,thesis_flip,31.5,28.25,0.8968253968253969,565.0
2021-06-15,-1,2021-06-15 10:25:00,2021-06-15 10:45:00,2021-06-15 11:25:00,2021-06-15 11:30:00,16655.75,16680.75,2021-06-15 12:00:00,16661.5,thesis_flip,25.0,-6.5,-0.26,-130.0
2021-06-17,1,2021-06-17 09:50:00,2021-06-17 10:05:00,2021-06-17 10:15:00,2021-06-17 10:20:00,16666.25,16616.25,2021-06-17 11:55:00,16772.5,thesis_flip,50.0,105.5,2.11,2110.0
2021-06-23,1,2021-06-23 09:55:00,2021-06-23 10:05:00,2021-06-23 10:15:00,2021-06-23 10:20:00,16915.25,16896.75,2021-06-23 10:30:00,16896.75,stop,18.5,-19.25,-1.0405405405405406,-385.0
2021-07-02,1,2021-07-02 09:45:00,2021-07-02 10:10:00,2021-07-02 10:15:00,2021-07-02 10:20:00,17263.25,17248.25,2021-07-02 10:30:00,17248.25,stop,15.0,-15.75,-1.05,-315.0
2021-07-07,-1,2021-07-07 10:00:00,2021-07-07 10:45:00,2021-07-07 11:30:00,2021-07-07 11:35:00,17356.75,17452.0,2021-07-07 11:50:00,17416.25,thesis_flip,95.25,-60.25,-0.6325459317585301,-1205.0
2021-07-09,1,2021-07-09 10:20:00,2021-07-09 11:10:00,2021-07-09 11:15:00,2021-07-09 11:20:00,17391.25,17309.25,2021-07-09 12:00:00,17403.5,thesis_flip,82.0,11.5,0.1402439024390244,230.0
2021-07-12,-1,2021-07-12 10:15:00,2021-07-12 10:30:00,2021-07-12 11:20:00,2021-07-12 11:25:00,17434.0,17463.25,2021-07-12 13:20:00,17443.75,thesis_flip,29.25,-10.5,-0.358974358974359,-210.0
2021-07-14,1,2021-07-14 10:00:00,2021-07-14 10:15:00,2021-07-14 10:40:00,2021-07-14 10:45:00,17573.25,17543.0,2021-07-14 11:10:00,17570.25,thesis_flip,30.25,-3.75,-0.12396694214876033,-75.0
2021-07-19,-1,2021-07-19 10:05:00,2021-07-19 10:35:00,2021-07-19 11:20:00,2021-07-19 11:25:00,17132.25,17168.25,2021-07-19 11:30:00,17168.25,stop,36.0,-36.75,-1.0208333333333333,-735.0
2021-07-21,1,2021-07-21 09:55:00,2021-07-21 10:25:00,2021-07-21 10:55:00,2021-07-21 11:00:00,17369.5,17331.25,2021-07-21 11:45:00,17364.25,thesis_flip,38.25,-6.0,-0.1568627450980392,-120.0
2021-07-23,1,2021-07-23 10:15:00,2021-07-23 10:30:00,2021-07-23 10:35:00,2021-07-23 10:40:00,17616.0,17589.5,2021-07-23 12:10:00,17666.25,thesis_flip,26.5,49.5,1.8679245283018868,990.0
2021-07-26,1,2021-07-26 09:50:00,2021-07-26 10:15:00,2021-07-26 10:30:00,2021-07-26 10:35:00,17718.5,17691.5,2021-07-26 10:45:00,17691.5,stop,27.0,-27.75,-1.0277777777777777,-555.0
2021-07-27,-1,2021-07-27 09:55:00,2021-07-27 10:15:00,2021-07-27 10:30:00,2021-07-27 10:35:00,17540.5,17664.75,2021-07-27 11:55:00,17467.5,thesis_flip,124.25,72.25,0.5814889336016097,1445.0
2021-07-30,1,2021-07-30 09:55:00,2021-07-30 10:45:00,2021-07-30 11:25:00,2021-07-30 11:30:00,17543.25,17517.5,2021-07-30 11:35:00,17517.5,stop,25.75,-26.5,-1.029126213592233,-530.0
2021-08-04,-1,2021-08-04 10:15:00,2021-08-04 10:45:00,2021-08-04 11:20:00,2021-08-04 11:25:00,17632.25,17660.75,2021-08-04 11:55:00,17647.5,thesis_flip,28.5,-16.0,-0.5614035087719298,-320.0
2021-08-06,-1,2021-08-06 10:10:00,2021-08-06 10:40:00,2021-08-06 10:45:00,2021-08-06 10:50:00,17694.25,17728.25,2021-08-06 11:20:00,17685.0,thesis_flip,34.0,8.5,0.25,170.0
2021-08-11,-1,2021-08-11 09:55:00,2021-08-11 10:15:00,2021-08-11 10:55:00,2021-08-11 11:00:00,17615.5,17687.5,2021-08-11 12:05:00,17615.75,thesis_flip,72.0,-1.0,-0.013888888888888888,-20.0
2021-08-12,1,2021-08-12 10:15:00,2021-08-12 10:55:00,2021-08-12 11:30:00,2021-08-12 11:35:00,17663.5,17609.75,2021-08-12 12:00:00,17664.25,thesis_flip,53.75,0.0,0.0,0.0
2021-08-13,1,2021-08-13 09:45:00,2021-08-13 10:20:00,2021-08-13 11:00:00,2021-08-13 11:05:00,17730.75,17688.25,2021-08-13 11:50:00,17706.25,thesis_flip,42.5,-25.25,-0.5941176470588235,-505.0
2021-08-18,1,2021-08-18 09:50:00,2021-08-18 10:05:00,2021-08-18 10:50:00,2021-08-18 10:55:00,17617.25,17590.75,2021-08-18 11:10:00,17590.75,stop,26.5,-27.25,-1.028301886792453,-545.0
2021-08-19,1,2021-08-19 10:30:00,2021-08-19 10:45:00,2021-08-19 10:50:00,2021-08-19 10:55:00,17467.75,17429.25,2021-08-19 12:10:00,17571.0,thesis_flip,38.5,102.5,2.6623376623376624,2050.0
2021-08-23,1,2021-08-23 09:45:00,2021-08-23 10:15:00,2021-08-23 10:20:00,2021-08-23 10:25:00,17855.0,17796.0,2021-08-23 12:20:00,17905.5,thesis_flip,59.0,49.75,0.8432203389830508,995.0
2021-09-01,1,2021-09-01 09:45:00,2021-09-01 10:00:00,2021-09-01 10:35:00,2021-09-01 10:40:00,18290.0,18263.25,2021-09-01 10:55:00,18281.5,thesis_flip,26.75,-9.25,-0.34579439252336447,-185.0
2021-09-03,1,2021-09-03 09:55:00,2021-09-03 10:50:00,2021-09-03 10:55:00,2021-09-03 11:00:00,18231.75,18209.5,2021-09-03 11:50:00,18250.0,thesis_flip,22.25,17.5,0.7865168539325843,350.0
2021-09-13,-1,2021-09-13 09:55:00,2021-09-13 10:40:00,2021-09-13 11:10:00,2021-09-13 11:15:00,17980.75,18062.75,2021-09-13 11:30:00,17990.75,thesis_flip,82.0,-10.75,-0.13109756097560976,-215.0
2021-09-16,-1,2021-09-16 09:45:00,2021-09-16 10:05:00,2021-09-16 10:50:00,2021-09-16 10:55:00,17993.25,18033.0,2021-09-16 11:40:00,18004.25,thesis_flip,39.75,-11.75,-0.29559748427672955,-235.0
2021-09-20,-1,2021-09-20 10:20:00,2021-09-20 10:30:00,2021-09-20 10:40:00,2021-09-20 10:45:00,17616.25,17665.5,2021-09-20 11:15:00,17645.0,thesis_flip,49.25,-29.5,-0.5989847715736041,-590.0
2021-09-24,1,2021-09-24 09:55:00,2021-09-24 10:25:00,2021-09-24 11:00:00,2021-09-24 11:05:00,17856.75,17818.0,2021-09-24 11:25:00,17842.0,thesis_flip,38.75,-15.5,-0.4,-310.0
2021-09-28,-1,2021-09-28 09:45:00,2021-09-28 10:10:00,2021-09-28 10:15:00,2021-09-28 10:20:00,17462.0,17574.5,2021-09-28 12:00:00,17418.5,thesis_flip,112.5,42.75,0.38,855.0
2021-10-04,-1,2021-10-04 09:45:00,2021-10-04 10:10:00,2021-10-04 10:15:00,2021-10-04 10:20:00,17135.75,17223.0,2021-10-04 11:10:00,17066.5,thesis_flip,87.25,68.5,0.7851002865329513,1370.0
2021-10-05,1,2021-10-05 09:45:00,2021-10-05 10:20:00,2021-10-05 10:45:00,2021-10-05 10:50:00,17273.25,17167.25,2021-10-05 11:25:00,17302.0,thesis_flip,106.0,28.0,0.2641509433962264,560.0
2021-10-07,1,2021-10-07 09:55:00,2021-10-07 10:20:00,2021-10-07 11:30:00,2021-10-07 11:35:00,17591.25,17559.25,2021-10-07 12:10:00,17599.75,thesis_flip,32.0,7.75,0.2421875,155.0
2021-10-13,-1,2021-10-13 09:50:00,2021-10-13 10:20:00,2021-10-13 11:30:00,2021-10-13 11:35:00,17291.0,17353.0,2021-10-13 11:50:00,17344.25,thesis_flip,62.0,-54.0,-0.8709677419354839,-1080.0
2021-10-19,1,2021-10-19 09:50:00,2021-10-19 10:00:00,2021-10-19 10:50:00,2021-10-19 10:55:00,17967.75,17924.5,2021-10-19 11:20:00,17977.25,thesis_flip,43.25,8.75,0.2023121387283237,175.0
2021-10-21,1,2021-10-21 09:50:00,2021-10-21 10:10:00,2021-10-21 10:25:00,2021-10-21 10:30:00,18041.0,17988.0,2021-10-21 11:20:00,18033.5,thesis_flip,53.0,-8.25,-0.15566037735849056,-165.0
2021-10-27,1,2021-10-27 09:55:00,2021-10-27 10:10:00,2021-10-27 10:20:00,2021-10-27 10:25:00,18230.75,18175.25,2021-10-27 13:50:00,18312.0,thesis_flip,55.5,80.5,1.4504504504504505,1610.0
2021-10-28,1,2021-10-28 10:05:00,2021-10-28 10:50:00,2021-10-28 11:15:00,2021-10-28 11:20:00,18362.5,18269.25,2021-10-28 11:35:00,18343.0,thesis_flip,93.25,-20.25,-0.21715817694369974,-405.0
2021-10-29,1,2021-10-29 10:05:00,2021-10-29 10:25:00,2021-10-29 10:45:00,2021-10-29 10:50:00,18308.25,18281.25,2021-10-29 13:35:00,18401.5,thesis_flip,27.0,92.5,3.425925925925926,1850.0
2021-11-02,1,2021-11-02 09:45:00,2021-11-02 09:55:00,2021-11-02 10:20:00,2021-11-02 10:25:00,18546.5,18507.5,2021-11-02 11:10:00,18550.0,thesis_flip,39.0,2.75,0.07051282051282051,55.0
2021-11-03,-1,2021-11-03 10:00:00,2021-11-03 10:45:00,2021-11-03 11:30:00,2021-11-03 11:35:00,18562.0,18588.5,2021-11-03 11:50:00,18581.0,thesis_flip,26.5,-19.75,-0.7452830188679245,-395.0
2021-11-05,-1,2021-11-05 09:50:00,2021-11-05 10:10:00,2021-11-05 11:00:00,2021-11-05 11:05:00,19026.5,19057.0,2021-11-05 11:45:00,19057.0,stop,30.5,-31.25,-1.0245901639344261,-625.0
2021-11-08,-1,2021-11-08 10:00:00,2021-11-08 10:30:00,2021-11-08 10:35:00,2021-11-08 10:40:00,18934.75,18975.0,2021-11-08 11:25:00,18966.25,thesis_flip,40.25,-32.25,-0.8012422360248447,-645.0
2021-11-11,-1,2021-11-11 10:25:00,2021-11-11 10:50:00,2021-11-11 11:05:00,2021-11-11 11:10:00,18677.25,18707.25,2021-11-11 11:25:00,18687.75,thesis_flip,30.0,-11.25,-0.375,-225.0
2021-11-19,1,2021-11-19 09:45:00,2021-11-19 10:45:00,2021-11-19 11:00:00,2021-11-19 11:05:00,19201.5,19159.5,2021-11-19 11:55:00,19215.25,thesis_flip,42.0,13.0,0.30952380952380953,260.0
2021-11-24,1,2021-11-24 10:00:00,2021-11-24 10:15:00,2021-11-24 10:20:00,2021-11-24 10:25:00,18848.25,18770.0,2021-11-24 10:45:00,18842.75,thesis_flip,78.25,-6.25,-0.07987220447284345,-125.0
2021-11-26,-1,2021-11-26 09:45:00,2021-11-26 10:05:00,2021-11-26 10:10:00,2021-11-26 10:15:00,18766.0,18861.5,2021-11-26 10:30:00,18790.0,thesis_flip,95.5,-24.75,-0.2591623036649215,-495.0
2021-11-29,1,2021-11-29 09:55:00,2021-11-29 10:15:00,2021-11-29 11:05:00,2021-11-29 11:10:00,18902.25,18840.0,2021-11-29 12:55:00,19000.0,thesis_flip,62.25,97.0,1.5582329317269077,1940.0
2021-12-01,1,2021-12-01 10:05:00,2021-12-01 10:15:00,2021-12-01 10:45:00,2021-12-01 10:50:00,18969.5,18888.75,2021-12-01 11:35:00,19006.0,thesis_flip,80.75,35.75,0.44272445820433437,715.0
2021-12-03,-1,2021-12-03 09:45:00,2021-12-03 10:20:00,2021-12-03 10:30:00,2021-12-03 10:35:00,18353.75,18557.0,2021-12-03 11:30:00,18322.5,thesis_flip,203.25,30.5,0.15006150061500614,610.0
2021-12-08,1,2021-12-08 09:45:00,2021-12-08 10:10:00,2021-12-08 10:20:00,2021-12-08 10:25:00,18936.0,18878.5,2021-12-08 10:45:00,18878.5,stop,57.5,-58.25,-1.0130434782608695,-1165.0
2021-12-13,-1,2021-12-13 09:50:00,2021-12-13 10:25:00,2021-12-13 11:00:00,2021-12-13 11:05:00,18797.5,18925.25,2021-12-13 12:10:00,18769.25,thesis_flip,127.75,27.5,0.21526418786692758,550.0
2021-12-15,-1,2021-12-15 09:45:00,2021-12-15 10:10:00,2021-12-15 10:45:00,2021-12-15 10:50:00,18479.25,18522.75,2021-12-15 11:55:00,18403.25,thesis_flip,43.5,75.25,1.7298850574712643,1505.0
2021-12-17,1,2021-12-17 09:45:00,2021-12-17 10:20:00,2021-12-17 10:25:00,2021-12-17 10:30:00,18349.25,18264.75,2021-12-17 11:05:00,18471.25,thesis_flip,84.5,121.25,1.4349112426035502,2425.0
2021-12-21,-1,2021-12-21 09:45:00,2021-12-21 10:10:00,2021-12-21 10:25:00,2021-12-21 10:30:00,18239.5,18322.25,2021-12-21 10:55:00,18272.5,thesis_flip,82.75,-33.75,-0.4078549848942598,-675.0
2021-12-22,1,2021-12-22 10:15:00,2021-12-22 10:40:00,2021-12-22 10:50:00,2021-12-22 10:55:00,18696.25,18610.75,2021-12-22 11:50:00,18725.25,thesis_flip,85.5,28.25,0.3304093567251462,565.0
2021-12-28,-1,2021-12-28 10:05:00,2021-12-28 10:20:00,2021-12-28 11:05:00,2021-12-28 11:10:00,19151.75,19197.75,2021-12-28 11:50:00,19136.0,thesis_flip,46.0,15.0,0.32608695652173914,300.0
2021-12-29,-1,2021-12-29 10:00:00,2021-12-29 10:20:00,2021-12-29 11:25:00,2021-12-29 11:30:00,19061.25,19115.0,2021-12-29 12:40:00,19053.0,thesis_flip,53.75,7.5,0.13953488372093023,150.0
2021-12-31,-1,2021-12-31 09:45:00,2021-12-31 10:05:00,2021-12-31 10:30:00,2021-12-31 10:35:00,18995.75,19043.5,2021-12-31 11:25:00,18999.25,thesis_flip,47.75,-4.25,-0.08900523560209424,-85.0
2022-01-03,-1,2022-01-03 09:45:00,2022-01-03 10:15:00,2022-01-03 11:10:00,2022-01-03 11:15:00,19013.5,19057.0,2022-01-03 11:50:00,19032.25,thesis_flip,43.5,-19.5,-0.4482758620689655,-390.0
2022-01-07,-1,2022-01-07 10:20:00,2022-01-07 10:55:00,2022-01-07 11:15:00,2022-01-07 11:20:00,18154.75,18300.5,2022-01-07 11:50:00,18264.5,thesis_flip,145.75,-110.5,-0.758147512864494,-2210.0
2022-01-10,-1,2022-01-10 09:50:00,2022-01-10 10:20:00,2022-01-10 10:35:00,2022-01-10 10:40:00,17795.0,17905.5,2022-01-10 11:10:00,17845.0,thesis_flip,110.5,-50.75,-0.4592760180995475,-1015.0
2022-01-11,1,2022-01-11 10:00:00,2022-01-11 10:20:00,2022-01-11 10:55:00,2022-01-11 11:00:00,18177.5,18117.0,2022-01-11 12:25:00,18404.5,thesis_flip,60.5,226.25,3.739669421487603,4525.0
2022-01-13,-1,2022-01-13 10:00:00,2022-01-13 10:20:00,2022-01-13 10:30:00,2022-01-13 10:35:00,18433.25,18527.75,2022-01-13 11:25:00,18402.5,thesis_flip,94.5,30.0,0.31746031746031744,600.0
2022-01-14,1,2022-01-14 09:50:00,2022-01-14 10:20:00,2022-01-14 11:20:00,2022-01-14 11:25:00,18078.25,18031.25,2022-01-14 12:05:00,18131.25,thesis_flip,47.0,52.25,1.1117021276595744,1045.0
2022-01-17,-1,2022-01-17 09:45:00,2022-01-17 10:15:00,2022-01-17 10:20:00,2022-01-17 10:25:00,18173.25,18209.5,2022-01-17 10:40:00,18197.75,thesis_flip,36.25,-25.25,-0.696551724137931,-505.0
2022-01-21,-1,2022-01-21 09:50:00,2022-01-21 10:05:00,2022-01-21 10:10:00,2022-01-21 10:15:00,17212.5,17300.5,2022-01-21 10:30:00,17300.5,stop,88.0,-88.75,-1.0085227272727273,-1775.0
2022-01-24,-1,2022-01-24 10:05:00,2022-01-24 10:35:00,2022-01-24 10:45:00,2022-01-24 10:50:00,16657.0,16779.5,2022-01-24 12:00:00,16546.0,thesis_flip,122.5,110.25,0.9,2205.0
2022-01-25,-1,2022-01-25 09:45:00,2022-01-25 10:40:00,2022-01-25 10:55:00,2022-01-25 11:00:00,16739.5,16856.25,2022-01-25 11:55:00,16715.0,thesis_flip,116.75,23.75,0.20342612419700215,475.0
2022-02-01,-1,2022-02-01 10:00:00,2022-02-01 10:45:00,2022-02-01 11:20:00,2022-02-01 11:25:00,17484.25,17530.25,2022-02-01 11:45:00,17530.25,stop,46.0,-46.75,-1.016304347826087,-935.0
2022-02-02,-1,2022-02-02 09:45:00,2022-02-02 10:15:00,2022-02-02 10:20:00,2022-02-02 10:25:00,17677.0,17781.75,2022-02-02 10:50:00,17700.0,thesis_flip,104.75,-23.75,-0.22673031026252982,-475.0
2022-02-03,1,2022-02-03 10:25:00,2022-02-03 10:35:00,2022-02-03 11:10:00,2022-02-03 11:15:00,17413.75,17325.5,2022-02-03 11:25:00,17325.5,stop,88.25,-89.0,-1.0084985835694051,-1780.0
2022-02-04,1,2022-02-04 10:00:00,2022-02-04 10:40:00,2022-02-04 11:25:00,2022-02-04 11:30:00,17153.75,17055.0,2022-02-04 14:15:00,17330.75,thesis_flip,98.75,176.25,1.7848101265822784,3525.0
2022-02-11,-1,2022-02-11 09:55:00,2022-02-11 10:20:00,2022-02-11 11:05:00,2022-02-11 11:10:00,17212.25,17338.0,2022-02-11 13:10:00,17154.5,thesis_flip,125.75,57.0,0.4532803180914513,1140.0
2022-02-14,1,2022-02-14 09:50:00,2022-02-14 10:15:00,2022-02-14 10:45:00,2022-02-14 10:50:00,16921.0,16817.0,2022-02-14 13:00:00,16961.5,thesis_flip,104.0,39.75,0.38221153846153844,795.0
2022-02-16,-1,2022-02-16 09:50:00,2022-02-16 10:05:00,2022-02-16 11:15:00,2022-02-16 11:20:00,17040.25,17092.5,2022-02-16 12:00:00,17071.0,thesis_flip,52.25,-31.5,-0.6028708133971292,-630.0
2022-02-22,1,2022-02-22 09:45:00,2022-02-22 10:10:00,2022-02-22 10:25:00,2022-02-22 10:30:00,16718.0,16586.5,2022-02-22 10:50:00,16586.5,stop,131.5,-132.25,-1.005703422053232,-2645.0
2022-02-24,1,2022-02-24 09:45:00,2022-02-24 10:25:00,2022-02-24 10:45:00,2022-02-24 10:50:00,16043.0,15859.25,2022-02-24 11:45:00,16066.25,thesis_flip,183.75,22.5,0.12244897959183673,450.0
2022-02-28,1,2022-02-28 09:55:00,2022-02-28 10:15:00,2022-02-28 10:30:00,2022-02-28 10:35:00,16735.25,16646.25,2022-02-28 11:15:00,16808.0,thesis_flip,89.0,72.0,0.8089887640449438,1440.0
2022-03-02,-1,2022-03-02 10:05:00,2022-03-02 10:35:00,2022-03-02 10:50:00,2022-03-02 10:55:00,16632.5,16738.0,2022-03-02 11:00:00,16738.0,stop,105.5,-106.25,-1.0071090047393365,-2125.0
2022-03-04,-1,2022-03-04 09:45:00,2022-03-04 10:15:00,2022-03-04 10:55:00,2022-03-04 11:00:00,16394.5,16564.0,2022-03-04 11:40:00,16414.5,thesis_flip,169.5,-20.75,-0.1224188790560472,-415.0
2022-03-08,-1,2022-03-08 10:00:00,2022-03-08 10:35:00,2022-03-08 11:05:00,2022-03-08 11:10:00,15873.75,15956.25,2022-03-08 11:50:00,15832.5,thesis_flip,82.5,40.5,0.4909090909090909,810.0
2022-03-09,1,2022-03-09 10:20:00,2022-03-09 10:30:00,2022-03-09 10:55:00,2022-03-09 11:00:00,16278.25,16212.25,2022-03-09 11:10:00,16212.25,stop,66.0,-66.75,-1.0113636363636365,-1335.0
2022-03-11,-1,2022-03-11 09:50:00,2022-03-11 10:20:00,2022-03-11 11:00:00,2022-03-11 11:05:00,16154.0,16220.5,2022-03-11 11:50:00,16078.25,thesis_flip,66.5,75.0,1.1278195488721805,1500.0
2022-03-14,1,2022-03-14 10:05:00,2022-03-14 10:25:00,2022-03-14 10:50:00,2022-03-14 10:55:00,15983.75,15907.25,2022-03-14 11:10:00,15957.0,thesis_flip,76.5,-27.5,-0.35947712418300654,-550.0
2022-03-15,1,2022-03-15 10:00:00,2022-03-15 10:50:00,2022-03-15 11:25:00,2022-03-15 11:30:00,15975.25,15780.75,2022-03-15 11:55:00,15971.0,thesis_flip,194.5,-5.0,-0.02570694087403599,-100.0
2022-03-16,1,2022-03-16 09:45:00,2022-03-16 10:25:00,2022-03-16 10:30:00,2022-03-16 10:35:00,16470.25,16310.5,2022-03-16 12:15:00,16422.75,thesis_flip,159.75,-48.25,-0.30203442879499215,-965.0
2022-03-17,1,2022-03-17 09:50:00,2022-03-17 10:50:00,2022-03-17 11:05:00,2022-03-17 11:10:00,16513.25,16462.0,2022-03-17 11:50:00,16504.5,thesis_flip,51.25,-9.5,-0.18536585365853658,-190.0
2022-04-01,-1,2022-04-01 09:50:00,2022-04-01 10:30:00,2022-04-01 11:10:00,2022-04-01 11:15:00,17474.75,17519.25,2022-04-01 11:55:00,17418.5,thesis_flip,44.5,55.5,1.247191011235955,1110.0
2022-04-05,-1,2022-04-05 09:50:00,2022-04-05 10:10:00,2022-04-05 10:15:00,2022-04-05 10:20:00,17568.0,17721.0,2022-04-05 10:55:00,17602.5,thesis_flip,153.0,-35.25,-0.23039215686274508,-705.0
2022-04-08,-1,2022-04-08 09:50:00,2022-04-08 10:20:00,2022-04-08 10:40:00,2022-04-08 10:45:00,17004.25,17049.25,2022-04-08 10:50:00,17049.25,stop,45.0,-45.75,-1.0166666666666666,-915.0
2022-04-14,-1,2022-04-14 09:50:00,2022-04-14 10:20:00,2022-04-14 10:35:00,2022-04-14 10:40:00,16659.5,16761.25,2022-04-14 11:05:00,16681.25,thesis_flip,101.75,-22.5,-0.22113022113022113,-450.0
2022-04-20,-1,2022-04-20 10:10:00,2022-04-20 10:45:00,2022-04-20 11:00:00,2022-04-20 11:05:00,16709.5,16769.0,2022-04-20 11:45:00,16695.0,thesis_flip,59.5,13.75,0.23109243697478993,275.0
2022-04-21,-1,2022-04-21 10:10:00,2022-04-21 10:20:00,2022-04-21 10:40:00,2022-04-21 10:45:00,16759.25,16812.5,2022-04-21 11:05:00,16724.0,thesis_flip,53.25,34.5,0.647887323943662,690.0
2022-04-22,-1,2022-04-22 10:20:00,2022-04-22 10:55:00,2022-04-22 11:30:00,2022-04-22 11:35:00,16216.0,16293.75,2022-04-22 12:25:00,16140.5,thesis_flip,77.75,74.75,0.9614147909967846,1495.0
2022-05-03,1,2022-05-03 09:55:00,2022-05-03 10:30:00,2022-05-03 11:00:00,2022-05-03 11:05:00,15686.75,15596.75,2022-05-03 11:40:00,15701.0,thesis_flip,90.0,13.5,0.15,270.0
2022-05-10,-1,2022-05-10 09:45:00,2022-05-10 10:50:00,2022-05-10 11:05:00,2022-05-10 11:10:00,14806.25,15157.0,2022-05-10 11:40:00,14922.75,thesis_flip,350.75,-117.25,-0.33428367783321455,-2345.0
2022-05-11,1,2022-05-11 09:45:00,2022-05-11 10:25:00,2022-05-11 11:25:00,2022-05-11 11:30:00,14938.5,14838.5,2022-05-11 11:55:00,14913.0,thesis_flip,100.0,-26.25,-0.2625,-525.0
2022-05-17,-1,2022-05-17 10:05:00,2022-05-17 10:20:00,2022-05-17 10:25:00,2022-05-17 10:30:00,15027.25,15087.25,2022-05-17 11:00:00,14984.5,thesis_flip,60.0,42.0,0.7,840.0
2022-05-18,-1,2022-05-18 09:55:00,2022-05-18 10:20:00,2022-05-18 11:00:00,2022-05-18 11:05:00,14887.75,14980.5,2022-05-18 11:45:00,14801.25,thesis_flip,92.75,85.75,0.9245283018867925,1715.0
2022-05-19,-1,2022-05-19 09:45:00,2022-05-19 10:05:00,2022-05-19 10:25:00,2022-05-19 10:30:00,14530.75,14629.5,2022-05-19 10:55:00,14574.0,thesis_flip,98.75,-44.0,-0.44556962025316454,-880.0
2022-05-20,-1,2022-05-20 10:05:00,2022-05-20 10:40:00,2022-05-20 10:45:00,2022-05-20 10:50:00,14511.5,14574.0,2022-05-20 11:35:00,14402.75,thesis_flip,62.5,108.0,1.728,2160.0
2022-05-25,1,2022-05-25 10:25:00,2022-05-25 11:00:00,2022-05-25 11:10:00,2022-05-25 11:15:00,14511.0,14456.5,2022-05-25 11:30:00,14456.5,stop,54.5,-55.25,-1.0137614678899083,-1105.0
2022-05-27,1,2022-05-27 09:55:00,2022-05-27 10:25:00,2022-05-27 11:10:00,2022-05-27 11:15:00,15179.0,15122.75,2022-05-27 12:20:00,15207.25,thesis_flip,56.25,27.5,0.4888888888888889,550.0
2022-05-31,-1,2022-05-31 10:00:00,2022-05-31 10:35:00,2022-05-31 11:05:00,2022-05-31 11:10:00,15223.25,15276.0,2022-05-31 11:40:00,15249.25,thesis_flip,52.75,-26.75,-0.5071090047393365,-535.0
2022-06-02,1,2022-06-02 10:10:00,2022-06-02 10:45:00,2022-06-02 11:00:00,2022-06-02 11:05:00,15256.25,15117.0,2022-06-02 13:15:00,15394.75,thesis_flip,139.25,137.75,0.9892280071813285,2755.0
2022-06-07,1,2022-06-07 09:45:00,2022-06-07 10:10:00,2022-06-07 10:25:00,2022-06-07 10:30:00,15211.5,15112.0,2022-06-07 11:05:00,15274.5,thesis_flip,99.5,62.25,0.6256281407035176,1245.0
2022-06-08,1,2022-06-08 09:45:00,2022-06-08 10:25:00,2022-06-08 11:10:00,2022-06-08 11:15:00,15364.25,15307.25,2022-06-08 11:45:00,15349.25,thesis_flip,57.0,-15.75,-0.27631578947368424,-315.0
2022-06-09,1,2022-06-09 09:50:00,2022-06-09 10:15:00,2022-06-09 10:25:00,2022-06-09 10:30:00,15269.0,15174.5,2022-06-09 10:50:00,15229.0,thesis_flip,94.5,-40.75,-0.4312169312169312,-815.0
2022-06-10,-1,2022-06-10 09:50:00,2022-06-10 10:30:00,2022-06-10 10:55:00,2022-06-10 11:00:00,14476.75,14599.25,2022-06-10 11:20:00,14491.25,thesis_flip,122.5,-15.25,-0.12448979591836734,-305.0
2022-06-15,1,2022-06-15 10:00:00,2022-06-15 10:10:00,2022-06-15 11:00:00,2022-06-15 11:05:00,14102.75,14055.25,2022-06-15 12:35:00,14141.25,thesis_flip,47.5,37.75,0.7947368421052632,755.0
2022-06-27,-1,2022-06-27 09:45:00,2022-06-27 10:20:00,2022-06-27 11:05:00,2022-06-27 11:10:00,14687.25,14740.25,2022-06-27 11:25:00,14723.0,thesis_flip,53.0,-36.5,-0.6886792452830188,-730.0
2022-06-28,-1,2022-06-28 10:05:00,2022-06-28 10:35:00,2022-06-28 10:45:00,2022-06-28 10:50:00,14545.0,14651.25,2022-06-28 12:30:00,14402.5,thesis_flip,106.25,141.75,1.3341176470588236,2835.0
2022-06-29,1,2022-06-29 09:50:00,2022-06-29 10:25:00,2022-06-29 10:40:00,2022-06-29 10:45:00,14322.75,14221.75,2022-06-29 11:00:00,14282.5,thesis_flip,101.0,-41.0,-0.40594059405940597,-820.0
2022-07-04,-1,2022-07-04 10:05:00,2022-07-04 10:40:00,2022-07-04 11:20:00,2022-07-04 11:25:00,14149.0,14160.75,2022-07-04 12:10:00,14157.5,thesis_flip,11.75,-9.25,-0.7872340425531915,-185.0
2022-07-05,1,2022-07-05 10:10:00,2022-07-05 10:25:00,2022-07-05 10:35:00,2022-07-05 10:40:00,14180.0,14054.5,2022-07-05 12:05:00,14143.75,thesis_flip,125.5,-37.0,-0.2948207171314741,-740.0
2022-07-07,1,2022-07-07 10:05:00,2022-07-07 10:30:00,2022-07-07 10:50:00,2022-07-07 10:55:00,14655.5,14597.5,2022-07-07 11:25:00,14633.75,thesis_flip,58.0,-22.5,-0.3879310344827586,-450.0
2022-07-11,-1,2022-07-11 10:00:00,2022-07-11 10:25:00,2022-07-11 10:55:00,2022-07-11 11:00:00,14499.75,14559.0,2022-07-11 12:15:00,14520.25,thesis_flip,59.25,-21.25,-0.35864978902953587,-425.0
2022-07-13,1,2022-07-13 09:45:00,2022-07-13 10:05:00,2022-07-13 10:30:00,2022-07-13 10:35:00,14301.0,14189.25,2022-07-13 11:25:00,14363.5,thesis_flip,111.75,61.75,0.5525727069351231,1235.0
2022-07-18,1,2022-07-18 09:45:00,2022-07-18 10:35:00,2022-07-18 10:55:00,2022-07-18 11:00:00,14728.5,14686.75,2022-07-18 12:35:00,14752.0,thesis_flip,41.75,22.75,0.5449101796407185,455.0
2022-07-19,1,2022-07-19 10:25:00,2022-07-19 10:55:00,2022-07-19 11:00:00,2022-07-19 11:05:00,14750.0,14668.25,2022-07-19 11:20:00,14741.0,thesis_flip,81.75,-9.75,-0.11926605504587157,-195.0
2022-07-20,1,2022-07-20 10:10:00,2022-07-20 10:40:00,2022-07-20 10:45:00,2022-07-20 10:50:00,15042.0,14908.75,2022-07-20 12:30:00,15074.75,thesis_flip,133.25,32.0,0.2401500938086304,640.0
2022-07-25,-1,2022-07-25 10:15:00,2022-07-25 10:45:00,2022-07-25 11:10:00,2022-07-25 11:15:00,14906.25,14971.0,2022-07-25 11:30:00,14950.5,thesis_flip,64.75,-45.0,-0.694980694980695,-900.0
2022-07-27,1,2022-07-27 09:45:00,2022-07-27 10:20:00,2022-07-27 10:50:00,2022-07-27 10:55:00,15012.5,14963.75,2022-07-27 11:25:00,15003.75,thesis_flip,48.75,-9.5,-0.19487179487179487,-190.0
2022-08-04,-1,2022-08-04 10:30:00,2022-08-04 11:05:00,2022-08-04 11:10:00,2022-08-04 11:15:00,15797.5,15859.25,2022-08-04 11:50:00,15854.0,thesis_flip,61.75,-57.25,-0.9271255060728745,-1145.0
2022-08-08,1,2022-08-08 09:50:00,2022-08-08 10:10:00,2022-08-08 11:00:00,2022-08-08 11:05:00,15947.0,15904.5,2022-08-08 11:15:00,15904.5,stop,42.5,-43.25,-1.0176470588235293,-865.0
2022-08-09,-1,2022-08-09 09:50:00,2022-08-09 10:45:00,2022-08-09 11:00:00,2022-08-09 11:05:00,15576.5,15653.5,2022-08-09 11:20:00,15641.75,thesis_flip,77.0,-66.0,-0.8571428571428571,-1320.0
2022-08-12,1,2022-08-12 10:15:00,2022-08-12 11:05:00,2022-08-12 11:15:00,2022-08-12 11:20:00,16062.25,15976.25,2022-08-12 12:55:00,16073.0,thesis_flip,86.0,10.0,0.11627906976744186,200.0
2022-08-15,1,2022-08-15 09:50:00,2022-08-15 10:35:00,2022-08-15 11:20:00,2022-08-15 11:25:00,16177.0,16130.5,2022-08-15 13:40:00,16240.0,thesis_flip,46.5,62.25,1.3387096774193548,1245.0
2022-08-16,-1,2022-08-16 10:00:00,2022-08-16 10:20:00,2022-08-16 10:30:00,2022-08-16 10:35:00,16116.5,16199.5,2022-08-16 10:50:00,16159.75,thesis_flip,83.0,-44.0,-0.5301204819277109,-880.0
2022-08-17,-1,2022-08-17 10:10:00,2022-08-17 10:40:00,2022-08-17 10:50:00,2022-08-17 10:55:00,16019.25,16092.5,2022-08-17 11:20:00,16048.0,thesis_flip,73.25,-29.5,-0.40273037542662116,-590.0
2022-08-22,-1,2022-08-22 09:45:00,2022-08-22 10:00:00,2022-08-22 10:10:00,2022-08-22 10:15:00,15589.5,15640.25,2022-08-22 11:55:00,15580.5,thesis_flip,50.75,8.25,0.1625615763546798,165.0
2022-08-23,1,2022-08-23 09:50:00,2022-08-23 10:15:00,2022-08-23 11:10:00,2022-08-23 11:15:00,15509.25,15466.25,2022-08-23 11:30:00,15501.25,thesis_flip,43.0,-8.75,-0.20348837209302326,-175.0
2022-08-24,1,2022-08-24 10:10:00,2022-08-24 10:35:00,2022-08-24 11:10:00,2022-08-24 11:15:00,15559.75,15490.75,2022-08-24 12:20:00,15587.0,thesis_flip,69.0,26.5,0.38405797101449274,530.0
2022-09-01,-1,2022-09-01 10:00:00,2022-09-01 10:50:00,2022-09-01 10:55:00,2022-09-01 11:00:00,14644.5,14764.25,2022-09-01 11:35:00,14662.5,thesis_flip,119.75,-18.75,-0.15657620041753653,-375.0
2022-09-06,-1,2022-09-06 09:45:00,2022-09-06 11:20:00,2022-09-06 11:25:00,2022-09-06 11:30:00,14657.75,14730.75,2022-09-06 11:40:00,14730.75,stop,73.0,-73.75,-1.0102739726027397,-1475.0
2022-09-08,1,2022-09-08 09:50:00,2022-09-08 10:10:00,2022-09-08 10:15:00,2022-09-08 10:20:00,14861.25,14770.0,2022-09-08 11:40:00,14920.75,thesis_flip,91.25,58.75,0.6438356164383562,1175.0
2022-09-12,1,2022-09-12 09:50:00,2022-09-12 11:05:00,2022-09-12 11:20:00,2022-09-12 11:25:00,15311.0,15265.75,2022-09-12 11:40:00,15306.25,thesis_flip,45.25,-5.5,-0.12154696132596685,-110.0
2022-09-13,-1,2022-09-13 09:55:00,2022-09-13 10:30:00,2022-09-13 10:35:00,2022-09-13 10:40:00,14847.25,14920.5,2022-09-13 11:40:00,14803.5,thesis_flip,73.25,43.0,0.5870307167235495,860.0
2022-09-14,1,2022-09-14 09:55:00,2022-09-14 10:45:00,2022-09-14 10:50:00,2022-09-14 10:55:00,14735.0,14604.5,2022-09-14 11:25:00,14720.5,thesis_flip,130.5,-15.25,-0.11685823754789272,-305.0
2022-09-16,1,2022-09-16 10:30:00,2022-09-16 11:00:00,2022-09-16 11:15:00,2022-09-16 11:20:00,14360.75,14316.5,2022-09-16 11:35:00,14316.5,stop,44.25,-45.0,-1.0169491525423728,-900.0
2022-09-19,1,2022-09-19 09:50:00,2022-09-19 10:15:00,2022-09-19 10:35:00,2022-09-19 10:40:00,14457.0,14381.5,2022-09-19 10:55:00,14451.25,thesis_flip,75.5,-6.5,-0.08609271523178808,-130.0
2022-09-21,1,2022-09-21 09:45:00,2022-09-21 10:10:00,2022-09-21 10:25:00,2022-09-21 10:30:00,14507.75,14462.0,2022-09-21 10:45:00,14464.5,thesis_flip,45.75,-44.0,-0.9617486338797814,-880.0
2022-09-27,-1,2022-09-27 10:00:00,2022-09-27 10:30:00,2022-09-27 11:00:00,2022-09-27 11:05:00,13967.75,14015.25,2022-09-27 12:55:00,13818.5,thesis_flip,47.5,148.5,3.126315789473684,2970.0
2022-10-06,-1,2022-10-06 10:00:00,2022-10-06 10:50:00,2022-10-06 11:10:00,2022-10-06 11:15:00,14099.25,14157.75,2022-10-06 11:20:00,14157.75,stop,58.5,-59.25,-1.0128205128205128,-1185.0
2022-10-07,-1,2022-10-07 09:50:00,2022-10-07 10:25:00,2022-10-07 10:30:00,2022-10-07 10:35:00,13737.75,13786.75,2022-10-07 10:50:00,13761.75,thesis_flip,49.0,-24.75,-0.5051020408163265,-495.0
2022-10-10,-1,2022-10-10 09:50:00,2022-10-10 10:10:00,2022-10-10 10:30:00,2022-10-10 10:35:00,13513.75,13579.25,2022-10-10 11:15:00,13473.75,thesis_flip,65.5,39.25,0.5992366412213741,785.0
2022-10-17,1,2022-10-17 10:10:00,2022-10-17 10:40:00,2022-10-17 11:20:00,2022-10-17 11:25:00,13576.5,13533.5,2022-10-17 12:15:00,13613.5,thesis_flip,43.0,36.25,0.8430232558139535,725.0
2022-10-21,1,2022-10-21 10:20:00,2022-10-21 10:55:00,2022-10-21 11:25:00,2022-10-21 11:30:00,13632.0,13562.0,2022-10-21 14:20:00,13795.75,thesis_flip,70.0,163.0,2.3285714285714287,3260.0
2022-10-24,-1,2022-10-24 10:00:00,2022-10-24 10:15:00,2022-10-24 10:20:00,2022-10-24 10:25:00,13732.75,13814.0,2022-10-24 10:35:00,13814.0,stop,81.25,-82.0,-1.0092307692307692,-1640.0
2022-10-26,1,2022-10-26 09:45:00,2022-10-26 10:20:00,2022-10-26 10:25:00,2022-10-26 10:30:00,14089.25,13983.75,2022-10-26 11:00:00,14116.0,thesis_flip,105.5,26.0,0.24644549763033174,520.0
2022-10-27,-1,2022-10-27 09:45:00,2022-10-27 10:50:00,2022-10-27 10:55:00,2022-10-27 11:00:00,13831.5,13964.0,2022-10-27 12:50:00,13804.0,thesis_flip,132.5,26.75,0.2018867924528302,535.0
2022-10-31,-1,2022-10-31 09:45:00,2022-10-31 10:10:00,2022-10-31 10:20:00,2022-10-31 10:25:00,13912.5,13964.25,2022-10-31 10:45:00,13922.5,thesis_flip,51.75,-10.75,-0.20772946859903382,-215.0
2022-11-02,-1,2022-11-02 10:10:00,2022-11-02 10:25:00,2022-11-02 11:10:00,2022-11-02 11:15:00,13749.25,13798.25,2022-11-02 12:50:00,13727.75,thesis_flip,49.0,20.75,0.42346938775510207,415.0
2022-11-08,1,2022-11-08 10:15:00,2022-11-08 10:35:00,2022-11-08 10:45:00,2022-11-08 10:50:00,13642.75,13593.75,2022-11-08 11:50:00,13700.75,thesis_flip,49.0,57.25,1.1683673469387754,1145.0
2022-11-10,1,2022-11-10 09:55:00,2022-11-10 10:50:00,2022-11-10 11:30:00,2022-11-10 11:35:00,13985.5,13869.25,2022-11-10 12:10:00,13990.0,thesis_flip,116.25,3.75,0.03225806451612903,75.0
2022-11-11,1,2022-11-11 09:45:00,2022-11-11 10:05:00,2022-11-11 10:10:00,2022-11-11 10:15:00,14222.75,14103.75,2022-11-11 11:10:00,14231.75,thesis_flip,119.0,8.25,0.06932773109243698,165.0
2022-11-15,-1,2022-11-15 09:45:00,2022-11-15 10:15:00,2022-11-15 10:35:00,2022-11-15 10:40:00,14527.5,14565.75,2022-11-15 11:15:00,14512.0,thesis_flip,38.25,14.75,0.38562091503267976,295.0
2022-11-16,-1,2022-11-16 09:45:00,2022-11-16 10:10:00,2022-11-16 10:15:00,2022-11-16 10:20:00,14243.25,14309.25,2022-11-16 10:35:00,14288.0,thesis_flip,66.0,-45.5,-0.6893939393939394,-910.0
2022-11-17,1,2022-11-17 10:15:00,2022-11-17 11:00:00,2022-11-17 11:25:00,2022-11-17 11:30:00,14151.0,14109.0,2022-11-17 12:25:00,14205.25,thesis_flip,42.0,53.5,1.2738095238095237,1070.0
2022-11-18,-1,2022-11-18 09:45:00,2022-11-18 10:05:00,2022-11-18 10:55:00,2022-11-18 11:00:00,14183.5,14295.5,2022-11-18 11:15:00,14191.5,thesis_flip,112.0,-8.75,-0.078125,-175.0
2022-11-23,1,2022-11-23 09:45:00,2022-11-23 10:15:00,2022-11-23 10:30:00,2022-11-23 10:35:00,14385.75,14312.75,2022-11-23 10:50:00,14375.5,thesis_flip,73.0,-11.0,-0.1506849315068493,-220.0
2022-11-29,-1,2022-11-29 10:10:00,2022-11-29 10:40:00,2022-11-29 10:50:00,2022-11-29 10:55:00,14104.75,14149.5,2022-11-29 11:35:00,14008.75,thesis_flip,44.75,95.25,2.1284916201117317,1905.0
2022-12-02,1,2022-12-02 10:10:00,2022-12-02 10:50:00,2022-12-02 11:20:00,2022-12-02 11:25:00,14424.5,14389.75,2022-12-02 12:00:00,14454.5,thesis_flip,34.75,29.25,0.841726618705036,585.0
2022-12-05,-1,2022-12-05 10:05:00,2022-12-05 10:20:00,2022-12-05 10:50:00,2022-12-05 10:55:00,14415.75,14443.5,2022-12-05 11:00:00,14443.5,stop,27.75,-28.5,-1.027027027027027,-570.0
2022-12-07,-1,2022-12-07 09:45:00,2022-12-07 10:40:00,2022-12-07 11:05:00,2022-12-07 11:10:00,14056.75,14092.0,2022-12-07 11:40:00,13995.5,thesis_flip,35.25,60.5,1.7163120567375887,1210.0
2022-12-15,-1,2022-12-15 09:45:00,2022-12-15 10:05:00,2022-12-15 10:45:00,2022-12-15 10:50:00,13926.25,14015.25,2022-12-15 12:35:00,13888.0,thesis_flip,89.0,37.5,0.42134831460674155,750.0
2022-12-19,-1,2022-12-19 09:45:00,2022-12-19 10:25:00,2022-12-19 10:35:00,2022-12-19 10:40:00,13651.5,13702.5,2022-12-19 11:20:00,13627.0,thesis_flip,51.0,23.75,0.46568627450980393,475.0
2022-12-21,1,2022-12-21 09:45:00,2022-12-21 10:10:00,2022-12-21 10:30:00,2022-12-21 10:35:00,13716.25,13610.75,2022-12-21 11:20:00,13743.5,thesis_flip,105.5,26.5,0.25118483412322273,530.0
2022-12-22,-1,2022-12-22 09:45:00,2022-12-22 10:15:00,2022-12-22 10:20:00,2022-12-22 10:25:00,13420.5,13517.5,2022-12-22 10:50:00,13417.0,thesis_flip,97.0,2.75,0.028350515463917526,55.0
2022-12-27,-1,2022-12-27 09:45:00,2022-12-27 10:10:00,2022-12-27 10:55:00,2022-12-27 11:00:00,13365.5,13410.5,2022-12-27 11:25:00,13374.0,thesis_flip,45.0,-9.25,-0.20555555555555555,-185.0
2023-01-03,-1,2023-01-03 09:45:00,2023-01-03 10:20:00,2023-01-03 10:30:00,2023-01-03 10:35:00,13314.0,13477.25,2023-01-03 11:00:00,13367.75,thesis_flip,163.25,-54.5,-0.333843797856049,-1090.0
2023-01-04,-1,2023-01-04 10:00:00,2023-01-04 10:50:00,2023-01-04 11:00:00,2023-01-04 11:05:00,13338.5,13363.75,2023-01-04 11:10:00,13363.75,stop,25.25,-26.0,-1.0297029702970297,-520.0
2023-01-11,1,2023-01-11 10:05:00,2023-01-11 10:30:00,2023-01-11 11:05:00,2023-01-11 11:10:00,13732.5,13706.0,2023-01-11 12:40:00,13790.5,thesis_flip,26.5,57.25,2.160377358490566,1145.0
2023-01-16,-1,2023-01-16 10:10:00,2023-01-16 10:20:00,2023-01-16 11:15:00,2023-01-16 11:20:00,13980.0,13993.25,2023-01-16 12:35:00,13969.25,thesis_flip,13.25,10.0,0.7547169811320755,200.0
2023-01-17,1,2023-01-17 10:00:00,2023-01-17 11:00:00,2023-01-17 11:25:00,2023-01-17 11:30:00,13975.5,13947.5,2023-01-17 12:15:00,13995.5,thesis_flip,28.0,19.25,0.6875,385.0
2023-01-19,-1,2023-01-19 09:45:00,2023-01-19 10:05:00,2023-01-19 10:10:00,2023-01-19 10:15:00,13766.75,13809.0,2023-01-19 10:15:00,13809.0,stop,42.25,-43.0,-1.017751479289941,-860.0
2023-01-20,1,2023-01-20 09:50:00,2023-01-20 10:20:00,2023-01-20 11:00:00,2023-01-20 11:05:00,13885.75,13816.75,2023-01-20 11:45:00,13911.25,thesis_flip,69.0,24.75,0.358695652173913,495.0
2023-01-24,1,2023-01-24 09:50:00,2023-01-24 10:20:00,2023-01-24 10:50:00,2023-01-24 10:55:00,14314.5,14231.0,2023-01-24 11:15:00,14307.0,thesis_flip,83.5,-8.25,-0.09880239520958084,-165.0
2023-01-26,-1,2023-01-26 09:50:00,2023-01-26 10:30:00,2023-01-26 10:35:00,2023-01-26 10:40:00,14365.0,14441.25,2023-01-26 11:20:00,14343.25,thesis_flip,76.25,21.0,0.2754098360655738,420.0
2023-01-27,1,2023-01-27 09:45:00,2023-01-27 10:30:00,2023-01-27 11:15:00,2023-01-27 11:20:00,14537.5,14485.0,2023-01-27 12:05:00,14580.5,thesis_flip,52.5,42.25,0.8047619047619048,845.0
2023-01-31,1,2023-01-31 09:45:00,2023-01-31 10:35:00,2023-01-31 11:00:00,2023-01-31 11:05:00,14480.0,14369.75,2023-01-31 11:45:00,14467.25,thesis_flip,110.25,-13.5,-0.12244897959183673,-270.0
2023-02-03,1,2023-02-03 09:45:00,2023-02-03 10:15:00,2023-02-03 10:20:00,2023-02-03 10:25:00,15214.0,15061.0,2023-02-03 10:55:00,15208.0,thesis_flip,153.0,-6.75,-0.04411764705882353,-135.0
2023-02-08,-1,2023-02-08 09:50:00,2023-02-08 10:10:00,2023-02-08 10:25:00,2023-02-08 10:30:00,15062.75,15126.75,2023-02-08 11:40:00,14941.5,thesis_flip,64.0,120.5,1.8828125,2410.0
2023-02-09,-1,2023-02-09 10:25:00,2023-02-09 10:55:00,2023-02-09 11:00:00,2023-02-09 11:05:00,14997.75,15056.0,2023-02-09 11:45:00,14985.75,thesis_flip,58.25,11.25,0.19313304721030042,225.0
2023-02-13,1,2023-02-13 09:55:00,2023-02-13 10:30:00,2023-02-13 10:45:00,2023-02-13 10:50:00,14878.5,14808.75,2023-02-13 13:00:00,14929.5,thesis_flip,69.75,50.25,0.7204301075268817,1005.0
2023-02-17,-1,2023-02-17 09:45:00,2023-02-17 10:30:00,2023-02-17 10:40:00,2023-02-17 10:45:00,14728.75,14801.5,2023-02-17 11:45:00,14703.0,thesis_flip,72.75,25.0,0.3436426116838488,500.0
2023-02-20,-1,2023-02-20 10:00:00,2023-02-20 10:30:00,2023-02-20 11:30:00,2023-02-20 11:35:00,14769.5,14780.5,2023-02-20 12:30:00,14772.0,thesis_flip,11.0,-3.25,-0.29545454545454547,-65.0
2023-02-21,-1,2023-02-21 10:10:00,2023-02-21 11:00:00,2023-02-21 11:05:00,2023-02-21 11:10:00,14566.25,14620.75,2023-02-21 12:55:00,14561.0,thesis_flip,54.5,4.5,0.08256880733944955,90.0
2023-02-23,-1,2023-02-23 10:20:00,2023-02-23 10:30:00,2023-02-23 10:45:00,2023-02-23 10:50:00,14509.75,14597.25,2023-02-23 11:05:00,14522.0,thesis_flip,87.5,-13.0,-0.14857142857142858,-260.0
2023-02-24,-1,2023-02-24 09:45:00,2023-02-24 10:25:00,2023-02-24 10:50:00,2023-02-24 10:55:00,14323.0,14390.25,2023-02-24 11:10:00,14337.0,thesis_flip,67.25,-14.75,-0.21933085501858737,-295.0
2023-02-28,1,2023-02-28 10:00:00,2023-02-28 10:15:00,2023-02-28 11:00:00,2023-02-28 11:05:00,14485.75,14438.75,2023-02-28 11:35:00,14482.5,thesis_flip,47.0,-4.0,-0.0851063829787234,-80.0
2023-03-02,1,2023-03-02 09:50:00,2023-03-02 10:05:00,2023-03-02 10:50:00,2023-03-02 10:55:00,14320.5,14265.25,2023-03-02 11:15:00,14299.75,thesis_flip,55.25,-21.5,-0.3891402714932127,-430.0
2023-03-03,1,2023-03-03 09:45:00,2023-03-03 10:30:00,2023-03-03 11:15:00,2023-03-03 11:20:00,14595.75,14523.75,2023-03-03 11:40:00,14581.0,thesis_flip,72.0,-15.5,-0.2152777777777778,-310.0
2023-03-08,1,2023-03-08 10:30:00,2023-03-08 10:55:00,2023-03-08 11:05:00,2023-03-08 11:10:00,14616.0,14563.25,2023-03-08 11:30:00,14593.5,thesis_flip,52.75,-23.25,-0.44075829383886256,-465.0
2023-03-09,1,2023-03-09 09:45:00,2023-03-09 10:20:00,2023-03-09 10:30:00,2023-03-09 10:35:00,14725.5,14675.0,2023-03-09 10:55:00,14720.5,thesis_flip,50.5,-5.75,-0.11386138613861387,-115.0
2023-03-16,1,2023-03-16 09:55:00,2023-03-16 10:15:00,2023-03-16 10:40:00,2023-03-16 10:45:00,14711.5,14630.5,2023-03-16 12:10:00,14882.0,thesis_flip,81.0,169.75,2.095679012345679,3395.0
2023-03-22,1,2023-03-22 10:15:00,2023-03-22 10:55:00,2023-03-22 11:20:00,2023-03-22 11:25:00,15189.5,15148.0,2023-03-22 12:05:00,15189.0,thesis_flip,41.5,-1.25,-0.030120481927710843,-25.0
2023-03-31,1,2023-03-31 09:45:00,2023-03-31 10:00:00,2023-03-31 10:30:00,2023-03-31 10:35:00,15435.5,15397.75,2023-03-31 10:55:00,15439.75,thesis_flip,37.75,3.5,0.09271523178807947,70.0
2023-04-05,-1,2023-04-05 09:45:00,2023-04-05 10:20:00,2023-04-05 10:25:00,2023-04-05 10:30:00,15357.0,15432.5,2023-04-05 11:15:00,15310.5,thesis_flip,75.5,45.75,0.6059602649006622,915.0
2023-04-06,1,2023-04-06 10:05:00,2023-04-06 11:05:00,2023-04-06 11:15:00,2023-04-06 11:20:00,15338.75,15275.25,2023-04-06 12:20:00,15399.75,thesis_flip,63.5,60.25,0.9488188976377953,1205.0
2023-04-10,-1,2023-04-10 09:45:00,2023-04-10 10:00:00,2023-04-10 10:25:00,2023-04-10 10:30:00,15261.75,15287.5,2023-04-10 10:35:00,15287.5,stop,25.75,-26.5,-1.029126213592233,-530.0
2023-04-11,-1,2023-04-11 10:10:00,2023-04-11 10:45:00,2023-04-11 11:25:00,2023-04-11 11:30:00,15342.25,15374.75,2023-04-11 11:55:00,15345.75,thesis_flip,32.5,-4.25,-0.13076923076923078,-85.0
2023-04-25,-1,2023-04-25 09:45:00,2023-04-25 09:55:00,2023-04-25 10:10:00,2023-04-25 10:15:00,15219.75,15269.25,2023-04-25 10:50:00,15232.75,thesis_flip,49.5,-13.75,-0.2777777777777778,-275.0
2023-04-26,1,2023-04-26 09:55:00,2023-04-26 10:10:00,2023-04-26 10:30:00,2023-04-26 10:35:00,15201.5,15164.0,2023-04-26 12:20:00,15257.0,thesis_flip,37.5,54.75,1.46,1095.0
2023-04-27,1,2023-04-27 10:05:00,2023-04-27 10:45:00,2023-04-27 11:10:00,2023-04-27 11:15:00,15378.75,15316.0,2023-04-27 11:40:00,15398.25,thesis_flip,62.75,18.75,0.29880478087649404,375.0
2023-04-28,1,2023-04-28 10:10:00,2023-04-28 10:50:00,2023-04-28 11:15:00,2023-04-28 11:20:00,15487.5,15451.0,2023-04-28 12:20:00,15513.25,thesis_flip,36.5,25.0,0.684931506849315,500.0
2023-05-08,-1,2023-05-08 09:50:00,2023-05-08 10:15:00,2023-05-08 11:25:00,2023-05-08 11:30:00,15557.0,15576.5,2023-05-08 11:45:00,15575.0,thesis_flip,19.5,-18.75,-0.9615384615384616,-375.0
2023-05-09,1,2023-05-09 09:55:00,2023-05-09 10:25:00,2023-05-09 10:35:00,2023-05-09 10:40:00,15564.25,15542.5,2023-05-09 11:10:00,15553.0,thesis_flip,21.75,-12.0,-0.5517241379310345,-240.0
2023-05-12,-1,2023-05-12 09:45:00,2023-05-12 10:05:00,2023-05-12 10:25:00,2023-05-12 10:30:00,15675.5,15732.0,2023-05-12 10:50:00,15677.5,thesis_flip,56.5,-2.75,-0.048672566371681415,-55.0
2023-05-15,-1,2023-05-15 09:50:00,2023-05-15 10:10:00,2023-05-15 10:55:00,2023-05-15 11:00:00,15651.75,15677.25,2023-05-15 11:10:00,15677.25,stop,25.5,-26.25,-1.0294117647058822,-525.0
2023-05-16,1,2023-05-16 10:25:00,2023-05-16 10:50:00,2023-05-16 11:25:00,2023-05-16 11:30:00,15806.25,15747.0,2023-05-16 12:25:00,15803.5,thesis_flip,59.25,-3.5,-0.05907172995780591,-70.0
2023-05-19,-1,2023-05-19 09:45:00,2023-05-19 09:55:00,2023-05-19 10:00:00,2023-05-19 10:05:00,16140.25,16165.25,2023-05-19 10:15:00,16165.25,stop,25.0,-25.75,-1.03,-515.0
2023-05-23,1,2023-05-23 10:05:00,2023-05-23 10:20:00,2023-05-23 10:35:00,2023-05-23 10:40:00,16132.5,16107.0,2023-05-23 10:50:00,16107.0,stop,25.5,-26.25,-1.0294117647058822,-525.0
2023-05-24,-1,2023-05-24 10:00:00,2023-05-24 10:35:00,2023-05-24 10:50:00,2023-05-24 10:55:00,15840.75,15899.75,2023-05-24 11:10:00,15855.5,thesis_flip,59.0,-15.5,-0.2627118644067797,-310.0
2023-05-30,-1,2023-05-30 09:50:00,2023-05-30 11:10:00,2023-05-30 11:15:00,2023-05-30 11:20:00,16708.5,16746.25,2023-05-30 11:40:00,16742.5,thesis_flip,37.75,-34.75,-0.9205298013245033,-695.0
2023-05-31,-1,2023-05-31 10:10:00,2023-05-31 10:25:00,2023-05-31 11:00:00,2023-05-31 11:05:00,16565.25,16603.5,2023-05-31 11:50:00,16555.0,thesis_flip,38.25,9.5,0.24836601307189543,190.0
2023-06-02,-1,2023-06-02 09:45:00,2023-06-02 10:00:00,2023-06-02 11:10:00,2023-06-02 11:15:00,16840.75,16872.75,2023-06-02 12:35:00,16847.5,thesis_flip,32.0,-7.5,-0.234375,-150.0
2023-06-08,1,2023-06-08 10:10:00,2023-06-08 10:25:00,2023-06-08 10:40:00,2023-06-08 10:45:00,16700.5,16658.5,2023-06-08 12:40:00,16760.0,thesis_flip,42.0,58.75,1.3988095238095237,1175.0
2023-06-13,-1,2023-06-13 09:45:00,2023-06-13 10:25:00,2023-06-13 11:30:00,2023-06-13 11:35:00,17154.75,17195.0,2023-06-13 12:15:00,17164.75,thesis_flip,40.25,-10.75,-0.2670807453416149,-215.0
2023-06-14,1,2023-06-14 09:45:00,2023-06-14 10:20:00,2023-06-14 11:05:00,2023-06-14 11:10:00,17248.0,17184.25,2023-06-14 11:45:00,17266.75,thesis_flip,63.75,18.0,0.2823529411764706,360.0
2023-06-15,1,2023-06-15 09:50:00,2023-06-15 10:10:00,2023-06-15 10:25:00,2023-06-15 10:30:00,17349.25,17264.5,2023-06-15 11:50:00,17366.75,thesis_flip,84.75,16.75,0.1976401179941003,335.0
2023-06-19,-1,2023-06-19 10:10:00,2023-06-19 10:25:00,2023-06-19 11:05:00,2023-06-19 11:10:00,17322.5,17333.0,2023-06-19 11:40:00,17326.0,thesis_flip,10.5,-4.25,-0.40476190476190477,-85.0
2023-06-23,-1,2023-06-23 09:45:00,2023-06-23 10:15:00,2023-06-23 10:50:00,2023-06-23 10:55:00,17124.0,17168.25,2023-06-23 11:10:00,17138.75,thesis_flip,44.25,-15.5,-0.3502824858757062,-310.0
2023-06-29,-1,2023-06-29 10:05:00,2023-06-29 10:30:00,2023-06-29 11:30:00,2023-06-29 11:35:00,17197.0,17220.0,2023-06-29 12:00:00,17220.0,stop,23.0,-23.75,-1.0326086956521738,-475.0
2023-07-04,-1,2023-07-04 09:45:00,2023-07-04 10:40:00,2023-07-04 11:10:00,2023-07-04 11:15:00,17431.0,17450.5,2023-07-04 11:35:00,17440.0,thesis_flip,19.5,-9.75,-0.5,-195.0
2023-07-06,-1,2023-07-06 09:50:00,2023-07-06 10:10:00,2023-07-06 10:50:00,2023-07-06 10:55:00,17231.0,17260.75,2023-07-06 11:35:00,17232.5,thesis_flip,29.75,-2.25,-0.07563025210084033,-45.0
2023-07-12,1,2023-07-12 09:45:00,2023-07-12 10:10:00,2023-07-12 10:15:00,2023-07-12 10:20:00,17586.25,17516.5,2023-07-12 10:35:00,17564.25,thesis_flip,69.75,-22.75,-0.32616487455197135,-455.0
2023-07-13,1,2023-07-13 09:50:00,2023-07-13 10:45:00,2023-07-13 11:00:00,2023-07-13 11:05:00,17700.5,17643.25,2023-07-13 13:10:00,17724.75,thesis_flip,57.25,23.5,0.4104803493449782,470.0
2023-07-14,1,2023-07-14 09:50:00,2023-07-14 10:20:00,2023-07-14 11:00:00,2023-07-14 11:05:00,17889.25,17837.25,2023-07-14 12:05:00,17881.5,thesis_flip,52.0,-8.5,-0.16346153846153846,-170.0
2023-07-21,-1,2023-07-21 09:45:00,2023-07-21 10:15:00,2023-07-21 10:20:00,2023-07-21 10:25:00,17675.5,17737.25,2023-07-21 10:50:00,17696.25,thesis_flip,61.75,-21.5,-0.3481781376518219,-430.0
2023-07-24,-1,2023-07-24 09:45:00,2023-07-24 10:40:00,2023-07-24 11:05:00,2023-07-24 11:10:00,17628.0,17677.75,2023-07-24 11:55:00,17642.75,thesis_flip,49.75,-15.5,-0.31155778894472363,-310.0
2023-07-25,1,2023-07-25 09:45:00,2023-07-25 10:15:00,2023-07-25 11:05:00,2023-07-25 11:10:00,17713.0,17688.0,2023-07-25 12:00:00,17753.25,thesis_flip,25.0,39.5,1.58,790.0
2023-07-28,1,2023-07-28 09:45:00,2023-07-28 10:10:00,2023-07-28 10:30:00,2023-07-28 10:35:00,17920.0,17866.25,2023-07-28 10:45:00,17866.25,stop,53.75,-54.5,-1.013953488372093,-1090.0
2023-07-31,-1,2023-07-31 10:30:00,2023-07-31 11:00:00,2023-07-31 11:20:00,2023-07-31 11:25:00,17938.0,17963.75,2023-07-31 11:50:00,17942.5,thesis_flip,25.75,-5.25,-0.20388349514563106,-105.0
2023-08-03,1,2023-08-03 09:45:00,2023-08-03 10:15:00,2023-08-03 10:35:00,2023-08-03 10:40:00,17506.25,17437.5,2023-08-03 10:55:00,17477.5,thesis_flip,68.75,-29.5,-0.4290909090909091,-590.0
2023-08-09,-1,2023-08-09 10:20:00,2023-08-09 10:35:00,2023-08-09 10:50:00,2023-08-09 10:55:00,17309.25,17374.75,2023-08-09 11:35:00,17272.25,thesis_flip,65.5,36.25,0.5534351145038168,725.0
2023-08-14,1,2023-08-14 09:50:00,2023-08-14 10:15:00,2023-08-14 10:30:00,2023-08-14 10:35:00,17262.25,17184.25,2023-08-14 11:10:00,17299.75,thesis_flip,78.0,36.75,0.47115384615384615,735.0
2023-08-16,1,2023-08-16 09:45:00,2023-08-16 10:10:00,2023-08-16 10:15:00,2023-08-16 10:20:00,17220.0,17155.0,2023-08-16 10:50:00,17179.75,thesis_flip,65.0,-41.0,-0.6307692307692307,-820.0
2023-08-17,-1,2023-08-17 09:50:00,2023-08-17 10:15:00,2023-08-17 10:25:00,2023-08-17 10:30:00,16971.25,17027.75,2023-08-17 10:50:00,16976.0,thesis_flip,56.5,-5.5,-0.09734513274336283,-110.0
2023-08-21,1,2023-08-21 09:55:00,2023-08-21 10:35:00,2023-08-21 11:30:00,2023-08-21 11:35:00,16915.0,16877.5,2023-08-21 11:45:00,16877.5,stop,37.5,-38.25,-1.02,-765.0
2023-08-22,-1,2023-08-22 09:50:00,2023-08-22 10:35:00,2023-08-22 11:05:00,2023-08-22 11:10:00,17111.0,17141.0,2023-08-22 12:30:00,17046.75,thesis_flip,30.0,63.5,2.1166666666666667,1270.0
2023-08-24,-1,2023-08-24 09:45:00,2023-08-24 10:00:00,2023-08-24 10:05:00,2023-08-24 10:10:00,17243.0,17318.5,2023-08-24 12:10:00,17056.25,thesis_flip,75.5,186.0,2.4635761589403975,3720.0
2023-08-30,1,2023-08-30 09:50:00,2023-08-30 10:40:00,2023-08-30 10:55:00,2023-08-30 11:00:00,17557.25,17459.0,2023-08-30 12:40:00,17586.5,thesis_flip,98.25,28.5,0.2900763358778626,570.0
2023-08-31,1,2023-08-31 09:55:00,2023-08-31 10:20:00,2023-08-31 10:25:00,2023-08-31 10:30:00,17677.75,17620.75,2023-08-31 10:50:00,17661.0,thesis_flip,57.0,-17.5,-0.30701754385964913,-350.0
2023-09-01,-1,2023-09-01 09:45:00,2023-09-01 10:00:00,2023-09-01 10:30:00,2023-09-01 10:35:00,17614.5,17676.75,2023-09-01 11:20:00,17601.5,thesis_flip,62.25,12.25,0.19678714859437751,245.0
2023-09-08,1,2023-09-08 10:10:00,2023-09-08 10:35:00,2023-09-08 11:10:00,2023-09-08 11:15:00,17420.5,17371.25,2023-09-08 12:00:00,17425.0,thesis_flip,49.25,3.75,0.07614213197969544,75.0
2023-09-20,-1,2023-09-20 10:10:00,2023-09-20 10:40:00,2023-09-20 10:45:00,2023-09-20 10:50:00,17257.75,17281.75,2023-09-20 11:50:00,17246.5,thesis_flip,24.0,10.5,0.4375,210.0
2023-09-21,-1,2023-09-21 09:50:00,2023-09-21 10:30:00,2023-09-21 10:55:00,2023-09-21 11:00:00,16851.5,16908.0,2023-09-21 12:20:00,16833.0,thesis_flip,56.5,17.75,0.3141592920353982,355.0
2023-09-22,1,2023-09-22 09:55:00,2023-09-22 10:05:00,2023-09-22 10:20:00,2023-09-22 10:25:00,16844.75,16801.0,2023-09-22 11:10:00,16882.0,thesis_flip,43.75,36.5,0.8342857142857143,730.0
2023-09-26,-1,2023-09-26 09:45:00,2023-09-26 11:15:00,2023-09-26 11:20:00,2023-09-26 11:25:00,16627.75,16695.0,2023-09-26 11:40:00,16643.5,thesis_flip,67.25,-16.5,-0.24535315985130113,-330.0
2023-09-27,-1,2023-09-27 10:00:00,2023-09-27 10:45:00,2023-09-27 10:50:00,2023-09-27 10:55:00,16586.5,16661.25,2023-09-27 11:10:00,16619.0,thesis_flip,74.75,-33.25,-0.44481605351170567,-665.0
2023-09-28,1,2023-09-28 09:50:00,2023-09-28 10:50:00,2023-09-28 11:20:00,2023-09-28 11:25:00,16706.75,16568.75,2023-09-28 12:50:00,16792.25,thesis_flip,138.0,84.75,0.6141304347826086,1695.0
2023-10-02,1,2023-10-02 10:00:00,2023-10-02 10:25:00,2023-10-02 11:10:00,2023-10-02 11:15:00,16875.0,16795.25,2023-10-02 11:40:00,16883.75,thesis_flip,79.75,8.0,0.10031347962382445,160.0
2023-10-05,-1,2023-10-05 09:45:00,2023-10-05 10:10:00,2023-10-05 10:35:00,2023-10-05 10:40:00,16620.75,16746.75,2023-10-05 11:25:00,16650.75,thesis_flip,126.0,-30.75,-0.24404761904761904,-615.0
2023-10-09,1,2023-10-09 09:45:00,2023-10-09 10:25:00,2023-10-09 11:15:00,2023-10-09 11:20:00,16890.0,16854.25,2023-10-09 12:40:00,16953.5,thesis_flip,35.75,62.75,1.7552447552447552,1255.0
2023-10-11,-1,2023-10-11 10:00:00,2023-10-11 10:15:00,2023-10-11 11:15:00,2023-10-11 11:20:00,17219.0,17272.25,2023-10-11 13:00:00,17193.0,thesis_flip,53.25,25.25,0.47417840375586856,505.0
2023-10-12,1,2023-10-12 10:05:00,2023-10-12 10:35:00,2023-10-12 11:10:00,2023-10-12 11:15:00,17337.0,17285.75,2023-10-12 11:30:00,17307.5,thesis_flip,51.25,-30.25,-0.5902439024390244,-605.0
2023-10-13,-1,2023-10-13 10:10:00,2023-10-13 10:40:00,2023-10-13 10:45:00,2023-10-13 10:50:00,17143.0,17194.75,2023-10-13 11:40:00,17061.0,thesis_flip,51.75,81.25,1.570048309178744,1625.0
2023-10-20,-1,2023-10-20 10:10:00,2023-10-20 10:30:00,2023-10-20 10:40:00,2023-10-20 10:45:00,16619.25,16702.25,2023-10-20 11:40:00,16574.5,thesis_flip,83.0,44.0,0.5301204819277109,880.0
2023-10-23,1,2023-10-23 09:55:00,2023-10-23 10:05:00,2023-10-23 10:10:00,2023-10-23 10:15:00,16546.25,16500.25,2023-10-23 10:35:00,16537.5,thesis_flip,46.0,-9.5,-0.20652173913043478,-190.0
2023-10-25,-1,2023-10-25 09:45:00,2023-10-25 10:00:00,2023-10-25 10:50:00,2023-10-25 10:55:00,16515.75,16567.75,2023-10-25 11:00:00,16567.75,stop,52.0,-52.75,-1.0144230769230769,-1055.0
2023-10-27,-1,2023-10-27 09:45:00,2023-10-27 10:20:00,2023-10-27 10:35:00,2023-10-27 10:40:00,16193.25,16258.75,2023-10-27 10:55:00,16211.0,thesis_flip,65.5,-18.5,-0.2824427480916031,-370.0
2023-11-03,1,2023-11-03 09:45:00,2023-11-03 10:30:00,2023-11-03 10:55:00,2023-11-03 11:00:00,17000.75,16940.75,2023-11-03 12:50:00,17070.0,thesis_flip,60.0,68.5,1.1416666666666666,1370.0
2023-11-07,1,2023-11-07 09:55:00,2023-11-07 10:15:00,2023-11-07 10:20:00,2023-11-07 10:25:00,17207.0,17162.0,2023-11-07 11:20:00,17263.25,thesis_flip,45.0,55.5,1.2333333333333334,1110.0
2023-11-14,1,2023-11-14 09:55:00,2023-11-14 10:15:00,2023-11-14 10:25:00,2023-11-14 10:30:00,17772.5,17737.25,2023-11-14 11:00:00,17756.75,thesis_flip,35.25,-16.5,-0.46808510638297873,-330.0
2023-11-22,-1,2023-11-22 09:50:00,2023-11-22 10:10:00,2023-11-22 10:45:00,2023-11-22 10:50:00,17956.25,17988.75,2023-11-22 11:35:00,17958.5,thesis_flip,32.5,-3.0,-0.09230769230769231,-60.0
2023-11-27,1,2023-11-27 10:05:00,2023-11-27 11:00:00,2023-11-27 11:25:00,2023-11-27 11:30:00,17917.25,17887.75,2023-11-27 13:20:00,17964.75,thesis_flip,29.5,46.75,1.5847457627118644,935.0
2023-11-30,-1,2023-11-30 10:00:00,2023-11-30 10:30:00,2023-11-30 10:35:00,2023-11-30 10:40:00,17803.0,17888.25,2023-11-30 11:00:00,17808.5,thesis_flip,85.25,-6.25,-0.07331378299120235,-125.0
2023-12-04,-1,2023-12-04 10:10:00,2023-12-04 10:35:00,2023-12-04 10:50:00,2023-12-04 10:55:00,17613.5,17723.5,2023-12-04 11:15:00,17636.75,thesis_flip,110.0,-24.0,-0.21818181818181817,-480.0
2023-12-05,1,2023-12-05 09:50:00,2023-12-05 10:05:00,2023-12-05 10:35:00,2023-12-05 10:40:00,17809.5,17737.25,2023-12-05 11:15:00,17808.75,thesis_flip,72.25,-1.5,-0.020761245674740483,-30.0
2023-12-06,-1,2023-12-06 10:00:00,2023-12-06 10:10:00,2023-12-06 10:20:00,2023-12-06 10:25:00,17782.75,17862.5,2023-12-06 11:55:00,17785.5,thesis_flip,79.75,-3.5,-0.0438871473354232,-70.0
2023-12-07,1,2023-12-07 10:20:00,2023-12-07 10:40:00,2023-12-07 11:30:00,2023-12-07 11:35:00,17888.0,17820.0,2023-12-07 12:40:00,17930.5,thesis_flip,68.0,41.75,0.6139705882352942,835.0
2023-12-11,1,2023-12-11 10:05:00,2023-12-11 10:40:00,2023-12-11 10:45:00,2023-12-11 10:50:00,18075.5,18024.25,2023-12-11 11:10:00,18043.5,thesis_flip,51.25,-32.75,-0.6390243902439025,-655.0
2023-12-18,1,2023-12-18 09:55:00,2023-12-18 10:35:00,2023-12-18 11:10:00,2023-12-18 11:15:00,18557.5,18532.5,2023-12-18 12:45:00,18602.5,thesis_flip,25.0,44.25,1.77,885.0
2023-12-19,1,2023-12-19 10:30:00,2023-12-19 10:45:00,2023-12-19 10:50:00,2023-12-19 10:55:00,18674.25,18642.0,2023-12-19 11:25:00,18669.75,thesis_flip,32.25,-5.25,-0.16279069767441862,-105.0
2023-12-21,-1,2023-12-21 09:55:00,2023-12-21 10:30:00,2023-12-21 10:50:00,2023-12-21 10:55:00,18543.75,18610.0,2023-12-21 11:30:00,18575.0,thesis_flip,66.25,-32.0,-0.4830188679245283,-640.0
2024-01-02,-1,2024-01-02 09:45:00,2024-01-02 10:20:00,2024-01-02 10:25:00,2024-01-02 10:30:00,18400.25,18465.75,2024-01-02 11:05:00,18407.0,thesis_flip,65.5,-7.5,-0.11450381679389313,-150.0
2024-01-03,-1,2024-01-03 10:10:00,2024-01-03 10:30:00,2024-01-03 10:35:00,2024-01-03 10:40:00,18224.25,18267.0,2024-01-03 10:55:00,18267.0,stop,42.75,-43.5,-1.0175438596491229,-870.0
2024-01-04,1,2024-01-04 10:05:00,2024-01-04 10:30:00,2024-01-04 10:45:00,2024-01-04 10:50:00,18212.0,18172.75,2024-01-04 11:30:00,18242.5,thesis_flip,39.25,29.75,0.7579617834394905,595.0
2024-01-09,1,2024-01-09 10:05:00,2024-01-09 10:40:00,2024-01-09 11:00:00,2024-01-09 11:05:00,18434.25,18388.75,2024-01-09 12:20:00,18494.5,thesis_flip,45.5,59.5,1.3076923076923077,1190.0
2024-01-12,-1,2024-01-12 10:00:00,2024-01-12 10:20:00,2024-01-12 10:45:00,2024-01-12 10:50:00,18610.0,18682.75,2024-01-12 11:10:00,18653.0,thesis_flip,72.75,-43.75,-0.6013745704467354,-875.0
2024-01-15,-1,2024-01-15 09:45:00,2024-01-15 10:05:00,2024-01-15 10:10:00,2024-01-15 10:15:00,18617.25,18633.5,2024-01-15 10:25:00,18633.5,stop,16.25,-17.0,-1.0461538461538462,-340.0
2024-01-16,1,2024-01-16 10:15:00,2024-01-16 11:15:00,2024-01-16 11:20:00,2024-01-16 11:25:00,18691.5,18612.0,2024-01-16 11:55:00,18633.0,thesis_flip,79.5,-59.25,-0.7452830188679245,-1185.0
2024-01-19,1,2024-01-19 09:50:00,2024-01-19 10:20:00,2024-01-19 10:40:00,2024-01-19 10:45:00,18903.25,18845.75,2024-01-19 11:35:00,18924.75,thesis_flip,57.5,20.75,0.36086956521739133,415.0
2024-02-01,1,2024-02-01 10:05:00,2024-02-01 10:15:00,2024-02-01 10:25:00,2024-02-01 10:30:00,19045.0,18989.25,2024-02-01 10:45:00,19020.5,thesis_flip,55.75,-25.25,-0.452914798206278,-505.0
2024-02-02,1,2024-02-02 09:55:00,2024-02-02 10:25:00,2024-02-02 10:40:00,2024-02-02 10:45:00,19330.5,19225.25,2024-02-02 11:05:00,19292.75,thesis_flip,105.25,-38.5,-0.3657957244655582,-770.0
2024-02-08,1,2024-02-08 10:15:00,2024-02-08 10:35:00,2024-02-08 10:45:00,2024-02-08 10:50:00,19554.75,19500.75,2024-02-08 11:30:00,19540.25,thesis_flip,54.0,-15.25,-0.2824074074074074,-305.0
2024-02-13,1,2024-02-13 09:50:00,2024-02-13 10:10:00,2024-02-13 10:20:00,2024-02-13 10:25:00,19381.5,19307.75,2024-02-13 11:00:00,19403.5,thesis_flip,73.75,21.25,0.288135593220339,425.0
2024-02-15,-1,2024-02-15 09:50:00,2024-02-15 10:15:00,2024-02-15 10:25:00,2024-02-15 10:30:00,19495.75,19540.25,2024-02-15 10:50:00,19523.25,thesis_flip,44.5,-28.25,-0.6348314606741573,-565.0
2024-02-19,-1,2024-02-19 10:15:00,2024-02-19 10:45:00,2024-02-19 11:05:00,2024-02-19 11:10:00,19452.0,19465.25,2024-02-19 12:00:00,19461.0,thesis_flip,13.25,-9.75,-0.7358490566037735,-195.0
2024-02-21,1,2024-02-21 10:00:00,2024-02-21 10:10:00,2024-02-21 11:05:00,2024-02-21 11:10:00,19173.0,19131.0,2024-02-21 11:30:00,19167.25,thesis_flip,42.0,-6.5,-0.15476190476190477,-130.0
2024-02-22,1,2024-02-22 09:45:00,2024-02-22 10:00:00,2024-02-22 10:25:00,2024-02-22 10:30:00,19634.25,19568.25,2024-02-22 10:45:00,19610.5,thesis_flip,66.0,-24.5,-0.3712121212121212,-490.0
2024-02-26,-1,2024-02-26 09:55:00,2024-02-26 10:30:00,2024-02-26 10:55:00,2024-02-26 11:00:00,19694.5,19718.25,2024-02-26 11:40:00,19711.25,thesis_flip,23.75,-17.5,-0.7368421052631579,-350.0
2024-02-28,-1,2024-02-28 09:50:00,2024-02-28 10:15:00,2024-02-28 10:20:00,2024-02-28 10:25:00,19577.75,19600.5,2024-02-28 10:35:00,19600.5,stop,22.75,-23.5,-1.032967032967033,-470.0
2024-02-29,-1,2024-02-29 10:10:00,2024-02-29 10:25:00,2024-02-29 10:40:00,2024-02-29 10:45:00,19684.25,19714.25,2024-02-29 10:45:00,19714.25,stop,30.0,-30.75,-1.025,-615.0
2024-03-01,1,2024-03-01 10:05:00,2024-03-01 10:55:00,2024-03-01 11:00:00,2024-03-01 11:05:00,19893.0,19820.5,2024-03-01 11:35:00,19895.5,thesis_flip,72.5,1.75,0.02413793103448276,35.0
2024-03-05,-1,2024-03-05 09:55:00,2024-03-05 10:10:00,2024-03-05 10:15:00,2024-03-05 10:20:00,19652.25,19760.5,2024-03-05 11:25:00,19637.25,thesis_flip,108.25,14.25,0.13163972286374134,285.0
2024-03-06,-1,2024-03-06 09:50:00,2024-03-06 10:20:00,2024-03-06 11:30:00,2024-03-06 11:35:00,19751.25,19785.0,2024-03-06 11:50:00,19785.0,stop,33.75,-34.5,-1.0222222222222221,-690.0
2024-03-13,-1,2024-03-13 09:45:00,2024-03-13 10:55:00,2024-03-13 11:25:00,2024-03-13 11:30:00,19750.5,19813.75,2024-03-13 11:55:00,19753.5,thesis_flip,63.25,-3.75,-0.05928853754940711,-75.0
2024-03-14,-1,2024-03-14 09:45:00,2024-03-14 10:35:00,2024-03-14 10:40:00,2024-03-14 10:45:00,19716.25,19768.0,2024-03-14 11:05:00,19741.25,thesis_flip,51.75,-25.75,-0.4975845410628019,-515.0
2024-03-21,-1,2024-03-21 09:45:00,2024-03-21 10:00:00,2024-03-21 10:30:00,2024-03-21 10:35:00,20065.5,20113.5,2024-03-21 10:50:00,20094.75,thesis_flip,48.0,-30.0,-0.625,-600.0
2024-03-22,1,2024-03-22 10:00:00,2024-03-22 10:50:00,2024-03-22 11:00:00,2024-03-22 11:05:00,19960.5,19928.5,2024-03-22 11:40:00,19967.75,thesis_flip,32.0,6.5,0.203125,130.0
2024-03-25,1,2024-03-25 09:50:00,2024-03-25 10:25:00,2024-03-25 10:55:00,2024-03-25 11:00:00,19948.0,19892.75,2024-03-25 12:05:00,19949.5,thesis_flip,55.25,0.75,0.013574660633484163,15.0
2024-04-02,-1,2024-04-02 10:10:00,2024-04-02 10:30:00,2024-04-02 10:45:00,2024-04-02 10:50:00,19648.75,19678.5,2024-04-02 11:10:00,19661.0,thesis_flip,29.75,-13.0,-0.4369747899159664,-260.0
2024-04-04,-1,2024-04-04 09:50:00,2024-04-04 10:05:00,2024-04-04 10:50:00,2024-04-04 10:55:00,19920.25,19957.5,2024-04-04 11:30:00,19928.0,thesis_flip,37.25,-8.5,-0.22818791946308725,-170.0
2024-04-05,1,2024-04-05 09:50:00,2024-04-05 10:15:00,2024-04-05 10:45:00,2024-04-05 10:50:00,19693.25,19600.5,2024-04-05 11:15:00,19697.0,thesis_flip,92.75,3.0,0.03234501347708895,60.0
2024-04-11,-1,2024-04-11 10:10:00,2024-04-11 10:35:00,2024-04-11 10:55:00,2024-04-11 11:00:00,19663.75,19690.25,2024-04-11 11:00:00,19690.25,stop,26.5,-27.25,-1.028301886792453,-545.0
2024-04-15,-1,2024-04-15 10:05:00,2024-04-15 10:25:00,2024-04-15 10:50:00,2024-04-15 10:55:00,19606.25,19687.0,2024-04-15 11:30:00,19621.25,thesis_flip,80.75,-15.75,-0.19504643962848298,-315.0
2024-04-16,1,2024-04-16 09:55:00,2024-04-16 10:50:00,2024-04-16 11:05:00,2024-04-16 11:10:00,19318.0,19260.5,2024-04-16 11:40:00,19310.5,thesis_flip,57.5,-8.25,-0.14347826086956522,-165.0
2024-04-17,-1,2024-04-17 09:45:00,2024-04-17 09:55:00,2024-04-17 10:00:00,2024-04-17 10:05:00,19272.0,19341.25,2024-04-17 10:30:00,19275.5,thesis_flip,69.25,-4.25,-0.061371841155234655,-85.0
2024-04-23,1,2024-04-23 09:45:00,2024-04-23 10:10:00,2024-04-23 10:25:00,2024-04-23 10:30:00,18991.5,18881.25,2024-04-23 10:50:00,18991.5,thesis_flip,110.25,-0.75,-0.006802721088435374,-15.0
2024-04-25,1,2024-04-25 10:10:00,2024-04-25 11:05:00,2024-04-25 11:25:00,2024-04-25 11:30:00,18832.75,18767.75,2024-04-25 11:50:00,18797.5,thesis_flip,65.0,-36.0,-0.5538461538461539,-720.0
2024-05-01,-1,2024-05-01 10:00:00,2024-05-01 10:15:00,2024-05-01 11:05:00,2024-05-01 11:10:00,18879.0,18932.25,2024-05-01 11:35:00,18888.0,thesis_flip,53.25,-9.75,-0.18309859154929578,-195.0
2024-05-02,-1,2024-05-02 09:45:00,2024-05-02 10:45:00,2024-05-02 11:25:00,2024-05-02 11:30:00,18946.75,18988.25,2024-05-02 11:55:00,18982.0,thesis_flip,41.5,-36.0,-0.8674698795180723,-720.0
2024-05-03,1,2024-05-03 09:45:00,2024-05-03 10:30:00,2024-05-03 10:40:00,2024-05-03 10:45:00,19408.75,19319.75,2024-05-03 11:00:00,19351.5,thesis_flip,89.0,-58.0,-0.651685393258427,-1160.0
2024-05-06,1,2024-05-06 09:55:00,2024-05-06 10:25:00,2024-05-06 11:30:00,2024-05-06 11:35:00,19529.75,19504.25,2024-05-06 12:05:00,19527.5,thesis_flip,25.5,-3.0,-0.11764705882352941,-60.0
2024-05-07,-1,2024-05-07 09:55:00,2024-05-07 10:05:00,2024-05-07 10:20:00,2024-05-07 10:25:00,19615.25,19650.25,2024-05-07 10:40:00,19626.75,thesis_flip,35.0,-12.25,-0.35,-245.0
2024-05-13,-1,2024-05-13 09:45:00,2024-05-13 10:05:00,2024-05-13 11:25:00,2024-05-13 11:30:00,19705.5,19737.5,2024-05-13 11:55:00,19721.5,thesis_flip,32.0,-16.75,-0.5234375,-335.0
2024-05-14,1,2024-05-14 10:20:00,2024-05-14 10:45:00,2024-05-14 10:55:00,2024-05-14 11:00:00,19765.0,19709.25,2024-05-14 11:35:00,19758.75,thesis_flip,55.75,-7.0,-0.12556053811659193,-140.0
2024-05-16,1,2024-05-16 09:45:00,2024-05-16 09:55:00,2024-05-16 10:20:00,2024-05-16 10:25:00,20144.25,20099.75,2024-05-16 11:15:00,20164.0,thesis_flip,44.5,19.0,0.42696629213483145,380.0
2024-05-21,1,2024-05-21 09:50:00,2024-05-21 10:05:00,2024-05-21 10:25:00,2024-05-21 10:30:00,20156.75,20127.75,2024-05-21 11:35:00,20173.25,thesis_flip,29.0,15.75,0.5431034482758621,315.0
2024-05-23,-1,2024-05-23 09:50:00,2024-05-23 10:35:00,2024-05-23 10:45:00,2024-05-23 10:50:00,20291.75,20341.5,2024-05-23 11:10:00,20313.75,thesis_flip,49.75,-22.75,-0.457286432160804,-455.0
2024-05-24,1,2024-05-24 10:00:00,2024-05-24 10:30:00,2024-05-24 10:45:00,2024-05-24 10:50:00,20268.5,20201.0,2024-05-24 11:30:00,20326.75,thesis_flip,67.5,57.5,0.8518518518518519,1150.0
2024-05-28,-1,2024-05-28 09:45:00,2024-05-28 10:20:00,2024-05-28 11:00:00,2024-05-28 11:05:00,20330.25,20355.75,2024-05-28 11:25:00,20352.75,thesis_flip,25.5,-23.25,-0.9117647058823529,-465.0
2024-05-29,1,2024-05-29 09:50:00,2024-05-29 10:25:00,2024-05-29 10:30:00,2024-05-29 10:35:00,20293.75,20236.5,2024-05-29 11:10:00,20261.75,thesis_flip,57.25,-32.75,-0.5720524017467249,-655.0
2024-06-03,-1,2024-06-03 09:50:00,2024-06-03 10:10:00,2024-06-03 10:35:00,2024-06-03 10:40:00,20084.75,20154.75,2024-06-03 11:10:00,20022.0,thesis_flip,70.0,62.0,0.8857142857142857,1240.0
2024-06-06,-1,2024-06-06 09:45:00,2024-06-06 11:00:00,2024-06-06 11:20:00,2024-06-06 11:25:00,20492.75,20532.5,2024-06-06 13:05:00,20501.25,thesis_flip,39.75,-9.25,-0.23270440251572327,-185.0
2024-06-07,1,2024-06-07 09:50:00,2024-06-07 10:10:00,2024-06-07 10:35:00,2024-06-07 10:40:00,20499.0,20444.0,2024-06-07 11:00:00,20502.25,thesis_flip,55.0,2.5,0.045454545454545456,50.0
2024-06-10,1,2024-06-10 10:25:00,2024-06-10 11:00:00,2024-06-10 11:05:00,2024-06-10 11:10:00,20506.75,20448.25,2024-06-10 12:50:00,20527.0,thesis_flip,58.5,19.5,0.3333333333333333,390.0
2024-06-12,1,2024-06-12 09:45:00,2024-06-12 10:50:00,2024-06-12 11:05:00,2024-06-12 11:10:00,20951.25,20906.0,2024-06-12 11:45:00,20944.0,thesis_flip,45.25,-8.0,-0.17679558011049723,-160.0
2024-06-14,1,2024-06-14 09:45:00,2024-06-14 10:25:00,2024-06-14 10:45:00,2024-06-14 10:50:00,21044.0,20999.0,2024-06-14 11:10:00,21025.25,thesis_flip,45.0,-19.5,-0.43333333333333335,-390.0
2024-06-18,-1,2024-06-18 09:45:00,2024-06-18 10:00:00,2024-06-18 10:15:00,2024-06-18 10:20:00,21343.25,21377.25,2024-06-18 10:35:00,21357.75,thesis_flip,34.0,-15.25,-0.4485294117647059,-305.0
2024-06-20,-1,2024-06-20 10:05:00,2024-06-20 10:40:00,2024-06-20 11:15:00,2024-06-20 11:20:00,21361.25,21392.75,2024-06-20 14:00:00,21197.25,thesis_flip,31.5,163.25,5.182539682539683,3265.0
2024-06-26,1,2024-06-26 09:45:00,2024-06-26 10:35:00,2024-06-26 11:20:00,2024-06-26 11:25:00,21137.5,21076.0,2024-06-26 12:40:00,21150.0,thesis_flip,61.5,11.75,0.1910569105691057,235.0
2024-07-01,-1,2024-07-01 09:45:00,2024-07-01 10:05:00,2024-07-01 10:10:00,2024-07-01 10:15:00,20984.75,21096.75,2024-07-01 10:20:00,21096.75,stop,112.0,-112.75,-1.0066964285714286,-2255.0
2024-07-03,1,2024-07-03 09:45:00,2024-07-03 10:15:00,2024-07-03 10:40:00,2024-07-03 10:45:00,21463.75,21399.5,2024-07-03 11:35:00,21494.5,thesis_flip,64.25,30.0,0.4669260700389105,600.0
2024-07-05,1,2024-07-05 09:55:00,2024-07-05 10:25:00,2024-07-05 11:10:00,2024-07-05 11:15:00,21727.0,21626.25,2024-07-05 12:10:00,21753.0,thesis_flip,100.75,25.25,0.2506203473945409,505.0
2024-07-09,-1,2024-07-09 10:20:00,2024-07-09 10:40:00,2024-07-09 11:20:00,2024-07-09 11:25:00,21848.5,21906.0,2024-07-09 11:50:00,21866.0,thesis_flip,57.5,-18.25,-0.3173913043478261,-365.0
2024-07-11,-1,2024-07-11 09:50:00,2024-07-11 10:00:00,2024-07-11 10:05:00,2024-07-11 10:10:00,21979.0,22036.0,2024-07-11 12:10:00,21677.25,thesis_flip,57.0,301.0,5.280701754385965,6020.0
2024-07-15,1,2024-07-15 10:20:00,2024-07-15 10:55:00,2024-07-15 11:00:00,2024-07-15 11:05:00,21911.75,21825.25,2024-07-15 11:30:00,21897.5,thesis_flip,86.5,-15.0,-0.17341040462427745,-300.0
2024-07-16,-1,2024-07-16 09:45:00,2024-07-16 10:15:00,2024-07-16 11:30:00,2024-07-16 11:35:00,21698.0,21799.75,2024-07-16 11:55:00,21730.0,thesis_flip,101.75,-32.75,-0.32186732186732187,-655.0
2024-07-17,-1,2024-07-17 09:55:00,2024-07-17 10:30:00,2024-07-17 10:45:00,2024-07-17 10:50:00,21289.75,21376.75,2024-07-17 12:55:00,21211.25,thesis_flip,87.0,77.75,0.8936781609195402,1555.0
2024-07-18,-1,2024-07-18 09:50:00,2024-07-18 10:20:00,2024-07-18 10:25:00,2024-07-18 10:30:00,21210.75,21271.0,2024-07-18 10:55:00,21167.75,thesis_flip,60.25,42.25,0.7012448132780082,845.0
2024-07-19,-1,2024-07-19 10:25:00,2024-07-19 10:55:00,2024-07-19 11:05:00,2024-07-19 11:10:00,20974.75,21039.25,2024-07-19 11:50:00,20926.25,thesis_flip,64.5,47.75,0.7403100775193798,955.0
2024-07-22,1,2024-07-22 09:45:00,2024-07-22 10:15:00,2024-07-22 10:35:00,2024-07-22 10:40:00,21169.25,21059.0,2024-07-22 10:55:00,21128.75,thesis_flip,110.25,-41.25,-0.3741496598639456,-825.0
2024-07-26,-1,2024-07-26 09:45:00,2024-07-26 10:10:00,2024-07-26 10:30:00,2024-07-26 10:35:00,20228.5,20356.25,2024-07-26 11:00:00,20291.75,thesis_flip,127.75,-64.0,-0.5009784735812133,-1280.0
2024-07-31,1,2024-07-31 10:05:00,2024-07-31 10:20:00,2024-07-31 10:30:00,2024-07-31 10:35:00,20638.5,20577.5,2024-07-31 10:50:00,20577.5,stop,61.0,-61.75,-1.0122950819672132,-1235.0
2024-08-05,1,2024-08-05 09:45:00,2024-08-05 10:05:00,2024-08-05 10:50:00,2024-08-05 10:55:00,19214.25,19014.75,2024-08-05 11:30:00,19267.25,thesis_flip,199.5,52.25,0.2619047619047619,1045.0
2024-08-06,1,2024-08-06 10:10:00,2024-08-06 10:25:00,2024-08-06 10:35:00,2024-08-06 10:40:00,19386.75,19291.5,2024-08-06 11:15:00,19426.25,thesis_flip,95.25,38.75,0.4068241469816273,775.0
2024-08-07,-1,2024-08-07 10:25:00,2024-08-07 11:00:00,2024-08-07 11:20:00,2024-08-07 11:25:00,19618.5,19712.75,2024-08-07 12:25:00,19558.5,thesis_flip,94.25,59.25,0.6286472148541115,1185.0
2024-08-08,1,2024-08-08 10:00:00,2024-08-08 10:40:00,2024-08-08 10:45:00,2024-08-08 10:50:00,19590.25,19395.25,2024-08-08 11:15:00,19500.5,thesis_flip,195.0,-90.5,-0.4641025641025641,-1810.0
2024-08-13,1,2024-08-13 09:45:00,2024-08-13 10:50:00,2024-08-13 11:00:00,2024-08-13 11:05:00,20120.5,20020.0,2024-08-13 13:25:00,20229.5,thesis_flip,100.5,108.25,1.0771144278606966,2165.0
2024-08-14,-1,2024-08-14 09:50:00,2024-08-14 10:15:00,2024-08-14 10:30:00,2024-08-14 10:35:00,20097.5,20219.0,2024-08-14 10:50:00,20196.5,thesis_flip,121.5,-99.75,-0.8209876543209876,-1995.0
2024-08-21,1,2024-08-21 09:50:00,2024-08-21 10:20:00,2024-08-21 10:35:00,2024-08-21 10:40:00,21095.5,21004.75,2024-08-21 10:50:00,21004.75,stop,90.75,-91.5,-1.0082644628099173,-1830.0
2024-08-27,1,2024-08-27 09:50:00,2024-08-27 10:45:00,2024-08-27 10:55:00,2024-08-27 11:00:00,20833.5,20691.5,2024-08-27 11:20:00,20819.5,thesis_flip,142.0,-14.75,-0.10387323943661972,-295.0
2024-08-28,-1,2024-08-28 09:45:00,2024-08-28 10:50:00,2024-08-28 11:00:00,2024-08-28 11:05:00,20592.0,20757.25,2024-08-28 11:30:00,20550.25,thesis_flip,165.25,41.0,0.2481089258698941,820.0
2024-08-29,1,2024-08-29 09:45:00,2024-08-29 10:00:00,2024-08-29 10:45:00,2024-08-29 10:50:00,20844.75,20694.75,2024-08-29 11:25:00,20787.0,thesis_flip,150.0,-58.5,-0.39,-1170.0
2024-09-03,-1,2024-09-03 09:50:00,2024-09-03 10:05:00,2024-09-03 10:10:00,2024-09-03 10:15:00,20456.5,20550.0,2024-09-03 11:05:00,20366.75,thesis_flip,93.5,89.0,0.9518716577540107,1780.0
2024-09-04,1,2024-09-04 09:45:00,2024-09-04 10:10:00,2024-09-04 10:25:00,2024-09-04 10:30:00,20156.5,20002.25,2024-09-04 11:15:00,20221.25,thesis_flip,154.25,64.0,0.41491085899513774,1280.0
2024-09-05,1,2024-09-05 09:50:00,2024-09-05 10:10:00,2024-09-05 10:20:00,2024-09-05 10:25:00,20293.5,20185.0,2024-09-05 10:45:00,20235.5,thesis_flip,108.5,-58.75,-0.5414746543778802,-1175.0
2024-09-10,-1,2024-09-10 10:10:00,2024-09-10 10:35:00,2024-09-10 10:40:00,2024-09-10 10:45:00,19884.0,19953.25,2024-09-10 11:15:00,19906.0,thesis_flip,69.25,-22.75,-0.3285198555956679,-455.0
2024-09-18,-1,2024-09-18 10:15:00,2024-09-18 10:35:00,2024-09-18 11:05:00,2024-09-18 11:10:00,20614.25,20659.0,2024-09-18 12:15:00,20569.75,thesis_flip,44.75,43.75,0.9776536312849162,875.0
2024-09-19,1,2024-09-19 10:15:00,2024-09-19 10:50:00,2024-09-19 11:15:00,2024-09-19 11:20:00,21057.5,20983.5,2024-09-19 11:55:00,21040.5,thesis_flip,74.0,-17.75,-0.23986486486486486,-355.0
2024-09-23,1,2024-09-23 09:45:00,2024-09-23 09:55:00,2024-09-23 10:40:00,2024-09-23 10:45:00,21039.0,20978.5,2024-09-23 11:05:00,21006.5,thesis_flip,60.5,-33.25,-0.5495867768595041,-665.0
2024-09-27,-1,2024-09-27 10:15:00,2024-09-27 10:35:00,2024-09-27 11:05:00,2024-09-27 11:10:00,21216.0,21274.0,2024-09-27 11:45:00,21214.75,thesis_flip,58.0,0.5,0.008620689655172414,10.0
2024-10-01,-1,2024-10-01 09:45:00,2024-10-01 10:20:00,2024-10-01 10:25:00,2024-10-01 10:30:00,20840.75,21012.75,2024-10-01 10:45:00,20881.25,thesis_flip,172.0,-41.25,-0.23982558139534885,-825.0
2024-10-02,1,2024-10-02 10:15:00,2024-10-02 10:30:00,2024-10-02 10:45:00,2024-10-02 10:50:00,20986.0,20881.0,2024-10-02 11:55:00,20980.75,thesis_flip,105.0,-6.0,-0.05714285714285714,-120.0
2024-10-03,1,2024-10-03 09:50:00,2024-10-03 10:45:00,2024-10-03 10:50:00,2024-10-03 10:55:00,20952.75,20847.0,2024-10-03 12:05:00,20959.75,thesis_flip,105.75,6.25,0.0591016548463357,125.0
2024-10-11,1,2024-10-11 09:45:00,2024-10-11 10:15:00,2024-10-11 11:00:00,2024-10-11 11:05:00,21383.0,21260.0,2024-10-11 11:20:00,21345.0,thesis_flip,123.0,-38.75,-0.3150406504065041,-775.0
2024-10-14,1,2024-10-14 09:45:00,2024-10-14 10:30:00,2024-10-14 11:10:00,2024-10-14 11:15:00,21513.0,21462.0,2024-10-14 11:30:00,21480.5,thesis_flip,51.0,-33.25,-0.6519607843137255,-665.0
2024-10-21,1,2024-10-21 09:45:00,2024-10-21 09:55:00,2024-10-21 10:05:00,2024-10-21 10:10:00,21461.75,21406.75,2024-10-21 10:30:00,21442.5,thesis_flip,55.0,-20.0,-0.36363636363636365,-400.0
2024-10-23,-1,2024-10-23 10:00:00,2024-10-23 10:40:00,2024-10-23 10:50:00,2024-10-23 10:55:00,21342.0,21392.25,2024-10-23 11:45:00,21273.0,thesis_flip,50.25,68.25,1.3582089552238805,1365.0
2024-10-24,-1,2024-10-24 09:45:00,2024-10-24 10:20:00,2024-10-24 10:25:00,2024-10-24 10:30:00,21250.25,21313.0,2024-10-24 11:10:00,21271.75,thesis_flip,62.75,-22.25,-0.3545816733067729,-445.0
2024-10-28,-1,2024-10-28 09:50:00,2024-10-28 10:20:00,2024-10-28 10:30:00,2024-10-28 10:35:00,21505.5,21545.5,2024-10-28 10:40:00,21545.5,stop,40.0,-40.75,-1.01875,-815.0
2024-10-30,1,2024-10-30 10:15:00,2024-10-30 10:25:00,2024-10-30 11:20:00,2024-10-30 11:25:00,21585.0,21542.25,2024-10-30 12:10:00,21592.75,thesis_flip,42.75,7.0,0.16374269005847952,140.0
2024-11-01,1,2024-11-01 09:55:00,2024-11-01 10:20:00,2024-11-01 10:25:00,2024-11-01 10:30:00,21205.25,21066.75,2024-11-01 10:45:00,21131.25,thesis_flip,138.5,-74.75,-0.5397111913357401,-1495.0
2024-11-05,1,2024-11-05 09:45:00,2024-11-05 11:25:00,2024-11-05 11:30:00,2024-11-05 11:35:00,21264.5,21167.0,2024-11-05 12:30:00,21285.0,thesis_flip,97.5,19.75,0.20256410256410257,395.0
2024-11-07,1,2024-11-07 09:55:00,2024-11-07 10:10:00,2024-11-07 10:45:00,2024-11-07 10:50:00,22085.25,22021.0,2024-11-07 12:05:00,22106.0,thesis_flip,64.25,20.0,0.311284046692607,400.0
2024-11-08,-1,2024-11-08 10:05:00,2024-11-08 10:25:00,2024-11-08 11:00:00,2024-11-08 11:05:00,22117.0,22146.0,2024-11-08 11:25:00,22146.0,stop,29.0,-29.75,-1.0258620689655173,-595.0
2024-11-14,-1,2024-11-14 10:15:00,2024-11-14 10:45:00,2024-11-14 10:55:00,2024-11-14 11:00:00,22025.0,22072.75,2024-11-14 11:40:00,22057.25,thesis_flip,47.75,-33.0,-0.6910994764397905,-660.0
2024-11-18,1,2024-11-18 10:00:00,2024-11-18 10:10:00,2024-11-18 10:15:00,2024-11-18 10:20:00,21545.25,21502.5,2024-11-18 11:50:00,21611.0,thesis_flip,42.75,65.0,1.5204678362573099,1300.0
2024-11-19,1,2024-11-19 10:25:00,2024-11-19 10:40:00,2024-11-19 10:45:00,2024-11-19 10:50:00,21573.25,21517.0,2024-11-19 11:55:00,21598.75,thesis_flip,56.25,24.75,0.44,495.0
2024-11-20,-1,2024-11-20 09:55:00,2024-11-20 10:50:00,2024-11-20 11:10:00,2024-11-20 11:15:00,21523.75,21579.5,2024-11-20 11:40:00,21536.75,thesis_flip,55.75,-13.75,-0.24663677130044842,-275.0
2024-11-22,-1,2024-11-22 10:25:00,2024-11-22 10:50:00,2024-11-22 11:05:00,2024-11-22 11:10:00,21743.75,21786.5,2024-11-22 11:40:00,21738.5,thesis_flip,42.75,4.5,0.10526315789473684,90.0
2024-11-25,-1,2024-11-25 09:50:00,2024-11-25 10:05:00,2024-11-25 10:30:00,2024-11-25 10:35:00,21814.25,21893.0,2024-11-25 11:20:00,21866.5,thesis_flip,78.75,-53.0,-0.6730158730158731,-1060.0
2024-11-27,-1,2024-11-27 09:50:00,2024-11-27 10:00:00,2024-11-27 10:10:00,2024-11-27 10:15:00,21745.25,21798.25,2024-11-27 11:35:00,21677.5,thesis_flip,53.0,67.0,1.2641509433962264,1340.0
2024-11-28,1,2024-11-28 10:20:00,2024-11-28 10:30:00,2024-11-28 10:45:00,2024-11-28 10:50:00,21838.25,21821.25,2024-11-28 11:25:00,21835.25,thesis_flip,17.0,-3.75,-0.22058823529411764,-75.0
2024-12-02,1,2024-12-02 09:45:00,2024-12-02 10:05:00,2024-12-02 10:10:00,2024-12-02 10:15:00,22126.0,22061.0,2024-12-02 10:55:00,22103.75,thesis_flip,65.0,-23.0,-0.35384615384615387,-460.0
2024-12-05,-1,2024-12-05 09:45:00,2024-12-05 10:05:00,2024-12-05 10:20:00,2024-12-05 10:25:00,22441.5,22471.25,2024-12-05 11:20:00,22463.5,thesis_flip,29.75,-22.75,-0.7647058823529411,-455.0
2024-12-16,1,2024-12-16 09:50:00,2024-12-16 10:05:00,2024-12-16 10:25:00,2024-12-16 10:30:00,22922.5,22854.25,2024-12-16 11:45:00,22938.0,thesis_flip,68.25,14.75,0.21611721611721613,295.0
2024-12-18,1,2024-12-18 10:10:00,2024-12-18 10:30:00,2024-12-18 10:35:00,2024-12-18 10:40:00,22949.0,22922.25,2024-12-18 11:15:00,22930.5,thesis_flip,26.75,-19.25,-0.719626168224299,-385.0
2024-12-19,-1,2024-12-19 09:50:00,2024-12-19 10:05:00,2024-12-19 11:00:00,2024-12-19 11:05:00,22116.5,22271.0,2024-12-19 11:20:00,22138.25,thesis_flip,154.5,-22.5,-0.14563106796116504,-450.0
2024-12-26,-1,2024-12-26 09:45:00,2024-12-26 10:10:00,2024-12-26 10:40:00,2024-12-26 10:45:00,22608.0,22644.0,2024-12-26 11:00:00,22640.0,thesis_flip,36.0,-32.75,-0.9097222222222222,-655.0
2024-12-31,-1,2024-12-31 10:05:00,2024-12-31 10:35:00,2024-12-31 11:00:00,2024-12-31 11:05:00,21962.75,22101.5,2024-12-31 11:45:00,21961.5,thesis_flip,138.75,0.5,0.0036036036036036037,10.0
2025-01-10,-1,2025-01-10 09:45:00,2025-01-10 10:15:00,2025-01-10 10:50:00,2025-01-10 10:55:00,21670.25,21756.5,2025-01-10 11:45:00,21601.0,thesis_flip,86.25,68.5,0.7942028985507247,1370.0
2025-01-14,-1,2025-01-14 09:50:00,2025-01-14 10:30:00,2025-01-14 10:35:00,2025-01-14 10:40:00,21588.0,21744.0,2025-01-14 12:45:00,21502.0,thesis_flip,156.0,85.25,0.5464743589743589,1705.0
2025-01-21,-1,2025-01-21 09:50:00,2025-01-21 10:05:00,2025-01-21 10:10:00,2025-01-21 10:15:00,22172.5,22269.5,2025-01-21 10:25:00,22269.5,stop,97.0,-97.75,-1.0077319587628866,-1955.0
2025-01-22,1,2025-01-22 09:45:00,2025-01-22 10:15:00,2025-01-22 11:05:00,2025-01-22 11:10:00,22657.5,22609.0,2025-01-22 12:15:00,22697.0,thesis_flip,48.5,38.75,0.7989690721649485,775.0
2025-01-23,1,2025-01-23 10:30:00,2025-01-23 11:05:00,2025-01-23 11:25:00,2025-01-23 11:30:00,22581.0,22529.75,2025-01-23 12:05:00,22555.5,thesis_flip,51.25,-26.25,-0.5121951219512195,-525.0
2025-01-28,1,2025-01-28 10:00:00,2025-01-28 10:30:00,2025-01-28 10:55:00,2025-01-28 11:00:00,22089.0,21946.75,2025-01-28 11:20:00,22072.5,thesis_flip,142.25,-17.25,-0.12126537785588752,-345.0
2025-02-06,1,2025-02-06 10:05:00,2025-02-06 10:55:00,2025-02-06 11:05:00,2025-02-06 11:10:00,22422.0,22373.25,2025-02-06 11:35:00,22419.0,thesis_flip,48.75,-3.75,-0.07692307692307693,-75.0
2025-02-12,1,2025-02-12 09:55:00,2025-02-12 10:25:00,2025-02-12 10:35:00,2025-02-12 10:40:00,22381.75,22213.5,2025-02-12 11:10:00,22331.25,thesis_flip,168.25,-51.25,-0.30460624071322434,-1025.0
2025-02-14,1,2025-02-14 10:05:00,2025-02-14 10:25:00,2025-02-14 10:45:00,2025-02-14 10:50:00,22769.5,22733.5,2025-02-14 11:20:00,22759.5,thesis_flip,36.0,-10.75,-0.2986111111111111,-215.0
2025-02-18,-1,2025-02-18 09:45:00,2025-02-18 10:05:00,2025-02-18 10:15:00,2025-02-18 10:20:00,22794.5,22857.75,2025-02-18 10:55:00,22815.75,thesis_flip,63.25,-22.0,-0.34782608695652173,-440.0
2025-02-19,-1,2025-02-19 09:55:00,2025-02-19 10:20:00,2025-02-19 10:55:00,2025-02-19 11:00:00,22793.75,22841.5,2025-02-19 11:10:00,22841.5,stop,47.75,-48.5,-1.0157068062827226,-970.0
2025-02-26,1,2025-02-26 09:45:00,2025-02-26 10:00:00,2025-02-26 10:10:00,2025-02-26 10:15:00,21962.0,21893.0,2025-02-26 10:30:00,21915.25,thesis_flip,69.0,-47.5,-0.6884057971014492,-950.0
2025-02-28,1,2025-02-28 10:10:00,2025-02-28 10:30:00,2025-02-28 10:55:00,2025-02-28 11:00:00,21393.0,21255.25,2025-02-28 11:15:00,21336.75,thesis_flip,137.75,-57.0,-0.41379310344827586,-1140.0
2025-03-03,-1,2025-03-03 09:50:00,2025-03-03 10:35:00,2025-03-03 10:55:00,2025-03-03 11:00:00,21491.5,21622.25,2025-03-03 11:20:00,21567.0,thesis_flip,130.75,-76.25,-0.5831739961759083,-1525.0
2025-03-04,-1,2025-03-04 09:55:00,2025-03-04 10:55:00,2025-03-04 11:05:00,2025-03-04 11:10:00,20756.0,20896.5,2025-03-04 11:40:00,20896.5,stop,140.5,-141.25,-1.0053380782918149,-2825.0
2025-03-10,-1,2025-03-10 09:50:00,2025-03-10 10:05:00,2025-03-10 10:40:00,2025-03-10 10:45:00,20253.0,20461.0,2025-03-10 11:10:00,20240.0,thesis_flip,208.0,12.25,0.05889423076923077,245.0
2025-03-11,-1,2025-03-11 10:00:00,2025-03-11 10:15:00,2025-03-11 10:20:00,2025-03-11 10:25:00,20021.75,20171.0,2025-03-11 10:55:00,20043.25,thesis_flip,149.25,-22.25,-0.1490787269681742,-445.0
2025-03-13,-1,2025-03-13 09:50:00,2025-03-13 10:30:00,2025-03-13 10:35:00,2025-03-13 10:40:00,20077.0,20203.0,2025-03-13 10:55:00,20093.25,thesis_flip,126.0,-17.0,-0.1349206349206349,-340.0
2025-03-18,-1,2025-03-18 09:55:00,2025-03-18 10:15:00,2025-03-18 10:45:00,2025-03-18 10:50:00,20088.5,20161.0,2025-03-18 11:20:00,20101.75,thesis_flip,72.5,-14.0,-0.19310344827586207,-280.0
2025-03-20,1,2025-03-20 09:45:00,2025-03-20 10:25:00,2025-03-20 10:40:00,2025-03-20 10:45:00,20518.5,20320.75,2025-03-20 11:00:00,20470.25,thesis_flip,197.75,-49.0,-0.24778761061946902,-980.0
2025-03-24,1,2025-03-24 09:45:00,2025-03-24 10:25:00,2025-03-24 10:45:00,2025-03-24 10:50:00,20783.5,20702.0,2025-03-24 11:40:00,20760.0,thesis_flip,81.5,-24.25,-0.29754601226993865,-485.0
2025-04-02,1,2025-04-02 09:45:00,2025-04-02 10:30:00,2025-04-02 10:55:00,2025-04-02 11:00:00,20059.75,19918.5,2025-04-02 11:15:00,20012.5,thesis_flip,141.25,-48.0,-0.3398230088495575,-960.0
2025-04-04,-1,2025-04-04 10:10:00,2025-04-04 10:35:00,2025-04-04 10:40:00,2025-04-04 10:45:00,18271.25,18499.0,2025-04-04 11:00:00,18282.0,thesis_flip,227.75,-11.5,-0.050493962678375415,-230.0
2025-04-10,-1,2025-04-10 09:55:00,2025-04-10 10:25:00,2025-04-10 10:45:00,2025-04-10 10:50:00,19090.5,19228.25,2025-04-10 12:35:00,18608.0,thesis_flip,137.75,481.75,3.4972776769509983,9635.0
2025-04-17,-1,2025-04-17 10:20:00,2025-04-17 11:10:00,2025-04-17 11:25:00,2025-04-17 11:30:00,18766.0,18871.0,2025-04-17 12:10:00,18837.25,thesis_flip,105.0,-72.0,-0.6857142857142857,-1440.0
2025-04-22,1,2025-04-22 09:45:00,2025-04-22 10:10:00,2025-04-22 10:35:00,2025-04-22 10:40:00,18740.75,18626.25,2025-04-22 11:30:00,18779.0,thesis_flip,114.5,37.5,0.32751091703056767,750.0
2025-04-25,1,2025-04-25 10:05:00,2025-04-25 10:25:00,2025-04-25 10:35:00,2025-04-25 10:40:00,19759.25,19661.0,2025-04-25 11:40:00,19766.25,thesis_flip,98.25,6.25,0.06361323155216285,125.0
2025-04-28,-1,2025-04-28 09:55:00,2025-04-28 10:15:00,2025-04-28 10:55:00,2025-04-28 11:00:00,19896.0,19966.5,2025-04-28 11:40:00,19798.0,thesis_flip,70.5,97.25,1.3794326241134751,1945.0
2025-04-29,1,2025-04-29 09:45:00,2025-04-29 10:40:00,2025-04-29 10:55:00,2025-04-29 11:00:00,20025.25,19893.5,2025-04-29 11:15:00,19988.5,thesis_flip,131.75,-37.5,-0.2846299810246679,-750.0
2025-05-02,1,2025-05-02 10:05:00,2025-05-02 10:30:00,2025-05-02 10:55:00,2025-05-02 11:00:00,20593.25,20539.75,2025-05-02 11:30:00,20569.25,thesis_flip,53.5,-24.75,-0.46261682242990654,-495.0
2025-05-05,1,2025-05-05 10:15:00,2025-05-05 10:55:00,2025-05-05 11:00:00,2025-05-05 11:05:00,20543.0,20436.25,2025-05-05 11:35:00,20511.0,thesis_flip,106.75,-32.75,-0.30679156908665106,-655.0
2025-05-08,-1,2025-05-08 09:45:00,2025-05-08 10:00:00,2025-05-08 10:05:00,2025-05-08 10:10:00,20497.0,20551.5,2025-05-08 11:10:00,20487.25,thesis_flip,54.5,9.0,0.1651376146788991,180.0
2025-05-12,-1,2025-05-12 10:25:00,2025-05-12 10:50:00,2025-05-12 10:55:00,2025-05-12 11:00:00,21199.25,21242.5,2025-05-12 12:10:00,21229.25,thesis_flip,43.25,-30.75,-0.7109826589595376,-615.0
2025-05-15,-1,2025-05-15 09:45:00,2025-05-15 09:55:00,2025-05-15 10:30:00,2025-05-15 10:35:00,21699.0,21773.75,2025-05-15 10:55:00,21746.25,thesis_flip,74.75,-48.0,-0.6421404682274248,-960.0
2025-05-20,-1,2025-05-20 09:45:00,2025-05-20 10:00:00,2025-05-20 10:05:00,2025-05-20 10:10:00,21796.25,21859.75,2025-05-20 10:35:00,21859.75,stop,63.5,-64.25,-1.0118110236220472,-1285.0
2025-05-21,1,2025-05-21 09:45:00,2025-05-21 09:55:00,2025-05-21 10:55:00,2025-05-21 11:00:00,21883.75,21789.75,2025-05-21 13:00:00,21942.5,thesis_flip,94.0,58.0,0.6170212765957447,1160.0
2025-05-22,1,2025-05-22 09:50:00,2025-05-22 10:25:00,2025-05-22 11:00:00,2025-05-22 11:05:00,21673.5,21593.75,2025-05-22 12:25:00,21700.75,thesis_flip,79.75,26.5,0.3322884012539185,530.0
2025-05-23,1,2025-05-23 10:10:00,2025-05-23 10:35:00,2025-05-23 11:20:00,2025-05-23 11:25:00,21384.75,21312.5,2025-05-23 11:55:00,21382.0,thesis_flip,72.25,-3.5,-0.04844290657439446,-70.0
2025-05-29,-1,2025-05-29 09:45:00,2025-05-29 09:55:00,2025-05-29 10:05:00,2025-05-29 10:10:00,21842.75,21985.0,2025-05-29 10:30:00,21883.25,thesis_flip,142.25,-41.25,-0.28998242530755713,-825.0
2025-06-03,1,2025-06-03 10:25:00,2025-06-03 10:40:00,2025-06-03 10:45:00,2025-06-03 10:50:00,22058.75,22011.25,2025-06-03 11:35:00,22093.5,thesis_flip,47.5,34.0,0.7157894736842105,680.0
2025-06-04,-1,2025-06-04 10:00:00,2025-06-04 10:50:00,2025-06-04 11:25:00,2025-06-04 11:30:00,22182.25,22211.75,2025-06-04 12:50:00,22175.75,thesis_flip,29.5,5.75,0.19491525423728814,115.0
2025-06-17,1,2025-06-17 10:10:00,2025-06-17 10:25:00,2025-06-17 10:45:00,2025-06-17 10:50:00,22319.0,22290.75,2025-06-17 10:55:00,22290.75,stop,28.25,-29.0,-1.0265486725663717,-580.0
2025-06-18,1,2025-06-18 09:45:00,2025-06-18 10:05:00,2025-06-18 10:10:00,2025-06-18 10:15:00,22260.75,22196.0,2025-06-18 10:55:00,22280.0,thesis_flip,64.75,18.5,0.2857142857142857,370.0
2025-06-19,-1,2025-06-19 09:45:00,2025-06-19 10:35:00,2025-06-19 10:40:00,2025-06-19 10:45:00,21897.25,21945.0,2025-06-19 10:55:00,21945.0,stop,47.75,-48.5,-1.0157068062827226,-970.0
2025-06-25,-1,2025-06-25 10:10:00,2025-06-25 10:25:00,2025-06-25 11:00:00,2025-06-25 11:05:00,22681.0,22740.25,2025-06-25 13:00:00,22658.25,thesis_flip,59.25,22.0,0.37130801687763715,440.0
2025-06-26,1,2025-06-26 10:20:00,2025-06-26 10:50:00,2025-06-26 11:00:00,2025-06-26 11:05:00,22798.25,22772.0,2025-06-26 11:30:00,22780.25,thesis_flip,26.25,-18.75,-0.7142857142857143,-375.0
2025-07-02,1,2025-07-02 09:50:00,2025-07-02 10:35:00,2025-07-02 10:45:00,2025-07-02 10:50:00,23031.5,22918.25,2025-07-02 11:30:00,23019.0,thesis_flip,113.25,-13.25,-0.11699779249448124,-265.0
2025-07-04,1,2025-07-04 09:50:00,2025-07-04 10:05:00,2025-07-04 10:15:00,2025-07-04 10:20:00,23137.25,23114.75,2025-07-04 10:55:00,23150.0,thesis_flip,22.5,12.0,0.5333333333333333,240.0
2025-07-08,-1,2025-07-08 09:55:00,2025-07-08 10:10:00,2025-07-08 10:20:00,2025-07-08 10:25:00,23075.25,23114.75,2025-07-08 10:30:00,23114.75,stop,39.5,-40.25,-1.018987341772152,-805.0
2025-07-11,1,2025-07-11 09:55:00,2025-07-11 10:15:00,2025-07-11 10:20:00,2025-07-11 10:25:00,23208.75,23157.5,2025-07-11 10:55:00,23174.0,thesis_flip,51.25,-35.5,-0.6926829268292682,-710.0
2025-07-16,-1,2025-07-16 09:50:00,2025-07-16 10:15:00,2025-07-16 10:50:00,2025-07-16 10:55:00,23191.75,23249.25,2025-07-16 11:10:00,23249.25,stop,57.5,-58.25,-1.0130434782608695,-1165.0
2025-07-17,1,2025-07-17 09:45:00,2025-07-17 10:35:00,2025-07-17 10:45:00,2025-07-17 10:50:00,23408.5,23330.5,2025-07-17 12:20:00,23462.0,thesis_flip,78.0,52.75,0.6762820512820513,1055.0
2025-07-23,-1,2025-07-23 09:55:00,2025-07-23 10:20:00,2025-07-23 10:30:00,2025-07-23 10:35:00,23366.75,23410.25,2025-07-23 10:50:00,23398.75,thesis_flip,43.5,-32.75,-0.7528735632183908,-655.0
2025-07-25,1,2025-07-25 09:45:00,2025-07-25 10:35:00,2025-07-25 11:15:00,2025-07-25 11:20:00,23629.5,23588.5,2025-07-25 12:45:00,23671.75,thesis_flip,41.0,41.5,1.0121951219512195,830.0
2025-07-29,-1,2025-07-29 09:45:00,2025-07-29 10:05:00,2025-07-29 10:50:00,2025-07-29 10:55:00,23742.75,23809.25,2025-07-29 11:50:00,23713.5,thesis_flip,66.5,28.5,0.42857142857142855,570.0
2025-07-30,1,2025-07-30 10:20:00,2025-07-30 10:35:00,2025-07-30 10:50:00,2025-07-30 10:55:00,23747.5,23716.75,2025-07-30 11:10:00,23716.75,stop,30.75,-31.5,-1.024390243902439,-630.0
2025-08-06,1,2025-08-06 10:00:00,2025-08-06 10:40:00,2025-08-06 10:55:00,2025-08-06 11:00:00,23498.0,23379.75,2025-08-06 12:45:00,23566.75,thesis_flip,118.25,68.0,0.5750528541226215,1360.0
2025-08-08,1,2025-08-08 09:45:00,2025-08-08 10:05:00,2025-08-08 10:30:00,2025-08-08 10:35:00,23909.25,23828.5,2025-08-08 10:55:00,23881.0,thesis_flip,80.75,-29.0,-0.3591331269349845,-580.0
2025-08-11,1,2025-08-11 09:55:00,2025-08-11 10:05:00,2025-08-11 10:15:00,2025-08-11 10:20:00,23982.0,23938.0,2025-08-11 10:35:00,23963.75,thesis_flip,44.0,-19.0,-0.4318181818181818,-380.0
2025-08-15,-1,2025-08-15 09:45:00,2025-08-15 10:25:00,2025-08-15 10:45:00,2025-08-15 10:50:00,24030.75,24096.5,2025-08-15 11:15:00,24026.0,thesis_flip,65.75,4.0,0.060836501901140684,80.0
2025-08-18,-1,2025-08-18 09:50:00,2025-08-18 10:10:00,2025-08-18 11:10:00,2025-08-18 11:15:00,23974.25,24039.75,2025-08-18 11:50:00,23971.25,thesis_flip,65.5,2.25,0.03435114503816794,45.0
2025-08-19,-1,2025-08-19 09:45:00,2025-08-19 10:20:00,2025-08-19 10:25:00,2025-08-19 10:30:00,23842.75,23944.25,2025-08-19 11:15:00,23777.75,thesis_flip,101.5,64.25,0.6330049261083743,1285.0
2025-08-25,1,2025-08-25 09:55:00,2025-08-25 10:25:00,2025-08-25 10:45:00,2025-08-25 10:50:00,23787.0,23720.5,2025-08-25 12:20:00,23811.75,thesis_flip,66.5,24.0,0.3609022556390977,480.0
2025-08-28,-1,2025-08-28 09:50:00,2025-08-28 10:10:00,2025-08-28 10:25:00,2025-08-28 10:30:00,23845.75,23892.25,2025-08-28 10:30:00,23892.25,stop,46.5,-47.25,-1.0161290322580645,-945.0
2025-09-01,1,2025-09-01 10:25:00,2025-09-01 10:45:00,2025-09-01 10:55:00,2025-09-01 11:00:00,23706.25,23699.0,2025-09-01 11:05:00,23699.0,stop,7.25,-8.0,-1.103448275862069,-160.0
2025-09-04,-1,2025-09-04 10:00:00,2025-09-04 10:20:00,2025-09-04 11:10:00,2025-09-04 11:15:00,23721.25,23756.0,2025-09-04 11:20:00,23756.0,stop,34.75,-35.5,-1.0215827338129497,-710.0
2025-09-08,1,2025-09-08 10:25:00,2025-09-08 11:20:00,2025-09-08 11:25:00,2025-09-08 11:30:00,24091.5,24059.5,2025-09-08 11:45:00,24076.75,thesis_flip,32.0,-15.5,-0.484375,-310.0
2025-09-09,-1,2025-09-09 09:50:00,2025-09-09 10:00:00,2025-09-09 10:30:00,2025-09-09 10:35:00,23969.75,24066.25,2025-09-09 10:55:00,24003.0,thesis_flip,96.5,-34.0,-0.35233160621761656,-680.0
2025-09-10,-1,2025-09-10 09:50:00,2025-09-10 10:10:00,2025-09-10 11:15:00,2025-09-10 11:20:00,24153.75,24206.5,2025-09-10 11:45:00,24170.5,thesis_flip,52.75,-17.5,-0.33175355450236965,-350.0
2025-09-11,1,2025-09-11 10:30:00,2025-09-11 11:00:00,2025-09-11 11:15:00,2025-09-11 11:20:00,24255.5,24190.5,2025-09-11 11:40:00,24239.75,thesis_flip,65.0,-16.5,-0.25384615384615383,-330.0
2025-09-16,-1,2025-09-16 09:50:00,2025-09-16 10:15:00,2025-09-16 11:00:00,2025-09-16 11:05:00,24732.5,24777.5,2025-09-16 12:15:00,24734.25,thesis_flip,45.0,-2.5,-0.05555555555555555,-50.0
2025-09-24,-1,2025-09-24 09:45:00,2025-09-24 10:10:00,2025-09-24 10:30:00,2025-09-24 10:35:00,25016.5,25057.25,2025-09-24 10:50:00,25041.25,thesis_flip,40.75,-25.5,-0.6257668711656442,-510.0
2025-09-26,-1,2025-09-26 10:20:00,2025-09-26 10:50:00,2025-09-26 11:10:00,2025-09-26 11:15:00,24769.75,24859.5,2025-09-26 11:30:00,24848.25,thesis_flip,89.75,-79.25,-0.883008356545961,-1585.0
2025-09-30,-1,2025-09-30 09:50:00,2025-09-30 10:10:00,2025-09-30 10:35:00,2025-09-30 10:40:00,24973.25,25029.0,2025-09-30 10:45:00,25029.0,stop,55.75,-56.5,-1.0134529147982063,-1130.0
2025-10-07,-1,2025-10-07 10:25:00,2025-10-07 11:10:00,2025-10-07 11:25:00,2025-10-07 11:30:00,25291.0,25447.5,2025-10-07 12:05:00,25270.0,thesis_flip,156.5,20.25,0.12939297124600638,405.0
2025-10-08,1,2025-10-08 09:45:00,2025-10-08 10:30:00,2025-10-08 11:00:00,2025-10-08 11:05:00,25420.0,25359.25,2025-10-08 12:30:00,25469.25,thesis_flip,60.75,48.5,0.7983539094650206,970.0
2025-10-09,-1,2025-10-09 10:25:00,2025-10-09 11:05:00,2025-10-09 11:20:00,2025-10-09 11:25:00,25451.75,25490.0,2025-10-09 11:50:00,25466.75,thesis_flip,38.25,-15.75,-0.4117647058823529,-315.0
2025-10-13,1,2025-10-13 09:55:00,2025-10-13 10:25:00,2025-10-13 10:35:00,2025-10-13 10:40:00,25097.5,25004.0,2025-10-13 10:50:00,25004.0,stop,93.5,-94.25,-1.0080213903743316,-1885.0
2025-10-17,1,2025-10-17 09:50:00,2025-10-17 10:05:00,2025-10-17 10:10:00,2025-10-17 10:15:00,25147.5,24993.25,2025-10-17 10:35:00,25074.25,thesis_flip,154.25,-74.0,-0.47974068071312803,-1480.0
2025-10-20,1,2025-10-20 10:05:00,2025-10-20 10:30:00,2025-10-20 10:40:00,2025-10-20 10:45:00,25512.5,25431.5,2025-10-20 11:15:00,25507.5,thesis_flip,81.0,-5.75,-0.07098765432098765,-115.0
2025-10-23,1,2025-10-23 09:45:00,2025-10-23 10:25:00,2025-10-23 10:35:00,2025-10-23 10:40:00,25403.0,25300.25,2025-10-23 11:20:00,25374.0,thesis_flip,102.75,-29.75,-0.2895377128953771,-595.0
2025-10-27,1,2025-10-27 10:00:00,2025-10-27 10:45:00,2025-10-27 11:00:00,2025-10-27 11:05:00,26094.75,26039.25,2025-10-27 11:55:00,26107.5,thesis_flip,55.5,12.0,0.21621621621621623,240.0
2025-10-28,-1,2025-10-28 09:50:00,2025-10-28 10:35:00,2025-10-28 11:30:00,2025-10-28 11:35:00,26245.75,26301.75,2025-10-28 12:00:00,26277.0,thesis_flip,56.0,-32.0,-0.5714285714285714,-640.0
2025-10-30,1,2025-10-30 09:50:00,2025-10-30 10:05:00,2025-10-30 10:40:00,2025-10-30 10:45:00,26298.25,26223.0,2025-10-30 10:50:00,26223.0,stop,75.25,-76.0,-1.0099667774086378,-1520.0
2025-10-31,-1,2025-10-31 10:00:00,2025-10-31 10:15:00,2025-10-31 11:25:00,2025-10-31 11:30:00,26353.75,26399.0,2025-10-31 13:50:00,26179.5,thesis_flip,45.25,173.5,3.834254143646409,3470.0
2025-11-03,-1,2025-11-03 10:00:00,2025-11-03 10:50:00,2025-11-03 11:25:00,2025-11-03 11:30:00,26269.0,26372.0,2025-11-03 12:00:00,26335.0,thesis_flip,103.0,-66.75,-0.6480582524271845,-1335.0
2025-11-11,-1,2025-11-11 09:45:00,2025-11-11 10:05:00,2025-11-11 10:15:00,2025-11-11 10:20:00,25757.25,25849.75,2025-11-11 11:20:00,25775.0,thesis_flip,92.5,-18.5,-0.2,-370.0
2025-11-12,-1,2025-11-12 09:45:00,2025-11-12 10:20:00,2025-11-12 10:50:00,2025-11-12 10:55:00,25764.5,25876.25,2025-11-12 11:30:00,25798.0,thesis_flip,111.75,-34.25,-0.30648769574944074,-685.0
2025-11-17,1,2025-11-17 09:45:00,2025-11-17 10:15:00,2025-11-17 11:25:00,2025-11-17 11:30:00,25286.25,25161.25,2025-11-17 12:20:00,25360.25,thesis_flip,125.0,73.25,0.586,1465.0
2025-11-24,1,2025-11-24 10:00:00,2025-11-24 10:15:00,2025-11-24 10:35:00,2025-11-24 10:40:00,25009.25,24880.25,2025-11-24 12:00:00,25063.25,thesis_flip,129.0,53.25,0.4127906976744186,1065.0
2025-11-26,-1,2025-11-26 09:55:00,2025-11-26 10:15:00,2025-11-26 10:20:00,2025-11-26 10:25:00,25364.75,25438.75,2025-11-26 10:30:00,25438.75,stop,74.0,-74.75,-1.010135135135135,-1495.0
2025-12-01,1,2025-12-01 09:50:00,2025-12-01 11:00:00,2025-12-01 11:30:00,2025-12-01 11:35:00,25612.25,25483.75,2025-12-01 12:20:00,25650.75,thesis_flip,128.5,37.75,0.29377431906614787,755.0
2025-12-02,1,2025-12-02 10:00:00,2025-12-02 10:15:00,2025-12-02 10:40:00,2025-12-02 10:45:00,25838.0,25747.25,2025-12-02 11:10:00,25809.5,thesis_flip,90.75,-29.25,-0.32231404958677684,-585.0
2025-12-03,1,2025-12-03 10:00:00,2025-12-03 10:25:00,2025-12-03 10:30:00,2025-12-03 10:35:00,25795.0,25714.5,2025-12-03 10:55:00,25776.25,thesis_flip,80.5,-19.5,-0.2422360248447205,-390.0
2025-12-08,-1,2025-12-08 09:45:00,2025-12-08 10:00:00,2025-12-08 10:20:00,2025-12-08 10:25:00,25920.5,25997.25,2025-12-08 12:55:00,25863.75,thesis_flip,76.75,56.0,0.7296416938110749,1120.0
2025-12-11,-1,2025-12-11 09:45:00,2025-12-11 10:50:00,2025-12-11 11:25:00,2025-12-11 11:30:00,25683.25,25845.5,2025-12-11 11:45:00,25781.75,thesis_flip,162.25,-99.25,-0.6117103235747303,-1985.0
2025-12-12,-1,2025-12-12 09:45:00,2025-12-12 10:10:00,2025-12-12 10:20:00,2025-12-12 10:25:00,25596.75,25786.25,2025-12-12 10:45:00,25599.75,thesis_flip,189.5,-3.75,-0.01978891820580475,-75.0
2025-12-16,1,2025-12-16 09:55:00,2025-12-16 10:05:00,2025-12-16 11:30:00,2025-12-16 11:35:00,25479.0,25395.25,2025-12-16 12:30:00,25489.25,thesis_flip,83.75,9.5,0.11343283582089553,190.0
2025-12-19,1,2025-12-19 09:55:00,2025-12-19 10:10:00,2025-12-19 10:35:00,2025-12-19 10:40:00,25759.75,25681.75,2025-12-19 11:00:00,25681.75,stop,78.0,-78.75,-1.0096153846153846,-1575.0
2025-12-26,-1,2025-12-26 10:10:00,2025-12-26 10:25:00,2025-12-26 11:05:00,2025-12-26 11:10:00,26106.75,26128.5,2025-12-26 11:45:00,26103.75,thesis_flip,21.75,2.25,0.10344827586206896,45.0
2025-12-30,1,2025-12-30 09:45:00,2025-12-30 10:25:00,2025-12-30 10:45:00,2025-12-30 10:50:00,25928.0,25898.0,2025-12-30 11:40:00,25960.25,thesis_flip,30.0,31.5,1.05,630.0
2025-12-31,-1,2025-12-31 09:55:00,2025-12-31 10:20:00,2025-12-31 10:35:00,2025-12-31 10:40:00,25800.25,25834.5,2025-12-31 11:20:00,25793.75,thesis_flip,34.25,5.75,0.1678832116788321,115.0
2026-01-08,-1,2026-01-08 09:55:00,2026-01-08 10:40:00,2026-01-08 10:50:00,2026-01-08 10:55:00,25832.75,25930.0,2026-01-08 11:45:00,25865.75,thesis_flip,97.25,-33.75,-0.34704370179948585,-675.0
2026-01-12,1,2026-01-12 10:10:00,2026-01-12 10:40:00,2026-01-12 11:05:00,2026-01-12 11:10:00,26142.0,26080.25,2026-01-12 11:45:00,26149.5,thesis_flip,61.75,6.75,0.10931174089068826,135.0
2026-01-14,-1,2026-01-14 09:55:00,2026-01-14 10:35:00,2026-01-14 10:40:00,2026-01-14 10:45:00,25774.25,25910.0,2026-01-14 11:05:00,25748.5,thesis_flip,135.75,25.0,0.1841620626151013,500.0
2026-01-19,1,2026-01-19 09:55:00,2026-01-19 10:35:00,2026-01-19 11:00:00,2026-01-19 11:05:00,25560.5,25503.5,2026-01-19 11:25:00,25569.5,thesis_flip,57.0,8.25,0.14473684210526316,165.0
2026-01-20,1,2026-01-20 10:25:00,2026-01-20 11:10:00,2026-01-20 11:25:00,2026-01-20 11:30:00,25620.75,25529.75,2026-01-20 11:45:00,25570.25,thesis_flip,91.0,-51.25,-0.5631868131868132,-1025.0
2026-01-28,-1,2026-01-28 10:30:00,2026-01-28 10:45:00,2026-01-28 10:55:00,2026-01-28 11:00:00,26379.0,26444.75,2026-01-28 12:05:00,26350.5,thesis_flip,65.75,27.75,0.4220532319391635,555.0
2026-01-29,-1,2026-01-29 09:50:00,2026-01-29 10:15:00,2026-01-29 10:30:00,2026-01-29 10:35:00,25916.75,26169.0,2026-01-29 11:15:00,25879.25,thesis_flip,252.25,36.75,0.14568880079286423,735.0
2026-01-30,-1,2026-01-30 10:25:00,2026-01-30 11:10:00,2026-01-30 11:15:00,2026-01-30 11:20:00,26004.0,26150.5,2026-01-30 12:25:00,25967.25,thesis_flip,146.5,36.0,0.24573378839590443,720.0
2026-02-02,1,2026-02-02 09:50:00,2026-02-02 10:25:00,2026-02-02 11:10:00,2026-02-02 11:15:00,26072.25,25945.0,2026-02-02 11:50:00,26074.0,thesis_flip,127.25,1.0,0.007858546168958742,20.0
2026-02-03,-1,2026-02-03 09:50:00,2026-02-03 10:15:00,2026-02-03 10:20:00,2026-02-03 10:25:00,25695.5,25945.0,2026-02-03 10:50:00,25808.25,thesis_flip,249.5,-113.5,-0.45490981963927857,-2270.0
2026-02-04,-1,2026-02-04 09:55:00,2026-02-04 10:50:00,2026-02-04 11:00:00,2026-02-04 11:05:00,25290.75,25521.5,2026-02-04 12:00:00,25252.25,thesis_flip,230.75,37.75,0.1635969664138678,755.0
2026-02-11,-1,2026-02-11 09:55:00,2026-02-11 10:30:00,2026-02-11 11:05:00,2026-02-11 11:10:00,25402.75,25559.75,2026-02-11 11:25:00,25481.75,thesis_flip,157.0,-79.75,-0.5079617834394905,-1595.0
2026-02-17,-1,2026-02-17 09:50:00,2026-02-17 10:40:00,2026-02-17 11:25:00,2026-02-17 11:30:00,24943.0,25013.25,2026-02-17 12:30:00,24972.25,thesis_flip,70.25,-30.0,-0.42704626334519574,-600.0
2026-02-19,1,2026-02-19 10:05:00,2026-02-19 10:25:00,2026-02-19 10:30:00,2026-02-19 10:35:00,25155.25,25065.5,2026-02-19 10:55:00,25089.75,thesis_flip,89.75,-66.25,-0.7381615598885793,-1325.0
2026-02-20,1,2026-02-20 10:20:00,2026-02-20 10:45:00,2026-02-20 10:50:00,2026-02-20 10:55:00,25330.0,25124.5,2026-02-20 11:15:00,25294.5,thesis_flip,205.5,-36.25,-0.17639902676399027,-725.0
2026-02-23,-1,2026-02-23 10:00:00,2026-02-23 10:15:00,2026-02-23 10:50:00,2026-02-23 10:55:00,24991.5,25146.5,2026-02-23 11:20:00,24936.0,thesis_flip,155.0,54.75,0.3532258064516129,1095.0
2026-02-24,1,2026-02-24 09:45:00,2026-02-24 10:10:00,2026-02-24 10:20:00,2026-02-24 10:25:00,25166.25,25036.0,2026-02-24 10:55:00,25202.0,thesis_flip,130.25,35.0,0.2687140115163148,700.0
2026-02-27,1,2026-02-27 09:45:00,2026-02-27 10:10:00,2026-02-27 11:30:00,2026-02-27 11:35:00,25223.25,25066.5,2026-02-27 12:15:00,25177.75,thesis_flip,156.75,-46.25,-0.29505582137161085,-925.0
2026-03-02,1,2026-03-02 09:45:00,2026-03-02 10:00:00,2026-03-02 10:10:00,2026-03-02 10:15:00,25148.0,25018.5,2026-03-02 10:55:00,25105.5,thesis_flip,129.5,-43.25,-0.333976833976834,-865.0
2026-03-03,-1,2026-03-03 09:55:00,2026-03-03 10:10:00,2026-03-03 10:15:00,2026-03-03 10:20:00,24650.75,24779.0,2026-03-03 11:05:00,24737.0,thesis_flip,128.25,-87.0,-0.6783625730994152,-1740.0
2026-03-04,1,2026-03-04 10:05:00,2026-03-04 11:05:00,2026-03-04 11:25:00,2026-03-04 11:30:00,25322.25,25174.0,2026-03-04 12:30:00,25349.75,thesis_flip,148.25,26.75,0.18043844856661045,535.0
2026-03-06,1,2026-03-06 10:00:00,2026-03-06 10:15:00,2026-03-06 10:20:00,2026-03-06 10:25:00,25027.75,24881.0,2026-03-06 10:50:00,25020.75,thesis_flip,146.75,-7.75,-0.05281090289608177,-155.0
2026-03-11,-1,2026-03-11 10:20:00,2026-03-11 10:45:00,2026-03-11 11:25:00,2026-03-11 11:30:00,25151.0,25306.5,2026-03-11 12:30:00,25167.5,thesis_flip,155.5,-17.25,-0.11093247588424437,-345.0
2026-03-12,-1,2026-03-12 09:50:00,2026-03-12 10:10:00,2026-03-12 10:15:00,2026-03-12 10:20:00,24896.5,24964.0,2026-03-12 11:30:00,24836.0,thesis_flip,67.5,59.75,0.8851851851851852,1195.0
2026-03-16,1,2026-03-16 09:55:00,2026-03-16 10:10:00,2026-03-16 10:50:00,2026-03-16 10:55:00,24888.75,24834.25,2026-03-16 11:55:00,24922.75,thesis_flip,54.5,33.25,0.6100917431192661,665.0
2026-03-18,-1,2026-03-18 10:10:00,2026-03-18 10:30:00,2026-03-18 11:15:00,2026-03-18 11:20:00,24879.0,24932.75,2026-03-18 11:35:00,24905.0,thesis_flip,53.75,-26.75,-0.49767441860465117,-535.0
2026-03-23,1,2026-03-23 09:45:00,2026-03-23 10:00:00,2026-03-23 10:15:00,2026-03-23 10:20:00,24644.0,24528.5,2026-03-23 11:20:00,24638.25,thesis_flip,115.5,-6.5,-0.05627705627705628,-130.0
2026-03-25,-1,2026-03-25 09:45:00,2026-03-25 10:30:00,2026-03-25 11:05:00,2026-03-25 11:10:00,24421.5,24520.5,2026-03-25 11:30:00,24427.0,thesis_flip,99.0,-6.25,-0.06313131313131314,-125.0
2026-03-27,-1,2026-03-27 09:50:00,2026-03-27 10:30:00,2026-03-27 10:35:00,2026-03-27 10:40:00,23458.75,23559.5,2026-03-27 11:20:00,23559.5,stop,100.75,-101.5,-1.0074441687344913,-2030.0
2026-03-30,-1,2026-03-30 09:45:00,2026-03-30 10:30:00,2026-03-30 10:40:00,2026-03-30 10:45:00,23275.25,23383.75,2026-03-30 11:00:00,23378.5,thesis_flip,108.5,-104.0,-0.9585253456221198,-2080.0
2026-03-31,1,2026-03-31 09:45:00,2026-03-31 11:05:00,2026-03-31 11:10:00,2026-03-31 11:15:00,23545.25,23377.5,2026-03-31 11:30:00,23493.0,thesis_flip,167.75,-53.0,-0.31594634873323396,-1060.0
2026-04-07,-1,2026-04-07 09:45:00,2026-04-07 10:10:00,2026-04-07 10:55:00,2026-04-07 11:00:00,24009.75,24208.75,2026-04-07 11:20:00,24049.25,thesis_flip,199.0,-40.25,-0.2022613065326633,-805.0
2026-04-09,-1,2026-04-09 10:15:00,2026-04-09 11:00:00,2026-04-09 11:25:00,2026-04-09 11:30:00,25059.25,25106.75,2026-04-09 11:30:00,25106.75,stop,47.5,-48.25,-1.0157894736842106,-965.0
2026-04-10,-1,2026-04-10 10:00:00,2026-04-10 10:20:00,2026-04-10 10:40:00,2026-04-10 10:45:00,25322.25,25374.75,2026-04-10 11:00:00,25353.5,thesis_flip,52.5,-32.0,-0.6095238095238096,-640.0
2026-04-13,1,2026-04-13 09:45:00,2026-04-13 10:10:00,2026-04-13 10:40:00,2026-04-13 10:45:00,25317.25,25229.75,2026-04-13 11:55:00,25303.75,thesis_flip,87.5,-14.25,-0.16285714285714287,-285.0
2026-04-14,1,2026-04-14 10:05:00,2026-04-14 10:30:00,2026-04-14 10:50:00,2026-04-14 10:55:00,25818.5,25745.0,2026-04-14 11:10:00,25773.75,thesis_flip,73.5,-45.5,-0.6190476190476191,-910.0
2026-04-15,1,2026-04-15 09:55:00,2026-04-15 10:35:00,2026-04-15 10:45:00,2026-04-15 10:50:00,26164.0,26049.5,2026-04-15 11:10:00,26153.0,thesis_flip,114.5,-11.75,-0.10262008733624454,-235.0
2026-04-17,1,2026-04-17 10:00:00,2026-04-17 10:25:00,2026-04-17 10:30:00,2026-04-17 10:35:00,26793.75,26715.5,2026-04-17 11:45:00,26818.25,thesis_flip,78.25,23.75,0.3035143769968051,475.0
2026-04-24,-1,2026-04-24 09:50:00,2026-04-24 10:20:00,2026-04-24 10:25:00,2026-04-24 10:30:00,27202.5,27268.25,2026-04-24 10:45:00,27254.0,thesis_flip,65.75,-52.25,-0.7946768060836502,-1045.0
2026-04-27,-1,2026-04-27 09:45:00,2026-04-27 10:10:00,2026-04-27 11:00:00,2026-04-27 11:05:00,27341.0,27414.25,2026-04-27 11:40:00,27361.75,thesis_flip,73.25,-21.5,-0.2935153583617747,-430.0
2026-04-30,-1,2026-04-30 09:50:00,2026-04-30 10:10:00,2026-04-30 10:35:00,2026-04-30 10:40:00,27177.25,27304.0,2026-04-30 10:50:00,27304.0,stop,126.75,-127.5,-1.0059171597633136,-2550.0
2026-05-01,1,2026-05-01 09:55:00,2026-05-01 10:45:00,2026-05-01 11:10:00,2026-05-01 11:15:00,27837.75,27752.0,2026-05-01 11:55:00,27886.0,thesis_flip,85.75,47.5,0.5539358600583091,950.0
2026-05-05,1,2026-05-05 10:20:00,2026-05-05 10:50:00,2026-05-05 11:00:00,2026-05-05 11:05:00,28122.75,28078.5,2026-05-05 12:00:00,28127.75,thesis_flip,44.25,4.25,0.096045197740113,85.0
2026-05-06,1,2026-05-06 10:30:00,2026-05-06 10:55:00,2026-05-06 11:15:00,2026-05-06 11:20:00,28574.75,28476.25,2026-05-06 11:40:00,28555.5,thesis_flip,98.5,-20.0,-0.20304568527918782,-400.0
2026-05-07,1,2026-05-07 09:50:00,2026-05-07 10:25:00,2026-05-07 10:35:00,2026-05-07 10:40:00,28905.5,28771.5,2026-05-07 11:10:00,28883.75,thesis_flip,134.0,-22.5,-0.16791044776119404,-450.0
2026-05-12,-1,2026-05-12 09:55:00,2026-05-12 10:35:00,2026-05-12 11:00:00,2026-05-12 11:05:00,28984.5,29229.25,2026-05-12 11:40:00,28932.0,thesis_flip,244.75,51.75,0.21144024514811033,1035.0
2026-05-14,1,2026-05-14 09:45:00,2026-05-14 10:05:00,2026-05-14 10:15:00,2026-05-14 10:20:00,29635.75,29527.75,2026-05-14 11:00:00,29675.75,thesis_flip,108.0,39.25,0.36342592592592593,785.0
2026-05-18,-1,2026-05-18 10:25:00,2026-05-18 10:50:00,2026-05-18 11:05:00,2026-05-18 11:10:00,29019.5,29176.75,2026-05-18 12:15:00,29027.5,thesis_flip,157.25,-8.75,-0.05564387917329094,-175.0
2026-05-20,1,2026-05-20 10:15:00,2026-05-20 10:35:00,2026-05-20 10:50:00,2026-05-20 10:55:00,29243.25,29118.5,2026-05-20 12:20:00,29259.75,thesis_flip,124.75,15.75,0.12625250501002003,315.0
2026-05-27,-1,2026-05-27 10:20:00,2026-05-27 10:50:00,2026-05-27 10:55:00,2026-05-27 11:00:00,29941.5,30025.0,2026-05-27 12:10:00,29972.75,thesis_flip,83.5,-32.0,-0.38323353293413176,-640.0
2026-05-28,1,2026-05-28 10:10:00,2026-05-28 10:30:00,2026-05-28 10:40:00,2026-05-28 10:45:00,30169.5,30063.5,2026-05-28 11:50:00,30256.75,thesis_flip,106.0,86.5,0.8160377358490566,1730.0
2026-06-02,1,2026-06-02 09:55:00,2026-06-02 10:45:00,2026-06-02 11:05:00,2026-06-02 11:10:00,30654.75,30538.75,2026-06-02 12:20:00,30675.25,thesis_flip,116.0,19.75,0.17025862068965517,395.0
2026-06-03,-1,2026-06-03 09:45:00,2026-06-03 10:05:00,2026-06-03 11:20:00,2026-06-03 11:25:00,30637.25,30740.5,2026-06-03 12:50:00,30572.75,thesis_flip,103.25,63.75,0.6174334140435835,1275.0
2026-06-05,-1,2026-06-05 09:45:00,2026-06-05 10:30:00,2026-06-05 11:05:00,2026-06-05 11:10:00,29778.5,29943.5,2026-06-05 12:55:00,29505.0,thesis_flip,165.0,272.75,1.653030303030303,5455.0
2026-06-12,1,2026-06-12 10:05:00,2026-06-12 10:25:00,2026-06-12 10:50:00,2026-06-12 10:55:00,29599.25,29353.5,2026-06-12 11:35:00,29686.75,thesis_flip,245.75,86.75,0.35300101729399797,1735.0
2026-06-15,1,2026-06-15 09:45:00,2026-06-15 10:00:00,2026-06-15 10:25:00,2026-06-15 10:30:00,30760.0,30671.25,2026-06-15 11:35:00,30811.25,thesis_flip,88.75,50.5,0.5690140845070423,1010.0
2026-06-25,-1,2026-06-25 09:50:00,2026-06-25 11:00:00,2026-06-25 11:10:00,2026-06-25 11:15:00,29534.0,29776.75,2026-06-25 11:45:00,29695.5,thesis_flip,242.75,-162.25,-0.6683831101956745,-3245.0
