date,side,signal_ts,failure_ts,reassert_ts,entry_ts,entry,stop,risk,hold_netR,hold_dollars,hold_reason,dyn_netR,dyn_dollars,dyn_reason
2016-01-04,-1,2016-01-04 10:00:00,2016-01-04 10:25:00,2016-01-04 10:28:00,2016-01-04 10:29:00,7217.25,7229.5,12.25,-1.0612244897959184,-260.0,stop,-0.7346938775510204,-180.0,thesis_flip
2016-01-05,-1,2016-01-05 09:50:00,2016-01-05 09:57:00,2016-01-05 09:59:00,2016-01-05 10:00:00,7252.75,7261.0,8.25,-1.0909090909090908,-180.0,stop,-0.7575757575757576,-125.0,thesis_flip
2016-01-06,1,2016-01-06 10:05:00,2016-01-06 10:15:00,2016-01-06 10:17:00,2016-01-06 10:18:00,7197.75,7187.0,10.75,-1.069767441860465,-230.0,stop,0.16279069767441862,35.0,thesis_flip
2016-01-11,-1,2016-01-11 09:45:00,2016-01-11 10:19:00,2016-01-11 10:26:00,2016-01-11 10:27:00,7039.0,7050.0,11.0,-1.0681818181818181,-235.0,stop,-1.0681818181818181,-235.0,stop
2016-01-22,1,2016-01-22 09:50:00,2016-01-22 11:14:00,2016-01-22 11:16:00,2016-01-22 11:17:00,6984.75,6978.5,6.25,-1.12,-140.0,stop,-1.12,-140.0,stop
2016-01-25,1,2016-01-25 10:00:00,2016-01-25 10:07:00,2016-01-25 10:17:00,2016-01-25 10:18:00,7011.25,7000.75,10.5,-1.0714285714285714,-225.0,stop,-1.0714285714285714,-225.0,stop
2016-01-26,-1,2016-01-26 09:45:00,2016-01-26 10:12:00,2016-01-26 10:28:00,2016-01-26 10:29:00,6966.25,6977.25,11.0,-1.0681818181818181,-235.0,stop,-1.0681818181818181,-235.0,stop
2016-01-28,-1,2016-01-28 10:00:00,2016-01-28 11:11:00,2016-01-28 11:12:00,2016-01-28 11:13:00,6924.0,6933.5,9.5,-1.0789473684210527,-205.0,stop,-1.0789473684210527,-205.0,stop
2016-01-29,1,2016-01-29 10:15:00,2016-01-29 10:37:00,2016-01-29 10:40:00,2016-01-29 10:41:00,6982.25,6973.5,8.75,-1.0857142857142856,-190.0,stop,-1.0857142857142856,-190.0,stop
2016-02-01,-1,2016-02-01 10:00:00,2016-02-01 10:07:00,2016-02-01 10:15:00,2016-02-01 10:16:00,7012.25,7020.25,8.0,-1.09375,-175.0,stop,-1.09375,-175.0,stop
2016-02-04,1,2016-02-04 10:10:00,2016-02-04 10:20:00,2016-02-04 10:22:00,2016-02-04 10:23:00,6941.0,6924.5,16.5,-1.0454545454545454,-345.0,stop,-0.21212121212121213,-70.0,thesis_flip
2016-02-08,-1,2016-02-08 10:25:00,2016-02-08 10:39:00,2016-02-08 10:46:00,2016-02-08 10:47:00,6693.25,6711.75,18.5,-1.0405405405405406,-385.0,stop,0.7027027027027027,260.0,thesis_flip
2016-02-09,1,2016-02-09 09:45:00,2016-02-09 10:34:00,2016-02-09 10:37:00,2016-02-09 10:38:00,6724.5,6714.25,10.25,-1.0731707317073171,-220.0,stop,-1.0731707317073171,-220.0,stop
2016-02-10,1,2016-02-10 09:50:00,2016-02-10 10:58:00,2016-02-10 11:11:00,2016-02-10 11:12:00,6758.75,6751.25,7.5,-1.1,-165.0,stop,-1.1,-165.0,stop
2016-02-11,1,2016-02-11 09:50:00,2016-02-11 09:59:00,2016-02-11 10:05:00,2016-02-11 10:06:00,6717.0,6691.25,25.75,-1.029126213592233,-530.0,stop,-1.029126213592233,-530.0,stop
2016-02-12,-1,2016-02-12 09:45:00,2016-02-12 10:26:00,2016-02-12 10:29:00,2016-02-12 10:30:00,6744.0,6750.0,6.0,-1.125,-135.0,stop,-1.125,-135.0,stop
2016-02-15,1,2016-02-15 09:55:00,2016-02-15 10:19:00,2016-02-15 10:35:00,2016-02-15 10:36:00,6838.25,6835.5,2.75,-1.2727272727272727,-70.0,stop,0.2727272727272727,15.0,thesis_flip
2016-02-16,-1,2016-02-16 10:00:00,2016-02-16 10:21:00,2016-02-16 10:22:00,2016-02-16 10:23:00,6836.25,6844.5,8.25,-1.0909090909090908,-180.0,stop,-1.0909090909090908,-180.0,stop
2016-02-18,-1,2016-02-18 10:05:00,2016-02-18 10:17:00,2016-02-18 10:20:00,2016-02-18 10:21:00,6947.0,6955.5,8.5,-1.088235294117647,-185.0,stop,-1.088235294117647,-185.0,stop
2016-02-19,1,2016-02-19 10:15:00,2016-02-19 11:08:00,2016-02-19 11:10:00,2016-02-19 11:11:00,6915.75,6908.25,7.5,1.6,240.0,close,1.2,180.0,thesis_flip
2016-02-22,1,2016-02-22 09:55:00,2016-02-22 10:17:00,2016-02-22 10:26:00,2016-02-22 10:27:00,6982.75,6977.75,5.0,-1.15,-115.0,stop,-1.15,-115.0,stop
2016-02-24,-1,2016-02-24 09:45:00,2016-02-24 10:07:00,2016-02-24 10:11:00,2016-02-24 10:12:00,6862.5,6869.5,7.0,-1.1071428571428572,-155.0,stop,0.0,0.0,thesis_flip
2016-02-25,-1,2016-02-25 09:55:00,2016-02-25 10:18:00,2016-02-25 10:23:00,2016-02-25 10:24:00,6949.5,6955.25,5.75,-1.1304347826086956,-130.0,stop,-1.1304347826086956,-130.0,stop
2016-02-26,-1,2016-02-26 10:00:00,2016-02-26 10:52:00,2016-02-26 11:01:00,2016-02-26 11:02:00,7020.0,7023.5,3.5,-1.2142857142857142,-85.0,stop,-1.2142857142857142,-85.0,stop
2016-02-29,1,2016-02-29 09:50:00,2016-02-29 09:58:00,2016-02-29 10:06:00,2016-02-29 10:07:00,7004.5,6997.25,7.25,-1.103448275862069,-160.0,stop,-1.103448275862069,-160.0,stop
2016-03-02,-1,2016-03-02 09:50:00,2016-03-02 10:04:00,2016-03-02 10:10:00,2016-03-02 10:11:00,7090.25,7094.5,4.25,-1.1764705882352942,-100.0,stop,-1.1764705882352942,-100.0,stop
2016-03-03,-1,2016-03-03 10:10:00,2016-03-03 10:40:00,2016-03-03 10:42:00,2016-03-03 10:43:00,7077.5,7082.0,4.5,-1.1666666666666667,-105.0,stop,-1.1666666666666667,-105.0,stop
2016-03-04,-1,2016-03-04 09:50:00,2016-03-04 09:59:00,2016-03-04 10:02:00,2016-03-04 10:03:00,7067.0,7075.25,8.25,-1.0909090909090908,-180.0,stop,-1.0909090909090908,-180.0,stop
2016-03-07,-1,2016-03-07 09:50:00,2016-03-07 10:07:00,2016-03-07 10:13:00,2016-03-07 10:14:00,7056.5,7065.0,8.5,-1.088235294117647,-185.0,stop,-1.088235294117647,-185.0,stop
2016-03-08,1,2016-03-08 09:45:00,2016-03-08 10:13:00,2016-03-08 10:15:00,2016-03-08 10:16:00,7049.0,7036.75,12.25,-1.0612244897959184,-260.0,stop,-1.0612244897959184,-260.0,stop
2016-03-10,1,2016-03-10 09:55:00,2016-03-10 10:10:00,2016-03-10 10:23:00,2016-03-10 10:24:00,7089.0,7079.75,9.25,-1.0810810810810811,-200.0,stop,-1.0810810810810811,-200.0,stop
2016-03-17,-1,2016-03-17 10:10:00,2016-03-17 10:21:00,2016-03-17 10:48:00,2016-03-17 10:49:00,7154.0,7157.5,3.5,-1.2142857142857142,-85.0,stop,-1.2142857142857142,-85.0,stop
2016-03-18,-1,2016-03-18 09:45:00,2016-03-18 10:08:00,2016-03-18 10:19:00,2016-03-18 10:20:00,7159.5,7166.25,6.75,-1.1111111111111112,-150.0,stop,-1.1111111111111112,-150.0,stop
2016-03-24,1,2016-03-24 09:50:00,2016-03-24 10:00:00,2016-03-24 10:07:00,2016-03-24 10:08:00,7156.5,7149.75,6.75,-1.1111111111111112,-150.0,stop,-1.1111111111111112,-150.0,stop
2016-03-28,-1,2016-03-28 09:45:00,2016-03-28 09:57:00,2016-03-28 10:27:00,2016-03-28 10:28:00,7176.0,7178.75,2.75,-1.2727272727272727,-70.0,stop,2.272727272727273,125.0,thesis_flip
2016-03-30,1,2016-03-30 09:45:00,2016-03-30 09:58:00,2016-03-30 10:05:00,2016-03-30 10:06:00,7279.5,7276.25,3.25,-1.2307692307692308,-80.0,stop,-1.1538461538461537,-75.0,thesis_flip
2016-03-31,1,2016-03-31 09:45:00,2016-03-31 09:58:00,2016-03-31 10:06:00,2016-03-31 10:07:00,7259.0,7250.75,8.25,-1.0909090909090908,-180.0,stop,0.6666666666666666,110.0,thesis_flip
2016-04-04,1,2016-04-04 10:05:00,2016-04-04 10:17:00,2016-04-04 10:25:00,2016-04-04 10:26:00,7296.25,7288.25,8.0,-1.09375,-175.0,stop,-1.09375,-175.0,stop
2016-04-05,1,2016-04-05 10:05:00,2016-04-05 10:51:00,2016-04-05 11:07:00,2016-04-05 11:08:00,7250.25,7245.25,5.0,-1.15,-115.0,stop,-0.75,-75.0,thesis_flip
2016-04-06,1,2016-04-06 09:50:00,2016-04-06 10:04:00,2016-04-06 10:27:00,2016-04-06 10:28:00,7249.0,7243.5,5.5,-1.1363636363636365,-125.0,stop,-1.1363636363636365,-125.0,stop
2016-04-07,-1,2016-04-07 09:45:00,2016-04-07 09:57:00,2016-04-07 10:00:00,2016-04-07 10:01:00,7274.75,7282.5,7.75,-1.096774193548387,-170.0,stop,-1.096774193548387,-170.0,stop
2016-04-08,1,2016-04-08 09:55:00,2016-04-08 10:06:00,2016-04-08 10:09:00,2016-04-08 10:10:00,7280.25,7272.75,7.5,-1.1,-165.0,stop,-0.9,-135.0,thesis_flip
2016-04-11,1,2016-04-11 10:05:00,2016-04-11 10:46:00,2016-04-11 10:55:00,2016-04-11 10:56:00,7269.75,7265.0,4.75,-1.1578947368421053,-110.0,stop,-1.1578947368421053,-110.0,stop
2016-04-12,-1,2016-04-12 10:05:00,2016-04-12 10:35:00,2016-04-12 10:38:00,2016-04-12 10:39:00,7211.75,7225.0,13.25,-1.0566037735849056,-280.0,stop,-1.0566037735849056,-280.0,stop
2016-04-13,1,2016-04-13 10:10:00,2016-04-13 10:37:00,2016-04-13 10:42:00,2016-04-13 10:43:00,7308.5,7303.0,5.5,-1.1363636363636365,-125.0,stop,-0.9090909090909091,-100.0,thesis_flip
2016-04-14,-1,2016-04-14 09:50:00,2016-04-14 10:09:00,2016-04-14 10:22:00,2016-04-14 10:23:00,7319.75,7324.0,4.25,-1.1764705882352942,-100.0,stop,-1.1764705882352942,-100.0,stop
2016-04-19,-1,2016-04-19 09:50:00,2016-04-19 10:01:00,2016-04-19 10:04:00,2016-04-19 10:05:00,7311.25,7315.75,4.5,-1.1666666666666667,-105.0,stop,-1.1666666666666667,-105.0,stop
2016-04-20,1,2016-04-20 09:50:00,2016-04-20 10:06:00,2016-04-20 10:11:00,2016-04-20 10:12:00,7315.0,7308.0,7.0,-1.1071428571428572,-155.0,stop,-1.1071428571428572,-155.0,stop
2016-04-21,-1,2016-04-21 09:45:00,2016-04-21 10:07:00,2016-04-21 10:13:00,2016-04-21 10:14:00,7293.0,7299.25,6.25,-1.12,-140.0,stop,-1.12,-140.0,stop
2016-04-27,-1,2016-04-27 09:50:00,2016-04-27 10:01:00,2016-04-27 10:06:00,2016-04-27 10:07:00,7165.0,7176.5,11.5,-1.065217391304348,-245.0,stop,0.6739130434782609,155.0,thesis_flip
2016-04-28,1,2016-04-28 09:55:00,2016-04-28 10:15:00,2016-04-28 10:18:00,2016-04-28 10:19:00,7199.0,7192.0,7.0,-1.1071428571428572,-155.0,stop,1.2857142857142858,180.0,thesis_flip
2016-05-02,1,2016-05-02 10:15:00,2016-05-02 10:27:00,2016-05-02 10:32:00,2016-05-02 10:33:00,7118.25,7113.0,5.25,-1.1428571428571428,-120.0,stop,-1.1428571428571428,-120.0,stop
2016-05-04,1,2016-05-04 09:55:00,2016-05-04 10:09:00,2016-05-04 10:10:00,2016-05-04 10:11:00,7090.75,7084.25,6.5,-1.1153846153846154,-145.0,stop,-1.1153846153846154,-145.0,stop
2016-05-09,1,2016-05-09 09:55:00,2016-05-09 10:02:00,2016-05-09 10:07:00,2016-05-09 10:08:00,7122.25,7115.0,7.25,-1.103448275862069,-160.0,stop,-1.103448275862069,-160.0,stop
2016-05-10,1,2016-05-10 09:45:00,2016-05-10 10:09:00,2016-05-10 10:10:00,2016-05-10 10:11:00,7134.0,7128.5,5.5,6.545454545454546,720.0,close,3.772727272727273,415.0,thesis_flip
2016-05-11,1,2016-05-11 10:20:00,2016-05-11 10:43:00,2016-05-11 10:56:00,2016-05-11 10:57:00,7164.75,7162.0,2.75,-1.2727272727272727,-70.0,stop,-1.2727272727272727,-70.0,stop
2016-05-16,1,2016-05-16 09:45:00,2016-05-16 10:11:00,2016-05-16 10:23:00,2016-05-16 10:24:00,7112.75,7108.0,4.75,7.7368421052631575,735.0,close,3.526315789473684,335.0,thesis_flip
2016-05-17,-1,2016-05-17 10:00:00,2016-05-17 10:10:00,2016-05-17 10:12:00,2016-05-17 10:13:00,7127.5,7134.75,7.25,-1.103448275862069,-160.0,stop,-1.103448275862069,-160.0,stop
2016-05-18,1,2016-05-18 10:00:00,2016-05-18 10:14:00,2016-05-18 10:15:00,2016-05-18 10:16:00,7116.75,7101.25,15.5,-1.0483870967741935,-325.0,stop,-0.12903225806451613,-40.0,thesis_flip
2016-05-26,-1,2016-05-26 09:50:00,2016-05-26 09:57:00,2016-05-26 09:58:00,2016-05-26 09:59:00,7244.75,7248.5,3.75,-1.2,-90.0,stop,-1.2,-90.0,stop
2016-05-27,1,2016-05-27 09:45:00,2016-05-27 10:23:00,2016-05-27 10:30:00,2016-05-27 10:31:00,7277.25,7270.25,7.0,-1.1071428571428572,-155.0,stop,-0.14285714285714285,-20.0,thesis_flip
2016-05-31,1,2016-05-31 09:45:00,2016-05-31 09:57:00,2016-05-31 10:04:00,2016-05-31 10:05:00,7297.5,7293.0,4.5,-1.1666666666666667,-105.0,stop,-0.6666666666666666,-60.0,thesis_flip
2016-06-02,-1,2016-06-02 09:45:00,2016-06-02 10:18:00,2016-06-02 10:28:00,2016-06-02 10:29:00,7279.75,7283.25,3.5,-1.2142857142857142,-85.0,stop,-1.2142857142857142,-85.0,stop
2016-06-06,1,2016-06-06 09:45:00,2016-06-06 10:18:00,2016-06-06 10:31:00,2016-06-06 10:32:00,7296.5,7292.75,3.75,-1.2,-90.0,stop,0.2,15.0,thesis_flip
2016-06-07,1,2016-06-07 09:45:00,2016-06-07 09:55:00,2016-06-07 10:02:00,2016-06-07 10:03:00,7304.5,7301.0,3.5,-1.2142857142857142,-85.0,stop,-1.2142857142857142,-85.0,stop
2016-06-09,1,2016-06-09 09:50:00,2016-06-09 10:09:00,2016-06-09 10:12:00,2016-06-09 10:13:00,7288.25,7281.25,7.0,-1.1071428571428572,-155.0,stop,-0.7857142857142857,-110.0,thesis_flip
2016-06-13,1,2016-06-13 09:45:00,2016-06-13 10:09:00,2016-06-13 10:11:00,2016-06-13 10:12:00,7222.75,7218.5,4.25,-1.1764705882352942,-100.0,stop,0.9411764705882353,80.0,thesis_flip
2016-06-15,-1,2016-06-15 10:20:00,2016-06-15 10:33:00,2016-06-15 10:57:00,2016-06-15 10:58:00,7207.75,7210.75,3.0,-1.25,-75.0,stop,-1.25,-75.0,stop
2016-06-17,-1,2016-06-17 09:45:00,2016-06-17 09:53:00,2016-06-17 09:54:00,2016-06-17 09:55:00,7161.0,7165.75,4.75,2.8947368421052633,275.0,close,-1.0526315789473684,-100.0,thesis_flip
2016-06-22,-1,2016-06-22 09:50:00,2016-06-22 10:02:00,2016-06-22 10:19:00,2016-06-22 10:20:00,7188.25,7191.25,3.0,-1.25,-75.0,stop,-1.25,-75.0,stop
2016-06-23,-1,2016-06-23 09:50:00,2016-06-23 10:07:00,2016-06-23 10:16:00,2016-06-23 10:17:00,7205.5,7211.75,6.25,-1.12,-140.0,stop,-1.12,-140.0,stop
2016-06-24,1,2016-06-24 10:00:00,2016-06-24 10:11:00,2016-06-24 10:28:00,2016-06-24 10:29:00,7118.0,7112.0,6.0,-1.125,-135.0,stop,-1.125,-135.0,stop
2016-06-28,1,2016-06-28 09:45:00,2016-06-28 10:47:00,2016-06-28 10:53:00,2016-06-28 10:54:00,7039.5,7031.5,8.0,-1.09375,-175.0,stop,-1.09375,-175.0,stop
2016-06-29,1,2016-06-29 09:45:00,2016-06-29 10:14:00,2016-06-29 10:31:00,2016-06-29 10:32:00,7119.0,7105.0,14.0,1.2678571428571428,355.0,close,0.9642857142857143,270.0,thesis_flip
2016-06-30,-1,2016-06-30 09:50:00,2016-06-30 10:14:00,2016-06-30 10:17:00,2016-06-30 10:18:00,7140.75,7144.0,3.25,-1.2307692307692308,-80.0,stop,-1.2307692307692308,-80.0,stop
2016-07-04,-1,2016-07-04 09:55:00,2016-07-04 10:05:00,2016-07-04 10:06:00,2016-07-04 10:07:00,7215.25,7217.75,2.5,-1.3,-65.0,stop,-1.3,-65.0,stop
2016-07-05,-1,2016-07-05 09:45:00,2016-07-05 10:01:00,2016-07-05 10:06:00,2016-07-05 10:07:00,7176.25,7180.25,4.0,-1.1875,-95.0,stop,-1.1875,-95.0,stop
2016-07-06,1,2016-07-06 10:00:00,2016-07-06 10:19:00,2016-07-06 10:22:00,2016-07-06 10:23:00,7173.0,7169.0,4.0,-1.1875,-95.0,stop,-1.1875,-95.0,stop
2016-07-07,1,2016-07-07 09:45:00,2016-07-07 10:02:00,2016-07-07 10:05:00,2016-07-07 10:06:00,7239.5,7233.5,6.0,-1.125,-135.0,stop,-1.125,-135.0,stop
2016-07-08,1,2016-07-08 09:45:00,2016-07-08 09:57:00,2016-07-08 10:09:00,2016-07-08 10:10:00,7279.25,7270.5,8.75,2.5428571428571427,445.0,close,1.1714285714285715,205.0,thesis_flip
2016-07-12,-1,2016-07-12 10:05:00,2016-07-12 10:12:00,2016-07-12 10:17:00,2016-07-12 10:18:00,7348.25,7354.5,6.25,-1.12,-140.0,stop,-0.88,-110.0,thesis_flip
2016-07-15,-1,2016-07-15 10:15:00,2016-07-15 10:37:00,2016-07-15 10:43:00,2016-07-15 10:44:00,7372.0,7375.0,3.0,-1.25,-75.0,stop,-1.25,-75.0,stop
2016-07-19,-1,2016-07-19 09:45:00,2016-07-19 10:15:00,2016-07-19 10:22:00,2016-07-19 10:23:00,7379.25,7385.5,6.25,-1.12,-140.0,stop,-0.84,-105.0,thesis_flip
2016-07-25,-1,2016-07-25 10:10:00,2016-07-25 10:19:00,2016-07-25 10:21:00,2016-07-25 10:22:00,7431.0,7434.0,3.0,-1.25,-75.0,stop,-1.25,-75.0,stop
2016-07-29,-1,2016-07-29 10:00:00,2016-07-29 10:18:00,2016-07-29 10:25:00,2016-07-29 10:26:00,7497.75,7502.0,4.25,-1.1764705882352942,-100.0,stop,-1.1764705882352942,-100.0,stop
2016-08-03,1,2016-08-03 10:10:00,2016-08-03 10:21:00,2016-08-03 10:33:00,2016-08-03 10:34:00,7500.25,7495.5,4.75,-1.1578947368421053,-110.0,stop,-0.8421052631578947,-80.0,thesis_flip
2016-08-04,-1,2016-08-04 09:55:00,2016-08-04 10:02:00,2016-08-04 10:05:00,2016-08-04 10:06:00,7505.5,7509.0,3.5,-1.2142857142857142,-85.0,stop,-1.2142857142857142,-85.0,stop
2016-08-08,-1,2016-08-08 09:50:00,2016-08-08 10:02:00,2016-08-08 10:09:00,2016-08-08 10:10:00,7561.75,7565.5,3.75,-0.7333333333333333,-55.0,close,0.8666666666666667,65.0,thesis_flip
2016-08-09,1,2016-08-09 09:45:00,2016-08-09 10:05:00,2016-08-09 10:10:00,2016-08-09 10:11:00,7579.75,7572.5,7.25,-1.103448275862069,-160.0,stop,0.6896551724137931,100.0,thesis_flip
2016-08-10,-1,2016-08-10 09:55:00,2016-08-10 10:02:00,2016-08-10 10:06:00,2016-08-10 10:07:00,7569.75,7571.75,2.0,-1.375,-55.0,stop,-1.375,-55.0,stop
2016-08-11,-1,2016-08-11 10:05:00,2016-08-11 10:35:00,2016-08-11 10:51:00,2016-08-11 10:52:00,7580.75,7584.5,3.75,-1.2,-90.0,stop,-0.6,-45.0,thesis_flip
2016-08-15,1,2016-08-15 09:45:00,2016-08-15 10:03:00,2016-08-15 10:10:00,2016-08-15 10:11:00,7605.0,7602.0,3.0,0.16666666666666666,10.0,close,2.25,135.0,thesis_flip
2016-08-17,-1,2016-08-17 10:00:00,2016-08-17 10:11:00,2016-08-17 10:25:00,2016-08-17 10:26:00,7564.25,7568.25,4.0,-1.1875,-95.0,stop,-1.1875,-95.0,stop
2016-08-18,1,2016-08-18 10:15:00,2016-08-18 10:34:00,2016-08-18 10:38:00,2016-08-18 10:39:00,7593.75,7588.0,5.75,-1.1304347826086956,-130.0,stop,-0.6956521739130435,-80.0,thesis_flip
2016-08-19,-1,2016-08-19 09:45:00,2016-08-19 09:53:00,2016-08-19 10:12:00,2016-08-19 10:13:00,7572.25,7575.75,3.5,-1.2142857142857142,-85.0,stop,-1.2142857142857142,-85.0,stop
2016-08-22,1,2016-08-22 09:55:00,2016-08-22 10:03:00,2016-08-22 10:11:00,2016-08-22 10:12:00,7579.75,7577.5,2.25,-1.3333333333333333,-60.0,stop,6.444444444444445,290.0,thesis_flip
2016-08-23,1,2016-08-23 09:50:00,2016-08-23 10:02:00,2016-08-23 10:11:00,2016-08-23 10:12:00,7616.5,7613.25,3.25,-1.2307692307692308,-80.0,stop,-1.2307692307692308,-80.0,stop
2016-08-24,-1,2016-08-24 10:20:00,2016-08-24 10:31:00,2016-08-24 10:40:00,2016-08-24 10:41:00,7593.5,7597.0,3.5,7.285714285714286,510.0,close,0.0,0.0,thesis_flip
2016-08-25,1,2016-08-25 10:20:00,2016-08-25 10:27:00,2016-08-25 10:31:00,2016-08-25 10:32:00,7565.0,7561.75,3.25,-1.2307692307692308,-80.0,stop,-1.2307692307692308,-80.0,stop
2016-08-26,1,2016-08-26 10:15:00,2016-08-26 11:09:00,2016-08-26 11:12:00,2016-08-26 11:13:00,7587.25,7582.75,4.5,-1.1666666666666667,-105.0,stop,-1.1666666666666667,-105.0,stop
2016-08-30,-1,2016-08-30 10:10:00,2016-08-30 10:20:00,2016-08-30 10:31:00,2016-08-30 10:32:00,7560.25,7565.5,5.25,0.047619047619047616,5.0,close,-0.2857142857142857,-30.0,thesis_flip
2016-09-02,1,2016-09-02 09:50:00,2016-09-02 10:14:00,2016-09-02 10:25:00,2016-09-02 10:26:00,7593.25,7589.5,3.75,-1.2,-90.0,stop,-1.2,-90.0,stop
2016-09-06,1,2016-09-06 09:45:00,2016-09-06 09:58:00,2016-09-06 10:00:00,2016-09-06 10:01:00,7598.75,7591.75,7.0,-1.1071428571428572,-155.0,stop,-1.1071428571428572,-155.0,stop
2016-09-08,-1,2016-09-08 09:50:00,2016-09-08 10:07:00,2016-09-08 10:09:00,2016-09-08 10:10:00,7583.25,7588.0,4.75,-1.1578947368421053,-110.0,stop,-1.1578947368421053,-110.0,stop
2016-09-16,-1,2016-09-16 10:00:00,2016-09-16 10:21:00,2016-09-16 10:22:00,2016-09-16 10:23:00,7583.5,7590.75,7.25,-1.103448275862069,-160.0,stop,-1.103448275862069,-160.0,stop
2016-09-19,1,2016-09-19 09:55:00,2016-09-19 10:08:00,2016-09-19 10:17:00,2016-09-19 10:18:00,7619.0,7615.0,4.0,-1.1875,-95.0,stop,-1.1875,-95.0,stop
2016-09-21,1,2016-09-21 09:55:00,2016-09-21 10:07:00,2016-09-21 10:25:00,2016-09-21 10:26:00,7612.75,7609.5,3.25,-1.2307692307692308,-80.0,stop,-1.2307692307692308,-80.0,stop
2016-09-22,1,2016-09-22 10:25:00,2016-09-22 10:46:00,2016-09-22 10:56:00,2016-09-22 10:57:00,7665.25,7662.5,2.75,-1.2727272727272727,-70.0,stop,-1.2727272727272727,-70.0,stop
2016-09-23,-1,2016-09-23 09:55:00,2016-09-23 10:08:00,2016-09-23 10:10:00,2016-09-23 10:11:00,7652.5,7660.0,7.5,-1.1,-165.0,stop,-0.8666666666666667,-130.0,thesis_flip
2016-09-26,1,2016-09-26 10:10:00,2016-09-26 10:23:00,2016-09-26 10:31:00,2016-09-26 10:32:00,7613.25,7609.5,3.75,-1.2,-90.0,stop,-1.2,-90.0,stop
2016-09-27,1,2016-09-27 09:45:00,2016-09-27 09:54:00,2016-09-27 09:55:00,2016-09-27 09:56:00,7621.5,7613.5,8.0,3.3125,530.0,close,0.375,60.0,thesis_flip
2016-09-29,-1,2016-09-29 10:05:00,2016-09-29 10:21:00,2016-09-29 10:30:00,2016-09-29 10:31:00,7642.5,7648.0,5.5,3.909090909090909,430.0,close,1.4090909090909092,155.0,thesis_flip
2016-10-03,-1,2016-10-03 09:45:00,2016-10-03 10:04:00,2016-10-03 10:05:00,2016-10-03 10:06:00,7636.75,7645.25,8.5,-1.088235294117647,-185.0,stop,-1.088235294117647,-185.0,stop
2016-10-04,1,2016-10-04 09:45:00,2016-10-04 09:58:00,2016-10-04 09:59:00,2016-10-04 10:00:00,7672.0,7669.25,2.75,-1.2727272727272727,-70.0,stop,-1.2727272727272727,-70.0,stop
2016-10-05,1,2016-10-05 09:45:00,2016-10-05 10:01:00,2016-10-05 10:04:00,2016-10-05 10:05:00,7663.0,7658.5,4.5,-1.1666666666666667,-105.0,stop,-0.2222222222222222,-20.0,thesis_flip
2016-10-06,-1,2016-10-06 09:50:00,2016-10-06 10:00:00,2016-10-06 10:01:00,2016-10-06 10:02:00,7643.0,7646.25,3.25,-1.2307692307692308,-80.0,stop,-1.2307692307692308,-80.0,stop
2016-10-07,-1,2016-10-07 09:45:00,2016-10-07 09:57:00,2016-10-07 10:18:00,2016-10-07 10:19:00,7651.25,7655.5,4.25,-1.1764705882352942,-100.0,stop,-1.1764705882352942,-100.0,stop
2016-10-13,-1,2016-10-13 09:50:00,2016-10-13 10:40:00,2016-10-13 10:43:00,2016-10-13 10:44:00,7557.25,7563.25,6.0,-1.125,-135.0,stop,-0.16666666666666666,-20.0,thesis_flip
2016-10-14,1,2016-10-14 09:45:00,2016-10-14 10:05:00,2016-10-14 10:11:00,2016-10-14 10:12:00,7621.0,7615.75,5.25,-1.1428571428571428,-120.0,stop,-0.2857142857142857,-30.0,thesis_flip
2016-10-18,-1,2016-10-18 10:20:00,2016-10-18 10:42:00,2016-10-18 10:53:00,2016-10-18 10:54:00,7627.75,7630.5,2.75,-1.2727272727272727,-70.0,stop,-1.2727272727272727,-70.0,stop
2016-10-19,1,2016-10-19 10:25:00,2016-10-19 10:38:00,2016-10-19 10:40:00,2016-10-19 10:41:00,7622.25,7618.25,4.0,-1.1875,-95.0,stop,-0.5,-40.0,thesis_flip
2016-10-20,1,2016-10-20 10:00:00,2016-10-20 10:17:00,2016-10-20 10:22:00,2016-10-20 10:23:00,7613.5,7611.0,2.5,-1.3,-65.0,stop,-1.3,-65.0,stop
2016-10-21,1,2016-10-21 10:30:00,2016-10-21 10:43:00,2016-10-21 10:49:00,2016-10-21 10:50:00,7620.0,7617.25,2.75,-1.2727272727272727,-70.0,stop,-1.2727272727272727,-70.0,stop
2016-10-27,-1,2016-10-27 09:45:00,2016-10-27 09:52:00,2016-10-27 10:03:00,2016-10-27 10:04:00,7651.75,7657.5,5.75,5.565217391304348,640.0,close,2.6956521739130435,310.0,thesis_flip
2016-10-28,1,2016-10-28 09:45:00,2016-10-28 10:06:00,2016-10-28 10:13:00,2016-10-28 10:14:00,7607.75,7599.25,8.5,-1.088235294117647,-185.0,stop,1.7352941176470589,295.0,thesis_flip
2016-10-31,-1,2016-10-31 09:50:00,2016-10-31 10:00:00,2016-10-31 10:08:00,2016-10-31 10:09:00,7591.25,7597.25,6.0,-1.125,-135.0,stop,-1.125,-135.0,stop
2016-11-02,-1,2016-11-02 10:30:00,2016-11-02 10:38:00,2016-11-02 10:44:00,2016-11-02 10:45:00,7535.25,7541.5,6.25,-1.12,-140.0,stop,-0.44,-55.0,thesis_flip
2016-11-03,-1,2016-11-03 09:50:00,2016-11-03 10:00:00,2016-11-03 10:01:00,2016-11-03 10:02:00,7494.0,7504.0,10.0,-1.075,-215.0,stop,-1.075,-215.0,stop
2016-11-08,-1,2016-11-08 09:50:00,2016-11-08 10:10:00,2016-11-08 10:14:00,2016-11-08 10:15:00,7544.0,7548.25,4.25,-1.1764705882352942,-100.0,stop,-1.1764705882352942,-100.0,stop
2016-11-11,1,2016-11-11 10:05:00,2016-11-11 10:14:00,2016-11-11 10:33:00,2016-11-11 10:34:00,7511.25,7498.75,12.5,-1.06,-265.0,stop,-1.06,-265.0,stop
2016-11-14,-1,2016-11-14 09:55:00,2016-11-14 10:12:00,2016-11-14 10:20:00,2016-11-14 10:21:00,7503.75,7514.0,10.25,1.8780487804878048,385.0,close,2.6341463414634148,540.0,thesis_flip
2016-11-15,1,2016-11-15 10:00:00,2016-11-15 10:57:00,2016-11-15 10:59:00,2016-11-15 11:00:00,7546.0,7535.0,11.0,-1.0681818181818181,-235.0,stop,-0.4090909090909091,-90.0,thesis_flip
2016-11-16,1,2016-11-16 10:20:00,2016-11-16 10:37:00,2016-11-16 10:41:00,2016-11-16 10:42:00,7577.0,7559.25,17.75,-0.014084507042253521,-5.0,close,-0.704225352112676,-250.0,thesis_flip
2016-11-17,1,2016-11-17 10:05:00,2016-11-17 10:15:00,2016-11-17 10:36:00,2016-11-17 10:37:00,7583.0,7575.75,7.25,4.0,580.0,close,0.034482758620689655,5.0,thesis_flip
2016-11-18,-1,2016-11-18 09:55:00,2016-11-18 10:06:00,2016-11-18 10:11:00,2016-11-18 10:12:00,7610.25,7615.75,5.5,2.8181818181818183,310.0,close,2.0,220.0,thesis_flip
2016-11-21,1,2016-11-21 09:45:00,2016-11-21 10:19:00,2016-11-21 10:44:00,2016-11-21 10:45:00,7623.25,7609.25,14.0,1.4642857142857142,410.0,close,0.6964285714285714,195.0,thesis_flip
2016-11-22,1,2016-11-22 09:45:00,2016-11-22 09:54:00,2016-11-22 10:07:00,2016-11-22 10:08:00,7666.75,7660.75,6.0,-1.125,-135.0,stop,-1.125,-135.0,stop
2016-11-24,1,2016-11-24 10:00:00,2016-11-24 10:11:00,2016-11-24 10:12:00,2016-11-24 10:13:00,7638.0,7637.25,0.75,-2.0,-30.0,stop,-2.0,-30.0,stop
2016-11-25,1,2016-11-25 09:45:00,2016-11-25 09:52:00,2016-11-25 09:55:00,2016-11-25 09:56:00,7648.0,7645.75,2.25,-1.3333333333333333,-60.0,stop,-1.3333333333333333,-60.0,stop
2016-11-28,1,2016-11-28 09:50:00,2016-11-28 10:05:00,2016-11-28 10:20:00,2016-11-28 10:21:00,7652.0,7648.75,3.25,-1.2307692307692308,-80.0,stop,0.9230769230769231,60.0,thesis_flip
2016-11-29,-1,2016-11-29 09:45:00,2016-11-29 10:08:00,2016-11-29 10:18:00,2016-11-29 10:19:00,7648.0,7651.25,3.25,-1.2307692307692308,-80.0,stop,-1.2307692307692308,-80.0,stop
2016-12-01,-1,2016-12-01 09:50:00,2016-12-01 10:13:00,2016-12-01 10:15:00,2016-12-01 10:16:00,7564.0,7587.25,23.25,1.89247311827957,880.0,close,0.967741935483871,450.0,thesis_flip
2016-12-02,-1,2016-12-02 10:10:00,2016-12-02 10:17:00,2016-12-02 10:48:00,2016-12-02 10:49:00,7529.0,7536.0,7.0,-1.1071428571428572,-155.0,stop,-1.1071428571428572,-155.0,stop
2016-12-06,1,2016-12-06 10:00:00,2016-12-06 10:17:00,2016-12-06 10:30:00,2016-12-06 10:31:00,7564.5,7560.0,4.5,-1.1666666666666667,-105.0,stop,-1.1666666666666667,-105.0,stop
2016-12-09,1,2016-12-09 10:20:00,2016-12-09 10:31:00,2016-12-09 10:33:00,2016-12-09 10:34:00,7677.0,7672.75,4.25,-1.1764705882352942,-100.0,stop,-0.8235294117647058,-70.0,thesis_flip
2016-12-12,1,2016-12-12 09:50:00,2016-12-12 10:03:00,2016-12-12 10:07:00,2016-12-12 10:08:00,7666.25,7661.5,4.75,-1.1578947368421053,-110.0,stop,-1.1578947368421053,-110.0,stop
2016-12-13,1,2016-12-13 09:50:00,2016-12-13 10:13:00,2016-12-13 10:20:00,2016-12-13 10:21:00,7724.25,7711.5,12.75,-0.23529411764705882,-60.0,close,0.058823529411764705,15.0,thesis_flip
2016-12-16,-1,2016-12-16 09:45:00,2016-12-16 09:54:00,2016-12-16 10:00:00,2016-12-16 10:01:00,7725.5,7729.25,3.75,6.4,480.0,close,0.6,45.0,thesis_flip
2016-12-29,-1,2016-12-29 09:45:00,2016-12-29 09:56:00,2016-12-29 09:57:00,2016-12-29 09:58:00,7704.0,7707.5,3.5,-1.2142857142857142,-85.0,stop,-1.2142857142857142,-85.0,stop
2017-01-03,1,2017-01-03 10:05:00,2017-01-03 10:43:00,2017-01-03 11:04:00,2017-01-03 11:05:00,7681.25,7675.75,5.5,-1.1363636363636365,-125.0,stop,-0.7727272727272727,-85.0,thesis_flip
2017-01-06,1,2017-01-06 09:55:00,2017-01-06 10:36:00,2017-01-06 10:40:00,2017-01-06 10:41:00,7762.0,7756.75,5.25,5.142857142857143,540.0,close,5.428571428571429,570.0,thesis_flip
2017-01-09,1,2017-01-09 10:20:00,2017-01-09 10:31:00,2017-01-09 10:33:00,2017-01-09 10:34:00,7803.75,7801.5,2.25,-1.3333333333333333,-60.0,stop,-1.3333333333333333,-60.0,stop
2017-01-11,1,2017-01-11 10:30:00,2017-01-11 11:01:00,2017-01-11 11:05:00,2017-01-11 11:06:00,7825.5,7820.75,4.75,-1.1578947368421053,-110.0,stop,-1.1578947368421053,-110.0,stop
2017-01-13,1,2017-01-13 10:10:00,2017-01-13 10:24:00,2017-01-13 10:28:00,2017-01-13 10:29:00,7843.5,7838.75,4.75,-1.1578947368421053,-110.0,stop,-1.1578947368421053,-110.0,stop
2017-01-16,-1,2017-01-16 09:50:00,2017-01-16 10:53:00,2017-01-16 11:03:00,2017-01-16 11:04:00,7838.5,7839.5,1.0,-1.75,-35.0,stop,-1.75,-35.0,stop
2017-01-17,1,2017-01-17 10:30:00,2017-01-17 10:43:00,2017-01-17 10:46:00,2017-01-17 10:47:00,7834.25,7829.5,4.75,-1.1578947368421053,-110.0,stop,-1.1578947368421053,-110.0,stop
2017-01-19,1,2017-01-19 09:50:00,2017-01-19 10:00:00,2017-01-19 10:26:00,2017-01-19 10:27:00,7843.0,7840.0,3.0,-1.25,-75.0,stop,-1.25,-75.0,stop
2017-01-23,-1,2017-01-23 10:15:00,2017-01-23 10:28:00,2017-01-23 10:32:00,2017-01-23 10:33:00,7829.75,7837.25,7.5,-1.1,-165.0,stop,-0.16666666666666666,-25.0,thesis_flip
2017-01-24,-1,2017-01-24 09:55:00,2017-01-24 10:27:00,2017-01-24 10:29:00,2017-01-24 10:30:00,7856.75,7860.0,3.25,-1.2307692307692308,-80.0,stop,-1.2307692307692308,-80.0,stop
2017-01-25,1,2017-01-25 10:05:00,2017-01-25 10:20:00,2017-01-25 10:44:00,2017-01-25 10:45:00,7920.0,7914.75,5.25,2.380952380952381,250.0,close,-0.38095238095238093,-40.0,thesis_flip
2017-01-26,-1,2017-01-26 10:20:00,2017-01-26 10:28:00,2017-01-26 10:54:00,2017-01-26 10:55:00,7935.75,7940.0,4.25,-1.1764705882352942,-100.0,stop,-0.7647058823529411,-65.0,thesis_flip
2017-01-27,-1,2017-01-27 09:45:00,2017-01-27 09:54:00,2017-01-27 09:55:00,2017-01-27 09:56:00,7936.25,7942.75,6.5,-1.1153846153846154,-145.0,stop,-0.6538461538461539,-85.0,thesis_flip
2017-01-31,-1,2017-01-31 09:50:00,2017-01-31 09:57:00,2017-01-31 10:02:00,2017-01-31 10:03:00,7882.0,7888.25,6.25,-1.12,-140.0,stop,-1.12,-140.0,stop
2017-02-01,-1,2017-02-01 09:50:00,2017-02-01 10:02:00,2017-02-01 10:04:00,2017-02-01 10:05:00,7930.25,7936.5,6.25,-1.12,-140.0,stop,1.8,225.0,thesis_flip
2017-02-02,1,2017-02-02 09:45:00,2017-02-02 09:54:00,2017-02-02 09:56:00,2017-02-02 09:57:00,7933.5,7927.0,6.5,-1.1153846153846154,-145.0,stop,-0.38461538461538464,-50.0,thesis_flip
2017-02-06,1,2017-02-06 09:50:00,2017-02-06 10:02:00,2017-02-06 10:13:00,2017-02-06 10:14:00,7937.0,7933.25,3.75,2.8666666666666667,215.0,close,0.06666666666666667,5.0,thesis_flip
2017-02-08,-1,2017-02-08 09:45:00,2017-02-08 09:57:00,2017-02-08 10:07:00,2017-02-08 10:08:00,7958.25,7961.25,3.0,-1.25,-75.0,stop,-1.25,-75.0,stop
2017-02-09,1,2017-02-09 10:20:00,2017-02-09 10:31:00,2017-02-09 10:40:00,2017-02-09 10:41:00,7988.25,7986.25,2.0,2.875,115.0,close,5.125,205.0,thesis_flip
2017-02-13,1,2017-02-13 10:00:00,2017-02-13 10:41:00,2017-02-13 10:56:00,2017-02-13 10:57:00,8034.75,8029.75,5.0,1.05,105.0,close,-0.7,-70.0,thesis_flip
2017-02-14,-1,2017-02-14 10:00:00,2017-02-14 10:16:00,2017-02-14 10:17:00,2017-02-14 10:18:00,8039.25,8042.5,3.25,-1.2307692307692308,-80.0,stop,1.2307692307692308,80.0,thesis_flip
2017-02-15,1,2017-02-15 09:50:00,2017-02-15 10:03:00,2017-02-15 10:12:00,2017-02-15 10:13:00,8061.5,8057.0,4.5,6.111111111111111,550.0,close,1.6111111111111112,145.0,thesis_flip
2017-02-16,-1,2017-02-16 09:50:00,2017-02-16 10:02:00,2017-02-16 10:12:00,2017-02-16 10:13:00,8090.75,8093.25,2.5,-1.3,-65.0,stop,-1.3,-65.0,stop
2017-02-17,1,2017-02-17 10:10:00,2017-02-17 10:23:00,2017-02-17 10:28:00,2017-02-17 10:29:00,8095.5,8090.75,4.75,-1.1578947368421053,-110.0,stop,-1.1578947368421053,-110.0,stop
2017-02-24,1,2017-02-24 09:55:00,2017-02-24 10:04:00,2017-02-24 10:09:00,2017-02-24 10:10:00,8103.25,8099.25,4.0,-1.1875,-95.0,stop,-1.1875,-95.0,stop
2017-02-27,1,2017-02-27 09:55:00,2017-02-27 10:02:00,2017-02-27 10:09:00,2017-02-27 10:10:00,8121.75,8115.5,6.25,-1.12,-140.0,stop,-1.12,-140.0,stop
2017-02-28,-1,2017-02-28 09:50:00,2017-02-28 10:06:00,2017-02-28 10:08:00,2017-02-28 10:09:00,8126.5,8130.25,3.75,-1.2,-90.0,stop,-1.2,-90.0,stop
2017-03-01,1,2017-03-01 10:00:00,2017-03-01 10:13:00,2017-03-01 10:20:00,2017-03-01 10:21:00,8157.0,8153.5,3.5,-1.2142857142857142,-85.0,stop,-1.2142857142857142,-85.0,stop
2017-03-02,-1,2017-03-02 10:10:00,2017-03-02 10:22:00,2017-03-02 10:33:00,2017-03-02 10:34:00,8163.25,8166.75,3.5,3.857142857142857,270.0,close,0.7857142857142857,55.0,thesis_flip
2017-03-03,-1,2017-03-03 10:20:00,2017-03-03 11:02:00,2017-03-03 11:09:00,2017-03-03 11:10:00,8137.75,8142.0,4.25,-1.1764705882352942,-100.0,stop,-1.1764705882352942,-100.0,stop
2017-03-06,-1,2017-03-06 10:20:00,2017-03-06 11:24:00,2017-03-06 11:26:00,2017-03-06 11:27:00,8131.25,8134.75,3.5,-1.2142857142857142,-85.0,stop,-1.2142857142857142,-85.0,stop
2017-03-08,1,2017-03-08 09:45:00,2017-03-08 10:19:00,2017-03-08 10:21:00,2017-03-08 10:22:00,8155.5,8147.0,8.5,-1.088235294117647,-185.0,stop,-0.5,-85.0,thesis_flip
2017-03-09,1,2017-03-09 09:45:00,2017-03-09 10:05:00,2017-03-09 10:07:00,2017-03-09 10:08:00,8157.5,8145.75,11.75,-1.0638297872340425,-250.0,stop,-0.7446808510638298,-175.0,thesis_flip
2017-03-13,-1,2017-03-13 10:05:00,2017-03-13 10:12:00,2017-03-13 10:14:00,2017-03-13 10:15:00,8173.25,8175.0,1.75,-1.4285714285714286,-50.0,stop,-0.5714285714285714,-20.0,thesis_flip
2017-03-15,-1,2017-03-15 10:00:00,2017-03-15 10:15:00,2017-03-15 10:16:00,2017-03-15 10:17:00,8163.25,8168.75,5.5,-1.1363636363636365,-125.0,stop,-1.1363636363636365,-125.0,stop
2017-03-17,1,2017-03-17 09:50:00,2017-03-17 09:58:00,2017-03-17 10:04:00,2017-03-17 10:05:00,8198.75,8196.25,2.5,-1.3,-65.0,stop,-1.3,-65.0,stop
2017-03-24,1,2017-03-24 09:45:00,2017-03-24 10:01:00,2017-03-24 10:18:00,2017-03-24 10:19:00,8171.75,8166.75,5.0,-1.15,-115.0,stop,-1.15,-115.0,stop
2017-03-27,1,2017-03-27 09:50:00,2017-03-27 10:00:00,2017-03-27 10:05:00,2017-03-27 10:06:00,8127.0,8113.75,13.25,2.339622641509434,620.0,close,0.37735849056603776,100.0,thesis_flip
2017-03-29,1,2017-03-29 09:55:00,2017-03-29 10:12:00,2017-03-29 10:21:00,2017-03-29 10:22:00,8206.5,8200.0,6.5,-1.1153846153846154,-145.0,stop,-0.8461538461538461,-110.0,thesis_flip
2017-03-30,1,2017-03-30 09:55:00,2017-03-30 10:27:00,2017-03-30 10:29:00,2017-03-30 10:30:00,8222.5,8220.25,2.25,-1.3333333333333333,-60.0,stop,-1.3333333333333333,-60.0,stop
2017-04-05,1,2017-04-05 09:45:00,2017-04-05 10:05:00,2017-04-05 10:15:00,2017-04-05 10:16:00,8243.25,8238.25,5.0,-1.15,-115.0,stop,1.55,155.0,thesis_flip
2017-04-07,-1,2017-04-07 09:50:00,2017-04-07 10:16:00,2017-04-07 10:30:00,2017-04-07 10:31:00,8199.75,8204.5,4.75,-1.1578947368421053,-110.0,stop,-1.1578947368421053,-110.0,stop
2017-04-10,1,2017-04-10 10:30:00,2017-04-10 10:43:00,2017-04-10 11:10:00,2017-04-10 11:11:00,8214.25,8211.5,2.75,-1.2727272727272727,-70.0,stop,-0.2727272727272727,-15.0,thesis_flip
2017-04-17,1,2017-04-17 10:05:00,2017-04-17 10:38:00,2017-04-17 10:51:00,2017-04-17 10:52:00,8166.0,8161.0,5.0,2.85,285.0,close,-0.1,-10.0,thesis_flip
2017-04-18,1,2017-04-18 09:55:00,2017-04-18 10:09:00,2017-04-18 10:26:00,2017-04-18 10:27:00,8170.75,8167.25,3.5,-1.2142857142857142,-85.0,stop,-0.35714285714285715,-25.0,thesis_flip
2017-04-19,1,2017-04-19 09:55:00,2017-04-19 10:07:00,2017-04-19 10:13:00,2017-04-19 10:14:00,8207.0,8203.5,3.5,-1.2142857142857142,-85.0,stop,-1.2142857142857142,-85.0,stop
2017-04-21,-1,2017-04-21 09:50:00,2017-04-21 09:58:00,2017-04-21 10:02:00,2017-04-21 10:03:00,8220.0,8224.25,4.25,-1.1764705882352942,-100.0,stop,-1.1764705882352942,-100.0,stop
2017-04-24,1,2017-04-24 09:55:00,2017-04-24 10:04:00,2017-04-24 10:13:00,2017-04-24 10:14:00,8287.5,8281.5,6.0,-1.125,-135.0,stop,-0.625,-75.0,thesis_flip
2017-04-26,-1,2017-04-26 10:20:00,2017-04-26 10:32:00,2017-04-26 10:41:00,2017-04-26 10:42:00,8327.0,8330.75,3.75,-1.2,-90.0,stop,-1.2,-90.0,stop
2017-04-27,1,2017-04-27 09:55:00,2017-04-27 10:54:00,2017-04-27 10:59:00,2017-04-27 11:00:00,8340.5,8337.0,3.5,3.5714285714285716,250.0,close,2.0,140.0,thesis_flip
2017-04-28,-1,2017-04-28 09:50:00,2017-04-28 10:44:00,2017-04-28 10:47:00,2017-04-28 10:48:00,8363.5,8366.25,2.75,-1.2727272727272727,-70.0,stop,-1.2727272727272727,-70.0,stop
2017-05-01,1,2017-05-01 09:50:00,2017-05-01 10:04:00,2017-05-01 10:15:00,2017-05-01 10:16:00,8386.0,8383.25,2.75,8.818181818181818,485.0,close,3.909090909090909,215.0,thesis_flip
2017-05-02,-1,2017-05-02 09:45:00,2017-05-02 09:54:00,2017-05-02 09:55:00,2017-05-02 09:56:00,8410.0,8412.0,2.0,-1.375,-55.0,stop,-1.375,-55.0,stop
2017-05-03,-1,2017-05-03 10:05:00,2017-05-03 10:26:00,2017-05-03 10:41:00,2017-05-03 10:42:00,8402.0,8404.5,2.5,-1.3,-65.0,stop,2.9,145.0,thesis_flip
2017-05-04,-1,2017-05-04 09:50:00,2017-05-04 09:57:00,2017-05-04 10:30:00,2017-05-04 10:31:00,8403.5,8407.75,4.25,-1.1764705882352942,-100.0,stop,-1.1764705882352942,-100.0,stop
2017-05-08,-1,2017-05-08 09:55:00,2017-05-08 10:02:00,2017-05-08 10:13:00,2017-05-08 10:14:00,8424.25,8427.0,2.75,-1.2727272727272727,-70.0,stop,-1.2727272727272727,-70.0,stop
2017-05-10,-1,2017-05-10 10:00:00,2017-05-10 10:14:00,2017-05-10 10:19:00,2017-05-10 10:20:00,8449.0,8451.25,2.25,-1.3333333333333333,-60.0,stop,0.1111111111111111,5.0,thesis_flip
2017-05-12,-1,2017-05-12 10:25:00,2017-05-12 10:35:00,2017-05-12 10:45:00,2017-05-12 10:46:00,8457.0,8459.0,2.0,-1.375,-55.0,stop,-1.375,-55.0,stop
2017-05-15,1,2017-05-15 09:45:00,2017-05-15 09:54:00,2017-05-15 09:58:00,2017-05-15 09:59:00,8480.5,8476.75,3.75,-1.2,-90.0,stop,-1.2,-90.0,stop
2017-05-22,1,2017-05-22 09:45:00,2017-05-22 09:51:00,2017-05-22 09:52:00,2017-05-22 09:53:00,8467.0,8464.75,2.25,-1.3333333333333333,-60.0,stop,-1.3333333333333333,-60.0,stop
2017-05-23,-1,2017-05-23 09:45:00,2017-05-23 10:08:00,2017-05-23 10:19:00,2017-05-23 10:20:00,8485.5,8489.25,3.75,-1.2,-90.0,stop,-1.2,-90.0,stop
2017-05-26,1,2017-05-26 09:50:00,2017-05-26 09:59:00,2017-05-26 10:14:00,2017-05-26 10:15:00,8571.0,8567.75,3.25,-1.2307692307692308,-80.0,stop,0.15384615384615385,10.0,thesis_flip
2017-05-29,-1,2017-05-29 10:05:00,2017-05-29 10:13:00,2017-05-29 10:29:00,2017-05-29 10:30:00,8580.5,8581.5,1.0,0.75,15.0,close,2.0,40.0,thesis_flip
2017-06-02,1,2017-06-02 10:10:00,2017-06-02 10:24:00,2017-06-02 10:28:00,2017-06-02 10:29:00,8628.75,8624.5,4.25,8.352941176470589,710.0,close,5.9411764705882355,505.0,thesis_flip
2017-06-05,1,2017-06-05 09:45:00,2017-06-05 09:56:00,2017-06-05 10:10:00,2017-06-05 10:11:00,8666.0,8664.0,2.0,-1.375,-55.0,stop,-1.375,-55.0,stop
2017-06-06,1,2017-06-06 10:15:00,2017-06-06 10:25:00,2017-06-06 10:33:00,2017-06-06 10:34:00,8673.25,8669.5,3.75,-1.2,-90.0,stop,-1.2,-90.0,stop
2017-06-07,-1,2017-06-07 10:25:00,2017-06-07 10:36:00,2017-06-07 10:39:00,2017-06-07 10:40:00,8649.25,8658.25,9.0,-1.0833333333333333,-195.0,stop,-0.9166666666666666,-165.0,thesis_flip
2017-06-08,-1,2017-06-08 09:45:00,2017-06-08 10:04:00,2017-06-08 10:09:00,2017-06-08 10:10:00,8648.25,8656.25,8.0,-1.09375,-175.0,stop,-0.71875,-115.0,thesis_flip
2017-06-09,1,2017-06-09 10:10:00,2017-06-09 10:20:00,2017-06-09 11:05:00,2017-06-09 11:06:00,8671.5,8668.5,3.0,-1.25,-75.0,stop,-1.25,-75.0,stop
2017-06-15,-1,2017-06-15 10:20:00,2017-06-15 10:47:00,2017-06-15 10:51:00,2017-06-15 10:52:00,8436.75,8443.25,6.5,-1.1153846153846154,-145.0,stop,-1.1153846153846154,-145.0,stop
2017-06-16,-1,2017-06-16 10:15:00,2017-06-16 10:21:00,2017-06-16 10:24:00,2017-06-16 10:25:00,8452.25,8459.5,7.25,-1.103448275862069,-160.0,stop,0.3793103448275862,55.0,thesis_flip
2017-06-21,1,2017-06-21 10:20:00,2017-06-21 10:29:00,2017-06-21 10:38:00,2017-06-21 10:39:00,8535.5,8529.5,6.0,-1.125,-135.0,stop,1.0,120.0,thesis_flip
2017-06-28,-1,2017-06-28 09:50:00,2017-06-28 10:09:00,2017-06-28 10:10:00,2017-06-28 10:11:00,8460.75,8468.0,7.25,-1.103448275862069,-160.0,stop,-1.103448275862069,-160.0,stop
2017-06-29,-1,2017-06-29 10:10:00,2017-06-29 10:46:00,2017-06-29 10:50:00,2017-06-29 10:51:00,8467.75,8476.75,9.0,3.9166666666666665,705.0,close,3.75,675.0,thesis_flip
2017-06-30,-1,2017-06-30 10:00:00,2017-06-30 10:33:00,2017-06-30 10:39:00,2017-06-30 10:40:00,8430.25,8446.5,16.25,-1.0461538461538462,-340.0,stop,-0.6923076923076923,-225.0,thesis_flip
2017-07-03,-1,2017-07-03 10:00:00,2017-07-03 10:12:00,2017-07-03 10:16:00,2017-07-03 10:17:00,8441.75,8448.75,7.0,10.928571428571429,1530.0,close,5.464285714285714,765.0,thesis_flip
2017-07-04,1,2017-07-04 09:50:00,2017-07-04 10:01:00,2017-07-04 10:05:00,2017-07-04 10:06:00,8387.5,8386.5,1.0,-1.75,-35.0,stop,-1.75,-35.0,stop
2017-07-05,-1,2017-07-05 10:00:00,2017-07-05 10:16:00,2017-07-05 10:25:00,2017-07-05 10:26:00,8372.25,8387.75,15.5,-1.0483870967741935,-325.0,stop,-1.0483870967741935,-325.0,stop
2017-07-06,-1,2017-07-06 10:20:00,2017-07-06 10:44:00,2017-07-06 11:13:00,2017-07-06 11:14:00,8374.25,8380.5,6.25,-1.12,-140.0,stop,-1.12,-140.0,stop
2017-07-07,1,2017-07-07 09:50:00,2017-07-07 10:13:00,2017-07-07 10:22:00,2017-07-07 10:23:00,8411.75,8404.5,7.25,3.0344827586206895,440.0,close,0.4482758620689655,65.0,thesis_flip
2017-07-10,-1,2017-07-10 09:50:00,2017-07-10 10:00:00,2017-07-10 10:14:00,2017-07-10 10:15:00,8441.75,8446.0,4.25,-1.1764705882352942,-100.0,stop,-1.1764705882352942,-100.0,stop
2017-07-13,1,2017-07-13 09:45:00,2017-07-13 09:56:00,2017-07-13 09:58:00,2017-07-13 09:59:00,8580.75,8571.25,9.5,-1.0789473684210527,-205.0,stop,-1.0789473684210527,-205.0,stop
2017-07-17,1,2017-07-17 09:45:00,2017-07-17 09:51:00,2017-07-17 10:03:00,2017-07-17 10:04:00,8633.75,8625.5,8.25,-1.0909090909090908,-180.0,stop,-0.42424242424242425,-70.0,thesis_flip
2017-07-18,1,2017-07-18 09:45:00,2017-07-18 09:53:00,2017-07-18 09:57:00,2017-07-18 09:58:00,8619.5,8613.75,5.75,-1.1304347826086956,-130.0,stop,-1.1304347826086956,-130.0,stop
2017-07-20,-1,2017-07-20 10:10:00,2017-07-20 10:33:00,2017-07-20 10:37:00,2017-07-20 10:38:00,8675.5,8697.25,21.75,-1.0344827586206897,-450.0,stop,-0.5057471264367817,-220.0,thesis_flip
2017-07-21,1,2017-07-21 10:10:00,2017-07-21 10:17:00,2017-07-21 10:27:00,2017-07-21 10:28:00,8684.0,8678.5,5.5,-1.1363636363636365,-125.0,stop,-1.1363636363636365,-125.0,stop
2017-07-24,1,2017-07-24 10:20:00,2017-07-24 10:28:00,2017-07-24 10:40:00,2017-07-24 10:41:00,8698.25,8693.25,5.0,-1.15,-115.0,stop,-1.15,-115.0,stop
2017-07-25,1,2017-07-25 09:55:00,2017-07-25 10:06:00,2017-07-25 10:11:00,2017-07-25 10:12:00,8707.25,8701.25,6.0,-1.125,-135.0,stop,-1.125,-135.0,stop
2017-07-26,1,2017-07-26 10:20:00,2017-07-26 10:27:00,2017-07-26 10:34:00,2017-07-26 10:35:00,8726.75,8723.75,3.0,-1.25,-75.0,stop,-1.25,-75.0,stop
2017-08-01,-1,2017-08-01 10:20:00,2017-08-01 10:34:00,2017-08-01 10:45:00,2017-08-01 10:46:00,8665.5,8668.5,3.0,-1.25,-75.0,stop,-1.25,-75.0,stop
2017-08-02,-1,2017-08-02 09:55:00,2017-08-02 10:04:00,2017-08-02 10:12:00,2017-08-02 10:13:00,8688.5,8695.25,6.75,-1.1111111111111112,-150.0,stop,3.185185185185185,430.0,thesis_flip
2017-08-03,-1,2017-08-03 09:50:00,2017-08-03 10:47:00,2017-08-03 10:48:00,2017-08-03 10:49:00,8669.75,8677.5,7.75,-1.096774193548387,-170.0,stop,-1.096774193548387,-170.0,stop
2017-08-04,-1,2017-08-04 09:55:00,2017-08-04 10:05:00,2017-08-04 10:08:00,2017-08-04 10:09:00,8651.25,8666.5,15.25,-1.0491803278688525,-320.0,stop,-1.0491803278688525,-320.0,stop
2017-08-07,1,2017-08-07 09:55:00,2017-08-07 10:03:00,2017-08-07 10:05:00,2017-08-07 10:06:00,8691.0,8686.5,4.5,-1.1666666666666667,-105.0,stop,-1.1666666666666667,-105.0,stop
2017-08-08,1,2017-08-08 10:05:00,2017-08-08 10:12:00,2017-08-08 10:19:00,2017-08-08 10:20:00,8702.5,8697.5,5.0,-1.15,-115.0,stop,7.65,765.0,thesis_flip
2017-08-09,1,2017-08-09 09:55:00,2017-08-09 10:11:00,2017-08-09 10:15:00,2017-08-09 10:16:00,8665.0,8652.75,12.25,2.183673469387755,535.0,close,0.2653061224489796,65.0,thesis_flip
2017-08-10,-1,2017-08-10 09:55:00,2017-08-10 10:05:00,2017-08-10 10:07:00,2017-08-10 10:08:00,8611.5,8642.75,31.25,1.48,925.0,close,-0.496,-310.0,thesis_flip
2017-08-14,1,2017-08-14 10:00:00,2017-08-14 10:19:00,2017-08-14 10:30:00,2017-08-14 10:31:00,8676.5,8667.0,9.5,0.631578947368421,120.0,close,-0.34210526315789475,-65.0,thesis_flip
2017-08-15,-1,2017-08-15 10:30:00,2017-08-15 10:44:00,2017-08-15 10:59:00,2017-08-15 11:00:00,8681.25,8689.25,8.0,-1.09375,-175.0,stop,-1.09375,-175.0,stop
2017-08-18,-1,2017-08-18 09:50:00,2017-08-18 10:13:00,2017-08-18 10:19:00,2017-08-18 10:20:00,8572.25,8582.0,9.75,-1.0769230769230769,-210.0,stop,-1.0769230769230769,-210.0,stop
2017-08-21,-1,2017-08-21 09:55:00,2017-08-21 10:04:00,2017-08-21 10:11:00,2017-08-21 10:12:00,8550.75,8562.5,11.75,-1.0638297872340425,-250.0,stop,-0.06382978723404255,-15.0,thesis_flip
2017-08-22,1,2017-08-22 09:45:00,2017-08-22 09:55:00,2017-08-22 10:01:00,2017-08-22 10:02:00,8617.75,8613.25,4.5,7.277777777777778,655.0,close,6.0,540.0,thesis_flip
2017-08-23,1,2017-08-23 09:55:00,2017-08-23 10:02:00,2017-08-23 10:13:00,2017-08-23 10:14:00,8625.0,8618.75,6.25,-1.12,-140.0,stop,0.08,10.0,thesis_flip
2017-08-24,-1,2017-08-24 09:45:00,2017-08-24 10:39:00,2017-08-24 10:43:00,2017-08-24 10:44:00,8622.25,8627.5,5.25,-1.1428571428571428,-120.0,stop,-1.1428571428571428,-120.0,stop
2017-08-25,1,2017-08-25 09:50:00,2017-08-25 09:59:00,2017-08-25 10:00:00,2017-08-25 10:01:00,8643.75,8635.25,8.5,-1.088235294117647,-185.0,stop,-1.088235294117647,-185.0,stop
2017-08-28,-1,2017-08-28 09:50:00,2017-08-28 09:58:00,2017-08-28 10:27:00,2017-08-28 10:28:00,8613.25,8619.25,6.0,-1.125,-135.0,stop,-1.125,-135.0,stop
2017-08-29,1,2017-08-29 09:45:00,2017-08-29 10:01:00,2017-08-29 10:03:00,2017-08-29 10:04:00,8602.25,8590.0,12.25,3.1020408163265305,760.0,close,1.6938775510204083,415.0,thesis_flip
2017-08-30,1,2017-08-30 09:45:00,2017-08-30 09:54:00,2017-08-30 09:56:00,2017-08-30 09:57:00,8668.5,8663.0,5.5,-1.1363636363636365,-125.0,stop,-1.1363636363636365,-125.0,stop
2017-08-31,1,2017-08-31 10:20:00,2017-08-31 10:34:00,2017-08-31 10:42:00,2017-08-31 10:43:00,8746.25,8740.5,5.75,-1.1304347826086956,-130.0,stop,-1.1304347826086956,-130.0,stop
2017-09-01,-1,2017-09-01 09:50:00,2017-09-01 11:13:00,2017-09-01 11:19:00,2017-09-01 11:20:00,8764.5,8772.0,7.5,-1.1,-165.0,stop,-0.6333333333333333,-95.0,thesis_flip
2017-09-06,-1,2017-09-06 10:10:00,2017-09-06 10:21:00,2017-09-06 10:31:00,2017-09-06 10:32:00,8702.75,8716.5,13.75,-1.0545454545454545,-290.0,stop,0.4,110.0,thesis_flip
2017-09-07,-1,2017-09-07 10:00:00,2017-09-07 10:08:00,2017-09-07 10:11:00,2017-09-07 10:12:00,8726.0,8730.25,4.25,-1.1764705882352942,-100.0,stop,-1.1764705882352942,-100.0,stop
2017-09-08,-1,2017-09-08 10:00:00,2017-09-08 10:14:00,2017-09-08 10:19:00,2017-09-08 10:20:00,8717.5,8725.0,7.5,-1.1,-165.0,stop,-1.1,-165.0,stop
2017-09-11,1,2017-09-11 09:50:00,2017-09-11 10:03:00,2017-09-11 10:06:00,2017-09-11 10:07:00,8766.75,8756.5,10.25,-1.0731707317073171,-220.0,stop,-1.0731707317073171,-220.0,stop
2017-09-15,1,2017-09-15 10:00:00,2017-09-15 10:09:00,2017-09-15 10:17:00,2017-09-15 10:18:00,8747.5,8740.25,7.25,1.6896551724137931,245.0,close,3.586206896551724,520.0,thesis_flip
2017-09-18,1,2017-09-18 09:45:00,2017-09-18 10:23:00,2017-09-18 10:24:00,2017-09-18 10:25:00,8776.0,8772.0,4.0,-1.1875,-95.0,stop,-0.5,-40.0,thesis_flip
2017-09-21,-1,2017-09-21 09:50:00,2017-09-21 11:13:00,2017-09-21 11:26:00,2017-09-21 11:27:00,8718.0,8720.75,2.75,-1.2727272727272727,-70.0,stop,-1.2727272727272727,-70.0,stop
2017-09-22,1,2017-09-22 10:05:00,2017-09-22 10:16:00,2017-09-22 10:21:00,2017-09-22 10:22:00,8708.75,8705.5,3.25,-1.2307692307692308,-80.0,stop,-1.2307692307692308,-80.0,stop
2017-09-26,-1,2017-09-26 10:30:00,2017-09-26 10:41:00,2017-09-26 10:45:00,2017-09-26 10:46:00,8663.5,8667.25,3.75,-1.2,-90.0,stop,2.2,165.0,thesis_flip
2017-09-27,-1,2017-09-27 10:10:00,2017-09-27 10:21:00,2017-09-27 10:33:00,2017-09-27 10:34:00,8685.25,8690.75,5.5,-1.1363636363636365,-125.0,stop,-0.09090909090909091,-10.0,thesis_flip
2017-09-28,1,2017-09-28 10:25:00,2017-09-28 11:06:00,2017-09-28 11:10:00,2017-09-28 11:11:00,8698.25,8695.0,3.25,-1.2307692307692308,-80.0,stop,-1.2307692307692308,-80.0,stop
2017-09-29,-1,2017-09-29 09:50:00,2017-09-29 10:08:00,2017-09-29 10:19:00,2017-09-29 10:20:00,8713.0,8720.25,7.25,-1.103448275862069,-160.0,stop,-1.103448275862069,-160.0,stop
2017-10-02,1,2017-10-02 09:55:00,2017-10-02 10:06:00,2017-10-02 10:15:00,2017-10-02 10:16:00,8774.5,8765.5,9.0,-1.0833333333333333,-195.0,stop,-0.6944444444444444,-125.0,thesis_flip
2017-10-06,1,2017-10-06 10:00:00,2017-10-06 10:07:00,2017-10-06 10:21:00,2017-10-06 10:22:00,8827.25,8822.25,5.0,-1.15,-115.0,stop,-1.15,-115.0,stop
2017-10-09,1,2017-10-09 10:05:00,2017-10-09 10:14:00,2017-10-09 10:15:00,2017-10-09 10:16:00,8845.75,8842.0,3.75,-1.2,-90.0,stop,-1.2,-90.0,stop
2017-10-12,1,2017-10-12 10:15:00,2017-10-12 10:57:00,2017-10-12 10:58:00,2017-10-12 10:59:00,8852.5,8848.75,3.75,-1.2,-90.0,stop,1.8666666666666667,140.0,thesis_flip
2017-10-13,1,2017-10-13 10:25:00,2017-10-13 10:42:00,2017-10-13 10:56:00,2017-10-13 10:57:00,8864.25,8860.75,3.5,-0.07142857142857142,-5.0,close,1.0,70.0,thesis_flip
2017-10-16,-1,2017-10-16 10:15:00,2017-10-16 10:31:00,2017-10-16 10:38:00,2017-10-16 10:39:00,8875.25,8879.25,4.0,-1.1875,-95.0,stop,-1.1875,-95.0,stop
2017-10-17,-1,2017-10-17 10:25:00,2017-10-17 10:35:00,2017-10-17 10:40:00,2017-10-17 10:41:00,8877.0,8879.75,2.75,-1.2727272727272727,-70.0,stop,-1.2727272727272727,-70.0,stop
2017-10-18,-1,2017-10-18 09:45:00,2017-10-18 09:56:00,2017-10-18 09:57:00,2017-10-18 09:58:00,8882.5,8888.0,5.5,-1.1363636363636365,-125.0,stop,-1.1363636363636365,-125.0,stop
2017-10-19,-1,2017-10-19 09:45:00,2017-10-19 10:16:00,2017-10-19 10:31:00,2017-10-19 10:32:00,8837.25,8842.75,5.5,-1.1363636363636365,-125.0,stop,-1.1363636363636365,-125.0,stop
2017-10-25,-1,2017-10-25 09:50:00,2017-10-25 10:04:00,2017-10-25 10:14:00,2017-10-25 10:15:00,8839.0,8845.5,6.5,2.1538461538461537,280.0,close,-0.9230769230769231,-120.0,thesis_flip
2017-10-30,1,2017-10-30 09:50:00,2017-10-30 10:03:00,2017-10-30 10:04:00,2017-10-30 10:05:00,9002.25,8997.75,4.5,-1.1666666666666667,-105.0,stop,0.05555555555555555,5.0,thesis_flip
2017-10-31,-1,2017-10-31 09:50:00,2017-10-31 10:02:00,2017-10-31 10:05:00,2017-10-31 10:06:00,9001.5,9005.5,4.0,-1.1875,-95.0,stop,-1.1875,-95.0,stop
2017-11-01,-1,2017-11-01 09:50:00,2017-11-01 10:06:00,2017-11-01 10:07:00,2017-11-01 10:08:00,9030.5,9036.0,5.5,2.5,275.0,close,0.5,55.0,thesis_flip
2017-11-03,-1,2017-11-03 10:10:00,2017-11-03 10:28:00,2017-11-03 10:33:00,2017-11-03 10:34:00,9013.5,9019.75,6.25,-1.12,-140.0,stop,-1.12,-140.0,stop
2017-11-06,1,2017-11-06 10:20:00,2017-11-06 10:35:00,2017-11-06 10:48:00,2017-11-06 10:49:00,9083.25,9075.25,8.0,-1.09375,-175.0,stop,-0.875,-140.0,thesis_flip
2017-11-07,1,2017-11-07 09:45:00,2017-11-07 09:52:00,2017-11-07 10:07:00,2017-11-07 10:08:00,9082.75,9075.75,7.0,-1.1071428571428572,-155.0,stop,-1.1071428571428572,-155.0,stop
2017-11-10,-1,2017-11-10 10:30:00,2017-11-10 10:39:00,2017-11-10 10:43:00,2017-11-10 10:44:00,9058.25,9061.25,3.0,-1.25,-75.0,stop,-1.25,-75.0,stop
2017-11-14,-1,2017-11-14 10:00:00,2017-11-14 10:16:00,2017-11-14 10:20:00,2017-11-14 10:21:00,9051.0,9058.25,7.25,-1.103448275862069,-160.0,stop,-1.103448275862069,-160.0,stop
2017-11-17,-1,2017-11-17 10:10:00,2017-11-17 10:17:00,2017-11-17 10:27:00,2017-11-17 10:28:00,9102.25,9107.75,5.5,-1.1363636363636365,-125.0,stop,-0.9545454545454546,-105.0,thesis_flip
2017-11-20,-1,2017-11-20 10:25:00,2017-11-20 10:34:00,2017-11-20 10:43:00,2017-11-20 10:44:00,9083.25,9088.25,5.0,-1.15,-115.0,stop,-1.15,-115.0,stop
2017-11-23,-1,2017-11-23 10:00:00,2017-11-23 10:34:00,2017-11-23 10:42:00,2017-11-23 10:43:00,9155.25,9156.25,1.0,-1.75,-35.0,stop,-1.75,-35.0,stop
2017-11-24,1,2017-11-24 09:55:00,2017-11-24 10:04:00,2017-11-24 10:16:00,2017-11-24 10:17:00,9166.25,9163.25,3.0,5.416666666666667,325.0,close,3.8333333333333335,230.0,thesis_flip
2017-11-27,1,2017-11-27 09:45:00,2017-11-27 10:02:00,2017-11-27 10:04:00,2017-11-27 10:05:00,9187.25,9182.25,5.0,-1.15,-115.0,stop,-0.4,-40.0,thesis_flip
2017-11-28,-1,2017-11-28 09:45:00,2017-11-28 09:54:00,2017-11-28 09:57:00,2017-11-28 09:58:00,9180.75,9186.0,5.25,-1.1428571428571428,-120.0,stop,-1.1428571428571428,-120.0,stop
2017-11-30,1,2017-11-30 10:30:00,2017-11-30 10:38:00,2017-11-30 11:01:00,2017-11-30 11:02:00,9124.75,9115.0,9.75,-1.0769230769230769,-210.0,stop,-0.28205128205128205,-55.0,thesis_flip
2017-12-01,1,2017-12-01 10:15:00,2017-12-01 10:42:00,2017-12-01 10:47:00,2017-12-01 10:48:00,9127.75,9116.25,11.5,-1.065217391304348,-245.0,stop,-1.065217391304348,-245.0,stop
2017-12-05,1,2017-12-05 10:00:00,2017-12-05 10:14:00,2017-12-05 10:18:00,2017-12-05 10:19:00,9079.75,9068.0,11.75,-1.0638297872340425,-250.0,stop,1.1914893617021276,280.0,thesis_flip
2017-12-07,1,2017-12-07 10:30:00,2017-12-07 11:14:00,2017-12-07 11:28:00,2017-12-07 11:29:00,9092.25,9083.75,8.5,-1.088235294117647,-185.0,stop,0.17647058823529413,30.0,thesis_flip
2017-12-11,1,2017-12-11 10:30:00,2017-12-11 10:42:00,2017-12-11 10:44:00,2017-12-11 10:45:00,9135.5,9132.75,2.75,-1.2727272727272727,-70.0,stop,-1.2727272727272727,-70.0,stop
2017-12-13,-1,2017-12-13 10:05:00,2017-12-13 10:17:00,2017-12-13 10:18:00,2017-12-13 10:19:00,9172.75,9177.75,5.0,-1.15,-115.0,stop,-1.15,-115.0,stop
2017-12-14,1,2017-12-14 10:20:00,2017-12-14 11:12:00,2017-12-14 11:16:00,2017-12-14 11:17:00,9181.25,9177.0,4.25,-1.1764705882352942,-100.0,stop,-1.1764705882352942,-100.0,stop
2017-12-15,1,2017-12-15 10:15:00,2017-12-15 10:37:00,2017-12-15 10:40:00,2017-12-15 10:41:00,9190.25,9186.5,3.75,11.133333333333333,835.0,close,8.533333333333333,640.0,thesis_flip
2017-12-18,1,2017-12-18 10:05:00,2017-12-18 10:14:00,2017-12-18 10:23:00,2017-12-18 10:24:00,9282.0,9276.5,5.5,-1.1363636363636365,-125.0,stop,-1.1363636363636365,-125.0,stop
2017-12-19,-1,2017-12-19 10:20:00,2017-12-19 10:31:00,2017-12-19 10:37:00,2017-12-19 10:38:00,9252.5,9259.75,7.25,0.41379310344827586,60.0,close,0.20689655172413793,30.0,thesis_flip
2017-12-20,-1,2017-12-20 09:45:00,2017-12-20 09:55:00,2017-12-20 10:15:00,2017-12-20 10:16:00,9229.75,9236.75,7.0,-1.1071428571428572,-155.0,stop,0.21428571428571427,30.0,thesis_flip
2017-12-21,-1,2017-12-21 09:50:00,2017-12-21 10:09:00,2017-12-21 10:11:00,2017-12-21 10:12:00,9235.75,9245.75,10.0,-1.075,-215.0,stop,-1.075,-215.0,stop
2017-12-26,-1,2017-12-26 09:45:00,2017-12-26 09:57:00,2017-12-26 10:14:00,2017-12-26 10:15:00,9198.25,9200.75,2.5,-1.3,-65.0,stop,-1.3,-65.0,stop
2017-12-29,-1,2017-12-29 10:00:00,2017-12-29 10:44:00,2017-12-29 10:48:00,2017-12-29 10:49:00,9187.75,9195.0,7.25,3.7241379310344827,540.0,close,1.2758620689655173,185.0,thesis_flip
2018-01-05,1,2018-01-05 10:15:00,2018-01-05 10:28:00,2018-01-05 10:32:00,2018-01-05 10:33:00,9384.5,9380.5,4.0,6.625,530.0,close,4.125,330.0,thesis_flip
2018-01-08,1,2018-01-08 10:15:00,2018-01-08 10:24:00,2018-01-08 10:26:00,2018-01-08 10:27:00,9429.75,9422.25,7.5,0.8666666666666667,130.0,close,-0.8333333333333334,-125.0,thesis_flip
2018-01-10,-1,2018-01-10 09:50:00,2018-01-10 10:19:00,2018-01-10 10:22:00,2018-01-10 10:23:00,9403.25,9409.5,6.25,-1.12,-140.0,stop,0.16,20.0,thesis_flip
2018-01-11,-1,2018-01-11 10:30:00,2018-01-11 10:37:00,2018-01-11 10:55:00,2018-01-11 10:56:00,9436.25,9438.5,2.25,-1.3333333333333333,-60.0,stop,-1.3333333333333333,-60.0,stop
2018-01-15,1,2018-01-15 10:10:00,2018-01-15 10:21:00,2018-01-15 10:32:00,2018-01-15 10:33:00,9532.0,9530.25,1.75,-1.4285714285714286,-50.0,stop,-1.4285714285714286,-50.0,stop
2018-01-18,-1,2018-01-18 10:00:00,2018-01-18 10:10:00,2018-01-18 10:13:00,2018-01-18 10:14:00,9547.5,9560.0,12.5,-1.06,-265.0,stop,-1.06,-265.0,stop
2018-01-23,1,2018-01-23 09:45:00,2018-01-23 09:59:00,2018-01-23 10:00:00,2018-01-23 10:01:00,9704.75,9689.75,15.0,1.2833333333333334,385.0,close,0.9333333333333333,280.0,thesis_flip
2018-01-24,1,2018-01-24 10:10:00,2018-01-24 10:22:00,2018-01-24 10:28:00,2018-01-24 10:29:00,9745.25,9738.25,7.0,-1.1071428571428572,-155.0,stop,-0.17857142857142858,-25.0,thesis_flip
2018-01-31,-1,2018-01-31 10:00:00,2018-01-31 10:10:00,2018-01-31 10:20:00,2018-01-31 10:21:00,9733.75,9737.75,4.0,-1.1875,-95.0,stop,-1.1875,-95.0,stop
2018-02-01,1,2018-02-01 10:00:00,2018-02-01 10:41:00,2018-02-01 10:47:00,2018-02-01 10:48:00,9717.0,9691.0,26.0,-1.0288461538461537,-535.0,stop,-0.2403846153846154,-125.0,thesis_flip
2018-02-06,1,2018-02-06 09:50:00,2018-02-06 10:01:00,2018-02-06 10:04:00,2018-02-06 10:05:00,9338.0,9271.25,66.75,-1.0112359550561798,-1350.0,stop,-1.0112359550561798,-1350.0,stop
2018-02-07,1,2018-02-07 10:05:00,2018-02-07 10:25:00,2018-02-07 10:36:00,2018-02-07 10:37:00,9409.5,9401.0,8.5,-1.088235294117647,-185.0,stop,3.7941176470588234,645.0,thesis_flip
2018-02-12,-1,2018-02-12 10:15:00,2018-02-12 10:42:00,2018-02-12 11:08:00,2018-02-12 11:09:00,9222.0,9239.75,17.75,-1.0422535211267605,-370.0,stop,-1.0422535211267605,-370.0,stop
2018-02-13,1,2018-02-13 10:15:00,2018-02-13 10:34:00,2018-02-13 10:39:00,2018-02-13 10:40:00,9275.5,9260.25,15.25,-1.0491803278688525,-320.0,stop,-0.5245901639344263,-160.0,thesis_flip
2018-02-15,1,2018-02-15 09:55:00,2018-02-15 10:08:00,2018-02-15 10:12:00,2018-02-15 10:13:00,9487.5,9479.0,8.5,-1.088235294117647,-185.0,stop,-1.088235294117647,-185.0,stop
2018-02-16,1,2018-02-16 09:45:00,2018-02-16 09:57:00,2018-02-16 10:09:00,2018-02-16 10:10:00,9554.25,9538.5,15.75,-1.0476190476190477,-330.0,stop,0.9841269841269841,310.0,thesis_flip
2018-02-19,-1,2018-02-19 10:05:00,2018-02-19 10:44:00,2018-02-19 10:47:00,2018-02-19 10:48:00,9528.25,9533.0,4.75,-1.1578947368421053,-110.0,stop,0.6842105263157895,65.0,thesis_flip
2018-02-20,1,2018-02-20 09:45:00,2018-02-20 09:53:00,2018-02-20 10:02:00,2018-02-20 10:03:00,9536.75,9528.5,8.25,-1.0909090909090908,-180.0,stop,0.36363636363636365,60.0,thesis_flip
2018-02-21,1,2018-02-21 10:05:00,2018-02-21 10:19:00,2018-02-21 10:23:00,2018-02-21 10:24:00,9590.0,9572.0,18.0,-1.0416666666666667,-375.0,stop,-0.3333333333333333,-120.0,thesis_flip
2018-02-28,1,2018-02-28 09:55:00,2018-02-28 10:14:00,2018-02-28 10:16:00,2018-02-28 10:17:00,9709.25,9696.25,13.0,-1.0576923076923077,-275.0,stop,-1.0576923076923077,-275.0,stop
2018-03-01,-1,2018-03-01 09:50:00,2018-03-01 10:08:00,2018-03-01 10:09:00,2018-03-01 10:10:00,9594.25,9604.5,10.25,-1.0731707317073171,-220.0,stop,-1.0731707317073171,-220.0,stop
2018-03-02,1,2018-03-02 10:30:00,2018-03-02 10:38:00,2018-03-02 10:39:00,2018-03-02 10:40:00,9463.75,9452.75,11.0,-1.0681818181818181,-235.0,stop,-1.0681818181818181,-235.0,stop
2018-03-05,-1,2018-03-05 10:05:00,2018-03-05 10:26:00,2018-03-05 10:33:00,2018-03-05 10:34:00,9525.75,9533.0,7.25,-1.103448275862069,-160.0,stop,-1.103448275862069,-160.0,stop
2018-03-06,1,2018-03-06 09:55:00,2018-03-06 10:07:00,2018-03-06 10:14:00,2018-03-06 10:15:00,9669.5,9659.0,10.5,-1.0714285714285714,-225.0,stop,-0.6190476190476191,-130.0,thesis_flip
2018-03-08,-1,2018-03-08 10:00:00,2018-03-08 10:07:00,2018-03-08 10:26:00,2018-03-08 10:27:00,9709.5,9716.25,6.75,-1.1111111111111112,-150.0,stop,-0.18518518518518517,-25.0,thesis_flip
2018-03-12,1,2018-03-12 10:00:00,2018-03-12 10:10:00,2018-03-12 10:11:00,2018-03-12 10:12:00,9891.25,9886.0,5.25,-1.1428571428571428,-120.0,stop,-1.1428571428571428,-120.0,stop
2018-03-14,-1,2018-03-14 09:45:00,2018-03-14 09:54:00,2018-03-14 10:06:00,2018-03-14 10:07:00,9826.75,9833.0,6.25,-1.12,-140.0,stop,1.48,185.0,thesis_flip
2018-03-15,-1,2018-03-15 09:45:00,2018-03-15 09:58:00,2018-03-15 10:08:00,2018-03-15 10:09:00,9789.0,9795.0,6.0,-1.125,-135.0,stop,-1.125,-135.0,stop
2018-03-19,-1,2018-03-19 10:10:00,2018-03-19 10:18:00,2018-03-19 10:35:00,2018-03-19 10:36:00,9673.25,9679.5,6.25,9.76,1220.0,close,12.84,1605.0,thesis_flip
2018-03-21,1,2018-03-21 09:50:00,2018-03-21 10:03:00,2018-03-21 10:04:00,2018-03-21 10:05:00,9633.0,9618.0,15.0,-1.05,-315.0,stop,-0.31666666666666665,-95.0,thesis_flip
2018-03-22,1,2018-03-22 09:45:00,2018-03-22 09:56:00,2018-03-22 10:03:00,2018-03-22 10:04:00,9527.25,9508.5,18.75,-1.04,-390.0,stop,-0.6933333333333334,-260.0,thesis_flip
2018-03-26,-1,2018-03-26 10:10:00,2018-03-26 10:27:00,2018-03-26 10:29:00,2018-03-26 10:30:00,9361.25,9387.75,26.5,-1.028301886792453,-545.0,stop,1.2830188679245282,680.0,thesis_flip
2018-03-27,-1,2018-03-27 09:45:00,2018-03-27 09:54:00,2018-03-27 10:00:00,2018-03-27 10:01:00,9521.75,9529.5,7.75,-1.096774193548387,-170.0,stop,-1.096774193548387,-170.0,stop
2018-03-28,1,2018-03-28 10:00:00,2018-03-28 10:10:00,2018-03-28 10:21:00,2018-03-28 10:22:00,9234.25,9213.25,21.0,-1.0357142857142858,-435.0,stop,-1.0357142857142858,-435.0,stop
2018-03-29,-1,2018-03-29 09:45:00,2018-03-29 09:58:00,2018-03-29 10:08:00,2018-03-29 10:09:00,9194.25,9209.0,14.75,-1.0508474576271187,-310.0,stop,-1.0508474576271187,-310.0,stop
2018-04-03,-1,2018-04-03 09:50:00,2018-04-03 09:59:00,2018-04-03 10:01:00,2018-04-03 10:02:00,9125.5,9161.25,35.75,-1.020979020979021,-730.0,stop,0.27972027972027974,200.0,thesis_flip
2018-04-05,-1,2018-04-05 09:45:00,2018-04-05 10:13:00,2018-04-05 10:18:00,2018-04-05 10:19:00,9330.25,9351.75,21.5,-1.0348837209302326,-445.0,stop,-0.8023255813953488,-345.0,thesis_flip
2018-04-06,1,2018-04-06 09:50:00,2018-04-06 09:56:00,2018-04-06 10:12:00,2018-04-06 10:13:00,9299.5,9285.5,14.0,-1.0535714285714286,-295.0,stop,-1.0535714285714286,-295.0,stop
2018-04-10,-1,2018-04-10 09:50:00,2018-04-10 09:58:00,2018-04-10 10:10:00,2018-04-10 10:11:00,9283.25,9298.5,15.25,-1.0491803278688525,-320.0,stop,-1.0491803278688525,-320.0,stop
2018-04-11,1,2018-04-11 10:20:00,2018-04-11 10:57:00,2018-04-11 11:07:00,2018-04-11 11:08:00,9335.25,9321.5,13.75,-1.0545454545454545,-290.0,stop,2.581818181818182,710.0,thesis_flip
2018-04-18,-1,2018-04-18 10:10:00,2018-04-18 10:31:00,2018-04-18 10:51:00,2018-04-18 10:52:00,9554.0,9561.5,7.5,-1.1,-165.0,stop,-1.1,-165.0,stop
2018-04-19,1,2018-04-19 10:10:00,2018-04-19 10:18:00,2018-04-19 10:33:00,2018-04-19 10:34:00,9536.25,9523.0,13.25,-1.0566037735849056,-280.0,stop,-1.0566037735849056,-280.0,stop
2018-04-20,-1,2018-04-20 09:50:00,2018-04-20 10:05:00,2018-04-20 10:08:00,2018-04-20 10:09:00,9444.5,9458.5,14.0,-1.0535714285714286,-295.0,stop,-0.8214285714285714,-230.0,thesis_flip
2018-04-23,-1,2018-04-23 09:50:00,2018-04-23 10:02:00,2018-04-23 10:07:00,2018-04-23 10:08:00,9399.0,9408.75,9.75,-1.0769230769230769,-210.0,stop,-1.0769230769230769,-210.0,stop
2018-04-24,-1,2018-04-24 09:50:00,2018-04-24 10:06:00,2018-04-24 10:12:00,2018-04-24 10:13:00,9387.75,9402.0,14.25,10.421052631578947,2970.0,close,2.6666666666666665,760.0,thesis_flip
2018-04-25,-1,2018-04-25 09:55:00,2018-04-25 10:07:00,2018-04-25 10:27:00,2018-04-25 10:28:00,9192.0,9204.5,12.5,-1.06,-265.0,stop,-1.06,-265.0,stop
2018-04-30,1,2018-04-30 09:50:00,2018-04-30 10:02:00,2018-04-30 10:03:00,2018-04-30 10:04:00,9439.0,9419.0,20.0,-1.0375,-415.0,stop,-0.575,-230.0,thesis_flip
2018-05-01,1,2018-05-01 09:55:00,2018-05-01 10:09:00,2018-05-01 10:12:00,2018-05-01 10:13:00,9334.0,9322.0,12.0,-1.0625,-255.0,stop,0.6875,165.0,thesis_flip
2018-05-04,1,2018-05-04 10:00:00,2018-05-04 10:10:00,2018-05-04 10:12:00,2018-05-04 10:13:00,9408.5,9372.75,35.75,2.4965034965034967,1785.0,close,1.6433566433566433,1175.0,thesis_flip
2018-05-08,-1,2018-05-08 09:55:00,2018-05-08 10:01:00,2018-05-08 10:05:00,2018-05-08 10:06:00,9521.25,9527.5,6.25,-1.12,-140.0,stop,-1.12,-140.0,stop
2018-05-10,1,2018-05-10 10:25:00,2018-05-10 10:36:00,2018-05-10 10:41:00,2018-05-10 10:42:00,9662.75,9655.5,7.25,4.0344827586206895,585.0,close,0.8620689655172413,125.0,thesis_flip
2018-05-14,1,2018-05-14 10:20:00,2018-05-14 10:59:00,2018-05-14 11:04:00,2018-05-14 11:05:00,9728.75,9722.75,6.0,-1.125,-135.0,stop,-1.125,-135.0,stop
2018-05-15,-1,2018-05-15 09:55:00,2018-05-15 10:08:00,2018-05-15 10:29:00,2018-05-15 10:30:00,9612.0,9618.75,6.75,-1.1111111111111112,-150.0,stop,-1.1111111111111112,-150.0,stop
2018-05-16,1,2018-05-16 09:45:00,2018-05-16 10:14:00,2018-05-16 10:15:00,2018-05-16 10:16:00,9645.25,9636.0,9.25,-1.0810810810810811,-200.0,stop,0.6216216216216216,115.0,thesis_flip
2018-05-23,1,2018-05-23 10:05:00,2018-05-23 10:46:00,2018-05-23 10:56:00,2018-05-23 10:57:00,9592.25,9584.75,7.5,12.466666666666667,1870.0,close,2.7666666666666666,415.0,thesis_flip
2018-05-25,1,2018-05-25 09:45:00,2018-05-25 09:53:00,2018-05-25 10:07:00,2018-05-25 10:08:00,9697.25,9683.25,14.0,-1.0535714285714286,-295.0,stop,0.03571428571428571,10.0,thesis_flip
2018-05-29,1,2018-05-29 09:45:00,2018-05-29 10:37:00,2018-05-29 10:39:00,2018-05-29 10:40:00,9679.25,9664.75,14.5,-1.0517241379310345,-305.0,stop,-0.8103448275862069,-235.0,thesis_flip
2018-05-30,-1,2018-05-30 09:50:00,2018-05-30 09:58:00,2018-05-30 10:02:00,2018-05-30 10:03:00,9669.5,9679.25,9.75,-1.0769230769230769,-210.0,stop,-1.0769230769230769,-210.0,stop
2018-06-01,1,2018-06-01 10:00:00,2018-06-01 10:08:00,2018-06-01 10:18:00,2018-06-01 10:19:00,9755.25,9746.0,9.25,6.108108108108108,1130.0,close,5.945945945945946,1100.0,thesis_flip
2018-06-05,1,2018-06-05 09:55:00,2018-06-05 10:38:00,2018-06-05 10:44:00,2018-06-05 10:45:00,9896.0,9889.75,6.25,-1.12,-140.0,stop,-1.12,-140.0,stop
2018-06-06,-1,2018-06-06 09:55:00,2018-06-06 11:17:00,2018-06-06 11:27:00,2018-06-06 11:28:00,9905.0,9910.0,5.0,-1.15,-115.0,stop,-1.15,-115.0,stop
2018-06-08,1,2018-06-08 09:50:00,2018-06-08 10:00:00,2018-06-08 10:09:00,2018-06-08 10:10:00,9858.0,9850.75,7.25,-1.103448275862069,-160.0,stop,-1.103448275862069,-160.0,stop
2018-06-12,-1,2018-06-12 10:25:00,2018-06-12 10:32:00,2018-06-12 10:50:00,2018-06-12 10:51:00,9911.0,9917.0,6.0,-1.125,-135.0,stop,-1.125,-135.0,stop
2018-06-14,1,2018-06-14 10:00:00,2018-06-14 10:41:00,2018-06-14 10:43:00,2018-06-14 10:44:00,9995.0,9987.5,7.5,-1.1,-165.0,stop,-1.1,-165.0,stop
2018-06-18,1,2018-06-18 09:50:00,2018-06-18 10:07:00,2018-06-18 10:12:00,2018-06-18 10:13:00,9941.0,9924.25,16.75,1.8656716417910448,625.0,close,-0.2835820895522388,-95.0,thesis_flip
2018-06-19,-1,2018-06-19 10:20:00,2018-06-19 10:31:00,2018-06-19 10:39:00,2018-06-19 10:40:00,9864.5,9879.0,14.5,-1.0517241379310345,-305.0,stop,-1.0517241379310345,-305.0,stop
2018-06-22,-1,2018-06-22 09:55:00,2018-06-22 10:02:00,2018-06-22 10:18:00,2018-06-22 10:19:00,9931.25,9935.25,4.0,-1.1875,-95.0,stop,2.8125,225.0,thesis_flip
2018-06-25,-1,2018-06-25 09:45:00,2018-06-25 09:51:00,2018-06-25 10:09:00,2018-06-25 10:10:00,9803.5,9829.5,26.0,1.6826923076923077,875.0,close,-0.21153846153846154,-110.0,thesis_flip
2018-06-27,1,2018-06-27 09:45:00,2018-06-27 10:05:00,2018-06-27 10:09:00,2018-06-27 10:10:00,9823.75,9815.75,8.0,-1.09375,-175.0,stop,0.78125,125.0,thesis_flip
2018-07-02,1,2018-07-02 09:45:00,2018-07-02 09:53:00,2018-07-02 09:54:00,2018-07-02 09:55:00,9731.75,9720.25,11.5,7.260869565217392,1670.0,close,-0.717391304347826,-165.0,thesis_flip
2018-07-09,-1,2018-07-09 09:50:00,2018-07-09 10:04:00,2018-07-09 10:08:00,2018-07-09 10:09:00,9955.75,9966.25,10.5,-1.0714285714285714,-225.0,stop,-0.09523809523809523,-20.0,thesis_flip
2018-07-10,-1,2018-07-10 09:45:00,2018-07-10 09:55:00,2018-07-10 10:14:00,2018-07-10 10:15:00,9989.5,10003.25,13.75,-1.0545454545454545,-290.0,stop,-1.0545454545454545,-290.0,stop
2018-07-11,1,2018-07-11 10:00:00,2018-07-11 10:13:00,2018-07-11 10:15:00,2018-07-11 10:16:00,9975.0,9964.5,10.5,-1.0714285714285714,-225.0,stop,0.23809523809523808,50.0,thesis_flip
2018-07-13,-1,2018-07-13 09:50:00,2018-07-13 10:07:00,2018-07-13 10:16:00,2018-07-13 10:17:00,10089.0,10094.25,5.25,-1.1428571428571428,-120.0,stop,-1.1428571428571428,-120.0,stop
2018-07-16,-1,2018-07-16 10:20:00,2018-07-16 10:37:00,2018-07-16 10:38:00,2018-07-16 10:39:00,10094.25,10098.5,4.25,4.470588235294118,380.0,close,1.588235294117647,135.0,thesis_flip
2018-07-18,-1,2018-07-18 10:10:00,2018-07-18 10:28:00,2018-07-18 10:31:00,2018-07-18 10:32:00,10091.5,10099.75,8.25,-1.0909090909090908,-180.0,stop,-0.6363636363636364,-105.0,thesis_flip
2018-07-19,-1,2018-07-19 09:50:00,2018-07-19 10:16:00,2018-07-19 10:26:00,2018-07-19 10:27:00,10072.5,10081.5,9.0,-1.0833333333333333,-195.0,stop,-0.5555555555555556,-100.0,thesis_flip
2018-07-20,1,2018-07-20 10:25:00,2018-07-20 10:34:00,2018-07-20 10:37:00,2018-07-20 10:38:00,10100.25,10089.5,10.75,-1.069767441860465,-230.0,stop,-0.32558139534883723,-70.0,thesis_flip
2018-07-25,1,2018-07-25 09:45:00,2018-07-25 09:57:00,2018-07-25 10:11:00,2018-07-25 10:12:00,10122.25,10116.25,6.0,16.083333333333332,1930.0,close,0.125,15.0,thesis_flip
2018-07-26,-1,2018-07-26 09:45:00,2018-07-26 10:08:00,2018-07-26 10:14:00,2018-07-26 10:15:00,10128.25,10134.75,6.5,-1.1153846153846154,-145.0,stop,-1.1153846153846154,-145.0,stop
2018-07-30,-1,2018-07-30 09:50:00,2018-07-30 09:59:00,2018-07-30 10:11:00,2018-07-30 10:12:00,9939.0,9948.5,9.5,3.789473684210526,720.0,close,1.605263157894737,305.0,thesis_flip
2018-07-31,-1,2018-07-31 10:15:00,2018-07-31 10:43:00,2018-07-31 10:59:00,2018-07-31 11:00:00,9917.25,9927.25,10.0,-1.075,-215.0,stop,-1.075,-215.0,stop
2018-08-01,1,2018-08-01 10:10:00,2018-08-01 11:09:00,2018-08-01 11:15:00,2018-08-01 11:16:00,9984.5,9975.75,8.75,-1.0857142857142856,-190.0,stop,-1.0857142857142856,-190.0,stop
2018-08-03,1,2018-08-03 10:25:00,2018-08-03 10:35:00,2018-08-03 10:37:00,2018-08-03 10:38:00,10097.5,10091.75,5.75,-1.1304347826086956,-130.0,stop,-1.1304347826086956,-130.0,stop
2018-08-06,1,2018-08-06 09:50:00,2018-08-06 10:26:00,2018-08-06 10:29:00,2018-08-06 10:30:00,10103.0,10095.0,8.0,5.21875,835.0,close,-0.1875,-30.0,thesis_flip
2018-08-07,-1,2018-08-07 09:45:00,2018-08-07 09:51:00,2018-08-07 10:15:00,2018-08-07 10:16:00,10167.25,10176.25,9.0,-1.0833333333333333,-195.0,stop,-1.0833333333333333,-195.0,stop
2018-08-08,1,2018-08-08 09:45:00,2018-08-08 09:55:00,2018-08-08 09:58:00,2018-08-08 09:59:00,10160.5,10154.0,6.5,2.3076923076923075,300.0,close,3.1153846153846154,405.0,thesis_flip
2018-08-09,1,2018-08-09 10:05:00,2018-08-09 10:11:00,2018-08-09 10:15:00,2018-08-09 10:16:00,10189.0,10183.5,5.5,-1.1363636363636365,-125.0,stop,0.2727272727272727,30.0,thesis_flip
2018-08-15,-1,2018-08-15 09:45:00,2018-08-15 10:04:00,2018-08-15 10:09:00,2018-08-15 10:10:00,10047.0,10094.75,47.75,-0.36649214659685864,-350.0,close,0.05235602094240838,50.0,thesis_flip
2018-08-17,-1,2018-08-17 10:05:00,2018-08-17 11:21:00,2018-08-17 11:25:00,2018-08-17 11:26:00,10046.5,10051.25,4.75,-1.1578947368421053,-110.0,stop,-1.1578947368421053,-110.0,stop
2018-08-20,-1,2018-08-20 09:50:00,2018-08-20 10:07:00,2018-08-20 10:12:00,2018-08-20 10:13:00,10064.0,10077.5,13.5,-1.0555555555555556,-285.0,stop,-0.6111111111111112,-165.0,thesis_flip
2018-08-24,1,2018-08-24 10:00:00,2018-08-24 10:14:00,2018-08-24 10:15:00,2018-08-24 10:16:00,10163.75,10153.75,10.0,2.7,540.0,close,1.5,300.0,thesis_flip
2018-08-27,1,2018-08-27 09:55:00,2018-08-27 10:04:00,2018-08-27 10:10:00,2018-08-27 10:11:00,10249.0,10237.0,12.0,1.375,330.0,close,0.2916666666666667,70.0,thesis_flip
2018-08-28,-1,2018-08-28 10:20:00,2018-08-28 10:28:00,2018-08-28 10:32:00,2018-08-28 10:33:00,10273.75,10280.5,6.75,-1.1111111111111112,-150.0,stop,-1.1111111111111112,-150.0,stop
2018-08-30,1,2018-08-30 10:15:00,2018-08-30 10:25:00,2018-08-30 10:33:00,2018-08-30 10:34:00,10367.25,10355.75,11.5,-1.065217391304348,-245.0,stop,-0.21739130434782608,-50.0,thesis_flip
2018-08-31,1,2018-08-31 09:45:00,2018-08-31 09:54:00,2018-08-31 10:02:00,2018-08-31 10:03:00,10365.0,10359.75,5.25,-1.1428571428571428,-120.0,stop,1.1904761904761905,125.0,thesis_flip
2018-09-03,1,2018-09-03 09:55:00,2018-09-03 10:17:00,2018-09-03 10:25:00,2018-09-03 10:26:00,10371.5,10370.5,1.0,7.5,150.0,close,2.25,45.0,thesis_flip
2018-09-07,1,2018-09-07 09:45:00,2018-09-07 09:57:00,2018-09-07 10:03:00,2018-09-07 10:04:00,10175.75,10138.25,37.5,-1.02,-765.0,stop,0.06666666666666667,50.0,thesis_flip
2018-09-10,-1,2018-09-10 10:00:00,2018-09-10 10:41:00,2018-09-10 10:46:00,2018-09-10 10:47:00,10131.5,10140.25,8.75,-1.0857142857142856,-190.0,stop,-1.0857142857142856,-190.0,stop
2018-09-12,-1,2018-09-12 09:50:00,2018-09-12 10:00:00,2018-09-12 10:06:00,2018-09-12 10:07:00,10169.75,10182.0,12.25,-1.0612244897959184,-260.0,stop,1.7959183673469388,440.0,thesis_flip
2018-09-18,1,2018-09-18 09:45:00,2018-09-18 09:54:00,2018-09-18 10:02:00,2018-09-18 10:03:00,10198.25,10184.5,13.75,-0.14545454545454545,-40.0,close,-0.01818181818181818,-5.0,thesis_flip
2018-09-19,-1,2018-09-19 10:05:00,2018-09-19 11:11:00,2018-09-19 11:18:00,2018-09-19 11:19:00,10180.0,10188.0,8.0,-1.09375,-175.0,stop,0.1875,30.0,thesis_flip
2018-09-20,1,2018-09-20 10:00:00,2018-09-20 10:39:00,2018-09-20 10:40:00,2018-09-20 10:41:00,10266.75,10254.25,12.5,0.28,70.0,close,-0.72,-180.0,thesis_flip
2018-09-21,-1,2018-09-21 09:50:00,2018-09-21 09:58:00,2018-09-21 09:59:00,2018-09-21 10:00:00,10281.75,10289.5,7.75,6.645161290322581,1030.0,close,2.2903225806451615,355.0,thesis_flip
2018-09-26,1,2018-09-26 10:00:00,2018-09-26 10:13:00,2018-09-26 10:24:00,2018-09-26 10:25:00,10281.0,10270.25,10.75,-1.069767441860465,-230.0,stop,0.7441860465116279,160.0,thesis_flip
2018-10-01,1,2018-10-01 09:50:00,2018-10-01 09:59:00,2018-10-01 10:05:00,2018-10-01 10:06:00,10395.75,10382.5,13.25,-1.0566037735849056,-280.0,stop,-0.660377358490566,-175.0,thesis_flip
2018-10-02,1,2018-10-02 09:55:00,2018-10-02 10:03:00,2018-10-02 10:15:00,2018-10-02 10:16:00,10342.75,10330.75,12.0,-1.0625,-255.0,stop,0.8333333333333334,200.0,thesis_flip
2018-10-03,1,2018-10-03 10:10:00,2018-10-03 10:21:00,2018-10-03 10:23:00,2018-10-03 10:24:00,10372.75,10366.75,6.0,-1.125,-135.0,stop,-1.125,-135.0,stop
2018-10-05,-1,2018-10-05 09:55:00,2018-10-05 10:05:00,2018-10-05 10:10:00,2018-10-05 10:11:00,10140.75,10160.25,19.5,-1.0384615384615385,-405.0,stop,-1.0384615384615385,-405.0,stop
2018-10-08,1,2018-10-08 09:50:00,2018-10-08 10:07:00,2018-10-08 10:09:00,2018-10-08 10:10:00,10087.25,10071.0,16.25,-1.0461538461538462,-340.0,stop,-0.13846153846153847,-45.0,thesis_flip
2018-10-09,1,2018-10-09 10:20:00,2018-10-09 11:17:00,2018-10-09 11:20:00,2018-10-09 11:21:00,10090.75,10071.25,19.5,-1.0384615384615385,-405.0,stop,-0.4230769230769231,-165.0,thesis_flip
2018-10-11,1,2018-10-11 09:45:00,2018-10-11 10:07:00,2018-10-11 10:09:00,2018-10-11 10:10:00,9778.25,9741.25,37.0,-1.0202702702702702,-755.0,stop,-1.0202702702702702,-755.0,stop
2018-10-15,-1,2018-10-15 10:00:00,2018-10-15 10:37:00,2018-10-15 11:17:00,2018-10-15 11:18:00,9804.0,9814.25,10.25,-1.0731707317073171,-220.0,stop,-1.0731707317073171,-220.0,stop
2018-10-16,1,2018-10-16 09:55:00,2018-10-16 10:16:00,2018-10-16 10:20:00,2018-10-16 10:21:00,9843.5,9833.75,9.75,-1.0769230769230769,-210.0,stop,-1.0769230769230769,-210.0,stop
2018-10-17,-1,2018-10-17 10:00:00,2018-10-17 10:15:00,2018-10-17 10:33:00,2018-10-17 10:34:00,9931.75,9948.0,16.25,-1.0461538461538462,-340.0,stop,0.9538461538461539,310.0,thesis_flip
2018-10-18,-1,2018-10-18 10:05:00,2018-10-18 10:20:00,2018-10-18 10:26:00,2018-10-18 10:27:00,9895.25,9907.75,12.5,-1.06,-265.0,stop,-1.06,-265.0,stop
2018-10-19,1,2018-10-19 10:00:00,2018-10-19 10:22:00,2018-10-19 10:23:00,2018-10-19 10:24:00,9903.75,9891.0,12.75,-1.0588235294117647,-270.0,stop,-1.0588235294117647,-270.0,stop
2018-10-22,-1,2018-10-22 09:50:00,2018-10-22 10:17:00,2018-10-22 10:18:00,2018-10-22 10:19:00,9784.75,9806.25,21.5,-1.0348837209302326,-445.0,stop,-1.0348837209302326,-445.0,stop
2018-10-23,-1,2018-10-23 10:00:00,2018-10-23 10:56:00,2018-10-23 11:00:00,2018-10-23 11:01:00,9652.5,9677.0,24.5,-1.030612244897959,-505.0,stop,-1.030612244897959,-505.0,stop
2018-10-24,-1,2018-10-24 09:45:00,2018-10-24 09:57:00,2018-10-24 09:59:00,2018-10-24 10:00:00,9759.75,9772.0,12.25,-1.0612244897959184,-260.0,stop,-1.0612244897959184,-260.0,stop
2018-10-29,1,2018-10-29 10:00:00,2018-10-29 10:10:00,2018-10-29 10:16:00,2018-10-29 10:17:00,9640.75,9623.75,17.0,-1.0441176470588236,-355.0,stop,-1.0441176470588236,-355.0,stop
2018-10-30,1,2018-10-30 09:50:00,2018-10-30 10:39:00,2018-10-30 10:47:00,2018-10-30 10:48:00,9385.25,9365.0,20.25,-1.037037037037037,-420.0,stop,2.6296296296296298,1065.0,thesis_flip
2018-10-31,1,2018-10-31 09:55:00,2018-10-31 11:07:00,2018-10-31 11:08:00,2018-10-31 11:09:00,9640.5,9631.25,9.25,-1.0810810810810811,-200.0,stop,-1.0810810810810811,-200.0,stop
2018-11-01,-1,2018-11-01 09:45:00,2018-11-01 09:55:00,2018-11-01 09:56:00,2018-11-01 09:57:00,9650.5,9667.5,17.0,-1.0441176470588236,-355.0,stop,0.16176470588235295,55.0,thesis_flip
2018-11-02,-1,2018-11-02 10:00:00,2018-11-02 10:12:00,2018-11-02 10:15:00,2018-11-02 10:16:00,9676.75,9696.5,19.75,-1.0379746835443038,-410.0,stop,-1.0379746835443038,-410.0,stop
2018-11-05,-1,2018-11-05 10:10:00,2018-11-05 11:02:00,2018-11-05 11:09:00,2018-11-05 11:10:00,9578.75,9593.5,14.75,-1.0508474576271187,-310.0,stop,0.4406779661016949,130.0,thesis_flip
2018-11-06,1,2018-11-06 09:45:00,2018-11-06 09:53:00,2018-11-06 09:58:00,2018-11-06 09:59:00,9699.75,9686.5,13.25,-1.0566037735849056,-280.0,stop,-1.0566037735849056,-280.0,stop
2018-11-07,1,2018-11-07 10:10:00,2018-11-07 10:18:00,2018-11-07 10:25:00,2018-11-07 10:26:00,9790.75,9774.75,16.0,5.546875,1775.0,close,1.4375,460.0,thesis_flip
2018-11-08,1,2018-11-08 09:55:00,2018-11-08 10:07:00,2018-11-08 10:20:00,2018-11-08 10:21:00,9849.0,9835.0,14.0,-1.0535714285714286,-295.0,stop,-1.0535714285714286,-295.0,stop
2018-11-09,-1,2018-11-09 10:05:00,2018-11-09 10:42:00,2018-11-09 10:44:00,2018-11-09 10:45:00,9741.5,9752.0,10.5,2.357142857142857,495.0,close,3.1666666666666665,665.0,thesis_flip
2018-11-12,-1,2018-11-12 10:00:00,2018-11-12 10:24:00,2018-11-12 10:29:00,2018-11-12 10:30:00,9598.5,9608.25,9.75,9.179487179487179,1790.0,close,7.435897435897436,1450.0,thesis_flip
2018-11-13,-1,2018-11-13 09:55:00,2018-11-13 10:12:00,2018-11-13 10:20:00,2018-11-13 10:21:00,9543.0,9565.5,22.5,-1.0333333333333334,-465.0,stop,-1.0333333333333334,-465.0,stop
2018-11-14,-1,2018-11-14 09:50:00,2018-11-14 09:59:00,2018-11-14 10:01:00,2018-11-14 10:02:00,9550.25,9570.75,20.5,4.7439024390243905,1945.0,close,3.6951219512195124,1515.0,thesis_flip
2018-11-15,-1,2018-11-15 10:30:00,2018-11-15 10:45:00,2018-11-15 11:10:00,2018-11-15 11:11:00,9454.25,9467.5,13.25,-1.0566037735849056,-280.0,stop,-1.0566037735849056,-280.0,stop
2018-11-22,-1,2018-11-22 10:05:00,2018-11-22 10:13:00,2018-11-22 10:17:00,2018-11-22 10:18:00,9215.0,9217.5,2.5,9.3,465.0,close,8.7,435.0,thesis_flip
2018-11-26,1,2018-11-26 09:50:00,2018-11-26 10:31:00,2018-11-26 10:41:00,2018-11-26 10:42:00,9311.25,9299.25,12.0,-1.0625,-255.0,stop,-1.0625,-255.0,stop
2018-11-29,-1,2018-11-29 10:15:00,2018-11-29 10:35:00,2018-11-29 10:40:00,2018-11-29 10:41:00,9541.0,9569.0,28.0,-1.0267857142857142,-575.0,stop,0.4732142857142857,265.0,thesis_flip
2018-11-30,1,2018-11-30 10:30:00,2018-11-30 11:02:00,2018-11-30 11:17:00,2018-11-30 11:18:00,9576.25,9569.5,6.75,-1.1111111111111112,-150.0,stop,-1.1111111111111112,-150.0,stop
2018-12-03,-1,2018-12-03 09:45:00,2018-12-03 10:07:00,2018-12-03 10:14:00,2018-12-03 10:15:00,9730.5,9744.0,13.5,-1.0555555555555556,-285.0,stop,-1.0555555555555556,-285.0,stop
2018-12-04,-1,2018-12-04 09:50:00,2018-12-04 09:57:00,2018-12-04 10:03:00,2018-12-04 10:04:00,9695.75,9707.0,11.25,-1.0666666666666667,-240.0,stop,-1.0666666666666667,-240.0,stop
2018-12-10,-1,2018-12-10 09:50:00,2018-12-10 10:01:00,2018-12-10 10:08:00,2018-12-10 10:09:00,9297.5,9311.5,14.0,-1.0535714285714286,-295.0,stop,-1.0535714285714286,-295.0,stop
2018-12-11,-1,2018-12-11 10:10:00,2018-12-11 10:27:00,2018-12-11 10:31:00,2018-12-11 10:32:00,9450.0,9463.75,13.75,5.3090909090909095,1460.0,close,2.7454545454545456,755.0,thesis_flip
2018-12-12,1,2018-12-12 09:55:00,2018-12-12 10:06:00,2018-12-12 10:09:00,2018-12-12 10:10:00,9489.75,9471.25,18.5,-1.0405405405405406,-385.0,stop,-0.08108108108108109,-30.0,thesis_flip
2018-12-14,1,2018-12-14 10:00:00,2018-12-14 10:09:00,2018-12-14 10:14:00,2018-12-14 10:15:00,9360.25,9350.0,10.25,-1.0731707317073171,-220.0,stop,-1.0731707317073171,-220.0,stop
2018-12-20,1,2018-12-20 10:05:00,2018-12-20 10:22:00,2018-12-20 10:23:00,2018-12-20 10:24:00,9004.0,8987.25,16.75,-1.044776119402985,-350.0,stop,-1.044776119402985,-350.0,stop
2018-12-26,-1,2018-12-26 10:10:00,2018-12-26 10:25:00,2018-12-26 10:29:00,2018-12-26 10:30:00,8617.5,8638.25,20.75,-1.036144578313253,-430.0,stop,-1.036144578313253,-430.0,stop
2018-12-27,-1,2018-12-27 09:45:00,2018-12-27 10:11:00,2018-12-27 10:19:00,2018-12-27 10:20:00,8767.5,8840.25,72.75,-1.0103092783505154,-1470.0,stop,-0.15463917525773196,-225.0,thesis_flip
2018-12-28,-1,2018-12-28 10:20:00,2018-12-28 10:34:00,2018-12-28 10:36:00,2018-12-28 10:37:00,8895.0,8931.0,36.0,-1.0208333333333333,-735.0,stop,-1.0208333333333333,-735.0,stop
2018-12-31,-1,2018-12-31 09:50:00,2018-12-31 10:09:00,2018-12-31 10:13:00,2018-12-31 10:14:00,8981.25,9005.0,23.75,-1.0315789473684212,-490.0,stop,0.7052631578947368,335.0,thesis_flip
2019-01-02,1,2019-01-02 09:45:00,2019-01-02 09:52:00,2019-01-02 09:56:00,2019-01-02 09:57:00,8909.75,8891.75,18.0,-1.0416666666666667,-375.0,stop,-1.0416666666666667,-375.0,stop
2019-01-03,-1,2019-01-03 09:45:00,2019-01-03 09:59:00,2019-01-03 10:00:00,2019-01-03 10:01:00,8876.5,8903.75,27.25,-1.0275229357798166,-560.0,stop,0.7155963302752294,390.0,thesis_flip
2019-01-04,1,2019-01-04 09:55:00,2019-01-04 10:26:00,2019-01-04 10:29:00,2019-01-04 10:30:00,9010.5,8924.75,85.75,0.7988338192419825,1370.0,close,0.36151603498542273,620.0,thesis_flip
2019-01-09,1,2019-01-09 09:50:00,2019-01-09 10:05:00,2019-01-09 10:09:00,2019-01-09 10:10:00,9245.0,9229.25,15.75,-1.0476190476190477,-330.0,stop,-1.0476190476190477,-330.0,stop
2019-01-10,-1,2019-01-10 09:45:00,2019-01-10 09:54:00,2019-01-10 09:55:00,2019-01-10 09:56:00,9172.75,9190.25,17.5,-1.042857142857143,-365.0,stop,-1.042857142857143,-365.0,stop
2019-01-11,1,2019-01-11 10:05:00,2019-01-11 10:12:00,2019-01-11 10:19:00,2019-01-11 10:20:00,9246.25,9237.25,9.0,-1.0833333333333333,-195.0,stop,-1.0833333333333333,-195.0,stop
2019-01-14,1,2019-01-14 10:15:00,2019-01-14 10:29:00,2019-01-14 10:31:00,2019-01-14 10:32:00,9202.75,9192.5,10.25,-1.0731707317073171,-220.0,stop,-0.24390243902439024,-50.0,thesis_flip
2019-01-15,1,2019-01-15 09:50:00,2019-01-15 10:26:00,2019-01-15 10:59:00,2019-01-15 11:00:00,9293.0,9275.5,17.5,-1.042857142857143,-365.0,stop,1.4428571428571428,505.0,thesis_flip
2019-01-18,-1,2019-01-18 09:50:00,2019-01-18 10:03:00,2019-01-18 10:27:00,2019-01-18 10:28:00,9406.75,9424.0,17.25,-1.0434782608695652,-360.0,stop,-1.0434782608695652,-360.0,stop
2019-01-22,-1,2019-01-22 09:45:00,2019-01-22 09:56:00,2019-01-22 10:00:00,2019-01-22 10:01:00,9368.5,9379.25,10.75,5.372093023255814,1155.0,close,0.37209302325581395,80.0,thesis_flip
2019-01-23,1,2019-01-23 09:45:00,2019-01-23 09:56:00,2019-01-23 10:10:00,2019-01-23 10:11:00,9355.5,9348.75,6.75,-1.1111111111111112,-150.0,stop,-1.1111111111111112,-150.0,stop
2019-01-24,1,2019-01-24 10:10:00,2019-01-24 10:41:00,2019-01-24 10:57:00,2019-01-24 10:58:00,9327.0,9317.75,9.25,-1.0810810810810811,-200.0,stop,-1.0810810810810811,-200.0,stop
2019-01-28,-1,2019-01-28 09:45:00,2019-01-28 10:01:00,2019-01-28 10:04:00,2019-01-28 10:05:00,9306.5,9320.25,13.75,-1.0545454545454545,-290.0,stop,-1.0545454545454545,-290.0,stop
2019-01-29,-1,2019-01-29 10:10:00,2019-01-29 10:28:00,2019-01-29 10:32:00,2019-01-29 10:33:00,9322.5,9332.75,10.25,3.8536585365853657,790.0,close,3.4146341463414633,700.0,thesis_flip
2019-01-30,-1,2019-01-30 09:55:00,2019-01-30 10:03:00,2019-01-30 10:04:00,2019-01-30 10:05:00,9342.5,9357.5,15.0,-1.05,-315.0,stop,-1.05,-315.0,stop
2019-02-01,1,2019-02-01 10:05:00,2019-02-01 10:18:00,2019-02-01 10:22:00,2019-02-01 10:23:00,9569.75,9555.5,14.25,-1.0526315789473684,-300.0,stop,-1.0526315789473684,-300.0,stop
2019-02-04,1,2019-02-04 09:45:00,2019-02-04 10:04:00,2019-02-04 10:06:00,2019-02-04 10:07:00,9551.5,9537.0,14.5,3.793103448275862,1100.0,close,0.27586206896551724,80.0,thesis_flip
2019-02-06,-1,2019-02-06 10:00:00,2019-02-06 10:48:00,2019-02-06 10:56:00,2019-02-06 10:57:00,9663.0,9669.5,6.5,2.3076923076923075,300.0,close,2.576923076923077,335.0,thesis_flip
2019-02-11,-1,2019-02-11 10:20:00,2019-02-11 10:43:00,2019-02-11 10:49:00,2019-02-11 10:50:00,9580.25,9586.75,6.5,3.0,390.0,close,1.0,130.0,thesis_flip
2019-02-12,1,2019-02-12 10:00:00,2019-02-12 10:47:00,2019-02-12 10:50:00,2019-02-12 10:51:00,9634.75,9626.75,8.0,3.4375,550.0,close,1.96875,315.0,thesis_flip
2019-02-14,1,2019-02-14 09:55:00,2019-02-14 10:03:00,2019-02-14 10:05:00,2019-02-14 10:06:00,9660.75,9643.75,17.0,-1.0441176470588236,-355.0,stop,-1.0441176470588236,-355.0,stop
2019-02-15,-1,2019-02-15 09:50:00,2019-02-15 10:06:00,2019-02-15 10:12:00,2019-02-15 10:13:00,9681.5,9697.5,16.0,-1.046875,-335.0,stop,-1.046875,-335.0,stop
2019-02-19,1,2019-02-19 10:05:00,2019-02-19 10:34:00,2019-02-19 10:43:00,2019-02-19 10:44:00,9714.5,9706.75,7.75,0.16129032258064516,25.0,close,-0.3225806451612903,-50.0,thesis_flip
2019-02-20,1,2019-02-20 10:25:00,2019-02-20 11:10:00,2019-02-20 11:26:00,2019-02-20 11:27:00,9736.5,9731.5,5.0,-1.15,-115.0,stop,-0.6,-60.0,thesis_flip
2019-02-21,-1,2019-02-21 09:45:00,2019-02-21 11:08:00,2019-02-21 11:16:00,2019-02-21 11:17:00,9683.5,9689.0,5.5,-1.1363636363636365,-125.0,stop,-0.5909090909090909,-65.0,thesis_flip
2019-02-22,1,2019-02-22 09:55:00,2019-02-22 10:03:00,2019-02-22 10:16:00,2019-02-22 10:17:00,9720.5,9711.5,9.0,-1.0833333333333333,-195.0,stop,-1.0833333333333333,-195.0,stop
2019-02-26,1,2019-02-26 10:00:00,2019-02-26 10:56:00,2019-02-26 11:03:00,2019-02-26 11:04:00,9755.75,9746.75,9.0,1.8055555555555556,325.0,close,1.3611111111111112,245.0,thesis_flip
2019-02-27,-1,2019-02-27 09:55:00,2019-02-27 10:04:00,2019-02-27 10:07:00,2019-02-27 10:08:00,9723.0,9740.25,17.25,-1.0434782608695652,-360.0,stop,0.782608695652174,270.0,thesis_flip
2019-02-28,-1,2019-02-28 10:05:00,2019-02-28 10:12:00,2019-02-28 10:21:00,2019-02-28 10:22:00,9742.0,9747.25,5.25,-1.1428571428571428,-120.0,stop,-1.1428571428571428,-120.0,stop
2019-03-05,-1,2019-03-05 09:45:00,2019-03-05 10:03:00,2019-03-05 10:08:00,2019-03-05 10:09:00,9795.75,9806.0,10.25,-1.0731707317073171,-220.0,stop,-0.4634146341463415,-95.0,thesis_flip
2019-03-06,-1,2019-03-06 09:45:00,2019-03-06 10:05:00,2019-03-06 10:10:00,2019-03-06 10:11:00,9800.0,9806.0,6.0,6.25,750.0,close,4.041666666666667,485.0,thesis_flip
2019-03-08,1,2019-03-08 09:45:00,2019-03-08 10:05:00,2019-03-08 10:09:00,2019-03-08 10:10:00,9598.0,9587.0,11.0,5.863636363636363,1290.0,close,2.25,495.0,thesis_flip
2019-03-11,1,2019-03-11 09:45:00,2019-03-11 09:54:00,2019-03-11 09:56:00,2019-03-11 09:57:00,9740.25,9730.0,10.25,6.658536585365853,1365.0,close,4.365853658536586,895.0,thesis_flip
2019-03-13,1,2019-03-13 09:50:00,2019-03-13 10:03:00,2019-03-13 10:19:00,2019-03-13 10:20:00,9892.0,9883.0,9.0,-1.0833333333333333,-195.0,stop,-1.0833333333333333,-195.0,stop
2019-03-15,1,2019-03-15 09:50:00,2019-03-15 10:15:00,2019-03-15 10:19:00,2019-03-15 10:20:00,9936.0,9926.75,9.25,1.945945945945946,360.0,close,-0.02702702702702703,-5.0,thesis_flip
2019-03-22,-1,2019-03-22 09:45:00,2019-03-22 10:28:00,2019-03-22 10:39:00,2019-03-22 10:40:00,10089.75,10108.0,18.25,6.1506849315068495,2245.0,close,1.4109589041095891,515.0,thesis_flip
2019-03-25,-1,2019-03-25 09:45:00,2019-03-25 09:55:00,2019-03-25 10:03:00,2019-03-25 10:04:00,9920.75,9943.25,22.5,-1.0333333333333334,-465.0,stop,-0.5888888888888889,-265.0,thesis_flip
2019-03-26,1,2019-03-26 09:55:00,2019-03-26 10:14:00,2019-03-26 10:26:00,2019-03-26 10:27:00,10035.25,10028.25,7.0,-1.1071428571428572,-155.0,stop,-1.1071428571428572,-155.0,stop
2019-03-27,-1,2019-03-27 09:55:00,2019-03-27 10:14:00,2019-03-27 10:26:00,2019-03-27 10:27:00,10008.0,10014.75,6.75,7.925925925925926,1070.0,close,13.0,1755.0,thesis_flip
2019-03-28,1,2019-03-28 10:00:00,2019-03-28 10:23:00,2019-03-28 10:30:00,2019-03-28 10:31:00,9980.0,9970.75,9.25,-1.0810810810810811,-200.0,stop,-1.0810810810810811,-200.0,stop
2019-03-29,-1,2019-03-29 09:45:00,2019-03-29 09:58:00,2019-03-29 10:21:00,2019-03-29 10:22:00,10007.0,10013.5,6.5,-1.1153846153846154,-145.0,stop,1.8461538461538463,240.0,thesis_flip
2019-04-01,-1,2019-04-01 10:05:00,2019-04-01 10:21:00,2019-04-01 10:24:00,2019-04-01 10:25:00,10075.5,10081.75,6.25,-1.12,-140.0,stop,-1.12,-140.0,stop
2019-04-02,1,2019-04-02 10:25:00,2019-04-02 10:38:00,2019-04-02 10:51:00,2019-04-02 10:52:00,10132.25,10124.5,7.75,-1.096774193548387,-170.0,stop,-1.096774193548387,-170.0,stop
2019-04-03,1,2019-04-03 10:10:00,2019-04-03 10:21:00,2019-04-03 10:23:00,2019-04-03 10:24:00,10197.0,10185.0,12.0,-1.0625,-255.0,stop,0.20833333333333334,50.0,thesis_flip
2019-04-04,-1,2019-04-04 10:20:00,2019-04-04 10:51:00,2019-04-04 10:56:00,2019-04-04 10:57:00,10187.75,10192.75,5.0,0.6,60.0,close,1.25,125.0,thesis_flip
2019-04-05,1,2019-04-05 10:00:00,2019-04-05 10:14:00,2019-04-05 10:31:00,2019-04-05 10:32:00,10220.75,10211.25,9.5,-1.0789473684210527,-205.0,stop,-1.0789473684210527,-205.0,stop
2019-04-09,1,2019-04-09 10:05:00,2019-04-09 10:22:00,2019-04-09 10:28:00,2019-04-09 10:29:00,10234.5,10222.5,12.0,-1.0625,-255.0,stop,-1.0625,-255.0,stop
2019-04-11,-1,2019-04-11 09:50:00,2019-04-11 10:26:00,2019-04-11 10:27:00,2019-04-11 10:28:00,10242.75,10246.75,4.0,-1.1875,-95.0,stop,-1.1875,-95.0,stop
2019-04-16,1,2019-04-16 10:00:00,2019-04-16 10:47:00,2019-04-16 10:49:00,2019-04-16 10:50:00,10294.25,10289.5,4.75,-1.1578947368421053,-110.0,stop,0.5789473684210527,55.0,thesis_flip
2019-04-17,-1,2019-04-17 09:55:00,2019-04-17 10:33:00,2019-04-17 10:43:00,2019-04-17 10:44:00,10328.0,10336.25,8.25,0.9090909090909091,150.0,close,0.5151515151515151,85.0,thesis_flip
2019-04-18,-1,2019-04-18 09:50:00,2019-04-18 11:11:00,2019-04-18 11:14:00,2019-04-18 11:15:00,10311.5,10314.0,2.5,-1.3,-65.0,stop,-0.4,-20.0,thesis_flip
2019-04-25,-1,2019-04-25 10:10:00,2019-04-25 10:53:00,2019-04-25 10:54:00,2019-04-25 10:55:00,10444.0,10449.5,5.5,-1.1363636363636365,-125.0,stop,-1.1363636363636365,-125.0,stop
2019-04-26,-1,2019-04-26 09:50:00,2019-04-26 10:07:00,2019-04-26 10:38:00,2019-04-26 10:39:00,10412.0,10417.75,5.75,-1.1304347826086956,-130.0,stop,-1.1304347826086956,-130.0,stop
2019-04-29,-1,2019-04-29 09:50:00,2019-04-29 10:04:00,2019-04-29 10:07:00,2019-04-29 10:08:00,10449.5,10465.25,15.75,-1.0476190476190477,-330.0,stop,-1.0476190476190477,-330.0,stop
2019-05-01,1,2019-05-01 10:10:00,2019-05-01 10:21:00,2019-05-01 10:35:00,2019-05-01 10:36:00,10461.75,10453.5,8.25,-1.0909090909090908,-180.0,stop,1.303030303030303,215.0,thesis_flip
2019-05-02,1,2019-05-02 10:00:00,2019-05-02 10:33:00,2019-05-02 10:39:00,2019-05-02 10:40:00,10412.75,10397.5,15.25,-1.0491803278688525,-320.0,stop,-1.0491803278688525,-320.0,stop
2019-05-03,1,2019-05-03 09:50:00,2019-05-03 10:23:00,2019-05-03 10:29:00,2019-05-03 10:30:00,10432.75,10417.0,15.75,2.6666666666666665,840.0,close,1.3015873015873016,410.0,thesis_flip
2019-05-06,1,2019-05-06 09:55:00,2019-05-06 10:07:00,2019-05-06 10:09:00,2019-05-06 10:10:00,10364.5,10351.5,13.0,4.75,1235.0,close,0.3269230769230769,85.0,thesis_flip
2019-05-07,-1,2019-05-07 09:45:00,2019-05-07 10:06:00,2019-05-07 10:12:00,2019-05-07 10:13:00,10307.0,10344.25,37.25,0.8993288590604027,670.0,close,-0.40268456375838924,-300.0,thesis_flip
2019-05-09,-1,2019-05-09 09:50:00,2019-05-09 10:03:00,2019-05-09 10:13:00,2019-05-09 10:14:00,10116.25,10147.75,31.5,-1.0238095238095237,-645.0,stop,-0.5873015873015873,-370.0,thesis_flip
2019-05-13,-1,2019-05-13 09:50:00,2019-05-13 10:50:00,2019-05-13 11:01:00,2019-05-13 11:02:00,9988.0,10015.5,27.5,1.2454545454545454,685.0,close,0.37272727272727274,205.0,thesis_flip
2019-05-14,-1,2019-05-14 09:45:00,2019-05-14 10:05:00,2019-05-14 10:10:00,2019-05-14 10:11:00,9993.75,10005.25,11.5,-1.065217391304348,-245.0,stop,-1.065217391304348,-245.0,stop
2019-05-17,1,2019-05-17 09:45:00,2019-05-17 09:52:00,2019-05-17 09:58:00,2019-05-17 09:59:00,10166.25,10152.0,14.25,-1.0526315789473684,-300.0,stop,-1.0526315789473684,-300.0,stop
2019-05-20,1,2019-05-20 10:30:00,2019-05-20 10:46:00,2019-05-20 10:55:00,2019-05-20 10:56:00,10037.75,10024.5,13.25,-1.0566037735849056,-280.0,stop,-1.0566037735849056,-280.0,stop
2019-05-21,-1,2019-05-21 09:50:00,2019-05-21 09:59:00,2019-05-21 10:09:00,2019-05-21 10:10:00,10055.0,10072.5,17.5,-1.042857142857143,-365.0,stop,-1.042857142857143,-365.0,stop
2019-05-22,1,2019-05-22 09:50:00,2019-05-22 09:58:00,2019-05-22 10:06:00,2019-05-22 10:07:00,10071.0,10060.5,10.5,-1.0714285714285714,-225.0,stop,-1.0714285714285714,-225.0,stop
2019-05-23,-1,2019-05-23 10:05:00,2019-05-23 10:13:00,2019-05-23 10:22:00,2019-05-23 10:23:00,9923.25,9939.5,16.25,-1.0461538461538462,-340.0,stop,-1.0461538461538462,-340.0,stop
2019-05-29,1,2019-05-29 10:15:00,2019-05-29 10:30:00,2019-05-29 11:08:00,2019-05-29 11:09:00,9857.75,9839.0,18.75,-1.04,-390.0,stop,-1.04,-390.0,stop
2019-05-30,1,2019-05-30 09:45:00,2019-05-30 09:56:00,2019-05-30 10:01:00,2019-05-30 10:02:00,9881.5,9876.0,5.5,-1.1363636363636365,-125.0,stop,-1.1363636363636365,-125.0,stop
2019-06-05,-1,2019-06-05 09:50:00,2019-06-05 10:04:00,2019-06-05 10:05:00,2019-06-05 10:06:00,9813.0,9841.75,28.75,-1.0260869565217392,-590.0,stop,0.45217391304347826,260.0,thesis_flip
2019-06-06,-1,2019-06-06 10:25:00,2019-06-06 10:37:00,2019-06-06 10:45:00,2019-06-06 10:46:00,9847.0,9856.75,9.75,-1.0769230769230769,-210.0,stop,-1.0769230769230769,-210.0,stop
2019-06-12,-1,2019-06-12 10:25:00,2019-06-12 10:43:00,2019-06-12 10:53:00,2019-06-12 10:54:00,10109.25,10116.25,7.0,2.107142857142857,295.0,close,1.9285714285714286,270.0,thesis_flip
2019-06-17,1,2019-06-17 09:45:00,2019-06-17 10:25:00,2019-06-17 10:31:00,2019-06-17 10:32:00,10162.0,10146.0,16.0,-1.046875,-335.0,stop,-0.640625,-205.0,thesis_flip
2019-06-18,1,2019-06-18 09:45:00,2019-06-18 09:53:00,2019-06-18 10:01:00,2019-06-18 10:02:00,10298.0,10280.5,17.5,-1.042857142857143,-365.0,stop,0.11428571428571428,40.0,thesis_flip
2019-06-20,-1,2019-06-20 10:15:00,2019-06-20 10:28:00,2019-06-20 10:29:00,2019-06-20 10:30:00,10358.0,10370.25,12.25,0.16326530612244897,40.0,close,1.183673469387755,290.0,thesis_flip
2019-06-24,-1,2019-06-24 10:00:00,2019-06-24 10:09:00,2019-06-24 10:22:00,2019-06-24 10:23:00,10357.75,10366.0,8.25,-1.0909090909090908,-180.0,stop,-1.0909090909090908,-180.0,stop
2019-06-28,-1,2019-06-28 09:45:00,2019-06-28 10:33:00,2019-06-28 10:49:00,2019-06-28 10:50:00,10271.5,10276.75,5.25,-1.1428571428571428,-120.0,stop,-1.1428571428571428,-120.0,stop
2019-07-01,-1,2019-07-01 09:45:00,2019-07-01 10:00:00,2019-07-01 10:08:00,2019-07-01 10:09:00,10425.75,10435.25,9.5,4.157894736842105,790.0,close,2.3684210526315788,450.0,thesis_flip
2019-07-02,1,2019-07-02 10:25:00,2019-07-02 10:36:00,2019-07-02 10:47:00,2019-07-02 10:48:00,10392.75,10387.5,5.25,-1.1428571428571428,-120.0,stop,-1.1428571428571428,-120.0,stop
2019-07-04,-1,2019-07-04 10:05:00,2019-07-04 10:12:00,2019-07-04 10:20:00,2019-07-04 10:21:00,10486.75,10489.25,2.5,-1.3,-65.0,stop,-1.3,-65.0,stop
2019-07-05,-1,2019-07-05 09:55:00,2019-07-05 10:12:00,2019-07-05 10:16:00,2019-07-05 10:17:00,10406.75,10418.0,11.25,-1.0666666666666667,-240.0,stop,0.6888888888888889,155.0,thesis_flip
2019-07-10,1,2019-07-10 09:45:00,2019-07-10 10:15:00,2019-07-10 10:19:00,2019-07-10 10:20:00,10525.0,10519.0,6.0,-1.125,-135.0,stop,-1.125,-135.0,stop
2019-07-11,-1,2019-07-11 10:30:00,2019-07-11 10:45:00,2019-07-11 10:57:00,2019-07-11 10:58:00,10525.5,10529.75,4.25,-1.1764705882352942,-100.0,stop,-1.1764705882352942,-100.0,stop
2019-07-12,1,2019-07-12 09:45:00,2019-07-12 09:53:00,2019-07-12 10:01:00,2019-07-12 10:02:00,10534.0,10528.25,5.75,-1.1304347826086956,-130.0,stop,-1.1304347826086956,-130.0,stop
2019-07-15,-1,2019-07-15 09:45:00,2019-07-15 09:57:00,2019-07-15 10:04:00,2019-07-15 10:05:00,10559.25,10566.75,7.5,-1.1,-165.0,stop,-0.7,-105.0,thesis_flip
2019-07-19,-1,2019-07-19 09:50:00,2019-07-19 10:03:00,2019-07-19 10:06:00,2019-07-19 10:07:00,10536.75,10546.75,10.0,9.05,1810.0,close,0.675,135.0,thesis_flip
2019-07-22,1,2019-07-22 09:45:00,2019-07-22 10:19:00,2019-07-22 10:25:00,2019-07-22 10:26:00,10492.5,10485.5,7.0,-1.1071428571428572,-155.0,stop,-1.1071428571428572,-155.0,stop
2019-07-23,-1,2019-07-23 09:55:00,2019-07-23 11:06:00,2019-07-23 11:21:00,2019-07-23 11:22:00,10528.25,10537.5,9.25,-1.0810810810810811,-200.0,stop,1.3783783783783783,255.0,thesis_flip
2019-07-24,1,2019-07-24 09:45:00,2019-07-24 10:00:00,2019-07-24 10:04:00,2019-07-24 10:05:00,10561.5,10556.25,5.25,10.619047619047619,1115.0,close,2.4761904761904763,260.0,thesis_flip
2019-07-25,-1,2019-07-25 10:10:00,2019-07-25 10:20:00,2019-07-25 10:21:00,2019-07-25 10:22:00,10553.0,10557.75,4.75,-1.1578947368421053,-110.0,stop,-1.1578947368421053,-110.0,stop
2019-07-30,1,2019-07-30 10:00:00,2019-07-30 10:16:00,2019-07-30 10:30:00,2019-07-30 10:31:00,10558.25,10549.0,9.25,-1.0810810810810811,-200.0,stop,-0.7837837837837838,-145.0,thesis_flip
2019-08-01,1,2019-08-01 09:55:00,2019-08-01 10:08:00,2019-08-01 10:13:00,2019-08-01 10:14:00,10534.75,10518.5,16.25,-1.0461538461538462,-340.0,stop,3.3076923076923075,1075.0,thesis_flip
2019-08-02,-1,2019-08-02 09:45:00,2019-08-02 09:51:00,2019-08-02 10:02:00,2019-08-02 10:03:00,10314.75,10340.5,25.75,0.7961165048543689,410.0,close,1.9514563106796117,1005.0,thesis_flip
2019-08-05,-1,2019-08-05 10:00:00,2019-08-05 10:14:00,2019-08-05 10:19:00,2019-08-05 10:20:00,10087.25,10103.0,15.75,-1.0476190476190477,-330.0,stop,0.38095238095238093,120.0,thesis_flip
2019-08-06,-1,2019-08-06 10:10:00,2019-08-06 10:30:00,2019-08-06 10:35:00,2019-08-06 10:36:00,10078.75,10090.5,11.75,-1.0638297872340425,-250.0,stop,-1.0638297872340425,-250.0,stop
2019-08-14,-1,2019-08-14 10:00:00,2019-08-14 10:08:00,2019-08-14 10:11:00,2019-08-14 10:12:00,10178.25,10194.75,16.5,-1.0454545454545454,-345.0,stop,-1.0454545454545454,-345.0,stop
2019-08-16,1,2019-08-16 10:20:00,2019-08-16 10:32:00,2019-08-16 10:36:00,2019-08-16 10:37:00,10184.25,10171.75,12.5,1.58,395.0,close,1.9,475.0,thesis_flip
2019-08-19,-1,2019-08-19 10:05:00,2019-08-19 10:43:00,2019-08-19 10:45:00,2019-08-19 10:46:00,10306.0,10312.25,6.25,-1.12,-140.0,stop,-1.12,-140.0,stop
2019-08-26,-1,2019-08-26 09:45:00,2019-08-26 09:55:00,2019-08-26 10:03:00,2019-08-26 10:04:00,10139.25,10150.0,10.75,-1.069767441860465,-230.0,stop,0.06976744186046512,15.0,thesis_flip
2019-08-28,1,2019-08-28 10:05:00,2019-08-28 10:22:00,2019-08-28 10:25:00,2019-08-28 10:26:00,10147.5,10135.25,12.25,3.061224489795918,750.0,close,0.7959183673469388,195.0,thesis_flip
2019-08-29,1,2019-08-29 09:45:00,2019-08-29 09:55:00,2019-08-29 10:06:00,2019-08-29 10:07:00,10302.75,10293.75,9.0,-1.0833333333333333,-195.0,stop,-1.0833333333333333,-195.0,stop
2019-08-30,-1,2019-08-30 09:55:00,2019-08-30 10:03:00,2019-08-30 10:05:00,2019-08-30 10:06:00,10322.5,10332.0,9.5,4.026315789473684,765.0,close,5.7105263157894735,1085.0,thesis_flip
2019-09-04,-1,2019-09-04 10:05:00,2019-09-04 10:37:00,2019-09-04 11:12:00,2019-09-04 11:13:00,10275.5,10279.0,3.5,-1.2142857142857142,-85.0,stop,-1.2142857142857142,-85.0,stop
2019-09-09,-1,2019-09-09 09:55:00,2019-09-09 10:12:00,2019-09-09 10:14:00,2019-09-09 10:15:00,10446.25,10454.75,8.5,-1.088235294117647,-185.0,stop,-0.9117647058823529,-155.0,thesis_flip
2019-09-10,-1,2019-09-10 09:50:00,2019-09-10 10:00:00,2019-09-10 10:03:00,2019-09-10 10:04:00,10351.75,10358.75,7.0,-1.1071428571428572,-155.0,stop,-1.1071428571428572,-155.0,stop
2019-09-12,1,2019-09-12 10:15:00,2019-09-12 10:40:00,2019-09-12 11:04:00,2019-09-12 11:05:00,10525.0,10508.0,17.0,-0.7647058823529411,-260.0,close,0.3235294117647059,110.0,thesis_flip
2019-09-13,1,2019-09-13 09:50:00,2019-09-13 10:00:00,2019-09-13 10:19:00,2019-09-13 10:20:00,10497.0,10478.25,18.75,-1.04,-390.0,stop,0.013333333333333334,5.0,thesis_flip
2019-09-16,1,2019-09-16 09:50:00,2019-09-16 09:59:00,2019-09-16 10:05:00,2019-09-16 10:06:00,10491.25,10482.25,9.0,-1.0833333333333333,-195.0,stop,-1.0833333333333333,-195.0,stop
2019-09-19,1,2019-09-19 10:30:00,2019-09-19 10:52:00,2019-09-19 10:54:00,2019-09-19 10:55:00,10574.75,10565.5,9.25,-1.0810810810810811,-200.0,stop,-1.0810810810810811,-200.0,stop
2019-09-25,-1,2019-09-25 10:25:00,2019-09-25 10:35:00,2019-09-25 10:37:00,2019-09-25 10:38:00,10321.5,10333.25,11.75,-1.0638297872340425,-250.0,stop,-1.0638297872340425,-250.0,stop
2019-09-26,-1,2019-09-26 10:15:00,2019-09-26 10:34:00,2019-09-26 10:53:00,2019-09-26 10:54:00,10393.0,10398.75,5.75,-1.1304347826086956,-130.0,stop,5.217391304347826,600.0,thesis_flip
2019-09-27,-1,2019-09-27 09:50:00,2019-09-27 10:51:00,2019-09-27 11:15:00,2019-09-27 11:16:00,10384.0,10396.0,12.0,6.895833333333333,1655.0,close,1.9791666666666667,475.0,thesis_flip
2019-09-30,1,2019-09-30 10:10:00,2019-09-30 10:21:00,2019-09-30 10:30:00,2019-09-30 10:31:00,10340.75,10334.25,6.5,-1.1153846153846154,-145.0,stop,-1.1153846153846154,-145.0,stop
2019-10-03,-1,2019-10-03 10:00:00,2019-10-03 10:29:00,2019-10-03 10:32:00,2019-10-03 10:33:00,10133.0,10161.5,28.5,-1.0263157894736843,-585.0,stop,-1.0263157894736843,-585.0,stop
2019-10-04,1,2019-10-04 09:55:00,2019-10-04 10:10:00,2019-10-04 10:15:00,2019-10-04 10:16:00,10320.75,10309.75,11.0,-1.0681818181818181,-235.0,stop,-1.0681818181818181,-235.0,stop
2019-10-07,1,2019-10-07 10:25:00,2019-10-07 10:42:00,2019-10-07 10:50:00,2019-10-07 10:51:00,10361.75,10351.75,10.0,-1.075,-215.0,stop,1.025,205.0,thesis_flip
2019-10-08,-1,2019-10-08 09:50:00,2019-10-08 10:42:00,2019-10-08 10:46:00,2019-10-08 10:47:00,10249.0,10260.25,11.25,-1.0666666666666667,-240.0,stop,-1.0666666666666667,-240.0,stop
2019-10-09,-1,2019-10-09 09:50:00,2019-10-09 09:59:00,2019-10-09 10:14:00,2019-10-09 10:15:00,10274.0,10288.75,14.75,-1.0508474576271187,-310.0,stop,-1.0508474576271187,-310.0,stop
2019-10-14,1,2019-10-14 10:05:00,2019-10-14 10:29:00,2019-10-14 10:30:00,2019-10-14 10:31:00,10460.0,10450.75,9.25,-0.5405405405405406,-100.0,close,0.7297297297297297,135.0,thesis_flip
2019-10-15,1,2019-10-15 10:00:00,2019-10-15 10:12:00,2019-10-15 10:14:00,2019-10-15 10:15:00,10515.75,10502.25,13.5,2.8333333333333335,765.0,close,1.9444444444444444,525.0,thesis_flip
2019-10-17,-1,2019-10-17 10:25:00,2019-10-17 10:36:00,2019-10-17 10:49:00,2019-10-17 10:50:00,10544.25,10568.75,24.5,-0.5,-245.0,close,-0.5204081632653061,-255.0,thesis_flip
2019-10-18,-1,2019-10-18 10:00:00,2019-10-18 10:16:00,2019-10-18 10:27:00,2019-10-18 10:28:00,10525.25,10547.25,22.0,2.1363636363636362,940.0,close,3.034090909090909,1335.0,thesis_flip
2019-10-21,-1,2019-10-21 09:45:00,2019-10-21 09:55:00,2019-10-21 09:57:00,2019-10-21 09:58:00,10513.75,10521.0,7.25,-1.103448275862069,-160.0,stop,-0.5172413793103449,-75.0,thesis_flip
2019-10-22,-1,2019-10-22 09:45:00,2019-10-22 09:56:00,2019-10-22 10:11:00,2019-10-22 10:12:00,10564.75,10579.25,14.5,5.344827586206897,1550.0,close,1.793103448275862,520.0,thesis_flip
2019-10-24,-1,2019-10-24 09:50:00,2019-10-24 11:06:00,2019-10-24 11:18:00,2019-10-24 11:19:00,10552.75,10557.25,4.5,-1.1666666666666667,-105.0,stop,-1.1666666666666667,-105.0,stop
2019-10-25,1,2019-10-25 09:45:00,2019-10-25 09:52:00,2019-10-25 09:57:00,2019-10-25 09:58:00,10568.25,10559.25,9.0,7.611111111111111,1370.0,close,7.166666666666667,1290.0,thesis_flip
2019-10-28,1,2019-10-28 10:15:00,2019-10-28 10:45:00,2019-10-28 10:46:00,2019-10-28 10:47:00,10708.75,10697.25,11.5,0.7608695652173914,175.0,close,0.2391304347826087,55.0,thesis_flip
2019-10-29,-1,2019-10-29 10:00:00,2019-10-29 10:34:00,2019-10-29 10:39:00,2019-10-29 10:40:00,10692.5,10695.75,3.25,-1.2307692307692308,-80.0,stop,-1.2307692307692308,-80.0,stop
2019-10-31,-1,2019-10-31 10:10:00,2019-10-31 11:11:00,2019-10-31 11:17:00,2019-10-31 11:18:00,10690.25,10698.0,7.75,-0.41935483870967744,-65.0,close,2.2903225806451615,355.0,thesis_flip
2019-11-01,1,2019-11-01 09:50:00,2019-11-01 10:04:00,2019-11-01 10:30:00,2019-11-01 10:31:00,10755.75,10730.0,25.75,-1.029126213592233,-530.0,stop,-0.4854368932038835,-250.0,thesis_flip
2019-11-04,-1,2019-11-04 10:00:00,2019-11-04 10:10:00,2019-11-04 10:34:00,2019-11-04 10:35:00,10819.75,10825.25,5.5,-1.1363636363636365,-125.0,stop,0.4090909090909091,45.0,thesis_flip
2019-11-05,-1,2019-11-05 10:25:00,2019-11-05 10:32:00,2019-11-05 10:38:00,2019-11-05 10:39:00,10812.5,10818.5,6.0,-1.125,-135.0,stop,-0.5833333333333334,-70.0,thesis_flip
2019-11-06,-1,2019-11-06 10:25:00,2019-11-06 10:44:00,2019-11-06 10:50:00,2019-11-06 10:51:00,10788.0,10794.25,6.25,-1.12,-140.0,stop,-0.2,-25.0,thesis_flip
2019-11-07,1,2019-11-07 10:15:00,2019-11-07 10:25:00,2019-11-07 10:38:00,2019-11-07 10:39:00,10867.75,10859.0,8.75,-1.0857142857142856,-190.0,stop,-0.05714285714285714,-10.0,thesis_flip
2019-11-11,1,2019-11-11 09:45:00,2019-11-11 09:52:00,2019-11-11 09:58:00,2019-11-11 09:59:00,10826.75,10821.0,5.75,4.043478260869565,465.0,close,1.3043478260869565,150.0,thesis_flip
2019-11-12,1,2019-11-12 09:55:00,2019-11-12 10:10:00,2019-11-12 10:11:00,2019-11-12 10:12:00,10880.75,10869.75,11.0,-1.0681818181818181,-235.0,stop,0.45454545454545453,100.0,thesis_flip
2019-11-14,1,2019-11-14 10:00:00,2019-11-14 10:14:00,2019-11-14 10:15:00,2019-11-14 10:16:00,10862.0,10859.25,2.75,-1.2727272727272727,-70.0,stop,-1.2727272727272727,-70.0,stop
2019-11-15,-1,2019-11-15 09:55:00,2019-11-15 10:04:00,2019-11-15 10:07:00,2019-11-15 10:08:00,10892.25,10898.0,5.75,-1.1304347826086956,-130.0,stop,-1.1304347826086956,-130.0,stop
2019-11-19,-1,2019-11-19 09:50:00,2019-11-19 10:24:00,2019-11-19 10:27:00,2019-11-19 10:28:00,10943.0,10950.5,7.5,-1.1,-165.0,stop,2.0,300.0,thesis_flip
2019-11-20,1,2019-11-20 09:55:00,2019-11-20 10:09:00,2019-11-20 10:27:00,2019-11-20 10:28:00,10936.75,10923.75,13.0,-1.0576923076923077,-275.0,stop,0.057692307692307696,15.0,thesis_flip
2019-11-21,-1,2019-11-21 10:15:00,2019-11-21 10:23:00,2019-11-21 10:29:00,2019-11-21 10:30:00,10860.75,10869.75,9.0,-1.0833333333333333,-195.0,stop,-1.0833333333333333,-195.0,stop
2019-11-22,-1,2019-11-22 10:05:00,2019-11-22 10:20:00,2019-11-22 10:28:00,2019-11-22 10:29:00,10867.75,10881.75,14.0,-0.8928571428571429,-250.0,close,0.8571428571428571,240.0,thesis_flip
2019-11-26,1,2019-11-26 10:20:00,2019-11-26 10:33:00,2019-11-26 10:41:00,2019-11-26 10:42:00,10986.25,10980.75,5.5,1.2272727272727273,135.0,close,0.5909090909090909,65.0,thesis_flip
2019-11-27,1,2019-11-27 09:50:00,2019-11-27 09:57:00,2019-11-27 10:04:00,2019-11-27 10:05:00,11019.25,11011.75,7.5,4.133333333333334,620.0,close,2.433333333333333,365.0,thesis_flip
2019-11-29,1,2019-11-29 09:55:00,2019-11-29 10:26:00,2019-11-29 10:33:00,2019-11-29 10:34:00,11030.5,11026.25,4.25,-1.1764705882352942,-100.0,stop,0.29411764705882354,25.0,thesis_flip
2019-12-03,-1,2019-12-03 09:45:00,2019-12-03 09:52:00,2019-12-03 10:04:00,2019-12-03 10:05:00,10798.5,10810.5,12.0,-1.0625,-255.0,stop,-1.0625,-255.0,stop
2019-12-06,1,2019-12-06 09:45:00,2019-12-06 09:56:00,2019-12-06 09:57:00,2019-12-06 09:58:00,10988.0,10983.25,4.75,-1.1578947368421053,-110.0,stop,-1.1578947368421053,-110.0,stop
2019-12-10,1,2019-12-10 10:05:00,2019-12-10 10:16:00,2019-12-10 10:21:00,2019-12-10 10:22:00,10986.0,10970.5,15.5,-1.0483870967741935,-325.0,stop,-0.12903225806451613,-40.0,thesis_flip
2019-12-11,1,2019-12-11 09:45:00,2019-12-11 11:06:00,2019-12-11 11:10:00,2019-12-11 11:11:00,10981.25,10972.5,8.75,2.7714285714285714,485.0,close,-0.2571428571428571,-45.0,thesis_flip
2019-12-13,1,2019-12-13 09:50:00,2019-12-13 10:05:00,2019-12-13 10:10:00,2019-12-13 10:11:00,11119.0,11072.75,46.25,-1.0162162162162163,-940.0,stop,-0.6216216216216216,-575.0,thesis_flip
2019-12-16,1,2019-12-16 09:45:00,2019-12-16 09:59:00,2019-12-16 10:02:00,2019-12-16 10:03:00,11162.75,11156.0,6.75,0.14814814814814814,20.0,close,1.3703703703703705,185.0,thesis_flip
2019-12-17,-1,2019-12-17 09:55:00,2019-12-17 10:03:00,2019-12-17 10:15:00,2019-12-17 10:16:00,11168.25,11173.25,5.0,-1.15,-115.0,stop,-1.15,-115.0,stop
2019-12-18,-1,2019-12-18 09:55:00,2019-12-18 10:08:00,2019-12-18 10:10:00,2019-12-18 10:11:00,11173.75,11178.75,5.0,-1.15,-115.0,stop,-1.15,-115.0,stop
2019-12-19,1,2019-12-19 10:25:00,2019-12-19 10:37:00,2019-12-19 10:41:00,2019-12-19 10:42:00,11198.75,11195.75,3.0,11.5,690.0,close,-0.5833333333333334,-35.0,thesis_flip
2019-12-20,-1,2019-12-20 09:55:00,2019-12-20 10:01:00,2019-12-20 10:11:00,2019-12-20 10:12:00,11259.5,11265.5,6.0,-1.125,-135.0,stop,-1.125,-135.0,stop
2019-12-23,-1,2019-12-23 10:05:00,2019-12-23 10:14:00,2019-12-23 10:21:00,2019-12-23 10:22:00,11290.25,11292.5,2.25,-1.3333333333333333,-60.0,stop,-0.1111111111111111,-5.0,thesis_flip
2019-12-24,-1,2019-12-24 09:45:00,2019-12-24 10:03:00,2019-12-24 10:10:00,2019-12-24 10:11:00,11282.25,11287.25,5.0,-1.15,-115.0,stop,-0.9,-90.0,thesis_flip
2019-12-26,1,2019-12-26 09:45:00,2019-12-26 09:57:00,2019-12-26 10:00:00,2019-12-26 10:01:00,11322.75,11317.75,5.0,8.15,815.0,close,-0.05,-5.0,thesis_flip
2019-12-27,-1,2019-12-27 09:45:00,2019-12-27 11:05:00,2019-12-27 11:13:00,2019-12-27 11:14:00,11372.5,11379.5,7.0,-1.1071428571428572,-155.0,stop,-1.1071428571428572,-155.0,stop
2019-12-30,-1,2019-12-30 09:45:00,2019-12-30 10:00:00,2019-12-30 10:04:00,2019-12-30 10:05:00,11273.5,11290.0,16.5,-1.0454545454545454,-345.0,stop,-0.5454545454545454,-180.0,thesis_flip
2020-01-08,1,2020-01-08 10:05:00,2020-01-08 10:13:00,2020-01-08 10:15:00,2020-01-08 10:16:00,11458.25,11446.25,12.0,-1.0625,-255.0,stop,-1.0625,-255.0,stop
2020-01-13,1,2020-01-13 09:55:00,2020-01-13 10:08:00,2020-01-13 10:22:00,2020-01-13 10:23:00,11590.25,11585.0,5.25,-1.1428571428571428,-120.0,stop,-1.1428571428571428,-120.0,stop
2020-01-14,-1,2020-01-14 09:55:00,2020-01-14 10:16:00,2020-01-14 10:20:00,2020-01-14 10:21:00,11624.5,11635.5,11.0,-1.0681818181818181,-235.0,stop,-1.0681818181818181,-235.0,stop
2020-01-15,1,2020-01-15 09:50:00,2020-01-15 10:10:00,2020-01-15 10:17:00,2020-01-15 10:18:00,11646.0,11640.25,5.75,-1.1304347826086956,-130.0,stop,-1.1304347826086956,-130.0,stop
2020-01-16,1,2020-01-16 10:05:00,2020-01-16 10:16:00,2020-01-16 10:28:00,2020-01-16 10:29:00,11670.25,11662.75,7.5,-1.1,-165.0,stop,-1.1,-165.0,stop
2020-01-21,1,2020-01-21 10:00:00,2020-01-21 10:23:00,2020-01-21 10:26:00,2020-01-21 10:27:00,11731.75,11724.25,7.5,-1.1,-165.0,stop,0.3,45.0,thesis_flip
2020-01-22,1,2020-01-22 10:25:00,2020-01-22 10:57:00,2020-01-22 11:09:00,2020-01-22 11:10:00,11798.5,11792.0,6.5,-1.1153846153846154,-145.0,stop,-1.1153846153846154,-145.0,stop
2020-01-23,1,2020-01-23 10:10:00,2020-01-23 10:26:00,2020-01-23 10:28:00,2020-01-23 10:29:00,11764.5,11753.25,11.25,-1.0666666666666667,-240.0,stop,-0.022222222222222223,-5.0,thesis_flip
2020-01-24,-1,2020-01-24 10:00:00,2020-01-24 10:08:00,2020-01-24 10:16:00,2020-01-24 10:17:00,11819.75,11828.0,8.25,12.636363636363637,2085.0,close,0.5757575757575758,95.0,thesis_flip
2020-01-27,1,2020-01-27 09:50:00,2020-01-27 09:58:00,2020-01-27 09:59:00,2020-01-27 10:00:00,11546.75,11530.5,16.25,-1.0461538461538462,-340.0,stop,-1.0461538461538462,-340.0,stop
2020-02-04,1,2020-02-04 09:45:00,2020-02-04 09:59:00,2020-02-04 10:19:00,2020-02-04 10:20:00,11825.75,11815.25,10.5,7.357142857142857,1545.0,close,5.666666666666667,1190.0,thesis_flip
2020-02-05,-1,2020-02-05 10:10:00,2020-02-05 10:19:00,2020-02-05 10:26:00,2020-02-05 10:27:00,11920.0,11944.5,24.5,-1.030612244897959,-505.0,stop,0.6122448979591837,300.0,thesis_flip
2020-02-06,1,2020-02-06 09:55:00,2020-02-06 10:06:00,2020-02-06 10:21:00,2020-02-06 10:22:00,11967.25,11960.0,7.25,-1.103448275862069,-160.0,stop,-1.103448275862069,-160.0,stop
2020-02-10,1,2020-02-10 09:50:00,2020-02-10 10:01:00,2020-02-10 10:09:00,2020-02-10 10:10:00,12017.0,11995.0,22.0,3.1931818181818183,1405.0,close,0.375,165.0,thesis_flip
2020-02-12,-1,2020-02-12 09:50:00,2020-02-12 10:05:00,2020-02-12 10:07:00,2020-02-12 10:08:00,12122.75,12153.75,31.0,-1.0241935483870968,-635.0,stop,-0.8225806451612904,-510.0,thesis_flip
2020-02-13,1,2020-02-13 09:50:00,2020-02-13 10:09:00,2020-02-13 10:10:00,2020-02-13 10:11:00,12140.5,12117.25,23.25,1.1397849462365592,530.0,close,1.5913978494623655,740.0,thesis_flip
2020-02-14,-1,2020-02-14 10:10:00,2020-02-14 10:24:00,2020-02-14 10:38:00,2020-02-14 10:39:00,12180.5,12187.25,6.75,-1.1111111111111112,-150.0,stop,-1.1111111111111112,-150.0,stop
2020-02-18,1,2020-02-18 10:00:00,2020-02-18 10:10:00,2020-02-18 10:33:00,2020-02-18 10:34:00,12171.25,12156.75,14.5,-1.0517241379310345,-305.0,stop,0.3448275862068966,100.0,thesis_flip
2020-02-19,1,2020-02-19 10:15:00,2020-02-19 10:41:00,2020-02-19 10:55:00,2020-02-19 10:56:00,12284.0,12273.5,10.5,0.6190476190476191,130.0,close,0.7619047619047619,160.0,thesis_flip
2020-02-21,-1,2020-02-21 09:45:00,2020-02-21 10:23:00,2020-02-21 10:26:00,2020-02-21 10:27:00,12081.75,12093.75,12.0,-1.0625,-255.0,stop,0.8541666666666666,205.0,thesis_flip
2020-02-24,1,2020-02-24 09:50:00,2020-02-24 10:02:00,2020-02-24 10:07:00,2020-02-24 10:08:00,11743.5,11722.25,21.25,-1.035294117647059,-440.0,stop,-1.035294117647059,-440.0,stop
2020-02-27,-1,2020-02-27 10:15:00,2020-02-27 10:24:00,2020-02-27 10:25:00,2020-02-27 10:26:00,11152.0,11197.0,45.0,-1.0166666666666666,-915.0,stop,-1.0166666666666666,-915.0,stop
2020-03-02,-1,2020-03-02 10:05:00,2020-03-02 10:16:00,2020-03-02 10:20:00,2020-03-02 10:21:00,11032.75,11079.5,46.75,-1.0160427807486632,-950.0,stop,-1.0160427807486632,-950.0,stop
2020-03-04,-1,2020-03-04 09:50:00,2020-03-04 09:57:00,2020-03-04 10:03:00,2020-03-04 10:04:00,11256.25,11285.5,29.25,-1.0256410256410255,-600.0,stop,-1.0256410256410255,-600.0,stop
2020-03-05,1,2020-03-05 10:15:00,2020-03-05 10:33:00,2020-03-05 10:41:00,2020-03-05 10:42:00,11357.5,11333.75,23.75,-1.0315789473684212,-490.0,stop,0.8,380.0,thesis_flip
2020-03-06,1,2020-03-06 10:20:00,2020-03-06 10:31:00,2020-03-06 10:38:00,2020-03-06 10:39:00,11073.5,11022.75,50.75,-1.0147783251231528,-1030.0,stop,-1.0147783251231528,-1030.0,stop
2020-03-13,-1,2020-03-13 09:50:00,2020-03-13 09:58:00,2020-03-13 10:30:00,2020-03-13 10:31:00,10130.5,10205.5,75.0,-1.01,-1515.0,stop,0.7,1050.0,thesis_flip
2020-03-17,-1,2020-03-17 09:50:00,2020-03-17 10:16:00,2020-03-17 10:32:00,2020-03-17 10:33:00,9602.75,9641.75,39.0,-1.0192307692307692,-795.0,stop,-1.0192307692307692,-795.0,stop
2020-03-18,1,2020-03-18 09:50:00,2020-03-18 09:59:00,2020-03-18 10:01:00,2020-03-18 10:02:00,9713.5,9648.75,64.75,-1.0115830115830116,-1310.0,stop,-0.5405405405405406,-700.0,thesis_flip
2020-03-19,1,2020-03-19 09:55:00,2020-03-19 10:03:00,2020-03-19 10:05:00,2020-03-19 10:06:00,9723.75,9649.25,74.5,0.13758389261744966,205.0,close,0.03691275167785235,55.0,thesis_flip
2020-03-23,1,2020-03-23 09:55:00,2020-03-23 10:06:00,2020-03-23 10:07:00,2020-03-23 10:08:00,9495.5,9428.5,67.0,-1.0111940298507462,-1355.0,stop,-0.7164179104477612,-960.0,thesis_flip
2020-03-25,-1,2020-03-25 10:00:00,2020-03-25 10:45:00,2020-03-25 10:47:00,2020-03-25 10:48:00,9920.25,9971.75,51.5,-1.0145631067961165,-1045.0,stop,-1.0145631067961165,-1045.0,stop
2020-03-26,1,2020-03-26 10:05:00,2020-03-26 10:20:00,2020-03-26 10:32:00,2020-03-26 10:33:00,10160.5,10096.25,64.25,-1.0116731517509727,-1300.0,stop,-1.0116731517509727,-1300.0,stop
2020-03-30,1,2020-03-30 10:00:00,2020-03-30 10:12:00,2020-03-30 10:14:00,2020-03-30 10:15:00,10203.0,10174.25,28.75,4.495652173913044,2585.0,close,0.9130434782608695,525.0,thesis_flip
2020-04-08,-1,2020-04-08 09:45:00,2020-04-08 09:58:00,2020-04-08 09:59:00,2020-04-08 10:00:00,10538.0,10572.5,34.5,-1.0217391304347827,-705.0,stop,-0.5362318840579711,-370.0,thesis_flip
2020-04-09,-1,2020-04-09 10:05:00,2020-04-09 10:16:00,2020-04-09 10:17:00,2020-04-09 10:18:00,10659.25,10710.0,50.75,-1.0147783251231528,-1030.0,stop,-0.5123152709359606,-520.0,thesis_flip
2020-04-13,-1,2020-04-13 09:45:00,2020-04-13 10:00:00,2020-04-13 10:13:00,2020-04-13 10:14:00,10675.25,10695.5,20.25,-1.037037037037037,-420.0,stop,1.9135802469135803,775.0,thesis_flip
2020-04-16,-1,2020-04-16 09:55:00,2020-04-16 10:05:00,2020-04-16 10:10:00,2020-04-16 10:11:00,11077.25,11118.75,41.5,-1.0180722891566265,-845.0,stop,-1.0180722891566265,-845.0,stop
2020-04-21,-1,2020-04-21 10:15:00,2020-04-21 10:28:00,2020-04-21 10:32:00,2020-04-21 10:33:00,10986.25,11015.0,28.75,4.469565217391304,2570.0,close,4.460869565217391,2565.0,thesis_flip
2020-04-22,-1,2020-04-22 09:45:00,2020-04-22 09:54:00,2020-04-22 10:02:00,2020-04-22 10:03:00,11031.5,11051.75,20.25,-1.037037037037037,-420.0,stop,-1.037037037037037,-420.0,stop
2020-04-23,1,2020-04-23 10:15:00,2020-04-23 10:25:00,2020-04-23 10:30:00,2020-04-23 10:31:00,11227.75,11209.25,18.5,-1.0405405405405406,-385.0,stop,0.06756756756756757,25.0,thesis_flip
2020-04-24,-1,2020-04-24 09:45:00,2020-04-24 10:10:00,2020-04-24 10:25:00,2020-04-24 10:26:00,11101.75,11119.25,17.5,-1.042857142857143,-365.0,stop,-1.042857142857143,-365.0,stop
2020-04-27,1,2020-04-27 09:55:00,2020-04-27 10:09:00,2020-04-27 10:11:00,2020-04-27 10:12:00,11328.0,11314.5,13.5,-1.0555555555555556,-285.0,stop,-1.0555555555555556,-285.0,stop
2020-04-29,1,2020-04-29 09:45:00,2020-04-29 10:17:00,2020-04-29 10:22:00,2020-04-29 10:23:00,11384.25,11333.0,51.25,0.8731707317073171,895.0,close,-0.08780487804878048,-90.0,thesis_flip
2020-05-01,1,2020-05-01 10:00:00,2020-05-01 10:13:00,2020-05-01 10:14:00,2020-05-01 10:15:00,11315.75,11303.0,12.75,-1.0588235294117647,-270.0,stop,-1.0588235294117647,-270.0,stop
2020-05-05,1,2020-05-05 09:45:00,2020-05-05 09:55:00,2020-05-05 10:00:00,2020-05-05 10:01:00,11431.5,11405.75,25.75,-1.029126213592233,-530.0,stop,-0.912621359223301,-470.0,thesis_flip
2020-05-06,-1,2020-05-06 10:00:00,2020-05-06 10:12:00,2020-05-06 10:40:00,2020-05-06 10:41:00,11459.25,11475.25,16.0,-1.046875,-335.0,stop,-1.046875,-335.0,stop
2020-05-07,-1,2020-05-07 10:10:00,2020-05-07 10:23:00,2020-05-07 10:24:00,2020-05-07 10:25:00,11524.75,11532.25,7.5,-1.1,-165.0,stop,-1.1,-165.0,stop
2020-05-08,1,2020-05-08 10:15:00,2020-05-08 10:54:00,2020-05-08 11:05:00,2020-05-08 11:06:00,11638.5,11623.75,14.75,-1.0508474576271187,-310.0,stop,1.7796610169491525,525.0,thesis_flip
2020-05-11,1,2020-05-11 09:50:00,2020-05-11 10:05:00,2020-05-11 10:13:00,2020-05-11 10:14:00,11710.0,11664.0,46.0,0.9184782608695652,845.0,close,-0.33695652173913043,-310.0,thesis_flip
2020-05-12,-1,2020-05-12 09:50:00,2020-05-12 10:03:00,2020-05-12 10:27:00,2020-05-12 10:28:00,11745.25,11763.25,18.0,-1.0416666666666667,-375.0,stop,-1.0416666666666667,-375.0,stop
2020-05-13,1,2020-05-13 10:00:00,2020-05-13 10:29:00,2020-05-13 10:31:00,2020-05-13 10:32:00,11656.75,11605.25,51.5,-1.0145631067961165,-1045.0,stop,-0.6116504854368932,-630.0,thesis_flip
2020-05-14,-1,2020-05-14 09:45:00,2020-05-14 10:15:00,2020-05-14 10:16:00,2020-05-14 10:17:00,11347.5,11386.5,39.0,-1.0192307692307692,-795.0,stop,-0.6410256410256411,-500.0,thesis_flip
2020-05-15,1,2020-05-15 10:05:00,2020-05-15 10:32:00,2020-05-15 10:43:00,2020-05-15 10:44:00,11483.0,11463.25,19.75,-1.0379746835443038,-410.0,stop,-1.0379746835443038,-410.0,stop
2020-05-19,1,2020-05-19 09:55:00,2020-05-19 10:06:00,2020-05-19 10:11:00,2020-05-19 10:12:00,11855.0,11834.75,20.25,-1.037037037037037,-420.0,stop,-1.037037037037037,-420.0,stop
2020-05-22,1,2020-05-22 09:50:00,2020-05-22 10:13:00,2020-05-22 10:21:00,2020-05-22 10:22:00,11831.25,11806.5,24.75,-1.0303030303030303,-510.0,stop,-0.2828282828282828,-140.0,thesis_flip
2020-05-26,-1,2020-05-26 09:50:00,2020-05-26 10:23:00,2020-05-26 10:32:00,2020-05-26 10:33:00,11979.75,11992.25,12.5,10.0,2500.0,close,0.26,65.0,thesis_flip
2020-05-28,1,2020-05-28 10:25:00,2020-05-28 10:32:00,2020-05-28 10:40:00,2020-05-28 10:41:00,11951.75,11924.25,27.5,-1.0272727272727273,-565.0,stop,-0.6545454545454545,-360.0,thesis_flip
2020-05-29,-1,2020-05-29 10:05:00,2020-05-29 10:36:00,2020-05-29 10:42:00,2020-05-29 10:43:00,11874.0,11899.25,25.25,-1.0297029702970297,-520.0,stop,-0.7821782178217822,-395.0,thesis_flip
2020-06-01,1,2020-06-01 10:25:00,2020-06-01 10:54:00,2020-06-01 10:55:00,2020-06-01 10:56:00,12035.75,12014.75,21.0,-1.0357142857142858,-435.0,stop,-1.0357142857142858,-435.0,stop
2020-06-02,-1,2020-06-02 09:45:00,2020-06-02 09:55:00,2020-06-02 10:12:00,2020-06-02 10:13:00,12053.0,12069.25,16.25,-1.0461538461538462,-340.0,stop,-1.0461538461538462,-340.0,stop
2020-06-03,1,2020-06-03 09:55:00,2020-06-03 10:08:00,2020-06-03 10:18:00,2020-06-03 10:19:00,12146.25,12128.25,18.0,-1.0416666666666667,-375.0,stop,-1.0416666666666667,-375.0,stop
2020-06-04,1,2020-06-04 09:45:00,2020-06-04 10:11:00,2020-06-04 10:15:00,2020-06-04 10:16:00,12192.25,12172.25,20.0,-1.0375,-415.0,stop,-0.5625,-225.0,thesis_flip
2020-06-08,-1,2020-06-08 09:45:00,2020-06-08 09:57:00,2020-06-08 10:00:00,2020-06-08 10:01:00,12239.0,12261.5,22.5,-1.0333333333333334,-465.0,stop,-0.07777777777777778,-35.0,thesis_flip
2020-06-09,1,2020-06-09 09:50:00,2020-06-09 10:05:00,2020-06-09 10:17:00,2020-06-09 10:18:00,12357.75,12341.75,16.0,4.484375,1435.0,close,3.71875,1190.0,thesis_flip
2020-06-10,1,2020-06-10 10:00:00,2020-06-10 10:07:00,2020-06-10 10:08:00,2020-06-10 10:09:00,12540.0,12527.25,12.75,-1.0588235294117647,-270.0,stop,-1.0588235294117647,-270.0,stop
2020-06-11,1,2020-06-11 10:10:00,2020-06-11 10:22:00,2020-06-11 10:31:00,2020-06-11 10:32:00,12418.0,12394.5,23.5,-1.0319148936170213,-485.0,stop,-1.0319148936170213,-485.0,stop
2020-06-12,-1,2020-06-12 10:10:00,2020-06-12 10:24:00,2020-06-12 10:26:00,2020-06-12 10:27:00,12239.0,12264.0,25.0,4.48,2240.0,close,4.73,2365.0,thesis_flip
2020-06-15,1,2020-06-15 09:55:00,2020-06-15 10:48:00,2020-06-15 11:01:00,2020-06-15 11:02:00,12174.0,12128.5,45.5,3.840659340659341,3495.0,close,-0.054945054945054944,-50.0,thesis_flip
2020-06-17,-1,2020-06-17 10:00:00,2020-06-17 10:10:00,2020-06-17 10:18:00,2020-06-17 10:19:00,12537.5,12578.75,41.25,-1.018181818181818,-840.0,stop,-0.3575757575757576,-295.0,thesis_flip
2020-06-18,1,2020-06-18 10:05:00,2020-06-18 10:14:00,2020-06-18 10:25:00,2020-06-18 10:26:00,12542.0,12528.75,13.25,-1.0566037735849056,-280.0,stop,-1.0566037735849056,-280.0,stop
2020-06-19,1,2020-06-19 09:45:00,2020-06-19 09:59:00,2020-06-19 10:06:00,2020-06-19 10:07:00,12679.75,12663.0,16.75,-1.044776119402985,-350.0,stop,-0.5223880597014925,-175.0,thesis_flip
2020-06-23,1,2020-06-23 10:15:00,2020-06-23 10:55:00,2020-06-23 11:02:00,2020-06-23 11:03:00,12799.5,12780.25,19.25,-1.0389610389610389,-400.0,stop,1.5714285714285714,605.0,thesis_flip
2020-06-25,-1,2020-06-25 09:45:00,2020-06-25 10:04:00,2020-06-25 10:05:00,2020-06-25 10:06:00,12530.0,12551.75,21.75,-1.0344827586206897,-450.0,stop,-1.0344827586206897,-450.0,stop
2020-07-01,1,2020-07-01 10:15:00,2020-07-01 10:33:00,2020-07-01 10:39:00,2020-07-01 10:40:00,12803.75,12769.5,34.25,1.3065693430656935,895.0,close,-0.45255474452554745,-310.0,thesis_flip
2020-07-02,-1,2020-07-02 10:25:00,2020-07-02 10:35:00,2020-07-02 10:48:00,2020-07-02 10:49:00,12973.0,12989.0,16.0,-1.046875,-335.0,stop,1.765625,565.0,thesis_flip
2020-07-07,1,2020-07-07 09:45:00,2020-07-07 09:53:00,2020-07-07 09:56:00,2020-07-07 09:57:00,13201.5,13182.25,19.25,-1.0389610389610389,-400.0,stop,1.2077922077922079,465.0,thesis_flip
2020-07-08,1,2020-07-08 09:55:00,2020-07-08 10:08:00,2020-07-08 10:12:00,2020-07-08 10:13:00,13220.0,13197.25,22.75,-1.032967032967033,-470.0,stop,-1.032967032967033,-470.0,stop
2020-07-09,-1,2020-07-09 10:15:00,2020-07-09 10:25:00,2020-07-09 10:37:00,2020-07-09 10:38:00,13282.0,13308.75,26.75,-1.02803738317757,-550.0,stop,3.102803738317757,1660.0,thesis_flip
2020-07-10,-1,2020-07-10 10:00:00,2020-07-10 10:12:00,2020-07-10 10:22:00,2020-07-10 10:23:00,13272.0,13294.25,22.25,-1.0337078651685394,-460.0,stop,-1.0337078651685394,-460.0,stop
2020-07-13,1,2020-07-13 10:25:00,2020-07-13 10:35:00,2020-07-13 10:39:00,2020-07-13 10:40:00,13577.75,13559.75,18.0,-1.0416666666666667,-375.0,stop,2.6666666666666665,960.0,thesis_flip
2020-07-14,-1,2020-07-14 09:50:00,2020-07-14 10:03:00,2020-07-14 10:09:00,2020-07-14 10:10:00,12992.5,13069.25,76.75,-1.009771986970684,-1550.0,stop,-1.009771986970684,-1550.0,stop
2020-07-16,-1,2020-07-16 10:00:00,2020-07-16 10:20:00,2020-07-16 10:25:00,2020-07-16 10:26:00,13105.25,13139.0,33.75,-1.0222222222222221,-690.0,stop,-1.0222222222222221,-690.0,stop
2020-07-17,-1,2020-07-17 10:15:00,2020-07-17 10:27:00,2020-07-17 10:44:00,2020-07-17 10:45:00,13147.0,13175.5,28.5,-1.0263157894736843,-585.0,stop,-1.0263157894736843,-585.0,stop
2020-07-21,-1,2020-07-21 10:25:00,2020-07-21 10:37:00,2020-07-21 10:41:00,2020-07-21 10:42:00,13464.5,13500.0,35.5,-1.0211267605633803,-725.0,stop,-1.0211267605633803,-725.0,stop
2020-07-22,1,2020-07-22 09:50:00,2020-07-22 10:16:00,2020-07-22 10:17:00,2020-07-22 10:18:00,13464.75,13447.5,17.25,-1.0434782608695652,-360.0,stop,-1.0434782608695652,-360.0,stop
2020-07-24,1,2020-07-24 10:20:00,2020-07-24 10:38:00,2020-07-24 10:43:00,2020-07-24 10:44:00,13018.0,12976.5,41.5,-1.0180722891566265,-845.0,stop,1.3373493975903614,1110.0,thesis_flip
2020-07-28,-1,2020-07-28 09:50:00,2020-07-28 10:02:00,2020-07-28 10:12:00,2020-07-28 10:13:00,13167.5,13194.0,26.5,-1.028301886792453,-545.0,stop,-1.028301886792453,-545.0,stop
2020-07-29,1,2020-07-29 10:00:00,2020-07-29 10:20:00,2020-07-29 10:21:00,2020-07-29 10:22:00,13206.75,13192.25,14.5,-1.0517241379310345,-305.0,stop,-0.017241379310344827,-5.0,thesis_flip
2020-07-30,-1,2020-07-30 09:55:00,2020-07-30 10:03:00,2020-07-30 10:05:00,2020-07-30 10:06:00,13133.75,13151.75,18.0,-1.0416666666666667,-375.0,stop,-1.0416666666666667,-375.0,stop
2020-07-31,-1,2020-07-31 10:05:00,2020-07-31 10:42:00,2020-07-31 10:45:00,2020-07-31 10:46:00,13339.25,13367.0,27.75,-1.027027027027027,-570.0,stop,-0.9459459459459459,-525.0,thesis_flip
2020-08-03,1,2020-08-03 10:00:00,2020-08-03 10:07:00,2020-08-03 10:18:00,2020-08-03 10:19:00,13619.5,13600.75,18.75,-1.04,-390.0,stop,-1.04,-390.0,stop
2020-08-04,1,2020-08-04 10:05:00,2020-08-04 10:39:00,2020-08-04 10:47:00,2020-08-04 10:48:00,13650.0,13631.25,18.75,-1.04,-390.0,stop,-1.04,-390.0,stop
2020-08-05,1,2020-08-05 09:50:00,2020-08-05 10:00:00,2020-08-05 10:11:00,2020-08-05 10:12:00,13705.0,13684.5,20.5,-1.0365853658536586,-425.0,stop,-1.0365853658536586,-425.0,stop
2020-08-06,1,2020-08-06 10:10:00,2020-08-06 10:47:00,2020-08-06 10:54:00,2020-08-06 10:55:00,13682.25,13665.25,17.0,9.147058823529411,3110.0,close,1.0294117647058822,350.0,thesis_flip
2020-08-07,1,2020-08-07 09:45:00,2020-08-07 09:51:00,2020-08-07 09:57:00,2020-08-07 09:58:00,13835.25,13819.25,16.0,-1.046875,-335.0,stop,-1.046875,-335.0,stop
2020-08-13,1,2020-08-13 10:30:00,2020-08-13 10:59:00,2020-08-13 11:01:00,2020-08-13 11:02:00,13834.5,13811.5,23.0,-1.0326086956521738,-475.0,stop,-0.5,-230.0,thesis_flip
2020-08-14,-1,2020-08-14 09:45:00,2020-08-14 10:02:00,2020-08-14 10:03:00,2020-08-14 10:04:00,13739.25,13770.5,31.25,-0.176,-110.0,close,0.448,280.0,thesis_flip
2020-08-17,1,2020-08-17 09:50:00,2020-08-17 10:22:00,2020-08-17 10:24:00,2020-08-17 10:25:00,13834.0,13822.0,12.0,2.8125,675.0,close,-0.375,-90.0,thesis_flip
2020-08-18,-1,2020-08-18 09:50:00,2020-08-18 09:57:00,2020-08-18 09:58:00,2020-08-18 09:59:00,13911.25,13925.75,14.5,-1.0517241379310345,-305.0,stop,-1.0517241379310345,-305.0,stop
2020-08-19,-1,2020-08-19 09:45:00,2020-08-19 10:05:00,2020-08-19 10:11:00,2020-08-19 10:12:00,13954.0,13963.5,9.5,-1.0789473684210527,-205.0,stop,-1.0789473684210527,-205.0,stop
2020-08-21,1,2020-08-21 09:55:00,2020-08-21 10:07:00,2020-08-21 10:15:00,2020-08-21 10:16:00,14070.0,14052.25,17.75,3.8309859154929575,1360.0,close,2.112676056338028,750.0,thesis_flip
2020-08-25,1,2020-08-25 10:15:00,2020-08-25 10:22:00,2020-08-25 10:32:00,2020-08-25 10:33:00,14203.75,14181.75,22.0,4.318181818181818,1900.0,close,2.0113636363636362,885.0,thesis_flip
2020-08-31,1,2020-08-31 10:15:00,2020-08-31 10:27:00,2020-08-31 10:31:00,2020-08-31 10:32:00,14644.5,14625.25,19.25,-1.0389610389610389,-400.0,stop,0.935064935064935,360.0,thesis_flip
2020-09-01,1,2020-09-01 10:00:00,2020-09-01 10:23:00,2020-09-01 10:26:00,2020-09-01 10:27:00,14841.0,14784.25,56.75,0.6431718061674009,730.0,close,-0.4052863436123348,-460.0,thesis_flip
2020-09-07,1,2020-09-07 10:25:00,2020-09-07 10:33:00,2020-09-07 10:43:00,2020-09-07 10:44:00,14072.25,14062.0,10.25,1.2195121951219512,250.0,close,0.8780487804878049,180.0,thesis_flip
2020-09-08,1,2020-09-08 09:55:00,2020-09-08 10:04:00,2020-09-08 10:07:00,2020-09-08 10:08:00,13871.5,13822.5,49.0,-1.0153061224489797,-995.0,stop,-0.5051020408163265,-495.0,thesis_flip
2020-09-10,1,2020-09-10 10:00:00,2020-09-10 10:07:00,2020-09-10 10:16:00,2020-09-10 10:17:00,14140.0,14111.0,29.0,-1.0258620689655173,-595.0,stop,-1.0258620689655173,-595.0,stop
2020-09-11,-1,2020-09-11 09:55:00,2020-09-11 10:08:00,2020-09-11 10:09:00,2020-09-11 10:10:00,13724.75,13766.0,41.25,-1.018181818181818,-840.0,stop,-1.018181818181818,-840.0,stop
2020-09-14,1,2020-09-14 09:45:00,2020-09-14 10:05:00,2020-09-14 10:09:00,2020-09-14 10:10:00,13909.75,13864.5,45.25,-1.0165745856353592,-920.0,stop,-0.22099447513812154,-200.0,thesis_flip
2020-09-15,1,2020-09-15 09:50:00,2020-09-15 10:08:00,2020-09-15 10:09:00,2020-09-15 10:10:00,14049.0,14035.75,13.25,-1.0566037735849056,-280.0,stop,-1.0566037735849056,-280.0,stop
2020-09-17,1,2020-09-17 09:50:00,2020-09-17 10:30:00,2020-09-17 10:34:00,2020-09-17 10:35:00,13653.25,13601.75,51.5,-1.0145631067961165,-1045.0,stop,0.5,515.0,thesis_flip
2020-09-18,-1,2020-09-18 09:45:00,2020-09-18 10:13:00,2020-09-18 10:19:00,2020-09-18 10:20:00,13671.5,13701.25,29.75,5.285714285714286,3145.0,close,3.4873949579831933,2075.0,thesis_flip
2020-09-21,1,2020-09-21 09:45:00,2020-09-21 09:53:00,2020-09-21 09:58:00,2020-09-21 09:59:00,13417.0,13369.0,48.0,-1.015625,-975.0,stop,-1.015625,-975.0,stop
2020-09-22,-1,2020-09-22 09:45:00,2020-09-22 10:03:00,2020-09-22 10:16:00,2020-09-22 10:17:00,13617.75,13644.25,26.5,-1.028301886792453,-545.0,stop,-1.028301886792453,-545.0,stop
2020-09-23,-1,2020-09-23 09:50:00,2020-09-23 10:06:00,2020-09-23 10:08:00,2020-09-23 10:09:00,13654.0,13700.5,46.5,5.096774193548387,4740.0,close,-0.8817204301075269,-820.0,thesis_flip
2020-09-24,1,2020-09-24 09:45:00,2020-09-24 10:39:00,2020-09-24 10:40:00,2020-09-24 10:41:00,13405.75,13369.5,36.25,1.8620689655172413,1350.0,close,0.7034482758620689,510.0,thesis_flip
2020-09-28,-1,2020-09-28 09:45:00,2020-09-28 10:04:00,2020-09-28 10:06:00,2020-09-28 10:07:00,13862.75,13880.75,18.0,-1.0416666666666667,-375.0,stop,-1.0416666666666667,-375.0,stop
2020-09-29,-1,2020-09-29 10:30:00,2020-09-29 11:10:00,2020-09-29 11:14:00,2020-09-29 11:15:00,13922.25,13937.75,15.5,-1.0483870967741935,-325.0,stop,-1.0483870967741935,-325.0,stop
2020-10-01,-1,2020-10-01 09:50:00,2020-10-01 10:10:00,2020-10-01 10:11:00,2020-10-01 10:12:00,14088.5,14135.5,47.0,-1.0159574468085106,-955.0,stop,-0.7340425531914894,-690.0,thesis_flip
2020-10-02,1,2020-10-02 10:00:00,2020-10-02 10:49:00,2020-10-02 10:55:00,2020-10-02 10:56:00,14015.25,13979.5,35.75,-1.020979020979021,-730.0,stop,-1.020979020979021,-730.0,stop
2020-10-07,-1,2020-10-07 10:10:00,2020-10-07 10:19:00,2020-10-07 10:23:00,2020-10-07 10:24:00,13975.5,14000.0,24.5,-1.030612244897959,-505.0,stop,-1.030612244897959,-505.0,stop
2020-10-08,-1,2020-10-08 09:45:00,2020-10-08 09:59:00,2020-10-08 10:03:00,2020-10-08 10:04:00,14114.75,14146.0,31.25,-1.024,-640.0,stop,-0.248,-155.0,thesis_flip
2020-10-09,1,2020-10-09 09:45:00,2020-10-09 09:55:00,2020-10-09 10:03:00,2020-10-09 10:04:00,14238.25,14213.0,25.25,-1.0297029702970297,-520.0,stop,-1.0297029702970297,-520.0,stop
2020-10-14,-1,2020-10-14 10:25:00,2020-10-14 10:51:00,2020-10-14 11:01:00,2020-10-14 11:02:00,14670.25,14691.75,21.5,-1.0348837209302326,-445.0,stop,-1.0348837209302326,-445.0,stop
2020-10-15,1,2020-10-15 09:50:00,2020-10-15 10:00:00,2020-10-15 10:16:00,2020-10-15 10:17:00,14424.25,14388.75,35.5,-1.0211267605633803,-725.0,stop,-1.0211267605633803,-725.0,stop
2020-10-16,1,2020-10-16 10:00:00,2020-10-16 10:51:00,2020-10-16 10:54:00,2020-10-16 10:55:00,14570.5,14548.75,21.75,-1.0344827586206897,-450.0,stop,-1.0344827586206897,-450.0,stop
2020-10-20,1,2020-10-20 09:55:00,2020-10-20 10:08:00,2020-10-20 10:10:00,2020-10-20 10:11:00,14325.75,14280.75,45.0,-1.0166666666666666,-915.0,stop,-0.7166666666666667,-645.0,thesis_flip
2020-10-21,1,2020-10-21 09:55:00,2020-10-21 10:15:00,2020-10-21 10:55:00,2020-10-21 10:56:00,14315.25,14297.25,18.0,-1.0416666666666667,-375.0,stop,-1.0416666666666667,-375.0,stop
2020-10-23,-1,2020-10-23 10:00:00,2020-10-23 10:17:00,2020-10-23 10:23:00,2020-10-23 10:24:00,14187.0,14219.25,32.25,-1.0232558139534884,-660.0,stop,-1.0232558139534884,-660.0,stop
2020-10-26,1,2020-10-26 09:50:00,2020-10-26 09:58:00,2020-10-26 10:02:00,2020-10-26 10:03:00,14282.25,14249.25,33.0,-1.0227272727272727,-675.0,stop,-1.0227272727272727,-675.0,stop
2020-10-29,1,2020-10-29 09:50:00,2020-10-29 10:04:00,2020-10-29 10:22:00,2020-10-29 10:23:00,13890.0,13835.75,54.25,0.543778801843318,590.0,close,-0.03686635944700461,-40.0,thesis_flip
2020-10-30,-1,2020-10-30 09:45:00,2020-10-30 10:01:00,2020-10-30 10:09:00,2020-10-30 10:10:00,13754.0,13785.5,31.5,3.253968253968254,2050.0,close,3.4285714285714284,2160.0,thesis_flip
2020-11-02,1,2020-11-02 09:50:00,2020-11-02 10:02:00,2020-11-02 10:12:00,2020-11-02 10:13:00,13768.25,13737.75,30.5,-1.0245901639344261,-625.0,stop,-1.0245901639344261,-625.0,stop
2020-11-05,1,2020-11-05 09:45:00,2020-11-05 10:34:00,2020-11-05 10:37:00,2020-11-05 10:38:00,14652.5,14609.0,43.5,-1.0172413793103448,-885.0,stop,-1.0172413793103448,-885.0,stop
2020-11-09,1,2020-11-09 10:00:00,2020-11-09 10:06:00,2020-11-09 10:17:00,2020-11-09 10:18:00,14840.0,14762.25,77.75,-1.0096463022508038,-1570.0,stop,-1.0096463022508038,-1570.0,stop
2020-11-13,-1,2020-11-13 10:00:00,2020-11-13 10:12:00,2020-11-13 10:17:00,2020-11-13 10:18:00,14431.75,14475.25,43.5,-1.0172413793103448,-885.0,stop,-0.7758620689655172,-675.0,thesis_flip
2020-11-16,1,2020-11-16 10:20:00,2020-11-16 10:42:00,2020-11-16 10:43:00,2020-11-16 10:44:00,14584.0,14568.5,15.5,-1.0483870967741935,-325.0,stop,1.0,310.0,thesis_flip
2020-11-17,-1,2020-11-17 09:55:00,2020-11-17 10:02:00,2020-11-17 10:04:00,2020-11-17 10:05:00,14572.75,14585.5,12.75,-1.0588235294117647,-270.0,stop,-1.0588235294117647,-270.0,stop
2020-11-18,-1,2020-11-18 09:50:00,2020-11-18 10:16:00,2020-11-18 10:32:00,2020-11-18 10:33:00,14536.5,14561.0,24.5,-1.030612244897959,-505.0,stop,-1.030612244897959,-505.0,stop
2020-11-19,1,2020-11-19 09:55:00,2020-11-19 10:17:00,2020-11-19 10:28:00,2020-11-19 10:29:00,14508.25,14478.5,29.75,2.277310924369748,1355.0,close,0.6974789915966386,415.0,thesis_flip
2020-11-20,1,2020-11-20 10:20:00,2020-11-20 10:28:00,2020-11-20 10:36:00,2020-11-20 10:37:00,14586.0,14573.25,12.75,-1.0588235294117647,-270.0,stop,-0.37254901960784315,-95.0,thesis_flip
2020-11-25,-1,2020-11-25 10:00:00,2020-11-25 10:19:00,2020-11-25 10:20:00,2020-11-25 10:21:00,14701.75,14712.0,10.25,-1.0731707317073171,-220.0,stop,-1.0731707317073171,-220.0,stop
2020-11-26,-1,2020-11-26 10:30:00,2020-11-26 10:39:00,2020-11-26 10:42:00,2020-11-26 10:43:00,14782.0,14787.5,5.5,-1.1363636363636365,-125.0,stop,-1.1363636363636365,-125.0,stop
2020-11-30,-1,2020-11-30 09:45:00,2020-11-30 10:00:00,2020-11-30 10:02:00,2020-11-30 10:03:00,14833.25,14864.5,31.25,-1.024,-640.0,stop,2.288,1430.0,thesis_flip
2020-12-01,1,2020-12-01 10:00:00,2020-12-01 10:46:00,2020-12-01 10:50:00,2020-12-01 10:51:00,14980.5,14945.5,35.0,1.8428571428571427,1290.0,close,2.1285714285714286,1490.0,thesis_flip
2020-12-03,1,2020-12-03 10:05:00,2020-12-03 10:42:00,2020-12-03 10:54:00,2020-12-03 10:55:00,15100.0,15085.75,14.25,-1.0526315789473684,-300.0,stop,-1.0526315789473684,-300.0,stop
2020-12-04,1,2020-12-04 09:55:00,2020-12-04 10:32:00,2020-12-04 10:35:00,2020-12-04 10:36:00,15094.75,15068.25,26.5,1.0943396226415094,580.0,close,-0.03773584905660377,-20.0,thesis_flip
2020-12-07,1,2020-12-07 09:55:00,2020-12-07 10:44:00,2020-12-07 10:57:00,2020-12-07 10:58:00,15195.5,15171.75,23.75,-1.0315789473684212,-490.0,stop,-0.8421052631578947,-400.0,thesis_flip
2020-12-08,-1,2020-12-08 09:45:00,2020-12-08 09:55:00,2020-12-08 10:03:00,2020-12-08 10:04:00,15135.5,15151.25,15.75,-1.0476190476190477,-330.0,stop,-1.0476190476190477,-330.0,stop
2020-12-09,-1,2020-12-09 10:10:00,2020-12-09 10:28:00,2020-12-09 10:34:00,2020-12-09 10:35:00,15206.75,15218.0,11.25,22.68888888888889,5105.0,close,-0.4888888888888889,-110.0,thesis_flip
2020-12-14,1,2020-12-14 09:55:00,2020-12-14 11:20:00,2020-12-14 11:23:00,2020-12-14 11:24:00,15136.75,15092.25,44.5,-1.0168539325842696,-905.0,stop,-0.7808988764044944,-695.0,thesis_flip
2020-12-17,-1,2020-12-17 10:00:00,2020-12-17 10:15:00,2020-12-17 10:16:00,2020-12-17 10:17:00,15303.0,15327.0,24.0,-1.03125,-495.0,stop,-1.03125,-495.0,stop
2020-12-22,1,2020-12-22 09:45:00,2020-12-22 09:58:00,2020-12-22 10:05:00,2020-12-22 10:06:00,15327.25,15306.25,21.0,-1.0357142857142858,-435.0,stop,-1.0357142857142858,-435.0,stop
2020-12-24,1,2020-12-24 10:30:00,2020-12-24 10:41:00,2020-12-24 11:02:00,2020-12-24 11:03:00,15282.75,15271.75,11.0,-1.0681818181818181,-235.0,stop,-0.7272727272727273,-160.0,thesis_flip
2020-12-29,-1,2020-12-29 09:55:00,2020-12-29 10:47:00,2020-12-29 11:11:00,2020-12-29 11:12:00,15473.5,15483.0,9.5,3.3684210526315788,640.0,close,0.5263157894736842,100.0,thesis_flip
2020-12-30,-1,2020-12-30 10:00:00,2020-12-30 10:09:00,2020-12-30 10:26:00,2020-12-30 10:27:00,15449.25,15462.5,13.25,-1.0566037735849056,-280.0,stop,0.4716981132075472,125.0,thesis_flip
2021-01-05,1,2021-01-05 09:50:00,2021-01-05 09:59:00,2021-01-05 10:03:00,2021-01-05 10:04:00,15350.0,15328.75,21.25,-1.035294117647059,-440.0,stop,-1.035294117647059,-440.0,stop
2021-01-06,1,2021-01-06 09:45:00,2021-01-06 10:03:00,2021-01-06 10:08:00,2021-01-06 10:09:00,15242.25,15207.75,34.5,-1.0217391304347827,-705.0,stop,2.608695652173913,1800.0,thesis_flip
2021-01-08,-1,2021-01-08 10:25:00,2021-01-08 10:47:00,2021-01-08 10:58:00,2021-01-08 10:59:00,15621.25,15639.0,17.75,-1.0422535211267605,-370.0,stop,-1.0422535211267605,-370.0,stop
2021-01-11,1,2021-01-11 10:05:00,2021-01-11 10:11:00,2021-01-11 10:16:00,2021-01-11 10:17:00,15569.75,15556.0,13.75,-1.0545454545454545,-290.0,stop,-1.0545454545454545,-290.0,stop
2021-01-12,-1,2021-01-12 09:45:00,2021-01-12 10:17:00,2021-01-12 10:21:00,2021-01-12 10:22:00,15495.5,15507.5,12.0,-1.0625,-255.0,stop,-1.0625,-255.0,stop
2021-01-13,1,2021-01-13 09:50:00,2021-01-13 10:03:00,2021-01-13 10:07:00,2021-01-13 10:08:00,15490.0,15465.0,25.0,2.84,1420.0,close,2.58,1290.0,thesis_flip
2021-01-18,1,2021-01-18 09:55:00,2021-01-18 10:31:00,2021-01-18 10:34:00,2021-01-18 10:35:00,15396.25,15387.5,8.75,1.2571428571428571,220.0,close,0.14285714285714285,25.0,thesis_flip
2021-01-19,-1,2021-01-19 09:45:00,2021-01-19 10:07:00,2021-01-19 10:11:00,2021-01-19 10:12:00,15480.5,15498.25,17.75,-1.0422535211267605,-370.0,stop,-1.0422535211267605,-370.0,stop
2021-01-28,1,2021-01-28 10:15:00,2021-01-28 10:26:00,2021-01-28 10:33:00,2021-01-28 10:34:00,15850.5,15824.0,26.5,-1.028301886792453,-545.0,stop,-1.028301886792453,-545.0,stop
2021-01-29,1,2021-01-29 10:20:00,2021-01-29 10:34:00,2021-01-29 10:47:00,2021-01-29 10:48:00,15675.0,15645.25,29.75,-1.0252100840336134,-610.0,stop,-1.0252100840336134,-610.0,stop
2021-02-02,1,2021-02-02 09:45:00,2021-02-02 09:56:00,2021-02-02 10:08:00,2021-02-02 10:09:00,15979.75,15961.25,18.5,3.3513513513513513,1240.0,close,-0.14864864864864866,-55.0,thesis_flip
2021-02-03,-1,2021-02-03 10:10:00,2021-02-03 10:20:00,2021-02-03 10:22:00,2021-02-03 10:23:00,16009.5,16070.25,60.75,-1.0123456790123457,-1230.0,stop,-0.6008230452674898,-730.0,thesis_flip
2021-02-04,-1,2021-02-04 10:00:00,2021-02-04 10:18:00,2021-02-04 10:25:00,2021-02-04 10:26:00,16029.5,16046.75,17.25,-1.0434782608695652,-360.0,stop,0.36231884057971014,125.0,thesis_flip
2021-02-05,-1,2021-02-05 09:55:00,2021-02-05 10:03:00,2021-02-05 10:10:00,2021-02-05 10:11:00,16140.0,16153.0,13.0,-1.0576923076923077,-275.0,stop,-1.0576923076923077,-275.0,stop
2021-02-08,1,2021-02-08 10:05:00,2021-02-08 10:20:00,2021-02-08 10:34:00,2021-02-08 10:35:00,16246.0,16231.75,14.25,-1.0526315789473684,-300.0,stop,-0.2631578947368421,-75.0,thesis_flip
2021-02-11,-1,2021-02-11 09:50:00,2021-02-11 10:00:00,2021-02-11 10:08:00,2021-02-11 10:09:00,16288.5,16305.75,17.25,-1.0434782608695652,-360.0,stop,-1.0434782608695652,-360.0,stop
2021-02-12,1,2021-02-12 10:10:00,2021-02-12 10:19:00,2021-02-12 10:23:00,2021-02-12 10:24:00,16296.75,16272.75,24.0,-1.03125,-495.0,stop,-1.03125,-495.0,stop
2021-02-17,1,2021-02-17 09:50:00,2021-02-17 10:01:00,2021-02-17 10:08:00,2021-02-17 10:09:00,16251.25,16225.75,25.5,-1.0294117647058822,-525.0,stop,-1.0294117647058822,-525.0,stop
2021-02-18,-1,2021-02-18 10:05:00,2021-02-18 10:14:00,2021-02-18 10:17:00,2021-02-18 10:18:00,16099.75,16126.5,26.75,-1.02803738317757,-550.0,stop,-0.2523364485981308,-135.0,thesis_flip
2021-02-22,1,2021-02-22 09:45:00,2021-02-22 09:54:00,2021-02-22 10:00:00,2021-02-22 10:01:00,16035.75,16005.25,30.5,-1.0245901639344261,-625.0,stop,-1.0245901639344261,-625.0,stop
2021-02-23,-1,2021-02-23 09:45:00,2021-02-23 10:06:00,2021-02-23 10:14:00,2021-02-23 10:15:00,15532.25,15565.75,33.5,-1.0223880597014925,-685.0,stop,-1.0223880597014925,-685.0,stop
2021-02-24,-1,2021-02-24 10:00:00,2021-02-24 10:17:00,2021-02-24 10:30:00,2021-02-24 10:31:00,15650.75,15689.0,38.25,-1.0196078431372548,-780.0,stop,-1.0196078431372548,-780.0,stop
2021-02-25,-1,2021-02-25 10:00:00,2021-02-25 10:26:00,2021-02-25 10:35:00,2021-02-25 10:36:00,15721.75,15801.0,79.25,3.7949526813880126,6015.0,close,-0.050473186119873815,-80.0,thesis_flip
2021-02-26,-1,2021-02-26 09:50:00,2021-02-26 10:49:00,2021-02-26 10:50:00,2021-02-26 10:51:00,15515.0,15540.75,25.75,-1.029126213592233,-530.0,stop,-1.029126213592233,-530.0,stop
2021-03-02,-1,2021-03-02 09:45:00,2021-03-02 09:57:00,2021-03-02 10:11:00,2021-03-02 10:12:00,15820.75,15842.5,21.75,7.712643678160919,3355.0,close,1.5402298850574712,670.0,thesis_flip
2021-03-03,-1,2021-03-03 09:55:00,2021-03-03 11:03:00,2021-03-03 11:08:00,2021-03-03 11:09:00,15520.0,15535.0,15.0,-1.05,-315.0,stop,-1.05,-315.0,stop
2021-03-04,-1,2021-03-04 09:45:00,2021-03-04 10:50:00,2021-03-04 10:52:00,2021-03-04 10:53:00,15319.25,15350.5,31.25,-1.024,-640.0,stop,-1.024,-640.0,stop
2021-03-05,-1,2021-03-05 09:45:00,2021-03-05 09:51:00,2021-03-05 09:53:00,2021-03-05 09:54:00,15019.5,15062.0,42.5,-1.0176470588235293,-865.0,stop,-1.0176470588235293,-865.0,stop
2021-03-08,1,2021-03-08 10:30:00,2021-03-08 10:42:00,2021-03-08 10:55:00,2021-03-08 10:56:00,15234.0,15206.75,27.25,-1.0275229357798166,-560.0,stop,-1.0275229357798166,-560.0,stop
2021-03-09,1,2021-03-09 09:45:00,2021-03-09 09:56:00,2021-03-09 09:58:00,2021-03-09 09:59:00,15300.5,15236.5,64.0,1.24609375,1595.0,close,-0.07421875,-95.0,thesis_flip
2021-03-11,-1,2021-03-11 10:15:00,2021-03-11 10:24:00,2021-03-11 10:29:00,2021-03-11 10:30:00,15546.25,15566.5,20.25,-1.037037037037037,-420.0,stop,-1.037037037037037,-420.0,stop
2021-03-12,1,2021-03-12 09:50:00,2021-03-12 10:01:00,2021-03-12 10:04:00,2021-03-12 10:05:00,15479.75,15449.25,30.5,-1.0245901639344261,-625.0,stop,-1.0245901639344261,-625.0,stop
2021-03-15,1,2021-03-15 09:50:00,2021-03-15 09:58:00,2021-03-15 10:03:00,2021-03-15 10:04:00,15570.75,15533.0,37.75,-1.0198675496688743,-770.0,stop,-1.0198675496688743,-770.0,stop
2021-03-16,1,2021-03-16 09:45:00,2021-03-16 10:00:00,2021-03-16 10:01:00,2021-03-16 10:02:00,15831.75,15786.75,45.0,-1.0166666666666666,-915.0,stop,0.5722222222222222,515.0,thesis_flip
2021-03-17,1,2021-03-17 10:15:00,2021-03-17 10:43:00,2021-03-17 10:51:00,2021-03-17 10:52:00,15603.0,15586.5,16.5,-1.0454545454545454,-345.0,stop,-1.0454545454545454,-345.0,stop
2021-03-18,-1,2021-03-18 09:45:00,2021-03-18 09:59:00,2021-03-18 10:00:00,2021-03-18 10:01:00,15557.75,15594.0,36.25,-1.0206896551724138,-740.0,stop,0.09655172413793103,70.0,thesis_flip
2021-03-19,-1,2021-03-19 10:00:00,2021-03-19 10:17:00,2021-03-19 10:33:00,2021-03-19 10:34:00,15346.0,15384.25,38.25,-1.0196078431372548,-780.0,stop,-1.0196078431372548,-780.0,stop
2021-03-22,1,2021-03-22 09:50:00,2021-03-22 10:12:00,2021-03-22 10:18:00,2021-03-22 10:19:00,15604.25,15579.25,25.0,2.5,1250.0,close,5.11,2555.0,thesis_flip
2021-03-23,-1,2021-03-23 10:30:00,2021-03-23 10:39:00,2021-03-23 10:41:00,2021-03-23 10:42:00,15649.0,15672.0,23.0,-1.0326086956521738,-475.0,stop,-1.0326086956521738,-475.0,stop
2021-03-24,-1,2021-03-24 09:45:00,2021-03-24 10:11:00,2021-03-24 10:16:00,2021-03-24 10:17:00,15538.75,15585.5,46.75,-1.0160427807486632,-950.0,stop,-0.6737967914438503,-630.0,thesis_flip
2021-03-25,1,2021-03-25 10:00:00,2021-03-25 10:14:00,2021-03-25 10:20:00,2021-03-25 10:21:00,15388.5,15360.5,28.0,-1.0267857142857142,-575.0,stop,-1.0267857142857142,-575.0,stop
2021-03-26,1,2021-03-26 10:00:00,2021-03-26 10:12:00,2021-03-26 10:25:00,2021-03-26 10:26:00,15400.25,15373.75,26.5,-1.028301886792453,-545.0,stop,1.1037735849056605,585.0,thesis_flip
2021-03-30,-1,2021-03-30 10:15:00,2021-03-30 10:40:00,2021-03-30 10:52:00,2021-03-30 10:53:00,15448.75,15471.25,22.5,-1.0333333333333334,-465.0,stop,-1.0333333333333334,-465.0,stop
2021-04-01,1,2021-04-01 10:05:00,2021-04-01 10:44:00,2021-04-01 10:59:00,2021-04-01 11:00:00,15900.75,15881.5,19.25,-1.0389610389610389,-400.0,stop,-1.0389610389610389,-400.0,stop
2021-04-06,1,2021-04-06 09:50:00,2021-04-06 10:13:00,2021-04-06 10:26:00,2021-04-06 10:27:00,16199.0,16169.5,29.5,-1.0254237288135593,-605.0,stop,-1.0254237288135593,-605.0,stop
2021-04-09,1,2021-04-09 09:55:00,2021-04-09 11:11:00,2021-04-09 11:13:00,2021-04-09 11:14:00,16322.5,16291.5,31.0,3.314516129032258,2055.0,close,1.064516129032258,660.0,thesis_flip
2021-04-12,-1,2021-04-12 09:45:00,2021-04-12 10:06:00,2021-04-12 10:23:00,2021-04-12 10:24:00,16390.75,16402.25,11.5,-1.065217391304348,-245.0,stop,1.5434782608695652,355.0,thesis_flip
2021-04-13,1,2021-04-13 09:50:00,2021-04-13 10:00:00,2021-04-13 10:09:00,2021-04-13 10:10:00,16534.0,16521.5,12.5,-1.06,-265.0,stop,-1.06,-265.0,stop
2021-04-14,-1,2021-04-14 10:25:00,2021-04-14 10:35:00,2021-04-14 10:37:00,2021-04-14 10:38:00,16532.5,16554.75,22.25,5.674157303370786,2525.0,close,2.146067415730337,955.0,thesis_flip
2021-04-15,1,2021-04-15 10:25:00,2021-04-15 10:55:00,2021-04-15 11:00:00,2021-04-15 11:01:00,16586.25,16571.25,15.0,-1.05,-315.0,stop,0.13333333333333333,40.0,thesis_flip
2021-04-16,-1,2021-04-16 09:50:00,2021-04-16 10:06:00,2021-04-16 10:14:00,2021-04-16 10:15:00,16609.0,16617.5,8.5,-1.088235294117647,-185.0,stop,-1.088235294117647,-185.0,stop
2021-04-20,1,2021-04-20 09:45:00,2021-04-20 09:54:00,2021-04-20 10:17:00,2021-04-20 10:18:00,16485.75,16459.75,26.0,-1.0288461538461537,-535.0,stop,-1.0288461538461537,-535.0,stop
2021-04-21,1,2021-04-21 09:45:00,2021-04-21 10:29:00,2021-04-21 10:36:00,2021-04-21 10:37:00,16398.75,16355.75,43.0,2.697674418604651,2320.0,close,1.2732558139534884,1095.0,thesis_flip
2021-04-22,1,2021-04-22 10:30:00,2021-04-22 11:09:00,2021-04-22 11:20:00,2021-04-22 11:21:00,16510.0,16498.25,11.75,-1.0638297872340425,-250.0,stop,-1.0638297872340425,-250.0,stop
2021-04-23,1,2021-04-23 09:50:00,2021-04-23 10:04:00,2021-04-23 10:10:00,2021-04-23 10:11:00,16444.0,16417.0,27.0,2.8518518518518516,1540.0,close,2.787037037037037,1505.0,thesis_flip
2021-04-26,1,2021-04-26 10:05:00,2021-04-26 10:14:00,2021-04-26 10:37:00,2021-04-26 10:38:00,16550.25,16540.75,9.5,6.2894736842105265,1195.0,close,2.5526315789473686,485.0,thesis_flip
2021-04-28,1,2021-04-28 09:45:00,2021-04-28 09:57:00,2021-04-28 10:06:00,2021-04-28 10:07:00,16571.75,16535.25,36.5,-1.0205479452054795,-745.0,stop,-0.4931506849315068,-360.0,thesis_flip
2021-04-30,1,2021-04-30 09:55:00,2021-04-30 10:12:00,2021-04-30 10:23:00,2021-04-30 10:24:00,16520.25,16471.5,48.75,-1.0153846153846153,-990.0,stop,-0.12307692307692308,-120.0,thesis_flip
2021-05-03,1,2021-05-03 10:10:00,2021-05-03 10:28:00,2021-05-03 10:30:00,2021-05-03 10:31:00,16527.25,16511.75,15.5,-1.0483870967741935,-325.0,stop,-1.0483870967741935,-325.0,stop
2021-05-05,-1,2021-05-05 09:55:00,2021-05-05 10:05:00,2021-05-05 10:21:00,2021-05-05 10:22:00,16153.5,16201.5,48.0,-1.015625,-975.0,stop,-0.859375,-825.0,thesis_flip
2021-05-06,-1,2021-05-06 10:05:00,2021-05-06 10:12:00,2021-05-06 10:18:00,2021-05-06 10:19:00,15991.25,16043.25,52.0,-1.0144230769230769,-1055.0,stop,-1.0144230769230769,-1055.0,stop
2021-05-07,1,2021-05-07 09:45:00,2021-05-07 09:52:00,2021-05-07 10:03:00,2021-05-07 10:04:00,16333.75,16295.5,38.25,-1.0196078431372548,-780.0,stop,0.954248366013072,730.0,thesis_flip
2021-05-10,-1,2021-05-10 09:50:00,2021-05-10 10:04:00,2021-05-10 10:06:00,2021-05-10 10:07:00,16100.5,16141.5,41.0,-1.0182926829268293,-835.0,stop,-1.0182926829268293,-835.0,stop
2021-05-11,1,2021-05-11 09:50:00,2021-05-11 10:00:00,2021-05-11 10:12:00,2021-05-11 10:13:00,15844.25,15810.75,33.5,-1.0223880597014925,-685.0,stop,-1.0223880597014925,-685.0,stop
2021-05-12,-1,2021-05-12 10:25:00,2021-05-12 10:35:00,2021-05-12 10:40:00,2021-05-12 10:41:00,15681.0,15719.25,38.25,2.2222222222222223,1700.0,close,0.1830065359477124,140.0,thesis_flip
2021-05-13,1,2021-05-13 10:00:00,2021-05-13 10:25:00,2021-05-13 10:30:00,2021-05-13 10:31:00,15784.0,15753.25,30.75,-1.024390243902439,-630.0,stop,-1.024390243902439,-630.0,stop
2021-05-14,1,2021-05-14 09:55:00,2021-05-14 10:15:00,2021-05-14 10:28:00,2021-05-14 10:29:00,15903.0,15829.25,73.75,1.0508474576271187,1550.0,close,0.1016949152542373,150.0,thesis_flip
2021-05-17,-1,2021-05-17 10:00:00,2021-05-17 10:10:00,2021-05-17 10:29:00,2021-05-17 10:30:00,15875.25,15915.0,39.75,-1.0188679245283019,-810.0,stop,-1.0188679245283019,-810.0,stop
2021-05-19,1,2021-05-19 10:25:00,2021-05-19 10:46:00,2021-05-19 10:50:00,2021-05-19 10:51:00,15706.0,15640.75,65.25,1.8467432950191571,2410.0,close,-0.5325670498084292,-695.0,thesis_flip
2021-05-21,-1,2021-05-21 10:15:00,2021-05-21 10:27:00,2021-05-21 10:36:00,2021-05-21 10:37:00,16079.75,16104.25,24.5,2.989795918367347,1465.0,close,0.3979591836734694,195.0,thesis_flip
2021-05-25,-1,2021-05-25 09:50:00,2021-05-25 10:00:00,2021-05-25 10:09:00,2021-05-25 10:10:00,16255.25,16275.5,20.25,-1.037037037037037,-420.0,stop,-0.8024691358024691,-325.0,thesis_flip
2021-05-26,-1,2021-05-26 10:10:00,2021-05-26 10:26:00,2021-05-26 10:37:00,2021-05-26 10:38:00,16294.75,16303.25,8.5,-1.088235294117647,-185.0,stop,-1.088235294117647,-185.0,stop
2021-05-27,1,2021-05-27 10:15:00,2021-05-27 10:24:00,2021-05-27 10:33:00,2021-05-27 10:34:00,16309.75,16285.5,24.25,-1.0309278350515463,-500.0,stop,-1.0309278350515463,-500.0,stop
2021-05-31,-1,2021-05-31 09:45:00,2021-05-31 09:56:00,2021-05-31 09:58:00,2021-05-31 09:59:00,16269.0,16271.75,2.75,6.090909090909091,335.0,close,0.9090909090909091,50.0,thesis_flip
2021-06-02,1,2021-06-02 09:45:00,2021-06-02 10:05:00,2021-06-02 10:06:00,2021-06-02 10:07:00,16278.25,16260.5,17.75,-1.0422535211267605,-370.0,stop,-1.0422535211267605,-370.0,stop
2021-06-03,-1,2021-06-03 09:45:00,2021-06-03 09:58:00,2021-06-03 10:15:00,2021-06-03 10:16:00,16131.25,16147.25,16.0,-1.046875,-335.0,stop,-0.078125,-25.0,thesis_flip
2021-06-07,-1,2021-06-07 10:15:00,2021-06-07 10:31:00,2021-06-07 10:38:00,2021-06-07 10:39:00,16332.0,16342.5,10.5,-1.0714285714285714,-225.0,stop,-1.0714285714285714,-225.0,stop
2021-06-09,-1,2021-06-09 09:50:00,2021-06-09 10:01:00,2021-06-09 10:04:00,2021-06-09 10:05:00,16451.5,16476.75,25.25,1.5148514851485149,765.0,close,-0.12871287128712872,-65.0,thesis_flip
2021-06-10,1,2021-06-10 09:45:00,2021-06-10 10:41:00,2021-06-10 10:57:00,2021-06-10 10:58:00,16459.75,16422.5,37.25,2.577181208053691,1920.0,close,1.436241610738255,1070.0,thesis_flip
2021-06-11,1,2021-06-11 09:45:00,2021-06-11 09:57:00,2021-06-11 09:59:00,2021-06-11 10:00:00,16564.5,16547.25,17.25,-1.0434782608695652,-360.0,stop,-0.10144927536231885,-35.0,thesis_flip
2021-06-14,1,2021-06-14 09:45:00,2021-06-14 09:55:00,2021-06-14 09:58:00,2021-06-14 09:59:00,16624.0,16604.25,19.75,-1.0379746835443038,-410.0,stop,-1.0379746835443038,-410.0,stop
2021-06-15,-1,2021-06-15 10:25:00,2021-06-15 10:38:00,2021-06-15 10:43:00,2021-06-15 10:44:00,16657.25,16680.25,23.0,-1.0326086956521738,-475.0,stop,-1.0326086956521738,-475.0,stop
2021-06-16,1,2021-06-16 09:50:00,2021-06-16 10:01:00,2021-06-16 10:05:00,2021-06-16 10:06:00,16688.5,16676.75,11.75,-1.0638297872340425,-250.0,stop,-0.14893617021276595,-35.0,thesis_flip
2021-06-17,1,2021-06-17 09:50:00,2021-06-17 09:59:00,2021-06-17 10:14:00,2021-06-17 10:15:00,16647.25,16616.25,31.0,3.6774193548387095,2280.0,close,4.016129032258065,2490.0,thesis_flip
2021-06-23,1,2021-06-23 09:55:00,2021-06-23 10:06:00,2021-06-23 10:15:00,2021-06-23 10:16:00,16910.75,16896.75,14.0,-1.0535714285714286,-295.0,stop,-1.0535714285714286,-295.0,stop
2021-06-24,1,2021-06-24 10:25:00,2021-06-24 11:25:00,2021-06-24 11:28:00,2021-06-24 11:29:00,17000.25,16988.5,11.75,-1.0638297872340425,-250.0,stop,-0.6170212765957447,-145.0,thesis_flip
2021-06-25,-1,2021-06-25 09:55:00,2021-06-25 10:30:00,2021-06-25 10:36:00,2021-06-25 10:37:00,16966.75,16978.5,11.75,1.8297872340425532,430.0,close,0.2978723404255319,70.0,thesis_flip
2021-06-28,1,2021-06-28 10:30:00,2021-06-28 11:03:00,2021-06-28 11:06:00,2021-06-28 11:07:00,17072.5,17060.75,11.75,3.723404255319149,875.0,close,0.46808510638297873,110.0,thesis_flip
2021-07-02,1,2021-07-02 09:45:00,2021-07-02 09:54:00,2021-07-02 10:06:00,2021-07-02 10:07:00,17255.75,17248.25,7.5,-1.1,-165.0,stop,-1.1,-165.0,stop
2021-07-07,-1,2021-07-07 10:00:00,2021-07-07 10:22:00,2021-07-07 10:24:00,2021-07-07 10:25:00,17426.0,17452.0,26.0,0.6634615384615384,345.0,close,1.6826923076923077,875.0,thesis_flip
2021-07-08,-1,2021-07-08 09:45:00,2021-07-08 09:57:00,2021-07-08 10:02:00,2021-07-08 10:03:00,17222.25,17252.0,29.75,-1.0252100840336134,-610.0,stop,-1.0252100840336134,-610.0,stop
2021-07-09,1,2021-07-09 10:20:00,2021-07-09 10:36:00,2021-07-09 10:44:00,2021-07-09 10:45:00,17343.75,17309.25,34.5,2.072463768115942,1430.0,close,1.710144927536232,1180.0,thesis_flip
2021-07-12,-1,2021-07-12 10:15:00,2021-07-12 10:25:00,2021-07-12 10:30:00,2021-07-12 10:31:00,17428.5,17441.5,13.0,-1.0576923076923077,-275.0,stop,-1.0576923076923077,-275.0,stop
2021-07-14,1,2021-07-14 10:00:00,2021-07-14 10:09:00,2021-07-14 10:14:00,2021-07-14 10:15:00,17589.75,17574.0,15.75,-1.0476190476190477,-330.0,stop,-1.0476190476190477,-330.0,stop
2021-07-19,-1,2021-07-19 10:05:00,2021-07-19 10:15:00,2021-07-19 10:25:00,2021-07-19 10:26:00,17077.5,17105.75,28.25,-1.0265486725663717,-580.0,stop,-1.0265486725663717,-580.0,stop
2021-07-21,1,2021-07-21 09:55:00,2021-07-21 10:02:00,2021-07-21 10:19:00,2021-07-21 10:20:00,17350.5,17331.25,19.25,4.285714285714286,1650.0,close,0.6753246753246753,260.0,thesis_flip
2021-07-22,1,2021-07-22 10:25:00,2021-07-22 10:38:00,2021-07-22 10:40:00,2021-07-22 10:41:00,17524.0,17500.25,23.75,-1.0315789473684212,-490.0,stop,-0.3894736842105263,-185.0,thesis_flip
2021-07-23,1,2021-07-23 10:15:00,2021-07-23 10:23:00,2021-07-23 10:28:00,2021-07-23 10:29:00,17603.25,17589.5,13.75,7.3090909090909095,2010.0,close,4.527272727272727,1245.0,thesis_flip
2021-07-26,1,2021-07-26 09:50:00,2021-07-26 09:58:00,2021-07-26 10:02:00,2021-07-26 10:03:00,17717.75,17692.5,25.25,-1.0297029702970297,-520.0,stop,-0.6237623762376238,-315.0,thesis_flip
2021-07-27,-1,2021-07-27 09:55:00,2021-07-27 10:04:00,2021-07-27 10:05:00,2021-07-27 10:06:00,17622.0,17664.75,42.75,1.5263157894736843,1305.0,close,3.5964912280701755,3075.0,thesis_flip
2021-07-28,1,2021-07-28 10:15:00,2021-07-28 10:47:00,2021-07-28 10:48:00,2021-07-28 10:49:00,17631.25,17603.25,28.0,-1.0267857142857142,-575.0,stop,-0.008928571428571428,-5.0,thesis_flip
2021-07-30,1,2021-07-30 09:55:00,2021-07-30 10:43:00,2021-07-30 11:04:00,2021-07-30 11:05:00,17532.75,17517.5,15.25,-1.0491803278688525,-320.0,stop,-1.0491803278688525,-320.0,stop
2021-08-04,-1,2021-08-04 10:15:00,2021-08-04 10:36:00,2021-08-04 10:39:00,2021-08-04 10:40:00,17626.0,17641.75,15.75,-1.0476190476190477,-330.0,stop,-1.0476190476190477,-330.0,stop
2021-08-06,-1,2021-08-06 10:10:00,2021-08-06 10:16:00,2021-08-06 10:19:00,2021-08-06 10:20:00,17713.5,17723.75,10.25,-1.0731707317073171,-220.0,stop,-1.0731707317073171,-220.0,stop
2021-08-11,-1,2021-08-11 09:55:00,2021-08-11 10:08:00,2021-08-11 10:11:00,2021-08-11 10:12:00,17648.5,17687.5,39.0,0.5192307692307693,405.0,close,0.8205128205128205,640.0,thesis_flip
2021-08-12,1,2021-08-12 10:15:00,2021-08-12 10:26:00,2021-08-12 10:29:00,2021-08-12 10:30:00,17624.75,17609.75,15.0,3.7666666666666666,1130.0,close,1.0,300.0,thesis_flip
2021-08-13,1,2021-08-13 09:45:00,2021-08-13 09:55:00,2021-08-13 10:04:00,2021-08-13 10:05:00,17703.0,17688.25,14.75,1.9152542372881356,565.0,close,0.847457627118644,250.0,thesis_flip
2021-08-16,-1,2021-08-16 09:45:00,2021-08-16 09:55:00,2021-08-16 10:05:00,2021-08-16 10:06:00,17632.5,17682.25,49.75,-1.015075376884422,-1010.0,stop,1.015075376884422,1010.0,thesis_flip
2021-08-17,-1,2021-08-17 10:15:00,2021-08-17 10:31:00,2021-08-17 10:34:00,2021-08-17 10:35:00,17603.25,17626.5,23.25,-1.032258064516129,-480.0,stop,-1.032258064516129,-480.0,stop
2021-08-18,1,2021-08-18 09:50:00,2021-08-18 10:01:00,2021-08-18 10:18:00,2021-08-18 10:19:00,17637.5,17603.75,33.75,-1.0222222222222221,-690.0,stop,-0.45185185185185184,-305.0,thesis_flip
2021-08-19,1,2021-08-19 10:30:00,2021-08-19 10:42:00,2021-08-19 10:51:00,2021-08-19 10:52:00,17447.0,17429.25,17.75,4.901408450704225,1740.0,close,6.943661971830986,2465.0,thesis_flip
2021-08-23,1,2021-08-23 09:45:00,2021-08-23 09:54:00,2021-08-23 10:01:00,2021-08-23 10:02:00,17818.0,17796.0,22.0,4.238636363636363,1865.0,close,3.9431818181818183,1735.0,thesis_flip
2021-08-24,1,2021-08-24 10:15:00,2021-08-24 10:54:00,2021-08-24 11:02:00,2021-08-24 11:03:00,17965.5,17959.5,6.0,-1.125,-135.0,stop,-1.125,-135.0,stop
2021-08-25,-1,2021-08-25 10:05:00,2021-08-25 10:20:00,2021-08-25 10:23:00,2021-08-25 10:24:00,17982.75,17991.5,8.75,1.5714285714285714,275.0,close,2.6,455.0,thesis_flip
2021-08-31,-1,2021-08-31 09:50:00,2021-08-31 10:00:00,2021-08-31 10:15:00,2021-08-31 10:16:00,18137.25,18163.0,25.75,-1.029126213592233,-530.0,stop,-1.029126213592233,-530.0,stop
2021-09-01,1,2021-09-01 09:45:00,2021-09-01 09:58:00,2021-09-01 10:00:00,2021-09-01 10:01:00,18284.25,18263.25,21.0,-1.0357142857142858,-435.0,stop,-0.16666666666666666,-70.0,thesis_flip
2021-09-02,-1,2021-09-02 10:00:00,2021-09-02 11:22:00,2021-09-02 11:27:00,2021-09-02 11:28:00,18253.0,18262.0,9.0,4.611111111111111,830.0,close,2.9722222222222223,535.0,thesis_flip
2021-09-03,1,2021-09-03 09:55:00,2021-09-03 10:42:00,2021-09-03 10:44:00,2021-09-03 10:45:00,18224.25,18209.5,14.75,2.2542372881355934,665.0,close,1.694915254237288,500.0,thesis_flip
2021-09-07,-1,2021-09-07 09:50:00,2021-09-07 10:02:00,2021-09-07 10:04:00,2021-09-07 10:05:00,18233.0,18250.75,17.75,-1.0422535211267605,-370.0,stop,-0.5070422535211268,-180.0,thesis_flip
2021-09-13,-1,2021-09-13 09:55:00,2021-09-13 10:02:00,2021-09-13 10:07:00,2021-09-13 10:08:00,18008.0,18062.75,54.75,-0.6575342465753424,-720.0,close,-0.6073059360730594,-665.0,thesis_flip
2021-09-15,-1,2021-09-15 10:10:00,2021-09-15 10:22:00,2021-09-15 10:28:00,2021-09-15 10:29:00,17942.25,17952.25,10.0,-1.075,-215.0,stop,-1.075,-215.0,stop
2021-09-16,-1,2021-09-16 09:45:00,2021-09-16 09:54:00,2021-09-16 10:00:00,2021-09-16 10:01:00,18011.75,18033.0,21.25,-1.035294117647059,-440.0,stop,0.0,0.0,thesis_flip
2021-09-20,-1,2021-09-20 10:20:00,2021-09-20 10:29:00,2021-09-20 10:32:00,2021-09-20 10:33:00,17636.0,17662.5,26.5,-1.028301886792453,-545.0,stop,-1.028301886792453,-545.0,stop
2021-09-21,1,2021-09-21 09:45:00,2021-09-21 09:59:00,2021-09-21 10:04:00,2021-09-21 10:05:00,17684.25,17664.25,20.0,-1.0375,-415.0,stop,-1.0375,-415.0,stop
2021-09-23,1,2021-09-23 09:45:00,2021-09-23 11:26:00,2021-09-23 11:28:00,2021-09-23 11:29:00,17905.25,17878.5,26.75,0.24299065420560748,130.0,close,-0.5046728971962616,-270.0,thesis_flip
2021-09-24,1,2021-09-24 09:55:00,2021-09-24 10:09:00,2021-09-24 10:15:00,2021-09-24 10:16:00,17845.25,17827.25,18.0,-1.0416666666666667,-375.0,stop,-1.0416666666666667,-375.0,stop
2021-09-28,-1,2021-09-28 09:45:00,2021-09-28 10:03:00,2021-09-28 10:06:00,2021-09-28 10:07:00,17503.75,17574.5,70.75,1.7773851590106007,2515.0,close,1.1943462897526502,1690.0,thesis_flip
2021-09-29,1,2021-09-29 09:45:00,2021-09-29 10:14:00,2021-09-29 10:19:00,2021-09-29 10:20:00,17480.0,17465.0,15.0,-1.05,-315.0,stop,-1.05,-315.0,stop
2021-10-01,-1,2021-10-01 10:00:00,2021-10-01 10:16:00,2021-10-01 10:18:00,2021-10-01 10:19:00,17173.75,17255.25,81.5,-1.00920245398773,-1645.0,stop,-0.3558282208588957,-580.0,thesis_flip
2021-10-04,-1,2021-10-04 09:45:00,2021-10-04 09:55:00,2021-10-04 10:02:00,2021-10-04 10:03:00,17159.5,17223.0,63.5,1.236220472440945,1570.0,close,1.452755905511811,1845.0,thesis_flip
2021-10-05,1,2021-10-05 09:45:00,2021-10-05 10:02:00,2021-10-05 10:03:00,2021-10-05 10:04:00,17220.5,17167.25,53.25,0.9436619718309859,1005.0,close,0.028169014084507043,30.0,thesis_flip
2021-10-07,1,2021-10-07 09:55:00,2021-10-07 10:05:00,2021-10-07 10:09:00,2021-10-07 10:10:00,17583.0,17559.25,23.75,-1.0315789473684212,-490.0,stop,-0.11578947368421053,-55.0,thesis_flip
2021-10-12,-1,2021-10-12 09:55:00,2021-10-12 10:03:00,2021-10-12 10:07:00,2021-10-12 10:08:00,17298.5,17329.25,30.75,-1.024390243902439,-630.0,stop,-1.024390243902439,-630.0,stop
2021-10-13,-1,2021-10-13 09:50:00,2021-10-13 10:01:00,2021-10-13 10:10:00,2021-10-13 10:11:00,17317.75,17353.0,35.25,-1.0212765957446808,-720.0,stop,-0.624113475177305,-440.0,thesis_flip
2021-10-19,1,2021-10-19 09:50:00,2021-10-19 09:59:00,2021-10-19 10:04:00,2021-10-19 10:05:00,17947.25,17924.5,22.75,2.857142857142857,1300.0,close,1.2857142857142858,585.0,thesis_flip
2021-10-20,-1,2021-10-20 09:50:00,2021-10-20 09:59:00,2021-10-20 10:00:00,2021-10-20 10:01:00,18004.25,18029.0,24.75,-1.0303030303030303,-510.0,stop,-1.0303030303030303,-510.0,stop
2021-10-21,1,2021-10-21 09:50:00,2021-10-21 10:05:00,2021-10-21 10:08:00,2021-10-21 10:09:00,18012.25,17988.0,24.25,3.1030927835051547,1505.0,close,0.845360824742268,410.0,thesis_flip
2021-10-22,-1,2021-10-22 09:45:00,2021-10-22 10:02:00,2021-10-22 10:11:00,2021-10-22 10:12:00,18032.25,18045.5,13.25,-1.0566037735849056,-280.0,stop,-1.0566037735849056,-280.0,stop
2021-10-26,1,2021-10-26 10:10:00,2021-10-26 11:06:00,2021-10-26 11:10:00,2021-10-26 11:11:00,18271.5,18254.25,17.25,-1.0434782608695652,-360.0,stop,-1.0434782608695652,-360.0,stop
2021-10-27,1,2021-10-27 09:55:00,2021-10-27 10:06:00,2021-10-27 10:19:00,2021-10-27 10:20:00,18200.0,18175.25,24.75,-0.1111111111111111,-55.0,close,4.494949494949495,2225.0,thesis_flip
2021-10-28,1,2021-10-28 10:05:00,2021-10-28 10:15:00,2021-10-28 10:18:00,2021-10-28 10:19:00,18293.5,18269.25,24.25,3.3092783505154637,1605.0,close,1.2989690721649485,630.0,thesis_flip
2021-10-29,1,2021-10-29 10:05:00,2021-10-29 10:21:00,2021-10-29 10:44:00,2021-10-29 10:45:00,18296.0,18281.25,14.75,10.610169491525424,3130.0,close,7.101694915254237,2095.0,thesis_flip
2021-11-01,-1,2021-11-01 09:55:00,2021-11-01 10:05:00,2021-11-01 10:12:00,2021-11-01 10:13:00,18406.25,18424.75,18.5,-1.0405405405405406,-385.0,stop,-1.0405405405405406,-385.0,stop
2021-11-02,1,2021-11-02 09:45:00,2021-11-02 09:56:00,2021-11-02 10:15:00,2021-11-02 10:16:00,18529.5,18507.5,22.0,2.034090909090909,895.0,close,0.8977272727272727,395.0,thesis_flip
2021-11-03,-1,2021-11-03 10:00:00,2021-11-03 10:10:00,2021-11-03 10:11:00,2021-11-03 10:12:00,18556.75,18571.5,14.75,-1.0508474576271187,-310.0,stop,-1.0508474576271187,-310.0,stop
2021-11-05,-1,2021-11-05 09:50:00,2021-11-05 09:56:00,2021-11-05 10:07:00,2021-11-05 10:08:00,19026.0,19049.0,23.0,-1.0326086956521738,-475.0,stop,-1.0326086956521738,-475.0,stop
2021-11-08,-1,2021-11-08 10:00:00,2021-11-08 10:10:00,2021-11-08 10:25:00,2021-11-08 10:26:00,18962.0,18975.0,13.0,-1.0576923076923077,-275.0,stop,-0.38461538461538464,-100.0,thesis_flip
2021-11-10,1,2021-11-10 09:45:00,2021-11-10 09:57:00,2021-11-10 09:58:00,2021-11-10 09:59:00,18783.5,18726.25,57.25,-1.0131004366812226,-1160.0,stop,0.14410480349344978,165.0,thesis_flip
2021-11-11,-1,2021-11-11 10:25:00,2021-11-11 10:33:00,2021-11-11 10:46:00,2021-11-11 10:47:00,18692.5,18707.25,14.75,-1.0508474576271187,-310.0,stop,0.2711864406779661,80.0,thesis_flip
2021-11-18,1,2021-11-18 09:45:00,2021-11-18 09:56:00,2021-11-18 09:58:00,2021-11-18 09:59:00,19010.5,18987.5,23.0,-1.0326086956521738,-475.0,stop,-1.0326086956521738,-475.0,stop
2021-11-19,1,2021-11-19 09:45:00,2021-11-19 10:35:00,2021-11-19 10:37:00,2021-11-19 10:38:00,19191.75,19159.5,32.25,-1.0232558139534884,-660.0,stop,0.7054263565891473,455.0,thesis_flip
2021-11-22,1,2021-11-22 09:45:00,2021-11-22 11:00:00,2021-11-22 11:14:00,2021-11-22 11:15:00,19267.0,19249.5,17.5,-1.042857142857143,-365.0,stop,-1.042857142857143,-365.0,stop
2021-11-24,1,2021-11-24 10:00:00,2021-11-24 10:16:00,2021-11-24 10:21:00,2021-11-24 10:22:00,18840.0,18770.0,70.0,1.9214285714285715,2690.0,close,0.02857142857142857,40.0,thesis_flip
2021-11-25,1,2021-11-25 09:45:00,2021-11-25 10:50:00,2021-11-25 11:28:00,2021-11-25 11:29:00,19009.25,19006.0,3.25,2.3076923076923075,150.0,close,2.6923076923076925,175.0,thesis_flip
2021-11-26,-1,2021-11-26 09:45:00,2021-11-26 09:53:00,2021-11-26 10:02:00,2021-11-26 10:03:00,18800.75,18861.5,60.75,2.3621399176954734,2870.0,close,0.1646090534979424,200.0,thesis_flip
2021-11-29,1,2021-11-29 09:55:00,2021-11-29 10:06:00,2021-11-29 10:10:00,2021-11-29 10:11:00,18916.5,18877.25,39.25,-1.019108280254777,-800.0,stop,-1.019108280254777,-800.0,stop
2021-12-01,1,2021-12-01 10:05:00,2021-12-01 10:14:00,2021-12-01 10:25:00,2021-12-01 10:26:00,18947.75,18915.0,32.75,-1.0229007633587786,-670.0,stop,-1.0229007633587786,-670.0,stop
2021-12-02,1,2021-12-02 09:50:00,2021-12-02 10:04:00,2021-12-02 10:22:00,2021-12-02 10:23:00,18481.5,18451.0,30.5,-1.0245901639344261,-625.0,stop,-1.0245901639344261,-625.0,stop
2021-12-03,-1,2021-12-03 09:45:00,2021-12-03 10:02:00,2021-12-03 10:03:00,2021-12-03 10:04:00,18390.0,18557.0,167.0,0.36077844311377244,1205.0,close,0.3997005988023952,1335.0,thesis_flip
2021-12-08,1,2021-12-08 09:45:00,2021-12-08 09:57:00,2021-12-08 10:05:00,2021-12-08 10:06:00,18920.5,18887.25,33.25,-1.0225563909774436,-680.0,stop,-1.0225563909774436,-680.0,stop
2021-12-13,-1,2021-12-13 09:50:00,2021-12-13 10:02:00,2021-12-13 10:16:00,2021-12-13 10:17:00,18893.5,18925.25,31.75,6.047244094488189,3840.0,close,1.7480314960629921,1110.0,thesis_flip
2021-12-15,-1,2021-12-15 09:45:00,2021-12-15 10:10:00,2021-12-15 10:11:00,2021-12-15 10:12:00,18439.0,18479.25,40.25,-1.0186335403726707,-820.0,stop,-1.0186335403726707,-820.0,stop
2021-12-17,1,2021-12-17 09:45:00,2021-12-17 09:58:00,2021-12-17 10:03:00,2021-12-17 10:04:00,18405.25,18351.0,54.25,-1.0138248847926268,-1100.0,stop,-1.0138248847926268,-1100.0,stop
2021-12-21,-1,2021-12-21 09:45:00,2021-12-21 09:53:00,2021-12-21 09:54:00,2021-12-21 09:55:00,18283.75,18322.25,38.5,-1.0194805194805194,-785.0,stop,-0.8896103896103896,-685.0,thesis_flip
2021-12-22,1,2021-12-22 10:15:00,2021-12-22 10:25:00,2021-12-22 10:37:00,2021-12-22 10:38:00,18656.25,18610.75,45.5,2.7362637362637363,2490.0,close,1.5,1365.0,thesis_flip
2021-12-28,-1,2021-12-28 10:05:00,2021-12-28 10:16:00,2021-12-28 10:19:00,2021-12-28 10:20:00,19105.25,19153.75,48.5,-1.0154639175257731,-985.0,stop,-1.0154639175257731,-985.0,stop
2021-12-29,-1,2021-12-29 10:00:00,2021-12-29 10:07:00,2021-12-29 10:11:00,2021-12-29 10:12:00,19074.5,19115.0,40.5,-1.0185185185185186,-825.0,stop,0.1419753086419753,115.0,thesis_flip
2021-12-31,-1,2021-12-31 09:45:00,2021-12-31 10:00:00,2021-12-31 10:01:00,2021-12-31 10:02:00,18973.5,19043.5,70.0,0.49642857142857144,695.0,close,-0.7678571428571429,-1075.0,thesis_flip
2022-01-03,-1,2022-01-03 09:45:00,2022-01-03 10:22:00,2022-01-03 10:33:00,2022-01-03 10:34:00,19009.25,19039.25,30.0,-1.025,-615.0,stop,-1.025,-615.0,stop
2022-01-06,-1,2022-01-06 10:00:00,2022-01-06 10:20:00,2022-01-06 10:29:00,2022-01-06 10:30:00,18367.0,18407.5,40.5,-1.0185185185185186,-825.0,stop,-1.0185185185185186,-825.0,stop
2022-01-07,-1,2022-01-07 10:20:00,2022-01-07 10:30:00,2022-01-07 10:35:00,2022-01-07 10:36:00,18264.0,18300.5,36.5,1.7876712328767124,1305.0,close,1.0684931506849316,780.0,thesis_flip
2022-01-10,-1,2022-01-10 09:50:00,2022-01-10 10:05:00,2022-01-10 10:10:00,2022-01-10 10:11:00,17846.75,17905.5,58.75,-1.0127659574468084,-1190.0,stop,0.01702127659574468,20.0,thesis_flip
2022-01-11,1,2022-01-11 10:00:00,2022-01-11 10:18:00,2022-01-11 10:21:00,2022-01-11 10:22:00,18237.0,18195.5,41.5,-1.0180722891566265,-845.0,stop,-1.0180722891566265,-845.0,stop
2022-01-13,-1,2022-01-13 10:00:00,2022-01-13 10:13:00,2022-01-13 10:16:00,2022-01-13 10:17:00,18463.0,18527.75,64.75,5.424710424710424,7025.0,close,0.9227799227799228,1195.0,thesis_flip
2022-01-14,1,2022-01-14 09:50:00,2022-01-14 10:06:00,2022-01-14 10:08:00,2022-01-14 10:09:00,18170.0,18097.25,72.75,-1.0103092783505154,-1470.0,stop,-0.5945017182130584,-865.0,thesis_flip
2022-01-17,-1,2022-01-17 09:45:00,2022-01-17 10:01:00,2022-01-17 10:04:00,2022-01-17 10:05:00,18177.0,18196.25,19.25,-1.0389610389610389,-400.0,stop,-1.0389610389610389,-400.0,stop
2022-01-18,1,2022-01-18 10:05:00,2022-01-18 10:38:00,2022-01-18 10:44:00,2022-01-18 10:45:00,17988.5,17946.25,42.25,-1.017751479289941,-860.0,stop,-1.017751479289941,-860.0,stop
2022-01-19,1,2022-01-19 09:55:00,2022-01-19 10:01:00,2022-01-19 10:12:00,2022-01-19 10:13:00,17961.25,17921.0,40.25,-1.0186335403726707,-820.0,stop,-1.0186335403726707,-820.0,stop
2022-01-21,-1,2022-01-21 09:50:00,2022-01-21 10:02:00,2022-01-21 10:11:00,2022-01-21 10:12:00,17229.0,17300.5,71.5,-1.0104895104895104,-1445.0,stop,-1.0104895104895104,-1445.0,stop
2022-01-24,-1,2022-01-24 10:05:00,2022-01-24 10:30:00,2022-01-24 10:39:00,2022-01-24 10:40:00,16722.5,16779.5,57.0,-1.013157894736842,-1155.0,stop,3.0833333333333335,3515.0,thesis_flip
2022-01-25,-1,2022-01-25 09:45:00,2022-01-25 10:33:00,2022-01-25 10:36:00,2022-01-25 10:37:00,16753.0,16838.5,85.5,-1.0087719298245614,-1725.0,stop,-1.0087719298245614,-1725.0,stop
2022-01-26,1,2022-01-26 10:00:00,2022-01-26 10:11:00,2022-01-26 10:19:00,2022-01-26 10:20:00,17058.0,17014.5,43.5,-1.0172413793103448,-885.0,stop,-1.0172413793103448,-885.0,stop
2022-02-01,-1,2022-02-01 10:00:00,2022-02-01 10:12:00,2022-02-01 10:19:00,2022-02-01 10:20:00,17393.0,17434.5,41.5,-1.0180722891566265,-845.0,stop,-1.0180722891566265,-845.0,stop
2022-02-02,-1,2022-02-02 09:45:00,2022-02-02 09:54:00,2022-02-02 09:56:00,2022-02-02 09:57:00,17682.25,17724.25,42.0,-1.0178571428571428,-855.0,stop,-1.0178571428571428,-855.0,stop
2022-02-03,1,2022-02-03 10:25:00,2022-02-03 10:33:00,2022-02-03 10:57:00,2022-02-03 10:58:00,17380.25,17341.0,39.25,-1.019108280254777,-800.0,stop,-1.019108280254777,-800.0,stop
2022-02-04,1,2022-02-04 10:00:00,2022-02-04 10:17:00,2022-02-04 10:26:00,2022-02-04 10:27:00,17256.5,17163.75,92.75,-1.0080862533692723,-1870.0,stop,-1.0080862533692723,-1870.0,stop
2022-02-07,1,2022-02-07 09:50:00,2022-02-07 10:00:00,2022-02-07 10:05:00,2022-02-07 10:06:00,17388.25,17349.5,38.75,-1.0193548387096774,-790.0,stop,-1.0193548387096774,-790.0,stop
2022-02-08,-1,2022-02-08 10:00:00,2022-02-08 10:09:00,2022-02-08 10:12:00,2022-02-08 10:13:00,17093.0,17127.0,34.0,-1.0220588235294117,-695.0,stop,-1.0220588235294117,-695.0,stop
2022-02-09,-1,2022-02-09 10:10:00,2022-02-09 10:17:00,2022-02-09 10:19:00,2022-02-09 10:20:00,17472.25,17506.75,34.5,-1.0217391304347827,-705.0,stop,-1.0217391304347827,-705.0,stop
2022-02-11,-1,2022-02-11 09:55:00,2022-02-11 10:10:00,2022-02-11 10:11:00,2022-02-11 10:12:00,17260.75,17338.0,77.25,5.297734627831715,8185.0,close,-0.27184466019417475,-420.0,thesis_flip
2022-02-14,1,2022-02-14 09:50:00,2022-02-14 10:03:00,2022-02-14 10:06:00,2022-02-14 10:07:00,16856.25,16821.25,35.0,-1.0214285714285714,-715.0,stop,-1.0214285714285714,-715.0,stop
2022-02-16,-1,2022-02-16 09:50:00,2022-02-16 10:04:00,2022-02-16 10:15:00,2022-02-16 10:16:00,17013.5,17056.5,43.0,-1.0174418604651163,-875.0,stop,-0.75,-645.0,thesis_flip
2022-02-22,1,2022-02-22 09:45:00,2022-02-22 10:09:00,2022-02-22 10:12:00,2022-02-22 10:13:00,16653.5,16586.5,67.0,-1.0111940298507462,-1355.0,stop,-0.3805970149253731,-510.0,thesis_flip
2022-02-24,1,2022-02-24 09:45:00,2022-02-24 09:52:00,2022-02-24 10:06:00,2022-02-24 10:07:00,15901.5,15859.25,42.25,16.011834319526628,13530.0,close,1.8579881656804733,1570.0,thesis_flip
2022-02-25,-1,2022-02-25 09:55:00,2022-02-25 10:03:00,2022-02-25 10:15:00,2022-02-25 10:16:00,16499.75,16563.75,64.0,-1.01171875,-1295.0,stop,-1.01171875,-1295.0,stop
2022-02-28,1,2022-02-28 09:55:00,2022-02-28 10:10:00,2022-02-28 10:22:00,2022-02-28 10:23:00,16704.0,16646.25,57.75,-1.0129870129870129,-1170.0,stop,1.7878787878787878,2065.0,thesis_flip
2022-03-02,-1,2022-03-02 10:05:00,2022-03-02 10:25:00,2022-03-02 10:26:00,2022-03-02 10:27:00,16585.5,16633.0,47.5,-1.0157894736842106,-965.0,stop,-1.0157894736842106,-965.0,stop
2022-03-04,-1,2022-03-04 09:45:00,2022-03-04 10:04:00,2022-03-04 10:05:00,2022-03-04 10:06:00,16504.5,16564.0,59.5,0.957983193277311,1140.0,close,1.5,1785.0,thesis_flip
2022-03-08,-1,2022-03-08 10:00:00,2022-03-08 10:23:00,2022-03-08 10:24:00,2022-03-08 10:25:00,15832.75,15900.75,68.0,-1.0110294117647058,-1375.0,stop,0.014705882352941176,20.0,thesis_flip
2022-03-09,1,2022-03-09 10:20:00,2022-03-09 10:27:00,2022-03-09 10:34:00,2022-03-09 10:35:00,16245.75,16212.25,33.5,-1.0223880597014925,-685.0,stop,-1.0223880597014925,-685.0,stop
2022-03-11,-1,2022-03-11 09:50:00,2022-03-11 10:01:00,2022-03-11 10:09:00,2022-03-11 10:10:00,16140.5,16220.5,80.0,2.83125,4530.0,close,0.76875,1230.0,thesis_flip
2022-03-14,1,2022-03-14 10:05:00,2022-03-14 10:14:00,2022-03-14 10:24:00,2022-03-14 10:25:00,15990.25,15945.5,44.75,-1.0167597765363128,-910.0,stop,-1.0167597765363128,-910.0,stop
2022-03-15,1,2022-03-15 10:00:00,2022-03-15 10:08:00,2022-03-15 10:16:00,2022-03-15 10:17:00,15802.75,15780.75,22.0,12.329545454545455,5425.0,close,7.613636363636363,3350.0,thesis_flip
2022-03-16,1,2022-03-16 09:45:00,2022-03-16 09:57:00,2022-03-16 10:00:00,2022-03-16 10:01:00,16354.75,16328.75,26.0,-1.0288461538461537,-535.0,stop,-1.0288461538461537,-535.0,stop
2022-03-17,1,2022-03-17 09:50:00,2022-03-17 10:46:00,2022-03-17 10:57:00,2022-03-17 10:58:00,16502.0,16468.25,33.75,-1.0222222222222221,-690.0,stop,-1.0222222222222221,-690.0,stop
2022-03-21,-1,2022-03-21 09:50:00,2022-03-21 11:00:00,2022-03-21 11:04:00,2022-03-21 11:05:00,16970.0,16992.5,22.5,-1.0333333333333334,-465.0,stop,-1.0333333333333334,-465.0,stop
2022-03-23,-1,2022-03-23 09:45:00,2022-03-23 10:01:00,2022-03-23 10:11:00,2022-03-23 10:12:00,17144.0,17162.0,18.0,-1.0416666666666667,-375.0,stop,-1.0416666666666667,-375.0,stop
2022-03-24,-1,2022-03-24 10:15:00,2022-03-24 10:25:00,2022-03-24 10:50:00,2022-03-24 10:51:00,17143.75,17166.5,22.75,-1.032967032967033,-470.0,stop,-1.032967032967033,-470.0,stop
2022-03-29,-1,2022-03-29 09:45:00,2022-03-29 10:02:00,2022-03-29 10:04:00,2022-03-29 10:05:00,17747.0,17803.25,56.25,-1.0133333333333334,-1140.0,stop,0.5155555555555555,580.0,thesis_flip
2022-03-30,1,2022-03-30 10:10:00,2022-03-30 10:25:00,2022-03-30 10:34:00,2022-03-30 10:35:00,17828.75,17810.25,18.5,-1.0405405405405406,-385.0,stop,-1.0405405405405406,-385.0,stop
2022-03-31,-1,2022-03-31 10:00:00,2022-03-31 10:07:00,2022-03-31 10:22:00,2022-03-31 10:23:00,17638.25,17669.75,31.5,-1.0238095238095237,-645.0,stop,-1.0238095238095237,-645.0,stop
2022-04-01,-1,2022-04-01 09:50:00,2022-04-01 10:22:00,2022-04-01 10:38:00,2022-04-01 10:39:00,17478.5,17506.5,28.0,-1.0267857142857142,-575.0,stop,-1.0267857142857142,-575.0,stop
2022-04-05,-1,2022-04-05 09:50:00,2022-04-05 10:10:00,2022-04-05 10:13:00,2022-04-05 10:14:00,17587.0,17721.0,134.0,1.0093283582089552,2705.0,close,-0.12126865671641791,-325.0,thesis_flip
2022-04-08,-1,2022-04-08 09:50:00,2022-04-08 10:14:00,2022-04-08 10:17:00,2022-04-08 10:18:00,16954.0,17017.0,63.0,-1.0119047619047619,-1275.0,stop,-1.0119047619047619,-1275.0,stop
2022-04-14,-1,2022-04-14 09:50:00,2022-04-14 10:07:00,2022-04-14 10:08:00,2022-04-14 10:09:00,16674.75,16761.25,86.5,1.8526011560693643,3205.0,close,-0.0838150289017341,-145.0,thesis_flip
2022-04-18,-1,2022-04-18 09:50:00,2022-04-18 09:59:00,2022-04-18 10:00:00,2022-04-18 10:01:00,16468.75,16489.5,20.75,-1.036144578313253,-430.0,stop,-1.036144578313253,-430.0,stop
2022-04-20,-1,2022-04-20 10:10:00,2022-04-20 10:33:00,2022-04-20 10:46:00,2022-04-20 10:47:00,16739.5,16764.75,25.25,-1.0297029702970297,-520.0,stop,-1.0297029702970297,-520.0,stop
2022-04-21,-1,2022-04-21 10:10:00,2022-04-21 10:21:00,2022-04-21 10:36:00,2022-04-21 10:37:00,16783.75,16812.5,28.75,15.330434782608696,8815.0,close,2.0521739130434784,1180.0,thesis_flip
2022-04-22,-1,2022-04-22 10:20:00,2022-04-22 10:42:00,2022-04-22 10:51:00,2022-04-22 10:52:00,16237.25,16289.5,52.25,-1.014354066985646,-1060.0,stop,-1.014354066985646,-1060.0,stop
2022-04-25,-1,2022-04-25 09:55:00,2022-04-25 10:03:00,2022-04-25 10:13:00,2022-04-25 10:14:00,15912.25,15965.25,53.0,-1.0141509433962264,-1075.0,stop,-1.0141509433962264,-1075.0,stop
2022-04-27,-1,2022-04-27 10:10:00,2022-04-27 10:18:00,2022-04-27 10:29:00,2022-04-27 10:30:00,15583.75,15656.5,72.75,-1.0103092783505154,-1470.0,stop,-1.0103092783505154,-1470.0,stop
2022-04-28,-1,2022-04-28 10:00:00,2022-04-28 10:10:00,2022-04-28 10:12:00,2022-04-28 10:13:00,15715.5,15761.75,46.25,-1.0162162162162163,-940.0,stop,-1.0162162162162163,-940.0,stop
2022-05-02,1,2022-05-02 10:25:00,2022-05-02 10:54:00,2022-05-02 10:55:00,2022-05-02 10:56:00,15570.25,15528.75,41.5,-1.0180722891566265,-845.0,stop,-1.0180722891566265,-845.0,stop
2022-05-03,1,2022-05-03 09:55:00,2022-05-03 10:17:00,2022-05-03 10:19:00,2022-05-03 10:20:00,15665.25,15635.25,30.0,-1.025,-615.0,stop,-1.025,-615.0,stop
2022-05-06,-1,2022-05-06 09:50:00,2022-05-06 10:03:00,2022-05-06 10:08:00,2022-05-06 10:09:00,15252.5,15308.25,55.75,-1.0134529147982063,-1130.0,stop,-1.0134529147982063,-1130.0,stop
2022-05-09,-1,2022-05-09 10:05:00,2022-05-09 10:21:00,2022-05-09 10:22:00,2022-05-09 10:23:00,15005.0,15066.0,61.0,3.069672131147541,3745.0,close,0.9262295081967213,1130.0,thesis_flip
2022-05-10,-1,2022-05-10 09:45:00,2022-05-10 09:56:00,2022-05-10 10:09:00,2022-05-10 10:10:00,15108.75,15157.0,48.25,3.010362694300518,2905.0,close,4.818652849740933,4650.0,thesis_flip
2022-05-11,1,2022-05-11 09:45:00,2022-05-11 09:58:00,2022-05-11 10:14:00,2022-05-11 10:15:00,14941.25,14881.25,60.0,-1.0125,-1215.0,stop,-0.375,-450.0,thesis_flip
2022-05-16,-1,2022-05-16 09:45:00,2022-05-16 09:57:00,2022-05-16 10:00:00,2022-05-16 10:01:00,14857.0,14915.5,58.5,-1.0128205128205128,-1185.0,stop,-1.0128205128205128,-1185.0,stop
2022-05-17,-1,2022-05-17 10:05:00,2022-05-17 10:21:00,2022-05-17 10:29:00,2022-05-17 10:30:00,15027.25,15087.25,60.0,-1.0125,-1215.0,stop,0.7,840.0,thesis_flip
2022-05-18,-1,2022-05-18 09:55:00,2022-05-18 10:08:00,2022-05-18 10:09:00,2022-05-18 10:10:00,14942.0,14976.75,34.75,-1.0215827338129497,-710.0,stop,-1.0215827338129497,-710.0,stop
2022-05-19,-1,2022-05-19 09:45:00,2022-05-19 09:59:00,2022-05-19 10:06:00,2022-05-19 10:07:00,14565.0,14609.75,44.75,-1.0167597765363128,-910.0,stop,-1.0167597765363128,-910.0,stop
2022-05-20,-1,2022-05-20 10:05:00,2022-05-20 10:36:00,2022-05-20 10:38:00,2022-05-20 10:39:00,14525.25,14574.0,48.75,1.4102564102564104,1375.0,close,2.4974358974358974,2435.0,thesis_flip
2022-05-25,1,2022-05-25 10:25:00,2022-05-25 10:51:00,2022-05-25 11:07:00,2022-05-25 11:08:00,14501.75,14456.5,45.25,-1.0165745856353592,-920.0,stop,-1.0165745856353592,-920.0,stop
2022-05-27,1,2022-05-27 09:55:00,2022-05-27 10:04:00,2022-05-27 10:10:00,2022-05-27 10:11:00,15169.0,15122.75,46.25,2.8702702702702703,2655.0,close,-0.3567567567567568,-330.0,thesis_flip
2022-05-31,-1,2022-05-31 10:00:00,2022-05-31 10:07:00,2022-05-31 10:08:00,2022-05-31 10:09:00,15119.75,15146.5,26.75,-1.02803738317757,-550.0,stop,-1.02803738317757,-550.0,stop
2022-06-02,1,2022-06-02 10:10:00,2022-06-02 10:31:00,2022-06-02 10:38:00,2022-06-02 10:39:00,15182.5,15117.0,65.5,5.057251908396947,6625.0,close,3.2290076335877864,4230.0,thesis_flip
2022-06-06,1,2022-06-06 10:00:00,2022-06-06 10:13:00,2022-06-06 10:26:00,2022-06-06 10:27:00,15403.0,15371.75,31.25,-1.024,-640.0,stop,-1.024,-640.0,stop
2022-06-07,1,2022-06-07 09:45:00,2022-06-07 09:59:00,2022-06-07 10:01:00,2022-06-07 10:02:00,15166.0,15129.25,36.75,-1.0204081632653061,-750.0,stop,-1.0204081632653061,-750.0,stop
2022-06-08,1,2022-06-08 09:45:00,2022-06-08 10:16:00,2022-06-08 10:19:00,2022-06-08 10:20:00,15346.5,15307.25,39.25,-1.019108280254777,-800.0,stop,-0.3057324840764331,-240.0,thesis_flip
2022-06-09,1,2022-06-09 09:50:00,2022-06-09 10:17:00,2022-06-09 10:22:00,2022-06-09 10:23:00,15239.0,15174.5,64.5,-1.0116279069767442,-1305.0,stop,-0.16666666666666666,-215.0,thesis_flip
2022-06-10,-1,2022-06-10 09:50:00,2022-06-10 09:59:00,2022-06-10 10:00:00,2022-06-10 10:01:00,14541.25,14599.25,58.0,1.4353448275862069,1665.0,close,0.25862068965517243,300.0,thesis_flip
2022-06-15,1,2022-06-15 10:00:00,2022-06-15 10:08:00,2022-06-15 10:12:00,2022-06-15 10:13:00,14154.25,14130.0,24.25,-1.0309278350515463,-500.0,stop,-1.0309278350515463,-500.0,stop
2022-06-17,-1,2022-06-17 10:30:00,2022-06-17 10:59:00,2022-06-17 11:00:00,2022-06-17 11:01:00,13738.25,13777.0,38.75,-1.0193548387096774,-790.0,stop,-1.0193548387096774,-790.0,stop
2022-06-23,-1,2022-06-23 09:50:00,2022-06-23 10:02:00,2022-06-23 10:08:00,2022-06-23 10:09:00,14220.25,14275.25,55.0,-1.0136363636363637,-1115.0,stop,-1.0136363636363637,-1115.0,stop
2022-06-27,-1,2022-06-27 09:45:00,2022-06-27 10:02:00,2022-06-27 10:06:00,2022-06-27 10:07:00,14693.25,14714.25,21.0,-1.0357142857142858,-435.0,stop,0.8571428571428571,360.0,thesis_flip
2022-06-28,-1,2022-06-28 10:05:00,2022-06-28 10:17:00,2022-06-28 10:21:00,2022-06-28 10:22:00,14601.75,14651.25,49.5,6.782828282828283,6715.0,close,4.01010101010101,3970.0,thesis_flip
2022-06-29,1,2022-06-29 09:50:00,2022-06-29 10:04:00,2022-06-29 10:11:00,2022-06-29 10:12:00,14318.5,14257.75,60.75,-1.0123456790123457,-1230.0,stop,-1.0123456790123457,-1230.0,stop
2022-06-30,-1,2022-06-30 09:50:00,2022-06-30 10:37:00,2022-06-30 10:39:00,2022-06-30 10:40:00,14012.75,14048.75,36.0,-1.0208333333333333,-735.0,stop,-1.0208333333333333,-735.0,stop
2022-07-01,1,2022-07-01 09:45:00,2022-07-01 09:57:00,2022-07-01 10:07:00,2022-07-01 10:08:00,14159.5,14113.5,46.0,-1.016304347826087,-935.0,stop,-1.016304347826087,-935.0,stop
2022-07-04,-1,2022-07-04 10:05:00,2022-07-04 10:39:00,2022-07-04 11:10:00,2022-07-04 11:11:00,14153.0,14160.75,7.75,-1.096774193548387,-170.0,stop,-0.6774193548387096,-105.0,thesis_flip
2022-07-05,1,2022-07-05 10:10:00,2022-07-05 10:22:00,2022-07-05 10:27:00,2022-07-05 10:28:00,14098.5,14054.5,44.0,6.9375,6105.0,close,1.0113636363636365,890.0,thesis_flip
2022-07-07,1,2022-07-07 10:05:00,2022-07-07 10:18:00,2022-07-07 10:26:00,2022-07-07 10:27:00,14618.75,14597.5,21.25,5.094117647058823,2165.0,close,0.6705882352941176,285.0,thesis_flip
2022-07-11,-1,2022-07-11 10:00:00,2022-07-11 10:09:00,2022-07-11 10:21:00,2022-07-11 10:22:00,14474.0,14513.25,39.25,-1.019108280254777,-800.0,stop,-1.019108280254777,-800.0,stop
2022-07-12,-1,2022-07-12 09:45:00,2022-07-12 09:53:00,2022-07-12 09:58:00,2022-07-12 09:59:00,14482.5,14528.25,45.75,-1.0163934426229508,-930.0,stop,-0.07650273224043716,-70.0,thesis_flip
2022-07-13,1,2022-07-13 09:45:00,2022-07-13 09:57:00,2022-07-13 09:58:00,2022-07-13 09:59:00,14262.5,14224.0,38.5,-1.0194805194805194,-785.0,stop,-1.0194805194805194,-785.0,stop
2022-07-14,-1,2022-07-14 10:00:00,2022-07-14 10:19:00,2022-07-14 10:31:00,2022-07-14 10:32:00,14129.25,14154.75,25.5,-1.0294117647058822,-525.0,stop,-1.0294117647058822,-525.0,stop
2022-07-15,-1,2022-07-15 09:45:00,2022-07-15 10:04:00,2022-07-15 10:06:00,2022-07-15 10:07:00,14503.25,14581.25,78.0,-1.0096153846153846,-1575.0,stop,-0.7307692307692307,-1140.0,thesis_flip
2022-07-18,1,2022-07-18 09:45:00,2022-07-18 10:02:00,2022-07-18 10:21:00,2022-07-18 10:22:00,14725.75,14695.5,30.25,-1.024793388429752,-620.0,stop,-1.024793388429752,-620.0,stop
2022-07-19,1,2022-07-19 10:25:00,2022-07-19 10:34:00,2022-07-19 10:40:00,2022-07-19 10:41:00,14682.75,14668.25,14.5,12.189655172413794,3535.0,close,3.9655172413793105,1150.0,thesis_flip
2022-07-20,1,2022-07-20 10:10:00,2022-07-20 10:17:00,2022-07-20 10:19:00,2022-07-20 10:20:00,14923.25,14908.75,14.5,9.189655172413794,2665.0,close,10.39655172413793,3015.0,thesis_flip
2022-07-21,-1,2022-07-21 10:25:00,2022-07-21 10:50:00,2022-07-21 11:07:00,2022-07-21 11:08:00,15076.5,15098.5,22.0,-1.0340909090909092,-455.0,stop,-1.0340909090909092,-455.0,stop
2022-07-25,-1,2022-07-25 10:15:00,2022-07-25 10:46:00,2022-07-25 10:59:00,2022-07-25 11:00:00,14945.75,14971.0,25.25,-1.0297029702970297,-520.0,stop,-0.21782178217821782,-110.0,thesis_flip
2022-07-27,1,2022-07-27 09:45:00,2022-07-27 10:07:00,2022-07-27 10:10:00,2022-07-27 10:11:00,14993.0,14963.75,29.25,7.282051282051282,4260.0,close,-0.3076923076923077,-180.0,thesis_flip
2022-07-28,-1,2022-07-28 09:50:00,2022-07-28 10:03:00,2022-07-28 10:05:00,2022-07-28 10:06:00,15097.25,15120.25,23.0,-1.0326086956521738,-475.0,stop,0.1956521739130435,90.0,thesis_flip
2022-07-29,1,2022-07-29 10:00:00,2022-07-29 11:01:00,2022-07-29 11:06:00,2022-07-29 11:07:00,15455.0,15432.0,23.0,-1.0326086956521738,-475.0,stop,-1.0326086956521738,-475.0,stop
2022-08-02,-1,2022-08-02 10:05:00,2022-08-02 10:19:00,2022-08-02 10:22:00,2022-08-02 10:23:00,15474.25,15501.0,26.75,-1.02803738317757,-550.0,stop,-1.02803738317757,-550.0,stop
2022-08-03,1,2022-08-03 09:50:00,2022-08-03 10:07:00,2022-08-03 10:27:00,2022-08-03 10:28:00,15718.0,15675.5,42.5,-1.0176470588235293,-865.0,stop,-1.0176470588235293,-865.0,stop
2022-08-04,-1,2022-08-04 10:30:00,2022-08-04 11:05:00,2022-08-04 11:09:00,2022-08-04 11:10:00,15835.25,15859.25,24.0,-1.03125,-495.0,stop,-1.03125,-495.0,stop
2022-08-05,1,2022-08-05 10:00:00,2022-08-05 10:08:00,2022-08-05 10:09:00,2022-08-05 10:10:00,15834.75,15803.25,31.5,-1.0238095238095237,-645.0,stop,0.9682539682539683,610.0,thesis_flip
2022-08-08,1,2022-08-08 09:50:00,2022-08-08 10:10:00,2022-08-08 10:12:00,2022-08-08 10:13:00,15995.0,15962.25,32.75,-1.0229007633587786,-670.0,stop,-1.0229007633587786,-670.0,stop
2022-08-09,-1,2022-08-09 09:50:00,2022-08-09 10:38:00,2022-08-09 10:40:00,2022-08-09 10:41:00,15613.25,15637.75,24.5,-1.030612244897959,-505.0,stop,-1.030612244897959,-505.0,stop
2022-08-10,-1,2022-08-10 10:15:00,2022-08-10 10:29:00,2022-08-10 10:48:00,2022-08-10 10:49:00,15912.0,15924.5,12.5,-1.06,-265.0,stop,-1.06,-265.0,stop
2022-08-11,1,2022-08-11 10:00:00,2022-08-11 10:44:00,2022-08-11 10:50:00,2022-08-11 10:51:00,16073.75,16057.25,16.5,-1.0454545454545454,-345.0,stop,-1.0454545454545454,-345.0,stop
2022-08-12,1,2022-08-12 10:15:00,2022-08-12 10:34:00,2022-08-12 10:51:00,2022-08-12 10:52:00,15997.5,15976.25,21.25,8.117647058823529,3450.0,close,3.5176470588235293,1495.0,thesis_flip
2022-08-15,1,2022-08-15 09:50:00,2022-08-15 10:05:00,2022-08-15 10:30:00,2022-08-15 10:31:00,16164.75,16130.5,34.25,3.240875912408759,2220.0,close,-0.5547445255474452,-380.0,thesis_flip
2022-08-16,-1,2022-08-16 10:00:00,2022-08-16 10:17:00,2022-08-16 10:25:00,2022-08-16 10:26:00,16159.75,16199.5,39.75,-1.0188679245283019,-810.0,stop,-0.018867924528301886,-15.0,thesis_flip
2022-08-17,-1,2022-08-17 10:10:00,2022-08-17 10:26:00,2022-08-17 10:31:00,2022-08-17 10:32:00,16060.75,16092.5,31.75,-1.0236220472440944,-650.0,stop,0.3779527559055118,240.0,thesis_flip
2022-08-22,-1,2022-08-22 09:45:00,2022-08-22 09:58:00,2022-08-22 09:59:00,2022-08-22 10:00:00,15619.25,15640.25,21.0,5.2976190476190474,2225.0,close,1.8095238095238095,760.0,thesis_flip
2022-08-23,1,2022-08-23 09:50:00,2022-08-23 10:01:00,2022-08-23 10:05:00,2022-08-23 10:06:00,15537.25,15514.5,22.75,-1.032967032967033,-470.0,stop,1.3736263736263736,625.0,thesis_flip
2022-08-24,1,2022-08-24 10:10:00,2022-08-24 10:20:00,2022-08-24 10:25:00,2022-08-24 10:26:00,15531.75,15490.75,41.0,-0.17073170731707318,-140.0,close,-0.4634146341463415,-380.0,thesis_flip
2022-08-25,1,2022-08-25 09:55:00,2022-08-25 11:17:00,2022-08-25 11:19:00,2022-08-25 11:20:00,15620.0,15603.25,16.75,-1.044776119402985,-350.0,stop,-1.044776119402985,-350.0,stop
2022-08-26,-1,2022-08-26 09:45:00,2022-08-26 09:57:00,2022-08-26 10:00:00,2022-08-26 10:01:00,15702.5,15734.25,31.75,-1.0236220472440944,-650.0,stop,-1.0236220472440944,-650.0,stop
2022-09-01,-1,2022-09-01 10:00:00,2022-09-01 10:11:00,2022-09-01 10:13:00,2022-09-01 10:14:00,14704.25,14750.25,46.0,-1.016304347826087,-935.0,stop,-1.016304347826087,-935.0,stop
2022-09-02,1,2022-09-02 10:30:00,2022-09-02 10:58:00,2022-09-02 10:59:00,2022-09-02 11:00:00,14989.0,14959.75,29.25,-1.0256410256410255,-600.0,stop,-0.05982905982905983,-35.0,thesis_flip
2022-09-05,1,2022-09-05 10:30:00,2022-09-05 10:54:00,2022-09-05 11:02:00,2022-09-05 11:03:00,14738.5,14728.25,10.25,-1.0731707317073171,-220.0,stop,-1.0731707317073171,-220.0,stop
2022-09-06,-1,2022-09-06 09:45:00,2022-09-06 10:55:00,2022-09-06 11:00:00,2022-09-06 11:01:00,14681.25,14715.75,34.5,-1.0217391304347827,-705.0,stop,-1.0217391304347827,-705.0,stop
2022-09-08,1,2022-09-08 09:50:00,2022-09-08 10:09:00,2022-09-08 10:16:00,2022-09-08 10:17:00,14817.75,14770.0,47.75,-1.0157068062827226,-970.0,stop,2.141361256544503,2045.0,thesis_flip
2022-09-12,1,2022-09-12 09:50:00,2022-09-12 11:05:00,2022-09-12 11:14:00,2022-09-12 11:15:00,15288.0,15265.75,22.25,-1.0337078651685394,-460.0,stop,0.7865168539325843,350.0,thesis_flip
2022-09-13,-1,2022-09-13 09:55:00,2022-09-13 10:16:00,2022-09-13 10:21:00,2022-09-13 10:22:00,14885.0,14920.5,35.5,7.105633802816901,5045.0,close,2.2746478873239435,1615.0,thesis_flip
2022-09-14,1,2022-09-14 09:55:00,2022-09-14 10:09:00,2022-09-14 10:15:00,2022-09-14 10:16:00,14708.0,14664.0,44.0,-1.0170454545454546,-895.0,stop,-1.0170454545454546,-895.0,stop
2022-09-16,1,2022-09-16 10:30:00,2022-09-16 10:53:00,2022-09-16 11:06:00,2022-09-16 11:07:00,14351.25,14320.25,31.0,-1.0241935483870968,-635.0,stop,-1.0241935483870968,-635.0,stop
2022-09-19,1,2022-09-19 09:50:00,2022-09-19 10:04:00,2022-09-19 10:05:00,2022-09-19 10:06:00,14412.5,14389.25,23.25,-1.032258064516129,-480.0,stop,-1.032258064516129,-480.0,stop
2022-09-21,1,2022-09-21 09:45:00,2022-09-21 10:01:00,2022-09-21 10:08:00,2022-09-21 10:09:00,14485.0,14462.0,23.0,-1.0326086956521738,-475.0,stop,-0.7391304347826086,-340.0,thesis_flip
2022-09-23,-1,2022-09-23 09:55:00,2022-09-23 10:19:00,2022-09-23 10:33:00,2022-09-23 10:34:00,13893.5,13918.25,24.75,-1.0303030303030303,-510.0,stop,-1.0303030303030303,-510.0,stop
2022-09-26,1,2022-09-26 09:55:00,2022-09-26 10:17:00,2022-09-26 10:44:00,2022-09-26 10:45:00,14001.25,13966.0,35.25,-1.0212765957446808,-720.0,stop,-1.0212765957446808,-720.0,stop
2022-09-27,-1,2022-09-27 10:00:00,2022-09-27 10:20:00,2022-09-27 10:27:00,2022-09-27 10:28:00,13961.5,13988.0,26.5,-1.028301886792453,-545.0,stop,-1.028301886792453,-545.0,stop
2022-10-06,-1,2022-10-06 10:00:00,2022-10-06 10:51:00,2022-10-06 11:02:00,2022-10-06 11:03:00,14126.75,14157.75,31.0,-1.0241935483870968,-635.0,stop,-0.6451612903225806,-400.0,thesis_flip
2022-10-07,-1,2022-10-07 09:50:00,2022-10-07 10:26:00,2022-10-07 10:28:00,2022-10-07 10:29:00,13753.75,13786.75,33.0,4.318181818181818,2850.0,close,-0.26515151515151514,-175.0,thesis_flip
2022-10-10,-1,2022-10-10 09:50:00,2022-10-10 10:01:00,2022-10-10 10:03:00,2022-10-10 10:04:00,13513.25,13545.0,31.75,-1.0236220472440944,-650.0,stop,-1.0236220472440944,-650.0,stop
2022-10-11,-1,2022-10-11 09:55:00,2022-10-11 10:34:00,2022-10-11 10:43:00,2022-10-11 10:44:00,13382.25,13412.5,30.25,-1.024793388429752,-620.0,stop,-1.024793388429752,-620.0,stop
2022-10-17,1,2022-10-17 10:10:00,2022-10-17 10:21:00,2022-10-17 10:36:00,2022-10-17 10:37:00,13619.5,13582.5,37.0,-1.0202702702702702,-755.0,stop,-1.0202702702702702,-755.0,stop
2022-10-19,1,2022-10-19 10:15:00,2022-10-19 10:58:00,2022-10-19 11:05:00,2022-10-19 11:06:00,13704.25,13683.75,20.5,-1.0365853658536586,-425.0,stop,-1.0365853658536586,-425.0,stop
2022-10-21,1,2022-10-21 10:20:00,2022-10-21 10:39:00,2022-10-21 10:40:00,2022-10-21 10:41:00,13618.75,13589.75,29.0,-1.0258620689655173,-595.0,stop,-1.0258620689655173,-595.0,stop
2022-10-24,-1,2022-10-24 10:00:00,2022-10-24 10:13:00,2022-10-24 10:15:00,2022-10-24 10:16:00,13773.25,13814.0,40.75,-1.01840490797546,-830.0,stop,-1.01840490797546,-830.0,stop
2022-10-26,1,2022-10-26 09:45:00,2022-10-26 09:53:00,2022-10-26 10:00:00,2022-10-26 10:01:00,14052.75,13983.75,69.0,-1.0108695652173914,-1395.0,stop,0.9057971014492754,1250.0,thesis_flip
2022-10-27,-1,2022-10-27 09:45:00,2022-10-27 10:19:00,2022-10-27 10:33:00,2022-10-27 10:34:00,13933.75,13964.0,30.25,6.016528925619835,3640.0,close,4.264462809917355,2580.0,thesis_flip
2022-10-31,-1,2022-10-31 09:45:00,2022-10-31 10:04:00,2022-10-31 10:05:00,2022-10-31 10:06:00,13940.5,13964.25,23.75,-1.0315789473684212,-490.0,stop,0.7263157894736842,345.0,thesis_flip
2022-11-02,-1,2022-11-02 10:10:00,2022-11-02 10:18:00,2022-11-02 10:21:00,2022-11-02 10:22:00,13778.25,13795.5,17.25,-1.0434782608695652,-360.0,stop,-1.0434782608695652,-360.0,stop
2022-11-03,-1,2022-11-03 09:50:00,2022-11-03 10:19:00,2022-11-03 10:31:00,2022-11-03 10:32:00,13321.5,13358.0,36.5,-1.0205479452054795,-745.0,stop,-1.0205479452054795,-745.0,stop
2022-11-07,-1,2022-11-07 09:45:00,2022-11-07 09:53:00,2022-11-07 09:58:00,2022-11-07 09:59:00,13375.75,13413.25,37.5,-1.02,-765.0,stop,-1.02,-765.0,stop
2022-11-08,1,2022-11-08 10:15:00,2022-11-08 10:32:00,2022-11-08 10:38:00,2022-11-08 10:39:00,13630.0,13593.75,36.25,-1.0206896551724138,-740.0,stop,1.9310344827586208,1400.0,thesis_flip
2022-11-10,1,2022-11-10 09:55:00,2022-11-10 10:33:00,2022-11-10 10:42:00,2022-11-10 10:43:00,13913.25,13869.25,44.0,5.130681818181818,4515.0,close,0.5625,495.0,thesis_flip
2022-11-11,1,2022-11-11 09:45:00,2022-11-11 09:57:00,2022-11-11 10:05:00,2022-11-11 10:06:00,14193.75,14103.75,90.0,1.825,3285.0,close,0.41388888888888886,745.0,thesis_flip
2022-11-15,-1,2022-11-15 09:45:00,2022-11-15 10:08:00,2022-11-15 10:36:00,2022-11-15 10:37:00,14531.25,14565.75,34.5,3.3043478260869565,2280.0,close,0.5362318840579711,370.0,thesis_flip
2022-11-16,-1,2022-11-16 09:45:00,2022-11-16 10:00:00,2022-11-16 10:03:00,2022-11-16 10:04:00,14289.75,14309.25,19.5,-1.0384615384615385,-405.0,stop,0.05128205128205128,20.0,thesis_flip
2022-11-17,1,2022-11-17 10:15:00,2022-11-17 10:52:00,2022-11-17 11:00:00,2022-11-17 11:01:00,14128.25,14115.5,12.75,-1.0588235294117647,-270.0,stop,-1.0588235294117647,-270.0,stop
2022-11-18,-1,2022-11-18 09:45:00,2022-11-18 10:05:00,2022-11-18 10:06:00,2022-11-18 10:07:00,14205.0,14295.5,90.5,-0.1574585635359116,-285.0,close,0.1408839779005525,255.0,thesis_flip
2022-11-23,1,2022-11-23 09:45:00,2022-11-23 10:04:00,2022-11-23 10:06:00,2022-11-23 10:07:00,14368.0,14312.75,55.25,-1.0135746606334841,-1120.0,stop,0.12217194570135746,135.0,thesis_flip
2022-11-29,-1,2022-11-29 10:10:00,2022-11-29 10:19:00,2022-11-29 10:23:00,2022-11-29 10:24:00,14109.5,14122.5,13.0,-1.0576923076923077,-275.0,stop,-1.0576923076923077,-275.0,stop
2022-12-02,1,2022-12-02 10:10:00,2022-12-02 10:21:00,2022-12-02 10:25:00,2022-12-02 10:26:00,14440.5,14423.5,17.0,-1.0441176470588236,-355.0,stop,-1.0441176470588236,-355.0,stop
2022-12-05,-1,2022-12-05 10:05:00,2022-12-05 10:12:00,2022-12-05 10:15:00,2022-12-05 10:16:00,14401.5,14425.25,23.75,-1.0315789473684212,-490.0,stop,-1.0315789473684212,-490.0,stop
2022-12-07,-1,2022-12-07 09:45:00,2022-12-07 10:12:00,2022-12-07 10:19:00,2022-12-07 10:20:00,14011.0,14048.75,37.75,-1.0198675496688743,-770.0,stop,-1.0198675496688743,-770.0,stop
2022-12-15,-1,2022-12-15 09:45:00,2022-12-15 09:53:00,2022-12-15 09:56:00,2022-12-15 09:57:00,13985.0,14015.25,30.25,4.330578512396694,2620.0,close,0.768595041322314,465.0,thesis_flip
2022-12-19,-1,2022-12-19 09:45:00,2022-12-19 10:23:00,2022-12-19 10:31:00,2022-12-19 10:32:00,13678.75,13702.5,23.75,4.105263157894737,1950.0,close,2.1473684210526316,1020.0,thesis_flip
2022-12-21,1,2022-12-21 09:45:00,2022-12-21 09:59:00,2022-12-21 10:02:00,2022-12-21 10:03:00,13653.25,13610.75,42.5,1.7647058823529411,1500.0,close,2.1058823529411765,1790.0,thesis_flip
2022-12-22,-1,2022-12-22 09:45:00,2022-12-22 09:53:00,2022-12-22 09:54:00,2022-12-22 09:55:00,13495.25,13510.0,14.75,-1.0508474576271187,-310.0,stop,-1.0508474576271187,-310.0,stop
2022-12-23,1,2022-12-23 10:30:00,2022-12-23 10:52:00,2022-12-23 10:53:00,2022-12-23 10:54:00,13425.75,13407.0,18.75,-1.04,-390.0,stop,-1.04,-390.0,stop
2022-12-27,-1,2022-12-27 09:45:00,2022-12-27 09:56:00,2022-12-27 09:57:00,2022-12-27 09:58:00,13327.0,13341.5,14.5,-1.0517241379310345,-305.0,stop,-0.4827586206896552,-140.0,thesis_flip
2022-12-30,-1,2022-12-30 09:45:00,2022-12-30 09:54:00,2022-12-30 10:05:00,2022-12-30 10:06:00,13284.0,13316.25,32.25,-1.0232558139534884,-660.0,stop,-1.0232558139534884,-660.0,stop
2023-01-03,-1,2023-01-03 09:45:00,2023-01-03 09:53:00,2023-01-03 09:58:00,2023-01-03 09:59:00,13392.0,13477.25,85.25,0.6539589442815249,1115.0,close,0.2756598240469208,470.0,thesis_flip
2023-01-04,-1,2023-01-04 10:00:00,2023-01-04 10:49:00,2023-01-04 10:50:00,2023-01-04 10:51:00,13347.0,13360.75,13.75,-1.0545454545454545,-290.0,stop,-1.0545454545454545,-290.0,stop
2023-01-10,1,2023-01-10 10:10:00,2023-01-10 10:22:00,2023-01-10 10:25:00,2023-01-10 10:26:00,13640.25,13614.75,25.5,-1.0294117647058822,-525.0,stop,-1.0294117647058822,-525.0,stop
2023-01-11,1,2023-01-11 10:05:00,2023-01-11 10:12:00,2023-01-11 10:22:00,2023-01-11 10:23:00,13766.5,13739.5,27.0,-1.0277777777777777,-555.0,stop,-1.0277777777777777,-555.0,stop
2023-01-12,-1,2023-01-12 09:45:00,2023-01-12 10:09:00,2023-01-12 10:27:00,2023-01-12 10:28:00,13864.75,13904.25,39.5,-1.018987341772152,-805.0,stop,0.5379746835443038,425.0,thesis_flip
2023-01-13,1,2023-01-13 10:20:00,2023-01-13 11:21:00,2023-01-13 11:22:00,2023-01-13 11:23:00,13884.75,13855.25,29.5,-1.0254237288135593,-605.0,stop,-0.7288135593220338,-430.0,thesis_flip
2023-01-16,-1,2023-01-16 10:10:00,2023-01-16 10:21:00,2023-01-16 10:47:00,2023-01-16 10:48:00,13989.5,13993.25,3.75,8.533333333333333,640.0,close,5.2,390.0,thesis_flip
2023-01-17,1,2023-01-17 10:00:00,2023-01-17 10:45:00,2023-01-17 10:47:00,2023-01-17 10:48:00,14007.5,13978.5,29.0,-1.0258620689655173,-595.0,stop,-1.0258620689655173,-595.0,stop
2023-01-18,1,2023-01-18 10:00:00,2023-01-18 10:16:00,2023-01-18 10:21:00,2023-01-18 10:22:00,14096.5,14070.0,26.5,-1.028301886792453,-545.0,stop,-1.028301886792453,-545.0,stop
2023-01-19,-1,2023-01-19 09:45:00,2023-01-19 10:01:00,2023-01-19 10:11:00,2023-01-19 10:12:00,13778.75,13809.0,30.25,-1.024793388429752,-620.0,stop,-1.024793388429752,-620.0,stop
2023-01-20,1,2023-01-20 09:50:00,2023-01-20 10:07:00,2023-01-20 10:21:00,2023-01-20 10:22:00,13871.25,13816.75,54.5,3.614678899082569,3940.0,close,-0.18807339449541285,-205.0,thesis_flip
2023-01-24,1,2023-01-24 09:50:00,2023-01-24 10:09:00,2023-01-24 10:11:00,2023-01-24 10:12:00,14279.75,14231.0,48.75,0.37435897435897436,365.0,close,-0.3128205128205128,-305.0,thesis_flip
2023-01-25,-1,2023-01-25 09:50:00,2023-01-25 10:00:00,2023-01-25 10:14:00,2023-01-25 10:15:00,14014.5,14057.0,42.5,-1.0176470588235293,-865.0,stop,-1.0176470588235293,-865.0,stop
2023-01-26,-1,2023-01-26 09:50:00,2023-01-26 10:08:00,2023-01-26 10:26:00,2023-01-26 10:27:00,14419.75,14441.25,21.5,-1.0348837209302326,-445.0,stop,3.5232558139534884,1515.0,thesis_flip
2023-01-27,1,2023-01-27 09:45:00,2023-01-27 10:03:00,2023-01-27 10:06:00,2023-01-27 10:07:00,14560.5,14497.0,63.5,-1.0118110236220472,-1285.0,stop,-0.20078740157480315,-255.0,thesis_flip
2023-01-30,1,2023-01-30 09:45:00,2023-01-30 09:53:00,2023-01-30 10:01:00,2023-01-30 10:02:00,14521.5,14468.75,52.75,-1.014218009478673,-1070.0,stop,-1.014218009478673,-1070.0,stop
2023-01-31,1,2023-01-31 09:45:00,2023-01-31 09:54:00,2023-01-31 10:05:00,2023-01-31 10:06:00,14403.75,14372.75,31.0,-1.0241935483870968,-635.0,stop,-1.0241935483870968,-635.0,stop
2023-02-03,1,2023-02-03 09:45:00,2023-02-03 10:01:00,2023-02-03 10:12:00,2023-02-03 10:13:00,15122.0,15061.0,61.0,-1.0122950819672132,-1235.0,stop,1.3975409836065573,1705.0,thesis_flip
2023-02-08,-1,2023-02-08 09:50:00,2023-02-08 10:02:00,2023-02-08 10:21:00,2023-02-08 10:22:00,15093.25,15126.75,33.5,4.6716417910447765,3130.0,close,4.507462686567164,3020.0,thesis_flip
2023-02-09,-1,2023-02-09 10:25:00,2023-02-09 10:38:00,2023-02-09 11:01:00,2023-02-09 11:02:00,15025.0,15056.0,31.0,6.588709677419355,4085.0,close,1.2419354838709677,770.0,thesis_flip
2023-02-13,1,2023-02-13 09:55:00,2023-02-13 10:15:00,2023-02-13 10:16:00,2023-02-13 10:17:00,14828.5,14808.75,19.75,5.481012658227848,2165.0,close,5.075949367088608,2005.0,thesis_flip
2023-02-14,1,2023-02-14 09:45:00,2023-02-14 10:44:00,2023-02-14 10:48:00,2023-02-14 10:49:00,14876.0,14816.75,59.25,-1.0126582278481013,-1200.0,stop,-0.23628691983122363,-280.0,thesis_flip
2023-02-16,1,2023-02-16 10:05:00,2023-02-16 10:24:00,2023-02-16 10:29:00,2023-02-16 10:30:00,15007.75,14954.75,53.0,-1.0141509433962264,-1075.0,stop,0.4811320754716981,510.0,thesis_flip
2023-02-17,-1,2023-02-17 09:45:00,2023-02-17 10:04:00,2023-02-17 10:22:00,2023-02-17 10:23:00,14769.5,14795.0,25.5,-1.0294117647058822,-525.0,stop,-1.0294117647058822,-525.0,stop
2023-02-20,-1,2023-02-20 10:00:00,2023-02-20 10:14:00,2023-02-20 10:23:00,2023-02-20 10:24:00,14767.5,14779.25,11.75,-1.0638297872340425,-250.0,stop,-0.44680851063829785,-105.0,thesis_flip
2023-02-21,-1,2023-02-21 10:10:00,2023-02-21 10:45:00,2023-02-21 10:48:00,2023-02-21 10:49:00,14582.25,14620.75,38.5,2.357142857142857,1815.0,close,0.5324675324675324,410.0,thesis_flip
2023-02-23,-1,2023-02-23 10:20:00,2023-02-23 10:32:00,2023-02-23 10:40:00,2023-02-23 10:41:00,14570.75,14597.25,26.5,-1.028301886792453,-545.0,stop,1.8113207547169812,960.0,thesis_flip
2023-02-24,-1,2023-02-24 09:45:00,2023-02-24 09:55:00,2023-02-24 09:58:00,2023-02-24 09:59:00,14361.5,14390.25,28.75,-1.0260869565217392,-590.0,stop,0.3130434782608696,180.0,thesis_flip
2023-02-27,1,2023-02-27 09:55:00,2023-02-27 10:04:00,2023-02-27 10:05:00,2023-02-27 10:06:00,14555.75,14527.0,28.75,-1.0260869565217392,-590.0,stop,-0.25217391304347825,-145.0,thesis_flip
2023-02-28,1,2023-02-28 10:00:00,2023-02-28 10:14:00,2023-02-28 10:19:00,2023-02-28 10:20:00,14483.0,14467.0,16.0,-1.046875,-335.0,stop,-1.046875,-335.0,stop
2023-03-02,1,2023-03-02 09:50:00,2023-03-02 10:03:00,2023-03-02 10:14:00,2023-03-02 10:15:00,14301.25,14271.5,29.75,-1.0252100840336134,-610.0,stop,-1.0252100840336134,-610.0,stop
2023-03-03,1,2023-03-03 09:45:00,2023-03-03 10:08:00,2023-03-03 10:10:00,2023-03-03 10:11:00,14552.0,14523.75,28.25,5.398230088495575,3050.0,close,1.1150442477876106,630.0,thesis_flip
2023-03-07,-1,2023-03-07 10:00:00,2023-03-07 10:42:00,2023-03-07 10:44:00,2023-03-07 10:45:00,14641.0,14711.5,70.5,1.1134751773049645,1570.0,close,-0.1099290780141844,-155.0,thesis_flip
2023-03-08,1,2023-03-08 10:30:00,2023-03-08 10:37:00,2023-03-08 11:03:00,2023-03-08 11:04:00,14596.75,14563.25,33.5,-1.0223880597014925,-685.0,stop,-0.11940298507462686,-80.0,thesis_flip
2023-03-09,1,2023-03-09 09:45:00,2023-03-09 10:21:00,2023-03-09 10:29:00,2023-03-09 10:30:00,14703.5,14675.0,28.5,-1.0263157894736843,-585.0,stop,0.5701754385964912,325.0,thesis_flip
2023-03-16,1,2023-03-16 09:55:00,2023-03-16 10:08:00,2023-03-16 10:11:00,2023-03-16 10:12:00,14666.5,14638.75,27.75,-1.027027027027027,-570.0,stop,-1.027027027027027,-570.0,stop
2023-03-21,-1,2023-03-21 10:20:00,2023-03-21 11:24:00,2023-03-21 11:26:00,2023-03-21 11:27:00,15020.75,15046.0,25.25,-1.0297029702970297,-520.0,stop,0.1485148514851485,75.0,thesis_flip
2023-03-22,1,2023-03-22 10:15:00,2023-03-22 10:24:00,2023-03-22 10:28:00,2023-03-22 10:29:00,15199.75,15148.0,51.75,-1.0144927536231885,-1050.0,stop,-0.3961352657004831,-410.0,thesis_flip
2023-03-28,-1,2023-03-28 10:30:00,2023-03-28 11:08:00,2023-03-28 11:20:00,2023-03-28 11:21:00,14965.0,14975.0,10.0,-1.075,-215.0,stop,-1.075,-215.0,stop
2023-03-29,1,2023-03-29 10:00:00,2023-03-29 10:12:00,2023-03-29 10:17:00,2023-03-29 10:18:00,15180.75,15165.5,15.25,-1.0491803278688525,-320.0,stop,-1.0491803278688525,-320.0,stop
2023-03-31,1,2023-03-31 09:45:00,2023-03-31 10:01:00,2023-03-31 10:08:00,2023-03-31 10:09:00,15414.75,15400.75,14.0,-1.0535714285714286,-295.0,stop,-1.0535714285714286,-295.0,stop
2023-04-03,1,2023-04-03 09:45:00,2023-04-03 10:01:00,2023-04-03 10:03:00,2023-04-03 10:04:00,15522.5,15484.75,37.75,-1.0198675496688743,-770.0,stop,-1.0198675496688743,-770.0,stop
2023-04-04,1,2023-04-04 10:00:00,2023-04-04 10:09:00,2023-04-04 10:12:00,2023-04-04 10:13:00,15589.5,15558.25,31.25,-1.024,-640.0,stop,-1.024,-640.0,stop
2023-04-05,-1,2023-04-05 09:45:00,2023-04-05 09:56:00,2023-04-05 10:04:00,2023-04-05 10:05:00,15382.25,15432.5,50.25,0.6865671641791045,690.0,close,1.4129353233830846,1420.0,thesis_flip
2023-04-06,1,2023-04-06 10:05:00,2023-04-06 10:48:00,2023-04-06 11:01:00,2023-04-06 11:02:00,15304.75,15275.25,29.5,4.516949152542373,2665.0,close,3.194915254237288,1885.0,thesis_flip
2023-04-10,-1,2023-04-10 09:45:00,2023-04-10 09:58:00,2023-04-10 10:00:00,2023-04-10 10:01:00,15241.75,15263.5,21.75,-1.0344827586206897,-450.0,stop,-1.0344827586206897,-450.0,stop
2023-04-11,-1,2023-04-11 10:10:00,2023-04-11 10:33:00,2023-04-11 10:34:00,2023-04-11 10:35:00,15353.5,15374.75,21.25,-1.035294117647059,-440.0,stop,0.07058823529411765,30.0,thesis_flip
2023-04-14,1,2023-04-14 09:50:00,2023-04-14 10:03:00,2023-04-14 10:26:00,2023-04-14 10:27:00,15419.5,15404.25,15.25,-1.0491803278688525,-320.0,stop,-1.0491803278688525,-320.0,stop
2023-04-20,1,2023-04-20 10:05:00,2023-04-20 11:09:00,2023-04-20 11:12:00,2023-04-20 11:13:00,15378.25,15359.0,19.25,-1.0389610389610389,-400.0,stop,0.5844155844155844,225.0,thesis_flip
2023-04-25,-1,2023-04-25 09:45:00,2023-04-25 09:51:00,2023-04-25 10:03:00,2023-04-25 10:04:00,15247.5,15269.25,21.75,7.850574712643678,3415.0,close,0.6436781609195402,280.0,thesis_flip
2023-04-26,1,2023-04-26 09:55:00,2023-04-26 10:07:00,2023-04-26 10:11:00,2023-04-26 10:12:00,15230.0,15201.5,28.5,-1.0263157894736843,-585.0,stop,-1.0263157894736843,-585.0,stop
2023-04-27,1,2023-04-27 10:05:00,2023-04-27 10:17:00,2023-04-27 10:33:00,2023-04-27 10:34:00,15354.25,15316.0,38.25,3.758169934640523,2875.0,close,-0.006535947712418301,-5.0,thesis_flip
2023-04-28,1,2023-04-28 10:10:00,2023-04-28 10:40:00,2023-04-28 10:47:00,2023-04-28 10:48:00,15521.25,15499.25,22.0,-1.0340909090909092,-455.0,stop,-1.0340909090909092,-455.0,stop
2023-05-02,-1,2023-05-02 10:05:00,2023-05-02 10:14:00,2023-05-02 10:21:00,2023-05-02 10:22:00,15493.0,15535.0,42.0,0.9523809523809523,800.0,close,1.8333333333333333,1540.0,thesis_flip
2023-05-03,1,2023-05-03 09:50:00,2023-05-03 10:08:00,2023-05-03 10:17:00,2023-05-03 10:18:00,15490.0,15461.75,28.25,-1.0265486725663717,-580.0,stop,-1.0265486725663717,-580.0,stop
2023-05-04,-1,2023-05-04 10:20:00,2023-05-04 10:40:00,2023-05-04 10:57:00,2023-05-04 10:58:00,15313.0,15332.25,19.25,-1.0389610389610389,-400.0,stop,-1.0389610389610389,-400.0,stop
2023-05-08,-1,2023-05-08 09:50:00,2023-05-08 09:58:00,2023-05-08 10:04:00,2023-05-08 10:05:00,15547.75,15557.25,9.5,-1.0789473684210527,-205.0,stop,-1.0789473684210527,-205.0,stop
2023-05-09,1,2023-05-09 09:55:00,2023-05-09 10:17:00,2023-05-09 10:21:00,2023-05-09 10:22:00,15553.75,15543.25,10.5,-1.0714285714285714,-225.0,stop,-1.0714285714285714,-225.0,stop
2023-05-11,-1,2023-05-11 10:30:00,2023-05-11 10:42:00,2023-05-11 11:09:00,2023-05-11 11:10:00,15681.5,15697.0,15.5,-1.0483870967741935,-325.0,stop,-1.0483870967741935,-325.0,stop
2023-05-12,-1,2023-05-12 09:45:00,2023-05-12 09:54:00,2023-05-12 09:57:00,2023-05-12 09:58:00,15719.75,15732.0,12.25,4.408163265306122,1080.0,close,3.3877551020408165,830.0,thesis_flip
2023-05-15,-1,2023-05-15 09:50:00,2023-05-15 10:04:00,2023-05-15 10:06:00,2023-05-15 10:07:00,15636.25,15660.0,23.75,-1.0315789473684212,-490.0,stop,-0.08421052631578947,-40.0,thesis_flip
2023-05-16,1,2023-05-16 10:25:00,2023-05-16 10:34:00,2023-05-16 10:41:00,2023-05-16 10:42:00,15756.75,15749.5,7.25,-1.103448275862069,-160.0,stop,-1.103448275862069,-160.0,stop
2023-05-17,-1,2023-05-17 09:45:00,2023-05-17 10:15:00,2023-05-17 10:49:00,2023-05-17 10:50:00,15794.5,15800.75,6.25,-1.12,-140.0,stop,-1.12,-140.0,stop
2023-05-19,-1,2023-05-19 09:45:00,2023-05-19 09:51:00,2023-05-19 09:52:00,2023-05-19 09:53:00,16151.5,16162.25,10.75,-1.069767441860465,-230.0,stop,-1.069767441860465,-230.0,stop
2023-05-23,1,2023-05-23 10:05:00,2023-05-23 10:18:00,2023-05-23 10:33:00,2023-05-23 10:34:00,16122.0,16107.0,15.0,-1.05,-315.0,stop,-1.05,-315.0,stop
2023-05-24,-1,2023-05-24 10:00:00,2023-05-24 10:22:00,2023-05-24 10:23:00,2023-05-24 10:24:00,15874.5,15899.75,25.25,-1.0297029702970297,-520.0,stop,0.7227722772277227,365.0,thesis_flip
2023-05-29,1,2023-05-29 10:25:00,2023-05-29 10:37:00,2023-05-29 10:41:00,2023-05-29 10:42:00,16649.75,16646.0,3.75,-1.2,-90.0,stop,-1.2,-90.0,stop
2023-05-30,-1,2023-05-30 09:50:00,2023-05-30 11:09:00,2023-05-30 11:15:00,2023-05-30 11:16:00,16717.75,16746.25,28.5,-1.0263157894736843,-585.0,stop,-1.0263157894736843,-585.0,stop
2023-05-31,-1,2023-05-31 10:10:00,2023-05-31 10:21:00,2023-05-31 10:23:00,2023-05-31 10:24:00,16565.5,16603.5,38.0,-1.019736842105263,-775.0,stop,-0.42105263157894735,-320.0,thesis_flip
2023-06-02,-1,2023-06-02 09:45:00,2023-06-02 09:54:00,2023-06-02 09:57:00,2023-06-02 09:58:00,16771.25,16815.0,43.75,-1.0171428571428571,-890.0,stop,-0.64,-560.0,thesis_flip
2023-06-06,1,2023-06-06 10:20:00,2023-06-06 10:39:00,2023-06-06 10:41:00,2023-06-06 10:42:00,16843.75,16828.25,15.5,-1.0483870967741935,-325.0,stop,-1.0483870967741935,-325.0,stop
2023-06-08,1,2023-06-08 10:10:00,2023-06-08 10:24:00,2023-06-08 10:31:00,2023-06-08 10:32:00,16689.25,16658.5,30.75,2.5121951219512195,1545.0,close,2.2764227642276422,1400.0,thesis_flip
2023-06-09,1,2023-06-09 09:50:00,2023-06-09 10:45:00,2023-06-09 10:55:00,2023-06-09 10:56:00,16856.25,16827.0,29.25,-1.0256410256410255,-600.0,stop,0.48717948717948717,285.0,thesis_flip
2023-06-13,-1,2023-06-13 09:45:00,2023-06-13 09:58:00,2023-06-13 10:06:00,2023-06-13 10:07:00,17099.0,17149.75,50.75,-1.0147783251231528,-1030.0,stop,-0.10344827586206896,-105.0,thesis_flip
2023-06-14,1,2023-06-14 09:45:00,2023-06-14 09:58:00,2023-06-14 09:59:00,2023-06-14 10:00:00,17204.5,17184.25,20.25,-1.037037037037037,-420.0,stop,1.3703703703703705,555.0,thesis_flip
2023-06-15,1,2023-06-15 09:50:00,2023-06-15 10:00:00,2023-06-15 10:02:00,2023-06-15 10:03:00,17298.25,17264.5,33.75,4.814814814814815,3250.0,close,2.0074074074074075,1355.0,thesis_flip
2023-06-19,-1,2023-06-19 10:10:00,2023-06-19 10:20:00,2023-06-19 10:25:00,2023-06-19 10:26:00,17325.75,17328.75,3.0,-1.25,-75.0,stop,-1.25,-75.0,stop
2023-06-20,1,2023-06-20 09:45:00,2023-06-20 10:04:00,2023-06-20 10:08:00,2023-06-20 10:09:00,17319.25,17288.0,31.25,-1.024,-640.0,stop,-1.024,-640.0,stop
2023-06-23,-1,2023-06-23 09:45:00,2023-06-23 09:54:00,2023-06-23 10:01:00,2023-06-23 10:02:00,17086.0,17118.5,32.5,-1.023076923076923,-665.0,stop,-1.023076923076923,-665.0,stop
2023-06-26,1,2023-06-26 09:50:00,2023-06-26 10:35:00,2023-06-26 10:44:00,2023-06-26 10:45:00,17138.75,17112.75,26.0,-1.0288461538461537,-535.0,stop,-1.0288461538461537,-535.0,stop
2023-06-28,1,2023-06-28 10:15:00,2023-06-28 10:31:00,2023-06-28 10:32:00,2023-06-28 10:33:00,17238.5,17184.75,53.75,-1.013953488372093,-1090.0,stop,0.4232558139534884,455.0,thesis_flip
2023-06-29,-1,2023-06-29 10:05:00,2023-06-29 10:20:00,2023-06-29 10:23:00,2023-06-29 10:24:00,17157.5,17186.25,28.75,-1.0260869565217392,-590.0,stop,0.10434782608695652,60.0,thesis_flip
2023-07-04,-1,2023-07-04 09:45:00,2023-07-04 10:12:00,2023-07-04 10:19:00,2023-07-04 10:20:00,17441.5,17450.5,9.0,1.3611111111111112,245.0,close,0.6388888888888888,115.0,thesis_flip
2023-07-06,-1,2023-07-06 09:50:00,2023-07-06 10:03:00,2023-07-06 10:19:00,2023-07-06 10:20:00,17217.75,17242.5,24.75,-1.0303030303030303,-510.0,stop,-1.0303030303030303,-510.0,stop
2023-07-07,1,2023-07-07 09:45:00,2023-07-07 09:54:00,2023-07-07 10:13:00,2023-07-07 10:14:00,17356.75,17325.25,31.5,-1.0238095238095237,-645.0,stop,-1.0238095238095237,-645.0,stop
2023-07-10,-1,2023-07-10 09:50:00,2023-07-10 10:13:00,2023-07-10 10:18:00,2023-07-10 10:19:00,17241.25,17261.0,19.75,-1.0379746835443038,-410.0,stop,-1.0379746835443038,-410.0,stop
2023-07-11,-1,2023-07-11 10:00:00,2023-07-11 10:23:00,2023-07-11 10:34:00,2023-07-11 10:35:00,17259.75,17271.5,11.75,-1.0638297872340425,-250.0,stop,-1.0638297872340425,-250.0,stop
2023-07-12,1,2023-07-12 09:45:00,2023-07-12 09:55:00,2023-07-12 09:58:00,2023-07-12 09:59:00,17553.25,17516.5,36.75,-1.0204081632653061,-750.0,stop,0.2789115646258503,205.0,thesis_flip
2023-07-13,1,2023-07-13 09:50:00,2023-07-13 10:01:00,2023-07-13 10:08:00,2023-07-13 10:09:00,17681.25,17661.0,20.25,-1.037037037037037,-420.0,stop,-1.037037037037037,-420.0,stop
2023-07-14,1,2023-07-14 09:50:00,2023-07-14 10:01:00,2023-07-14 10:09:00,2023-07-14 10:10:00,17896.0,17854.0,42.0,-1.0178571428571428,-855.0,stop,0.125,105.0,thesis_flip
2023-07-17,-1,2023-07-17 09:45:00,2023-07-17 09:55:00,2023-07-17 09:56:00,2023-07-17 09:57:00,17798.5,17816.75,18.25,-1.0410958904109588,-380.0,stop,-1.0410958904109588,-380.0,stop
2023-07-20,-1,2023-07-20 10:00:00,2023-07-20 10:21:00,2023-07-20 10:23:00,2023-07-20 10:24:00,17856.25,17916.0,59.75,3.071129707112971,3670.0,close,0.2594142259414226,310.0,thesis_flip
2023-07-21,-1,2023-07-21 09:45:00,2023-07-21 09:53:00,2023-07-21 09:59:00,2023-07-21 10:00:00,17706.0,17737.25,31.25,-1.024,-640.0,stop,0.288,180.0,thesis_flip
2023-07-24,-1,2023-07-24 09:45:00,2023-07-24 10:24:00,2023-07-24 10:25:00,2023-07-24 10:26:00,17644.25,17666.25,22.0,-1.0340909090909092,-455.0,stop,-1.0340909090909092,-455.0,stop
2023-07-25,1,2023-07-25 09:45:00,2023-07-25 09:54:00,2023-07-25 09:56:00,2023-07-25 09:57:00,17742.0,17715.25,26.75,-1.02803738317757,-550.0,stop,-1.02803738317757,-550.0,stop
2023-07-27,-1,2023-07-27 10:20:00,2023-07-27 10:47:00,2023-07-27 10:49:00,2023-07-27 10:50:00,17902.75,17919.0,16.25,-1.0461538461538462,-340.0,stop,0.47692307692307695,155.0,thesis_flip
2023-07-28,1,2023-07-28 09:45:00,2023-07-28 09:55:00,2023-07-28 10:02:00,2023-07-28 10:03:00,17905.5,17869.25,36.25,-1.0206896551724138,-740.0,stop,-1.0206896551724138,-740.0,stop
2023-07-31,-1,2023-07-31 10:30:00,2023-07-31 10:43:00,2023-07-31 10:46:00,2023-07-31 10:47:00,17926.0,17942.5,16.5,-1.0454545454545454,-345.0,stop,-1.0454545454545454,-345.0,stop
2023-08-03,1,2023-08-03 09:45:00,2023-08-03 10:14:00,2023-08-03 10:31:00,2023-08-03 10:32:00,17460.75,17437.5,23.25,2.3010752688172045,1070.0,close,0.6881720430107527,320.0,thesis_flip
2023-08-04,-1,2023-08-04 09:50:00,2023-08-04 10:40:00,2023-08-04 10:42:00,2023-08-04 10:43:00,17572.0,17601.0,29.0,-1.0258620689655173,-595.0,stop,-1.0258620689655173,-595.0,stop
2023-08-09,-1,2023-08-09 10:20:00,2023-08-09 10:29:00,2023-08-09 10:34:00,2023-08-09 10:35:00,17354.5,17374.75,20.25,-1.037037037037037,-420.0,stop,4.0246913580246915,1630.0,thesis_flip
2023-08-10,1,2023-08-10 09:45:00,2023-08-10 10:43:00,2023-08-10 10:54:00,2023-08-10 10:55:00,17423.75,17390.5,33.25,-1.0225563909774436,-680.0,stop,-1.0225563909774436,-680.0,stop
2023-08-11,1,2023-08-11 10:10:00,2023-08-11 10:56:00,2023-08-11 11:00:00,2023-08-11 11:01:00,17194.75,17178.25,16.5,-1.0454545454545454,-345.0,stop,-1.0454545454545454,-345.0,stop
2023-08-14,1,2023-08-14 09:50:00,2023-08-14 09:56:00,2023-08-14 10:04:00,2023-08-14 10:05:00,17214.25,17184.25,30.0,4.716666666666667,2830.0,close,2.825,1695.0,thesis_flip
2023-08-16,1,2023-08-16 09:45:00,2023-08-16 09:59:00,2023-08-16 10:05:00,2023-08-16 10:06:00,17179.75,17155.0,24.75,-1.0303030303030303,-510.0,stop,0.29292929292929293,145.0,thesis_flip
2023-08-17,-1,2023-08-17 09:50:00,2023-08-17 10:03:00,2023-08-17 10:12:00,2023-08-17 10:13:00,16985.25,17027.75,42.5,-1.0176470588235293,-865.0,stop,0.2,170.0,thesis_flip
2023-08-21,1,2023-08-21 09:55:00,2023-08-21 10:21:00,2023-08-21 10:23:00,2023-08-21 10:24:00,16971.25,16953.5,17.75,-1.0422535211267605,-370.0,stop,-1.0422535211267605,-370.0,stop
2023-08-22,-1,2023-08-22 09:50:00,2023-08-22 10:10:00,2023-08-22 10:16:00,2023-08-22 10:17:00,17122.5,17140.5,18.0,-1.0416666666666667,-375.0,stop,-1.0416666666666667,-375.0,stop
2023-08-24,-1,2023-08-24 09:45:00,2023-08-24 09:56:00,2023-08-24 10:06:00,2023-08-24 10:07:00,17277.75,17318.5,40.75,8.190184049079754,6675.0,close,5.41717791411043,4415.0,thesis_flip
2023-08-31,1,2023-08-31 09:55:00,2023-08-31 10:07:00,2023-08-31 10:08:00,2023-08-31 10:09:00,17643.25,17620.75,22.5,-1.0333333333333334,-465.0,stop,0.7555555555555555,340.0,thesis_flip
2023-09-01,-1,2023-09-01 09:45:00,2023-09-01 09:59:00,2023-09-01 10:00:00,2023-09-01 10:01:00,17599.75,17646.0,46.25,-1.0162162162162163,-940.0,stop,-1.0162162162162163,-940.0,stop
2023-09-04,1,2023-09-04 09:50:00,2023-09-04 10:01:00,2023-09-04 10:09:00,2023-09-04 10:10:00,17648.0,17642.0,6.0,-1.125,-135.0,stop,-1.125,-135.0,stop
2023-09-05,-1,2023-09-05 10:00:00,2023-09-05 10:09:00,2023-09-05 10:14:00,2023-09-05 10:15:00,17557.25,17575.0,17.75,-1.0422535211267605,-370.0,stop,-1.0422535211267605,-370.0,stop
2023-09-08,1,2023-09-08 10:10:00,2023-09-08 10:36:00,2023-09-08 10:44:00,2023-09-08 10:45:00,17427.5,17411.25,16.25,-1.0461538461538462,-340.0,stop,-1.0461538461538462,-340.0,stop
2023-09-11,-1,2023-09-11 09:55:00,2023-09-11 10:02:00,2023-09-11 10:05:00,2023-09-11 10:06:00,17456.5,17475.5,19.0,-1.0394736842105263,-395.0,stop,-0.47368421052631576,-180.0,thesis_flip
2023-09-12,1,2023-09-12 09:55:00,2023-09-12 10:04:00,2023-09-12 10:12:00,2023-09-12 10:13:00,17531.0,17513.0,18.0,-1.0416666666666667,-375.0,stop,-1.0416666666666667,-375.0,stop
2023-09-14,-1,2023-09-14 09:50:00,2023-09-14 10:05:00,2023-09-14 10:08:00,2023-09-14 10:09:00,17447.25,17476.0,28.75,-1.0260869565217392,-590.0,stop,-0.5391304347826087,-310.0,thesis_flip
2023-09-20,-1,2023-09-20 10:10:00,2023-09-20 10:17:00,2023-09-20 10:21:00,2023-09-20 10:22:00,17257.25,17269.5,12.25,-1.0612244897959184,-260.0,stop,-1.0612244897959184,-260.0,stop
2023-09-21,-1,2023-09-21 09:50:00,2023-09-21 10:15:00,2023-09-21 10:22:00,2023-09-21 10:23:00,16870.25,16893.25,23.0,-1.0326086956521738,-475.0,stop,-1.0326086956521738,-475.0,stop
2023-09-22,1,2023-09-22 09:55:00,2023-09-22 10:04:00,2023-09-22 10:05:00,2023-09-22 10:06:00,16840.0,16812.0,28.0,-1.0267857142857142,-575.0,stop,-1.0267857142857142,-575.0,stop
2023-09-26,-1,2023-09-26 09:45:00,2023-09-26 10:52:00,2023-09-26 10:57:00,2023-09-26 10:58:00,16648.25,16695.0,46.75,1.0588235294117647,990.0,close,0.0855614973262032,80.0,thesis_flip
2023-09-27,-1,2023-09-27 10:00:00,2023-09-27 10:25:00,2023-09-27 10:31:00,2023-09-27 10:32:00,16641.0,16659.0,18.0,-1.0416666666666667,-375.0,stop,-1.0416666666666667,-375.0,stop
2023-09-28,1,2023-09-28 09:50:00,2023-09-28 10:36:00,2023-09-28 10:38:00,2023-09-28 10:39:00,16603.5,16568.75,34.75,4.129496402877698,2870.0,close,5.410071942446043,3760.0,thesis_flip
2023-10-02,1,2023-10-02 10:00:00,2023-10-02 10:12:00,2023-10-02 10:18:00,2023-10-02 10:19:00,16858.25,16814.75,43.5,-1.0172413793103448,-885.0,stop,-1.0172413793103448,-885.0,stop
2023-10-05,-1,2023-10-05 09:45:00,2023-10-05 09:53:00,2023-10-05 10:00:00,2023-10-05 10:01:00,16703.5,16746.75,43.25,-1.0173410404624277,-880.0,stop,0.3063583815028902,265.0,thesis_flip
2023-10-09,1,2023-10-09 09:45:00,2023-10-09 09:55:00,2023-10-09 10:10:00,2023-10-09 10:11:00,16927.25,16875.25,52.0,-1.0144230769230769,-1055.0,stop,-0.6730769230769231,-700.0,thesis_flip
2023-10-11,-1,2023-10-11 10:00:00,2023-10-11 10:08:00,2023-10-11 10:12:00,2023-10-11 10:13:00,17204.75,17219.75,15.0,-1.05,-315.0,stop,-1.05,-315.0,stop
2023-10-12,1,2023-10-12 10:05:00,2023-10-12 10:32:00,2023-10-12 10:34:00,2023-10-12 10:35:00,17313.0,17296.75,16.25,-1.0461538461538462,-340.0,stop,-1.0461538461538462,-340.0,stop
2023-10-13,-1,2023-10-13 10:10:00,2023-10-13 10:18:00,2023-10-13 10:24:00,2023-10-13 10:25:00,17158.5,17194.75,36.25,4.055172413793104,2940.0,close,2.668965517241379,1935.0,thesis_flip
2023-10-19,-1,2023-10-19 10:25:00,2023-10-19 10:39:00,2023-10-19 10:47:00,2023-10-19 10:48:00,16916.25,16941.5,25.25,-1.0297029702970297,-520.0,stop,0.48514851485148514,245.0,thesis_flip
2023-10-20,-1,2023-10-20 10:10:00,2023-10-20 10:19:00,2023-10-20 10:23:00,2023-10-20 10:24:00,16665.0,16702.25,37.25,3.053691275167785,2275.0,close,2.4093959731543624,1795.0,thesis_flip
2023-10-23,1,2023-10-23 09:55:00,2023-10-23 10:06:00,2023-10-23 10:12:00,2023-10-23 10:13:00,16543.75,16500.25,43.5,1.1666666666666667,1015.0,close,-0.16091954022988506,-140.0,thesis_flip
2023-10-25,-1,2023-10-25 09:45:00,2023-10-25 10:01:00,2023-10-25 10:06:00,2023-10-25 10:07:00,16511.25,16541.0,29.75,-1.0252100840336134,-610.0,stop,-1.0252100840336134,-610.0,stop
2023-10-26,-1,2023-10-26 09:45:00,2023-10-26 10:53:00,2023-10-26 10:55:00,2023-10-26 10:56:00,16249.5,16274.25,24.75,6.666666666666667,3300.0,close,6.818181818181818,3375.0,thesis_flip
2023-10-27,-1,2023-10-27 09:45:00,2023-10-27 09:55:00,2023-10-27 10:00:00,2023-10-27 10:01:00,16190.5,16221.0,30.5,-1.0245901639344261,-625.0,stop,-1.0245901639344261,-625.0,stop
2023-10-30,1,2023-10-30 09:45:00,2023-10-30 10:03:00,2023-10-30 10:07:00,2023-10-30 10:08:00,16328.5,16302.25,26.25,-1.0285714285714285,-540.0,stop,-1.0285714285714285,-540.0,stop
2023-11-02,-1,2023-11-02 10:05:00,2023-11-02 10:25:00,2023-11-02 10:32:00,2023-11-02 10:33:00,16803.75,16823.75,20.0,-1.0375,-415.0,stop,-1.0375,-415.0,stop
2023-11-03,1,2023-11-03 09:45:00,2023-11-03 10:13:00,2023-11-03 10:17:00,2023-11-03 10:18:00,17000.25,16965.5,34.75,-1.0215827338129497,-710.0,stop,-1.0215827338129497,-710.0,stop
2023-11-06,-1,2023-11-06 10:10:00,2023-11-06 10:26:00,2023-11-06 10:45:00,2023-11-06 10:46:00,17109.5,17135.25,25.75,-0.5533980582524272,-285.0,close,-0.7475728155339806,-385.0,thesis_flip
2023-11-07,1,2023-11-07 09:55:00,2023-11-07 10:13:00,2023-11-07 10:19:00,2023-11-07 10:20:00,17197.25,17162.0,35.25,1.8865248226950355,1330.0,close,1.851063829787234,1305.0,thesis_flip
2023-11-08,-1,2023-11-08 10:00:00,2023-11-08 10:12:00,2023-11-08 10:15:00,2023-11-08 10:16:00,17249.5,17276.25,26.75,-1.02803738317757,-550.0,stop,-0.12149532710280374,-65.0,thesis_flip
2023-11-13,-1,2023-11-13 09:50:00,2023-11-13 10:01:00,2023-11-13 10:15:00,2023-11-13 10:16:00,17389.25,17413.5,24.25,-1.0309278350515463,-500.0,stop,-1.0309278350515463,-500.0,stop
2023-11-14,1,2023-11-14 09:55:00,2023-11-14 10:09:00,2023-11-14 10:17:00,2023-11-14 10:18:00,17755.5,17742.25,13.25,-1.0566037735849056,-280.0,stop,-1.0566037735849056,-280.0,stop
2023-11-15,-1,2023-11-15 09:50:00,2023-11-15 10:30:00,2023-11-15 10:31:00,2023-11-15 10:32:00,17816.25,17852.5,36.25,-1.0206896551724138,-740.0,stop,-0.6,-435.0,thesis_flip
2023-11-16,1,2023-11-16 09:45:00,2023-11-16 10:22:00,2023-11-16 10:23:00,2023-11-16 10:24:00,17763.75,17735.25,28.5,-1.0263157894736843,-585.0,stop,-1.0263157894736843,-585.0,stop
2023-11-20,1,2023-11-20 09:55:00,2023-11-20 10:18:00,2023-11-20 10:27:00,2023-11-20 10:28:00,17843.25,17827.0,16.25,8.23076923076923,2675.0,close,3.3230769230769233,1080.0,thesis_flip
2023-11-22,-1,2023-11-22 09:50:00,2023-11-22 10:05:00,2023-11-22 10:09:00,2023-11-22 10:10:00,17906.0,17965.5,59.5,-1.0126050420168067,-1205.0,stop,-0.7773109243697479,-925.0,thesis_flip
2023-11-23,-1,2023-11-23 10:00:00,2023-11-23 10:08:00,2023-11-23 10:13:00,2023-11-23 10:14:00,17946.5,17950.5,4.0,-1.1875,-95.0,stop,-1.1875,-95.0,stop
2023-11-27,1,2023-11-27 10:05:00,2023-11-27 10:15:00,2023-11-27 10:30:00,2023-11-27 10:31:00,17911.5,17887.75,23.75,-1.0315789473684212,-490.0,stop,0.14736842105263157,70.0,thesis_flip
2023-11-28,-1,2023-11-28 09:50:00,2023-11-28 09:57:00,2023-11-28 10:06:00,2023-11-28 10:07:00,17876.5,17890.25,13.75,-1.0545454545454545,-290.0,stop,-1.0545454545454545,-290.0,stop
2023-11-30,-1,2023-11-30 10:00:00,2023-11-30 10:22:00,2023-11-30 10:29:00,2023-11-30 10:30:00,17838.5,17888.25,49.75,-0.6532663316582915,-650.0,close,0.5879396984924623,585.0,thesis_flip
2023-12-04,-1,2023-12-04 10:10:00,2023-12-04 10:20:00,2023-12-04 10:21:00,2023-12-04 10:22:00,17691.5,17723.5,32.0,-1.0234375,-655.0,stop,1.6875,1080.0,thesis_flip
2023-12-05,1,2023-12-05 09:50:00,2023-12-05 09:58:00,2023-12-05 10:00:00,2023-12-05 10:01:00,17783.75,17737.25,46.5,-1.0161290322580645,-945.0,stop,-0.08064516129032258,-75.0,thesis_flip
2023-12-06,-1,2023-12-06 10:00:00,2023-12-06 10:11:00,2023-12-06 10:18:00,2023-12-06 10:19:00,17836.0,17862.5,26.5,4.943396226415095,2620.0,close,1.8773584905660377,995.0,thesis_flip
2023-12-07,1,2023-12-07 10:20:00,2023-12-07 10:27:00,2023-12-07 10:28:00,2023-12-07 10:29:00,17882.75,17869.5,13.25,-1.0566037735849056,-280.0,stop,-1.0566037735849056,-280.0,stop
2023-12-08,1,2023-12-08 10:00:00,2023-12-08 10:41:00,2023-12-08 10:47:00,2023-12-08 10:48:00,17943.75,17909.5,34.25,-1.0218978102189782,-700.0,stop,-0.6277372262773723,-430.0,thesis_flip
2023-12-11,1,2023-12-11 10:05:00,2023-12-11 10:31:00,2023-12-11 10:32:00,2023-12-11 10:33:00,18037.5,18024.25,13.25,-1.0566037735849056,-280.0,stop,0.39622641509433965,105.0,thesis_flip
2023-12-15,1,2023-12-15 10:25:00,2023-12-15 11:08:00,2023-12-15 11:14:00,2023-12-15 11:15:00,18529.0,18515.0,14.0,-1.0535714285714286,-295.0,stop,0.9107142857142857,255.0,thesis_flip
2023-12-18,1,2023-12-18 09:55:00,2023-12-18 10:08:00,2023-12-18 10:18:00,2023-12-18 10:19:00,18579.5,18548.75,30.75,-1.024390243902439,-630.0,stop,-0.8130081300813008,-500.0,thesis_flip
2023-12-19,1,2023-12-19 10:30:00,2023-12-19 10:38:00,2023-12-19 10:48:00,2023-12-19 10:49:00,18656.0,18642.0,14.0,-1.0535714285714286,-295.0,stop,0.9285714285714286,260.0,thesis_flip
2023-12-21,-1,2023-12-21 09:55:00,2023-12-21 10:03:00,2023-12-21 10:05:00,2023-12-21 10:06:00,18552.5,18585.25,32.75,-1.0229007633587786,-670.0,stop,-1.0229007633587786,-670.0,stop
2024-01-02,-1,2024-01-02 09:45:00,2024-01-02 10:04:00,2024-01-02 10:05:00,2024-01-02 10:06:00,18439.5,18465.75,26.25,1.561904761904762,820.0,close,1.2095238095238094,635.0,thesis_flip
2024-01-03,-1,2024-01-03 10:10:00,2024-01-03 10:28:00,2024-01-03 10:32:00,2024-01-03 10:33:00,18244.5,18267.0,22.5,-1.0333333333333334,-465.0,stop,-1.0333333333333334,-465.0,stop
2024-01-04,1,2024-01-04 10:05:00,2024-01-04 10:15:00,2024-01-04 10:17:00,2024-01-04 10:18:00,18204.0,18175.0,29.0,-1.0258620689655173,-595.0,stop,-1.0258620689655173,-595.0,stop
2024-01-09,1,2024-01-09 10:05:00,2024-01-09 10:38:00,2024-01-09 10:39:00,2024-01-09 10:40:00,18422.25,18388.75,33.5,2.5522388059701493,1710.0,close,2.1343283582089554,1430.0,thesis_flip
2024-01-10,-1,2024-01-10 09:50:00,2024-01-10 10:11:00,2024-01-10 10:37:00,2024-01-10 10:38:00,18533.0,18548.0,15.0,-1.05,-315.0,stop,-1.05,-315.0,stop
2024-01-12,-1,2024-01-12 10:00:00,2024-01-12 10:14:00,2024-01-12 10:17:00,2024-01-12 10:18:00,18632.75,18682.75,50.0,-0.34,-340.0,close,-0.44,-440.0,thesis_flip
2024-01-15,-1,2024-01-15 09:45:00,2024-01-15 09:58:00,2024-01-15 10:04:00,2024-01-15 10:05:00,18625.25,18633.5,8.25,-1.0909090909090908,-180.0,stop,-0.5757575757575758,-95.0,thesis_flip
2024-01-16,1,2024-01-16 10:15:00,2024-01-16 11:07:00,2024-01-16 11:14:00,2024-01-16 11:15:00,18652.5,18612.0,40.5,-1.0185185185185186,-825.0,stop,-0.5,-405.0,thesis_flip
2024-01-17,-1,2024-01-17 10:15:00,2024-01-17 10:31:00,2024-01-17 10:35:00,2024-01-17 10:36:00,18408.75,18440.25,31.5,-1.0238095238095237,-645.0,stop,-1.0238095238095237,-645.0,stop
2024-01-18,-1,2024-01-18 10:00:00,2024-01-18 10:06:00,2024-01-18 10:19:00,2024-01-18 10:20:00,18693.75,18713.75,20.0,-1.0375,-415.0,stop,-1.0375,-415.0,stop
2024-01-19,1,2024-01-19 09:50:00,2024-01-19 09:57:00,2024-01-19 10:11:00,2024-01-19 10:12:00,18864.0,18845.75,18.25,13.945205479452055,5090.0,close,3.287671232876712,1200.0,thesis_flip
2024-01-24,1,2024-01-24 10:15:00,2024-01-24 10:27:00,2024-01-24 10:28:00,2024-01-24 10:29:00,19391.5,19371.5,20.0,-1.0375,-415.0,stop,0.925,370.0,thesis_flip
2024-01-31,-1,2024-01-31 10:10:00,2024-01-31 10:18:00,2024-01-31 10:28:00,2024-01-31 10:29:00,19003.5,19035.75,32.25,-1.0232558139534884,-660.0,stop,0.06201550387596899,40.0,thesis_flip
2024-02-01,1,2024-02-01 10:05:00,2024-02-01 10:16:00,2024-02-01 10:24:00,2024-02-01 10:25:00,19011.0,18989.25,21.75,-1.0344827586206897,-450.0,stop,0.40229885057471265,175.0,thesis_flip
2024-02-02,1,2024-02-02 09:55:00,2024-02-02 10:07:00,2024-02-02 10:14:00,2024-02-02 10:15:00,19268.5,19239.75,28.75,-1.0260869565217392,-590.0,stop,-1.0260869565217392,-590.0,stop
2024-02-08,1,2024-02-08 10:15:00,2024-02-08 10:24:00,2024-02-08 10:32:00,2024-02-08 10:33:00,19519.0,19500.75,18.25,1.2328767123287672,450.0,close,1.1232876712328768,410.0,thesis_flip
2024-02-13,1,2024-02-13 09:50:00,2024-02-13 09:58:00,2024-02-13 10:06:00,2024-02-13 10:07:00,19342.0,19320.25,21.75,-1.0344827586206897,-450.0,stop,-1.0344827586206897,-450.0,stop
2024-02-14,1,2024-02-14 10:15:00,2024-02-14 10:41:00,2024-02-14 10:46:00,2024-02-14 10:47:00,19481.0,19460.5,20.5,-1.0365853658536586,-425.0,stop,-1.0365853658536586,-425.0,stop
2024-02-15,-1,2024-02-15 09:50:00,2024-02-15 10:18:00,2024-02-15 10:21:00,2024-02-15 10:22:00,19507.75,19540.25,32.5,-1.023076923076923,-665.0,stop,-0.5,-325.0,thesis_flip
2024-02-19,-1,2024-02-19 10:15:00,2024-02-19 10:29:00,2024-02-19 10:40:00,2024-02-19 10:41:00,19459.5,19465.25,5.75,-1.1304347826086956,-130.0,stop,-0.17391304347826086,-20.0,thesis_flip
2024-02-20,-1,2024-02-20 10:00:00,2024-02-20 10:54:00,2024-02-20 11:06:00,2024-02-20 11:07:00,19255.25,19275.0,19.75,-1.0379746835443038,-410.0,stop,4.215189873417722,1665.0,thesis_flip
2024-02-21,1,2024-02-21 10:00:00,2024-02-21 10:10:00,2024-02-21 10:12:00,2024-02-21 10:13:00,19185.25,19168.5,16.75,-1.044776119402985,-350.0,stop,-1.044776119402985,-350.0,stop
2024-02-22,1,2024-02-22 09:45:00,2024-02-22 09:56:00,2024-02-22 10:06:00,2024-02-22 10:07:00,19605.75,19568.25,37.5,3.066666666666667,2300.0,close,0.10666666666666667,80.0,thesis_flip
2024-02-26,-1,2024-02-26 09:55:00,2024-02-26 10:06:00,2024-02-26 10:14:00,2024-02-26 10:15:00,19674.0,19692.25,18.25,-1.0410958904109588,-380.0,stop,-1.0410958904109588,-380.0,stop
2024-02-27,1,2024-02-27 10:15:00,2024-02-27 10:24:00,2024-02-27 10:33:00,2024-02-27 10:34:00,19692.75,19668.75,24.0,-1.03125,-495.0,stop,-1.03125,-495.0,stop
2024-02-28,-1,2024-02-28 09:50:00,2024-02-28 10:01:00,2024-02-28 10:05:00,2024-02-28 10:06:00,19563.75,19582.75,19.0,-1.0394736842105263,-395.0,stop,-1.0394736842105263,-395.0,stop
2024-02-29,-1,2024-02-29 10:10:00,2024-02-29 10:27:00,2024-02-29 10:28:00,2024-02-29 10:29:00,19694.0,19707.25,13.25,-1.0566037735849056,-280.0,stop,-1.0566037735849056,-280.0,stop
2024-03-01,1,2024-03-01 10:05:00,2024-03-01 10:37:00,2024-03-01 10:40:00,2024-03-01 10:41:00,19842.0,19820.5,21.5,7.8604651162790695,3380.0,close,2.453488372093023,1055.0,thesis_flip
2024-03-05,-1,2024-03-05 09:55:00,2024-03-05 10:10:00,2024-03-05 10:18:00,2024-03-05 10:19:00,19654.0,19760.5,106.5,0.4225352112676056,900.0,close,0.15023474178403756,320.0,thesis_flip
2024-03-06,-1,2024-03-06 09:50:00,2024-03-06 09:59:00,2024-03-06 10:03:00,2024-03-06 10:04:00,19694.5,19746.5,52.0,-1.0144230769230769,-1055.0,stop,0.07692307692307693,80.0,thesis_flip
2024-03-07,1,2024-03-07 10:25:00,2024-03-07 10:35:00,2024-03-07 10:37:00,2024-03-07 10:38:00,19914.25,19895.25,19.0,3.736842105263158,1420.0,close,0.23684210526315788,90.0,thesis_flip
2024-03-08,1,2024-03-08 09:45:00,2024-03-08 09:58:00,2024-03-08 10:06:00,2024-03-08 10:07:00,20092.25,20024.0,68.25,-1.010989010989011,-1380.0,stop,-0.5128205128205128,-700.0,thesis_flip
2024-03-11,-1,2024-03-11 09:55:00,2024-03-11 10:05:00,2024-03-11 10:07:00,2024-03-11 10:08:00,19576.0,19598.75,22.75,-1.032967032967033,-470.0,stop,-1.032967032967033,-470.0,stop
2024-03-13,-1,2024-03-13 09:45:00,2024-03-13 10:37:00,2024-03-13 10:48:00,2024-03-13 10:49:00,19781.0,19813.75,32.75,-1.0229007633587786,-670.0,stop,-0.25190839694656486,-165.0,thesis_flip
2024-03-14,-1,2024-03-14 09:45:00,2024-03-14 10:33:00,2024-03-14 10:38:00,2024-03-14 10:39:00,19740.5,19768.0,27.5,1.2818181818181817,705.0,close,-0.05454545454545454,-30.0,thesis_flip
2024-03-18,1,2024-03-18 10:20:00,2024-03-18 10:55:00,2024-03-18 10:59:00,2024-03-18 11:00:00,19782.75,19771.0,11.75,-1.0638297872340425,-250.0,stop,-1.0638297872340425,-250.0,stop
2024-03-21,-1,2024-03-21 09:45:00,2024-03-21 09:51:00,2024-03-21 09:53:00,2024-03-21 09:54:00,20065.75,20081.5,15.75,-1.0476190476190477,-330.0,stop,-1.0476190476190477,-330.0,stop
2024-03-22,1,2024-03-22 10:00:00,2024-03-22 10:13:00,2024-03-22 10:19:00,2024-03-22 10:20:00,19966.75,19943.0,23.75,-1.0315789473684212,-490.0,stop,-1.0315789473684212,-490.0,stop
2024-03-25,1,2024-03-25 09:50:00,2024-03-25 09:58:00,2024-03-25 10:08:00,2024-03-25 10:09:00,19920.75,19892.75,28.0,0.5,280.0,close,1.0,560.0,thesis_flip
2024-03-26,1,2024-03-26 10:00:00,2024-03-26 10:15:00,2024-03-26 10:18:00,2024-03-26 10:19:00,20026.75,19997.75,29.0,-1.0258620689655173,-595.0,stop,-1.0258620689655173,-595.0,stop
2024-03-28,1,2024-03-28 09:50:00,2024-03-28 10:16:00,2024-03-28 10:19:00,2024-03-28 10:20:00,19923.75,19904.5,19.25,-1.0389610389610389,-400.0,stop,-1.0389610389610389,-400.0,stop
2024-04-02,-1,2024-04-02 10:10:00,2024-04-02 10:19:00,2024-04-02 10:33:00,2024-04-02 10:34:00,19657.0,19678.5,21.5,-1.0348837209302326,-445.0,stop,-0.22093023255813954,-95.0,thesis_flip
2024-04-04,-1,2024-04-04 09:50:00,2024-04-04 10:02:00,2024-04-04 10:04:00,2024-04-04 10:05:00,19942.25,19957.5,15.25,-1.0491803278688525,-320.0,stop,0.8852459016393442,270.0,thesis_flip
2024-04-05,1,2024-04-05 09:50:00,2024-04-05 10:10:00,2024-04-05 10:12:00,2024-04-05 10:13:00,19676.5,19600.5,76.0,0.5493421052631579,835.0,close,-0.631578947368421,-960.0,thesis_flip
2024-04-08,1,2024-04-08 10:25:00,2024-04-08 11:07:00,2024-04-08 11:10:00,2024-04-08 11:11:00,19779.25,19751.0,28.25,-1.0265486725663717,-580.0,stop,-1.0265486725663717,-580.0,stop
2024-04-11,-1,2024-04-11 10:10:00,2024-04-11 10:33:00,2024-04-11 10:59:00,2024-04-11 11:00:00,19663.75,19690.25,26.5,-1.028301886792453,-545.0,stop,-1.028301886792453,-545.0,stop
2024-04-15,-1,2024-04-15 10:05:00,2024-04-15 10:18:00,2024-04-15 10:20:00,2024-04-15 10:21:00,19654.0,19687.0,33.0,10.636363636363637,7020.0,close,0.9696969696969697,640.0,thesis_flip
2024-04-16,1,2024-04-16 09:55:00,2024-04-16 10:05:00,2024-04-16 10:09:00,2024-04-16 10:10:00,19327.75,19291.5,36.25,-1.0206896551724138,-740.0,stop,-1.0206896551724138,-740.0,stop
2024-04-17,-1,2024-04-17 09:45:00,2024-04-17 09:54:00,2024-04-17 09:57:00,2024-04-17 09:58:00,19305.25,19341.25,36.0,6.229166666666667,4485.0,close,0.8055555555555556,580.0,thesis_flip
2024-04-23,1,2024-04-23 09:45:00,2024-04-23 09:56:00,2024-04-23 10:06:00,2024-04-23 10:07:00,18938.75,18881.25,57.5,1.6304347826086956,1875.0,close,0.9043478260869565,1040.0,thesis_flip
2024-04-25,1,2024-04-25 10:10:00,2024-04-25 10:45:00,2024-04-25 11:00:00,2024-04-25 11:01:00,18797.0,18767.75,29.25,6.683760683760684,3910.0,close,-0.008547008547008548,-5.0,thesis_flip
2024-05-01,-1,2024-05-01 10:00:00,2024-05-01 10:11:00,2024-05-01 10:59:00,2024-05-01 11:00:00,18913.25,18932.25,19.0,-1.0394736842105263,-395.0,stop,1.2894736842105263,490.0,thesis_flip
2024-05-02,-1,2024-05-02 09:45:00,2024-05-02 10:03:00,2024-05-02 10:06:00,2024-05-02 10:07:00,18871.0,18953.5,82.5,-1.009090909090909,-1665.0,stop,-0.6393939393939394,-1055.0,thesis_flip
2024-05-03,1,2024-05-03 09:45:00,2024-05-03 09:57:00,2024-05-03 10:17:00,2024-05-03 10:18:00,19369.0,19338.25,30.75,-1.024390243902439,-630.0,stop,-1.024390243902439,-630.0,stop
2024-05-06,1,2024-05-06 09:55:00,2024-05-06 10:03:00,2024-05-06 10:06:00,2024-05-06 10:07:00,19539.0,19523.0,16.0,-1.046875,-335.0,stop,-1.046875,-335.0,stop
2024-05-07,-1,2024-05-07 09:55:00,2024-05-07 10:02:00,2024-05-07 10:20:00,2024-05-07 10:21:00,19635.0,19650.25,15.25,-1.0491803278688525,-320.0,stop,0.4918032786885246,150.0,thesis_flip
2024-05-09,-1,2024-05-09 09:45:00,2024-05-09 10:02:00,2024-05-09 10:08:00,2024-05-09 10:09:00,19591.0,19613.25,22.25,-1.0337078651685394,-460.0,stop,-0.3258426966292135,-145.0,thesis_flip
2024-05-10,1,2024-05-10 09:45:00,2024-05-10 09:53:00,2024-05-10 09:56:00,2024-05-10 09:57:00,19763.0,19747.75,15.25,-1.0491803278688525,-320.0,stop,-1.0491803278688525,-320.0,stop
2024-05-13,-1,2024-05-13 09:45:00,2024-05-13 09:53:00,2024-05-13 09:56:00,2024-05-13 09:57:00,19684.0,19706.75,22.75,-1.032967032967033,-470.0,stop,-1.032967032967033,-470.0,stop
2024-05-14,1,2024-05-14 10:20:00,2024-05-14 10:42:00,2024-05-14 10:48:00,2024-05-14 10:49:00,19728.25,19709.25,19.0,5.7105263157894735,2170.0,close,1.5657894736842106,595.0,thesis_flip
2024-05-15,-1,2024-05-15 09:45:00,2024-05-15 10:11:00,2024-05-15 10:13:00,2024-05-15 10:14:00,19932.25,19950.75,18.5,-1.0405405405405406,-385.0,stop,-1.0405405405405406,-385.0,stop
2024-05-16,1,2024-05-16 09:45:00,2024-05-16 09:56:00,2024-05-16 10:09:00,2024-05-16 10:10:00,20123.0,20099.75,23.25,-1.032258064516129,-480.0,stop,1.7311827956989247,805.0,thesis_flip
2024-05-21,1,2024-05-21 09:50:00,2024-05-21 10:01:00,2024-05-21 10:17:00,2024-05-21 10:18:00,20150.5,20127.75,22.75,3.318681318681319,1510.0,close,0.967032967032967,440.0,thesis_flip
2024-05-23,-1,2024-05-23 09:50:00,2024-05-23 10:23:00,2024-05-23 10:30:00,2024-05-23 10:31:00,20302.25,20340.0,37.75,-1.0198675496688743,-770.0,stop,-1.0198675496688743,-770.0,stop
2024-05-24,1,2024-05-24 10:00:00,2024-05-24 10:09:00,2024-05-24 10:15:00,2024-05-24 10:16:00,20231.25,20201.0,30.25,2.256198347107438,1365.0,close,0.4462809917355372,270.0,thesis_flip
2024-05-28,-1,2024-05-28 09:45:00,2024-05-28 10:15:00,2024-05-28 10:21:00,2024-05-28 10:22:00,20304.0,20329.0,25.0,-1.03,-515.0,stop,-1.03,-515.0,stop
2024-05-29,1,2024-05-29 09:50:00,2024-05-29 10:12:00,2024-05-29 10:24:00,2024-05-29 10:25:00,20282.5,20236.5,46.0,-1.016304347826087,-935.0,stop,-0.4673913043478261,-430.0,thesis_flip
2024-05-30,-1,2024-05-30 10:30:00,2024-05-30 10:40:00,2024-05-30 10:59:00,2024-05-30 11:00:00,20084.25,20125.0,40.75,-1.01840490797546,-830.0,stop,-0.10429447852760736,-85.0,thesis_flip
2024-06-03,-1,2024-06-03 09:50:00,2024-06-03 10:02:00,2024-06-03 10:09:00,2024-06-03 10:10:00,20080.0,20154.75,74.75,0.006688963210702341,10.0,close,0.7658862876254181,1145.0,thesis_flip
2024-06-06,-1,2024-06-06 09:45:00,2024-06-06 10:27:00,2024-06-06 10:50:00,2024-06-06 10:51:00,20513.0,20532.5,19.5,1.0512820512820513,410.0,close,0.5641025641025641,220.0,thesis_flip
2024-06-07,1,2024-06-07 09:50:00,2024-06-07 09:56:00,2024-06-07 10:13:00,2024-06-07 10:14:00,20467.75,20444.0,23.75,-1.0315789473684212,-490.0,stop,1.4210526315789473,675.0,thesis_flip
2024-06-10,1,2024-06-10 10:25:00,2024-06-10 10:38:00,2024-06-10 10:48:00,2024-06-10 10:49:00,20472.0,20448.25,23.75,2.7578947368421054,1310.0,close,2.2842105263157895,1085.0,thesis_flip
2024-06-12,1,2024-06-12 09:45:00,2024-06-12 10:12:00,2024-06-12 10:14:00,2024-06-12 10:15:00,20935.25,20906.0,29.25,-1.0256410256410255,-600.0,stop,0.10256410256410256,60.0,thesis_flip
2024-06-14,1,2024-06-14 09:45:00,2024-06-14 10:11:00,2024-06-14 10:16:00,2024-06-14 10:17:00,21035.25,21011.25,24.0,-1.03125,-495.0,stop,-1.03125,-495.0,stop
2024-06-18,-1,2024-06-18 09:45:00,2024-06-18 09:53:00,2024-06-18 09:59:00,2024-06-18 10:00:00,21343.0,21368.25,25.25,-1.0297029702970297,-520.0,stop,-1.0297029702970297,-520.0,stop
2024-06-19,-1,2024-06-19 10:30:00,2024-06-19 10:43:00,2024-06-19 10:48:00,2024-06-19 10:49:00,21401.25,21405.25,4.0,-1.1875,-95.0,stop,-1.1875,-95.0,stop
2024-06-20,-1,2024-06-20 10:05:00,2024-06-20 10:20:00,2024-06-20 10:35:00,2024-06-20 10:36:00,21334.5,21362.5,28.0,-1.0267857142857142,-575.0,stop,-1.0267857142857142,-575.0,stop
2024-06-21,-1,2024-06-21 09:45:00,2024-06-21 10:02:00,2024-06-21 10:03:00,2024-06-21 10:04:00,21122.25,21142.25,20.0,-1.0375,-415.0,stop,-1.0375,-415.0,stop
2024-06-26,1,2024-06-26 09:45:00,2024-06-26 10:34:00,2024-06-26 10:35:00,2024-06-26 10:36:00,21155.25,21108.5,46.75,-1.0160427807486632,-950.0,stop,-0.3689839572192513,-345.0,thesis_flip
2024-06-27,1,2024-06-27 10:10:00,2024-06-27 10:22:00,2024-06-27 10:26:00,2024-06-27 10:27:00,21256.25,21229.5,26.75,-1.02803738317757,-550.0,stop,-1.02803738317757,-550.0,stop
2024-06-28,1,2024-06-28 09:45:00,2024-06-28 11:05:00,2024-06-28 11:11:00,2024-06-28 11:12:00,21269.5,21242.5,27.0,-1.0277777777777777,-555.0,stop,-1.0277777777777777,-555.0,stop
2024-07-01,-1,2024-07-01 09:45:00,2024-07-01 10:04:00,2024-07-01 10:10:00,2024-07-01 10:11:00,21047.75,21096.75,49.0,-1.0153061224489797,-995.0,stop,-1.0153061224489797,-995.0,stop
2024-07-03,1,2024-07-03 09:45:00,2024-07-03 09:53:00,2024-07-03 09:56:00,2024-07-03 09:57:00,21445.75,21420.25,25.5,-1.0294117647058822,-525.0,stop,-1.0294117647058822,-525.0,stop
2024-07-04,-1,2024-07-04 09:45:00,2024-07-04 09:52:00,2024-07-04 09:53:00,2024-07-04 09:54:00,21548.0,21554.25,6.25,-1.12,-140.0,stop,0.2,25.0,thesis_flip
2024-07-05,1,2024-07-05 09:55:00,2024-07-05 10:22:00,2024-07-05 10:33:00,2024-07-05 10:34:00,21690.5,21626.25,64.25,1.4708171206225682,1890.0,close,-0.058365758754863814,-75.0,thesis_flip
2024-07-09,-1,2024-07-09 10:20:00,2024-07-09 10:32:00,2024-07-09 10:49:00,2024-07-09 10:50:00,21880.5,21906.0,25.5,1.4411764705882353,735.0,close,0.5392156862745098,275.0,thesis_flip
2024-07-10,1,2024-07-10 09:45:00,2024-07-10 09:55:00,2024-07-10 10:04:00,2024-07-10 10:05:00,21939.75,21913.0,26.75,-1.02803738317757,-550.0,stop,-1.02803738317757,-550.0,stop
2024-07-11,-1,2024-07-11 09:50:00,2024-07-11 10:01:00,2024-07-11 10:09:00,2024-07-11 10:10:00,21979.0,22036.0,57.0,6.745614035087719,7690.0,close,5.280701754385965,6020.0,thesis_flip
2024-07-15,1,2024-07-15 10:20:00,2024-07-15 10:34:00,2024-07-15 10:35:00,2024-07-15 10:36:00,21869.75,21825.25,44.5,-1.0168539325842696,-905.0,stop,0.6067415730337079,540.0,thesis_flip
2024-07-16,-1,2024-07-16 09:45:00,2024-07-16 09:58:00,2024-07-16 10:01:00,2024-07-16 10:02:00,21725.5,21799.75,74.25,-0.5218855218855218,-775.0,close,0.265993265993266,395.0,thesis_flip
2024-07-17,-1,2024-07-17 09:55:00,2024-07-17 10:12:00,2024-07-17 10:25:00,2024-07-17 10:26:00,21284.75,21376.75,92.0,1.391304347826087,2560.0,close,0.7907608695652174,1455.0,thesis_flip
2024-07-18,-1,2024-07-18 09:50:00,2024-07-18 09:59:00,2024-07-18 10:18:00,2024-07-18 10:19:00,21245.0,21271.0,26.0,7.259615384615385,3775.0,close,2.9423076923076925,1530.0,thesis_flip
2024-07-19,-1,2024-07-19 10:25:00,2024-07-19 10:55:00,2024-07-19 11:07:00,2024-07-19 11:08:00,21013.0,21039.25,26.25,5.2,2730.0,close,3.276190476190476,1720.0,thesis_flip
2024-07-22,1,2024-07-22 09:45:00,2024-07-22 10:16:00,2024-07-22 10:20:00,2024-07-22 10:21:00,21109.25,21059.0,50.25,-1.0149253731343284,-1020.0,stop,0.373134328358209,375.0,thesis_flip
2024-07-25,-1,2024-07-25 09:50:00,2024-07-25 10:38:00,2024-07-25 10:48:00,2024-07-25 10:49:00,20289.25,20330.0,40.75,-1.01840490797546,-830.0,stop,-1.01840490797546,-830.0,stop
2024-07-26,-1,2024-07-26 09:45:00,2024-07-26 09:55:00,2024-07-26 10:04:00,2024-07-26 10:05:00,20272.0,20337.75,65.75,-1.0114068441064639,-1330.0,stop,-0.5893536121673004,-775.0,thesis_flip
2024-07-29,1,2024-07-29 09:55:00,2024-07-29 10:06:00,2024-07-29 10:16:00,2024-07-29 10:17:00,20443.25,20405.25,38.0,-1.019736842105263,-775.0,stop,-0.40789473684210525,-310.0,thesis_flip
2024-07-31,1,2024-07-31 10:05:00,2024-07-31 10:14:00,2024-07-31 10:17:00,2024-07-31 10:18:00,20610.25,20577.5,32.75,-1.0229007633587786,-670.0,stop,-1.0229007633587786,-670.0,stop
2024-08-02,-1,2024-08-02 10:05:00,2024-08-02 10:56:00,2024-08-02 10:57:00,2024-08-02 10:58:00,19599.0,19717.0,118.0,-1.00635593220339,-2375.0,stop,-0.2245762711864407,-530.0,thesis_flip
2024-08-05,1,2024-08-05 09:45:00,2024-08-05 09:57:00,2024-08-05 10:00:00,2024-08-05 10:01:00,19207.5,19022.5,185.0,-1.0040540540540541,-3715.0,stop,-1.0040540540540541,-3715.0,stop
2024-08-06,1,2024-08-06 10:10:00,2024-08-06 10:17:00,2024-08-06 10:18:00,2024-08-06 10:19:00,19369.5,19310.75,58.75,-1.0127659574468084,-1190.0,stop,-1.0127659574468084,-1190.0,stop
2024-08-07,-1,2024-08-07 10:25:00,2024-08-07 10:33:00,2024-08-07 11:01:00,2024-08-07 11:02:00,19660.25,19710.5,50.25,-1.0149253731343284,-1020.0,stop,-1.0149253731343284,-1020.0,stop
2024-08-08,1,2024-08-08 10:00:00,2024-08-08 10:18:00,2024-08-08 10:24:00,2024-08-08 10:25:00,19496.0,19395.25,100.75,1.8511166253101736,3730.0,close,0.03722084367245657,75.0,thesis_flip
2024-08-13,1,2024-08-13 09:45:00,2024-08-13 09:59:00,2024-08-13 10:12:00,2024-08-13 10:13:00,20080.5,20030.25,50.25,-1.0149253731343284,-1020.0,stop,-1.0149253731343284,-1020.0,stop
2024-08-14,-1,2024-08-14 09:50:00,2024-08-14 10:08:00,2024-08-14 10:10:00,2024-08-14 10:11:00,20167.0,20219.0,52.0,-1.0144230769230769,-1055.0,stop,-0.5817307692307693,-605.0,thesis_flip
2024-08-16,1,2024-08-16 10:15:00,2024-08-16 10:53:00,2024-08-16 11:04:00,2024-08-16 11:05:00,20707.0,20660.0,47.0,-1.0159574468085106,-955.0,stop,-1.0159574468085106,-955.0,stop
2024-08-20,1,2024-08-20 09:50:00,2024-08-20 10:15:00,2024-08-20 10:21:00,2024-08-20 10:22:00,21000.5,20978.0,22.5,-1.0333333333333334,-465.0,stop,-1.0333333333333334,-465.0,stop
2024-08-21,1,2024-08-21 09:50:00,2024-08-21 10:21:00,2024-08-21 10:36:00,2024-08-21 10:37:00,21099.0,21004.75,94.25,-1.0079575596816976,-1900.0,stop,-1.0079575596816976,-1900.0,stop
2024-08-26,-1,2024-08-26 09:45:00,2024-08-26 09:55:00,2024-08-26 10:07:00,2024-08-26 10:08:00,20861.5,20911.0,49.5,2.085858585858586,2065.0,close,2.5303030303030303,2505.0,thesis_flip
2024-08-27,1,2024-08-27 09:50:00,2024-08-27 09:59:00,2024-08-27 10:10:00,2024-08-27 10:11:00,20743.0,20691.5,51.5,1.3883495145631068,1430.0,close,1.470873786407767,1515.0,thesis_flip
2024-08-28,-1,2024-08-28 09:45:00,2024-08-28 10:29:00,2024-08-28 10:34:00,2024-08-28 10:35:00,20721.25,20757.25,36.0,3.763888888888889,2710.0,close,4.729166666666667,3405.0,thesis_flip
2024-08-29,1,2024-08-29 09:45:00,2024-08-29 09:58:00,2024-08-29 10:23:00,2024-08-29 10:24:00,20735.0,20694.75,40.25,-1.0186335403726707,-820.0,stop,1.2732919254658386,1025.0,thesis_flip
2024-08-30,1,2024-08-30 10:05:00,2024-08-30 10:16:00,2024-08-30 10:17:00,2024-08-30 10:18:00,20751.25,20723.25,28.0,-1.0267857142857142,-575.0,stop,-1.0267857142857142,-575.0,stop
2024-09-03,-1,2024-09-03 09:50:00,2024-09-03 10:02:00,2024-09-03 10:04:00,2024-09-03 10:05:00,20501.5,20550.0,48.5,6.690721649484536,6490.0,close,2.7628865979381443,2680.0,thesis_flip
2024-09-04,1,2024-09-04 09:45:00,2024-09-04 09:52:00,2024-09-04 09:54:00,2024-09-04 09:55:00,20145.75,20112.75,33.0,-1.0227272727272727,-675.0,stop,-1.0227272727272727,-675.0,stop
2024-09-05,1,2024-09-05 09:50:00,2024-09-05 09:57:00,2024-09-05 09:58:00,2024-09-05 09:59:00,20222.75,20185.0,37.75,-1.0198675496688743,-770.0,stop,-0.5231788079470199,-395.0,thesis_flip
2024-09-09,1,2024-09-09 09:55:00,2024-09-09 10:01:00,2024-09-09 10:03:00,2024-09-09 10:04:00,19855.5,19837.0,18.5,-1.0405405405405406,-385.0,stop,-1.0405405405405406,-385.0,stop
2024-09-10,-1,2024-09-10 10:10:00,2024-09-10 10:18:00,2024-09-10 10:22:00,2024-09-10 10:23:00,19870.5,19906.25,35.75,-1.020979020979021,-730.0,stop,-1.020979020979021,-730.0,stop
2024-09-12,-1,2024-09-12 09:45:00,2024-09-12 09:56:00,2024-09-12 09:57:00,2024-09-12 09:58:00,20393.75,20430.0,36.25,-1.0206896551724138,-740.0,stop,-1.0206896551724138,-740.0,stop
2024-09-13,1,2024-09-13 10:05:00,2024-09-13 10:18:00,2024-09-13 10:24:00,2024-09-13 10:25:00,20686.0,20634.25,51.75,-1.0144927536231885,-1050.0,stop,-1.0144927536231885,-1050.0,stop
2024-09-17,-1,2024-09-17 09:45:00,2024-09-17 09:55:00,2024-09-17 10:20:00,2024-09-17 10:21:00,20722.25,20753.0,30.75,-1.024390243902439,-630.0,stop,-1.024390243902439,-630.0,stop
2024-09-18,-1,2024-09-18 10:15:00,2024-09-18 10:23:00,2024-09-18 10:50:00,2024-09-18 10:51:00,20637.0,20659.0,22.0,-1.0340909090909092,-455.0,stop,3.022727272727273,1330.0,thesis_flip
2024-09-19,1,2024-09-19 10:15:00,2024-09-19 10:29:00,2024-09-19 10:30:00,2024-09-19 10:31:00,21075.75,21006.5,69.25,-1.0108303249097472,-1400.0,stop,-0.35018050541516244,-485.0,thesis_flip
2024-09-23,1,2024-09-23 09:45:00,2024-09-23 09:53:00,2024-09-23 10:18:00,2024-09-23 10:19:00,21012.75,20978.5,34.25,-1.0218978102189782,-700.0,stop,-0.5255474452554745,-360.0,thesis_flip
2024-09-25,1,2024-09-25 09:55:00,2024-09-25 10:52:00,2024-09-25 11:08:00,2024-09-25 11:09:00,21178.25,21139.5,38.75,-1.0193548387096774,-790.0,stop,-1.0193548387096774,-790.0,stop
2024-09-27,-1,2024-09-27 10:15:00,2024-09-27 10:23:00,2024-09-27 10:29:00,2024-09-27 10:30:00,21247.75,21274.0,26.25,3.4285714285714284,1800.0,close,1.2285714285714286,645.0,thesis_flip
2024-09-30,-1,2024-09-30 10:10:00,2024-09-30 10:18:00,2024-09-30 10:24:00,2024-09-30 10:25:00,21076.25,21111.75,35.5,-1.0211267605633803,-725.0,stop,-1.0211267605633803,-725.0,stop
2024-10-01,-1,2024-10-01 09:45:00,2024-10-01 10:04:00,2024-10-01 10:06:00,2024-10-01 10:07:00,20945.75,21012.75,67.0,-1.0111940298507462,-1355.0,stop,0.9514925373134329,1275.0,thesis_flip
2024-10-02,1,2024-10-02 10:15:00,2024-10-02 10:24:00,2024-10-02 10:25:00,2024-10-02 10:26:00,20907.25,20881.0,26.25,1.3904761904761904,730.0,close,0.6190476190476191,325.0,thesis_flip
2024-10-03,1,2024-10-03 09:50:00,2024-10-03 10:24:00,2024-10-03 10:32:00,2024-10-03 10:33:00,20919.0,20866.5,52.5,-1.0142857142857142,-1065.0,stop,-1.0142857142857142,-1065.0,stop
2024-10-09,1,2024-10-09 10:10:00,2024-10-09 10:29:00,2024-10-09 10:50:00,2024-10-09 10:51:00,21265.5,21228.5,37.0,3.418918918918919,2530.0,close,2.1486486486486487,1590.0,thesis_flip
2024-10-10,-1,2024-10-10 09:45:00,2024-10-10 09:58:00,2024-10-10 09:59:00,2024-10-10 10:00:00,21292.0,21320.0,28.0,-1.0267857142857142,-575.0,stop,-1.0267857142857142,-575.0,stop
2024-10-11,1,2024-10-11 09:45:00,2024-10-11 09:56:00,2024-10-11 10:06:00,2024-10-11 10:07:00,21323.25,21260.0,63.25,0.9525691699604744,1205.0,close,0.8221343873517787,1040.0,thesis_flip
2024-10-14,1,2024-10-14 09:45:00,2024-10-14 10:19:00,2024-10-14 10:25:00,2024-10-14 10:26:00,21572.5,21526.75,45.75,-1.0163934426229508,-930.0,stop,-0.22404371584699453,-205.0,thesis_flip
2024-10-16,-1,2024-10-16 09:55:00,2024-10-16 10:17:00,2024-10-16 10:18:00,2024-10-16 10:19:00,21221.5,21243.0,21.5,-1.0348837209302326,-445.0,stop,-1.0348837209302326,-445.0,stop
2024-10-18,1,2024-10-18 10:05:00,2024-10-18 10:22:00,2024-10-18 10:29:00,2024-10-18 10:30:00,21434.25,21402.75,31.5,-1.0238095238095237,-645.0,stop,-1.0238095238095237,-645.0,stop
2024-10-21,1,2024-10-21 09:45:00,2024-10-21 09:54:00,2024-10-21 10:03:00,2024-10-21 10:04:00,21444.0,21406.75,37.25,-1.0201342281879195,-760.0,stop,-0.06040268456375839,-45.0,thesis_flip
2024-10-22,1,2024-10-22 10:10:00,2024-10-22 10:55:00,2024-10-22 11:00:00,2024-10-22 11:01:00,21433.5,21384.25,49.25,-1.015228426395939,-1000.0,stop,-0.5228426395939086,-515.0,thesis_flip
2024-10-23,-1,2024-10-23 10:00:00,2024-10-23 10:37:00,2024-10-23 10:51:00,2024-10-23 10:52:00,21362.75,21392.25,29.5,7.093220338983051,4185.0,close,3.016949152542373,1780.0,thesis_flip
2024-10-24,-1,2024-10-24 09:45:00,2024-10-24 09:59:00,2024-10-24 10:18:00,2024-10-24 10:19:00,21276.75,21313.0,36.25,-1.0206896551724138,-740.0,stop,-0.6275862068965518,-455.0,thesis_flip
2024-10-28,-1,2024-10-28 09:50:00,2024-10-28 10:03:00,2024-10-28 10:33:00,2024-10-28 10:34:00,21513.0,21545.5,32.5,-1.023076923076923,-665.0,stop,-1.023076923076923,-665.0,stop
2024-10-30,1,2024-10-30 10:15:00,2024-10-30 10:24:00,2024-10-30 10:27:00,2024-10-30 10:28:00,21630.25,21602.0,28.25,-1.0265486725663717,-580.0,stop,-1.0265486725663717,-580.0,stop
2024-11-01,1,2024-11-01 09:55:00,2024-11-01 10:02:00,2024-11-01 10:07:00,2024-11-01 10:08:00,21116.5,21066.75,49.75,-1.015075376884422,-1010.0,stop,0.2814070351758794,280.0,thesis_flip
2024-11-05,1,2024-11-05 09:45:00,2024-11-05 11:05:00,2024-11-05 11:07:00,2024-11-05 11:08:00,21220.0,21167.0,53.0,1.0377358490566038,1100.0,close,1.2122641509433962,1285.0,thesis_flip
2024-11-07,1,2024-11-07 09:55:00,2024-11-07 10:13:00,2024-11-07 10:36:00,2024-11-07 10:37:00,22058.75,22021.0,37.75,2.556291390728477,1930.0,close,1.2317880794701987,930.0,thesis_flip
2024-11-08,-1,2024-11-08 10:05:00,2024-11-08 10:25:00,2024-11-08 10:35:00,2024-11-08 10:36:00,22125.25,22146.0,20.75,-1.036144578313253,-430.0,stop,-0.6626506024096386,-275.0,thesis_flip
2024-11-11,-1,2024-11-11 09:45:00,2024-11-11 10:13:00,2024-11-11 10:16:00,2024-11-11 10:17:00,22118.0,22141.0,23.0,-1.0326086956521738,-475.0,stop,-1.0326086956521738,-475.0,stop
2024-11-13,-1,2024-11-13 09:45:00,2024-11-13 09:53:00,2024-11-13 10:00:00,2024-11-13 10:01:00,22045.5,22096.25,50.75,-1.0147783251231528,-1030.0,stop,-0.37438423645320196,-380.0,thesis_flip
2024-11-14,-1,2024-11-14 10:15:00,2024-11-14 10:33:00,2024-11-14 10:56:00,2024-11-14 10:57:00,22034.25,22072.75,38.5,-1.0194805194805194,-785.0,stop,-0.6168831168831169,-475.0,thesis_flip
2024-11-18,1,2024-11-18 10:00:00,2024-11-18 10:09:00,2024-11-18 10:11:00,2024-11-18 10:12:00,21526.0,21502.5,23.5,1.6702127659574468,785.0,close,3.5851063829787235,1685.0,thesis_flip
2024-11-19,1,2024-11-19 10:25:00,2024-11-19 10:32:00,2024-11-19 10:33:00,2024-11-19 10:34:00,21551.5,21517.0,34.5,4.282608695652174,2955.0,close,1.3478260869565217,930.0,thesis_flip
2024-11-20,-1,2024-11-20 09:55:00,2024-11-20 10:08:00,2024-11-20 10:09:00,2024-11-20 10:10:00,21482.25,21579.5,97.25,-1.0077120822622108,-1960.0,stop,-0.12596401028277635,-245.0,thesis_flip
2024-11-21,-1,2024-11-21 10:00:00,2024-11-21 10:18:00,2024-11-21 10:22:00,2024-11-21 10:23:00,21589.75,21650.5,60.75,-1.0123456790123457,-1230.0,stop,0.2839506172839506,345.0,thesis_flip
2024-11-22,-1,2024-11-22 10:25:00,2024-11-22 10:47:00,2024-11-22 10:49:00,2024-11-22 10:50:00,21752.5,21786.5,34.0,-1.0220588235294117,-695.0,stop,0.3897058823529412,265.0,thesis_flip
2024-11-25,-1,2024-11-25 09:50:00,2024-11-25 10:03:00,2024-11-25 10:09:00,2024-11-25 10:10:00,21855.25,21893.0,37.75,-1.0198675496688743,-770.0,stop,-0.26490066225165565,-200.0,thesis_flip
2024-11-26,1,2024-11-26 09:45:00,2024-11-26 09:58:00,2024-11-26 10:13:00,2024-11-26 10:14:00,21903.0,21864.0,39.0,-1.0192307692307692,-795.0,stop,-1.0192307692307692,-795.0,stop
2024-11-27,-1,2024-11-27 09:50:00,2024-11-27 10:02:00,2024-11-27 10:09:00,2024-11-27 10:10:00,21776.25,21798.25,22.0,1.125,495.0,close,4.454545454545454,1960.0,thesis_flip
2024-11-28,1,2024-11-28 10:20:00,2024-11-28 10:31:00,2024-11-28 10:41:00,2024-11-28 10:42:00,21827.0,21821.25,5.75,-1.1304347826086956,-130.0,stop,1.3043478260869565,150.0,thesis_flip
2024-12-02,1,2024-12-02 09:45:00,2024-12-02 09:55:00,2024-12-02 10:00:00,2024-12-02 10:01:00,22111.0,22061.0,50.0,0.795,795.0,close,-0.16,-160.0,thesis_flip
2024-12-04,1,2024-12-04 10:05:00,2024-12-04 10:21:00,2024-12-04 10:28:00,2024-12-04 10:29:00,22393.25,22350.25,43.0,1.808139534883721,1555.0,close,0.28488372093023256,245.0,thesis_flip
2024-12-05,-1,2024-12-05 09:45:00,2024-12-05 09:57:00,2024-12-05 10:05:00,2024-12-05 10:06:00,22449.75,22464.25,14.5,-1.0517241379310345,-305.0,stop,-1.0517241379310345,-305.0,stop
2024-12-09,1,2024-12-09 09:45:00,2024-12-09 09:55:00,2024-12-09 10:00:00,2024-12-09 10:01:00,22562.75,22549.5,13.25,-1.0566037735849056,-280.0,stop,-1.0566037735849056,-280.0,stop
2024-12-10,1,2024-12-10 10:00:00,2024-12-10 10:09:00,2024-12-10 10:14:00,2024-12-10 10:15:00,22529.5,22503.75,25.75,-1.029126213592233,-530.0,stop,-1.029126213592233,-530.0,stop
2024-12-16,1,2024-12-16 09:50:00,2024-12-16 10:03:00,2024-12-16 10:23:00,2024-12-16 10:24:00,22893.0,22854.25,38.75,3.825806451612903,2965.0,close,1.1419354838709677,885.0,thesis_flip
2024-12-17,-1,2024-12-17 10:00:00,2024-12-17 10:14:00,2024-12-17 10:15:00,2024-12-17 10:16:00,22890.0,22951.25,61.25,-1.0122448979591836,-1240.0,stop,-0.49795918367346936,-610.0,thesis_flip
2024-12-18,1,2024-12-18 10:10:00,2024-12-18 10:19:00,2024-12-18 10:21:00,2024-12-18 10:22:00,22942.75,22925.5,17.25,-1.0434782608695652,-360.0,stop,-1.0434782608695652,-360.0,stop
2024-12-19,-1,2024-12-19 09:50:00,2024-12-19 09:59:00,2024-12-19 10:01:00,2024-12-19 10:02:00,22183.0,22237.25,54.25,-1.0138248847926268,-1100.0,stop,-1.0138248847926268,-1100.0,stop
2024-12-23,-1,2024-12-23 09:45:00,2024-12-23 09:55:00,2024-12-23 10:00:00,2024-12-23 10:01:00,22245.0,22285.75,40.75,-1.01840490797546,-830.0,stop,0.08588957055214724,70.0,thesis_flip
2024-12-26,-1,2024-12-26 09:45:00,2024-12-26 09:54:00,2024-12-26 10:06:00,2024-12-26 10:07:00,22590.0,22613.5,23.5,-1.0319148936170213,-485.0,stop,-1.0319148936170213,-485.0,stop
2024-12-30,-1,2024-12-30 09:55:00,2024-12-30 10:05:00,2024-12-30 10:17:00,2024-12-30 10:18:00,21928.75,21988.0,59.25,-1.0126582278481013,-1200.0,stop,-1.0126582278481013,-1200.0,stop
2024-12-31,-1,2024-12-31 10:05:00,2024-12-31 10:12:00,2024-12-31 10:33:00,2024-12-31 10:34:00,22021.25,22101.5,80.25,2.0841121495327104,3345.0,close,0.735202492211838,1180.0,thesis_flip
2025-01-02,1,2025-01-02 09:50:00,2025-01-02 10:01:00,2025-01-02 10:04:00,2025-01-02 10:05:00,22045.75,22003.0,42.75,-1.0175438596491229,-870.0,stop,-1.0175438596491229,-870.0,stop
2025-01-06,1,2025-01-06 09:45:00,2025-01-06 09:56:00,2025-01-06 10:09:00,2025-01-06 10:10:00,22460.25,22425.0,35.25,-1.0212765957446808,-720.0,stop,-1.0212765957446808,-720.0,stop
2025-01-10,-1,2025-01-10 09:45:00,2025-01-10 09:58:00,2025-01-10 10:00:00,2025-01-10 10:01:00,21612.0,21702.5,90.5,-1.0082872928176796,-1825.0,stop,-0.2430939226519337,-440.0,thesis_flip
2025-01-13,1,2025-01-13 09:50:00,2025-01-13 10:07:00,2025-01-13 10:18:00,2025-01-13 10:19:00,21428.5,21388.0,40.5,-1.0185185185185186,-825.0,stop,-1.0185185185185186,-825.0,stop
2025-01-14,-1,2025-01-14 09:50:00,2025-01-14 10:00:00,2025-01-14 10:19:00,2025-01-14 10:20:00,21706.75,21744.0,37.25,4.006711409395973,2985.0,close,5.476510067114094,4080.0,thesis_flip
2025-01-15,1,2025-01-15 09:45:00,2025-01-15 09:59:00,2025-01-15 10:00:00,2025-01-15 10:01:00,21988.5,21921.25,67.25,-1.0111524163568772,-1360.0,stop,-0.5427509293680297,-730.0,thesis_flip
2025-01-16,-1,2025-01-16 09:45:00,2025-01-16 09:54:00,2025-01-16 09:59:00,2025-01-16 10:00:00,22010.5,22049.0,38.5,-1.0194805194805194,-785.0,stop,-1.0194805194805194,-785.0,stop
2025-01-21,-1,2025-01-21 09:50:00,2025-01-21 09:58:00,2025-01-21 10:11:00,2025-01-21 10:12:00,22199.0,22269.5,70.5,-1.0106382978723405,-1425.0,stop,-1.0106382978723405,-1425.0,stop
2025-01-22,1,2025-01-22 09:45:00,2025-01-22 09:58:00,2025-01-22 10:06:00,2025-01-22 10:07:00,22647.25,22609.0,38.25,-0.45098039215686275,-345.0,close,-0.026143790849673203,-20.0,thesis_flip
2025-01-23,1,2025-01-23 10:30:00,2025-01-23 10:39:00,2025-01-23 10:46:00,2025-01-23 10:47:00,22563.5,22545.5,18.0,-1.0416666666666667,-375.0,stop,-0.6944444444444444,-250.0,thesis_flip
2025-01-24,1,2025-01-24 09:45:00,2025-01-24 09:56:00,2025-01-24 10:06:00,2025-01-24 10:07:00,22667.25,22649.0,18.25,-1.0410958904109588,-380.0,stop,-1.0410958904109588,-380.0,stop
2025-01-27,1,2025-01-27 09:55:00,2025-01-27 10:06:00,2025-01-27 10:07:00,2025-01-27 10:08:00,21961.0,21901.25,59.75,-1.0125523012552302,-1210.0,stop,-1.0125523012552302,-1210.0,stop
2025-01-28,1,2025-01-28 10:00:00,2025-01-28 10:15:00,2025-01-28 10:22:00,2025-01-28 10:23:00,22040.0,21946.75,93.25,1.7989276139410189,3355.0,close,0.34048257372654156,635.0,thesis_flip
2025-01-31,1,2025-01-31 09:50:00,2025-01-31 10:04:00,2025-01-31 10:10:00,2025-01-31 10:11:00,22531.75,22461.75,70.0,-1.0107142857142857,-1415.0,stop,0.4785714285714286,670.0,thesis_flip
2025-02-03,-1,2025-02-03 10:00:00,2025-02-03 10:08:00,2025-02-03 10:10:00,2025-02-03 10:11:00,21792.0,21848.0,56.0,-1.0133928571428572,-1135.0,stop,-1.0133928571428572,-1135.0,stop
2025-02-06,1,2025-02-06 10:05:00,2025-02-06 10:26:00,2025-02-06 10:33:00,2025-02-06 10:34:00,22438.5,22411.25,27.25,-1.0275229357798166,-560.0,stop,-1.0275229357798166,-560.0,stop
2025-02-12,1,2025-02-12 09:55:00,2025-02-12 10:04:00,2025-02-12 10:15:00,2025-02-12 10:16:00,22251.75,22213.5,38.25,4.771241830065359,3650.0,close,2.104575163398693,1610.0,thesis_flip
2025-02-14,1,2025-02-14 10:05:00,2025-02-14 10:17:00,2025-02-14 10:35:00,2025-02-14 10:36:00,22764.75,22750.25,14.5,-1.0517241379310345,-305.0,stop,-1.0517241379310345,-305.0,stop
2025-02-18,-1,2025-02-18 09:45:00,2025-02-18 09:55:00,2025-02-18 09:59:00,2025-02-18 10:00:00,22835.25,22857.75,22.5,-1.0333333333333334,-465.0,stop,0.8333333333333334,375.0,thesis_flip
2025-02-19,-1,2025-02-19 09:55:00,2025-02-19 10:06:00,2025-02-19 10:08:00,2025-02-19 10:09:00,22757.0,22813.0,56.0,-1.0133928571428572,-1135.0,stop,-1.0133928571428572,-1135.0,stop
2025-02-26,1,2025-02-26 09:45:00,2025-02-26 09:53:00,2025-02-26 09:54:00,2025-02-26 09:55:00,21939.75,21893.0,46.75,-1.0160427807486632,-950.0,stop,-0.5401069518716578,-505.0,thesis_flip
2025-02-28,1,2025-02-28 10:10:00,2025-02-28 10:18:00,2025-02-28 10:22:00,2025-02-28 10:23:00,21307.0,21255.25,51.75,-1.0144927536231885,-1050.0,stop,0.48792270531400966,505.0,thesis_flip
2025-03-03,-1,2025-03-03 09:50:00,2025-03-03 10:32:00,2025-03-03 10:33:00,2025-03-03 10:34:00,21571.5,21622.25,50.75,9.147783251231527,9285.0,close,0.07389162561576355,75.0,thesis_flip
2025-03-04,-1,2025-03-04 09:55:00,2025-03-04 10:47:00,2025-03-04 10:53:00,2025-03-04 10:54:00,20808.75,20896.5,87.75,-1.0085470085470085,-1770.0,stop,-1.0085470085470085,-1770.0,stop
2025-03-07,1,2025-03-07 09:45:00,2025-03-07 09:54:00,2025-03-07 10:02:00,2025-03-07 10:03:00,20778.0,20714.75,63.25,-1.0118577075098814,-1280.0,stop,-1.0118577075098814,-1280.0,stop
2025-03-10,-1,2025-03-10 09:50:00,2025-03-10 10:04:00,2025-03-10 10:17:00,2025-03-10 10:18:00,20330.5,20461.0,130.5,1.814176245210728,4735.0,close,0.6877394636015326,1795.0,thesis_flip
2025-03-11,-1,2025-03-11 10:00:00,2025-03-11 10:13:00,2025-03-11 10:14:00,2025-03-11 10:15:00,20073.25,20171.0,97.75,-1.0076726342710998,-1970.0,stop,0.29923273657289,585.0,thesis_flip
2025-03-13,-1,2025-03-13 09:50:00,2025-03-13 10:18:00,2025-03-13 10:27:00,2025-03-13 10:28:00,20163.5,20203.0,39.5,7.044303797468355,5565.0,close,1.759493670886076,1390.0,thesis_flip
2025-03-18,-1,2025-03-18 09:55:00,2025-03-18 10:12:00,2025-03-18 10:44:00,2025-03-18 10:45:00,20116.5,20161.0,44.5,-1.0168539325842696,-905.0,stop,0.3146067415730337,280.0,thesis_flip
2025-03-19,1,2025-03-19 09:50:00,2025-03-19 10:48:00,2025-03-19 10:57:00,2025-03-19 10:58:00,20234.5,20215.25,19.25,-1.0389610389610389,-400.0,stop,4.64935064935065,1790.0,thesis_flip
2025-03-20,1,2025-03-20 09:45:00,2025-03-20 09:54:00,2025-03-20 09:59:00,2025-03-20 10:00:00,20361.5,20320.75,40.75,-1.01840490797546,-830.0,stop,2.6503067484662575,2160.0,thesis_flip
2025-03-21,1,2025-03-21 10:10:00,2025-03-21 10:20:00,2025-03-21 10:21:00,2025-03-21 10:22:00,20157.25,20123.25,34.0,-1.0220588235294117,-695.0,stop,-0.49264705882352944,-335.0,thesis_flip
2025-03-24,1,2025-03-24 09:45:00,2025-03-24 10:15:00,2025-03-24 10:19:00,2025-03-24 10:20:00,20761.75,20702.0,59.75,0.5104602510460251,610.0,close,-0.04184100418410042,-50.0,thesis_flip
2025-03-25,1,2025-03-25 10:25:00,2025-03-25 10:39:00,2025-03-25 10:41:00,2025-03-25 10:42:00,20902.25,20849.0,53.25,-1.0140845070422535,-1080.0,stop,-0.6431924882629108,-685.0,thesis_flip
2025-04-02,1,2025-04-02 09:45:00,2025-04-02 09:57:00,2025-04-02 10:00:00,2025-04-02 10:01:00,20003.5,19940.25,63.25,-1.0118577075098814,-1280.0,stop,-1.0118577075098814,-1280.0,stop
2025-04-04,-1,2025-04-04 10:10:00,2025-04-04 10:25:00,2025-04-04 10:27:00,2025-04-04 10:28:00,18387.0,18499.0,112.0,-1.0066964285714286,-2255.0,stop,0.9308035714285714,2085.0,thesis_flip
2025-04-08,1,2025-04-08 09:50:00,2025-04-08 09:59:00,2025-04-08 10:05:00,2025-04-08 10:06:00,18740.25,18611.25,129.0,-1.005813953488372,-2595.0,stop,-0.23062015503875968,-595.0,thesis_flip
2025-04-10,-1,2025-04-10 09:55:00,2025-04-10 10:08:00,2025-04-10 10:10:00,2025-04-10 10:11:00,19041.5,19135.25,93.75,-1.008,-1890.0,stop,-1.008,-1890.0,stop
2025-04-16,-1,2025-04-16 09:50:00,2025-04-16 10:00:00,2025-04-16 10:13:00,2025-04-16 10:14:00,18999.25,19033.75,34.5,-1.0217391304347827,-705.0,stop,-1.0217391304347827,-705.0,stop
2025-04-17,-1,2025-04-17 10:20:00,2025-04-17 11:08:00,2025-04-17 11:09:00,2025-04-17 11:10:00,18811.25,18846.25,35.0,-1.0214285714285714,-715.0,stop,-1.0214285714285714,-715.0,stop
2025-04-22,1,2025-04-22 09:45:00,2025-04-22 10:01:00,2025-04-22 10:06:00,2025-04-22 10:07:00,18706.5,18626.25,80.25,1.2461059190031152,2000.0,close,0.8940809968847352,1435.0,thesis_flip
2025-04-23,1,2025-04-23 10:30:00,2025-04-23 10:45:00,2025-04-23 11:04:00,2025-04-23 11:05:00,19502.0,19427.0,75.0,-1.01,-1515.0,stop,-1.01,-1515.0,stop
2025-04-28,-1,2025-04-28 09:55:00,2025-04-28 10:08:00,2025-04-28 10:11:00,2025-04-28 10:12:00,19923.0,19951.75,28.75,-1.0260869565217392,-590.0,stop,-1.0260869565217392,-590.0,stop
2025-04-29,1,2025-04-29 09:45:00,2025-04-29 10:07:00,2025-04-29 10:13:00,2025-04-29 10:14:00,20001.0,19893.5,107.5,0.6604651162790698,1420.0,close,-0.6511627906976745,-1400.0,thesis_flip
2025-04-30,-1,2025-04-30 09:55:00,2025-04-30 10:04:00,2025-04-30 10:17:00,2025-04-30 10:18:00,19663.75,19692.0,28.25,-1.0265486725663717,-580.0,stop,-1.0265486725663717,-580.0,stop
2025-05-01,-1,2025-05-01 09:55:00,2025-05-01 10:01:00,2025-05-01 10:10:00,2025-05-01 10:11:00,20316.5,20382.0,65.5,-1.0114503816793894,-1325.0,stop,-1.0114503816793894,-1325.0,stop
2025-05-02,1,2025-05-02 10:05:00,2025-05-02 10:17:00,2025-05-02 10:25:00,2025-05-02 10:26:00,20581.25,20539.75,41.5,0.7650602409638554,635.0,close,-0.3072289156626506,-255.0,thesis_flip
2025-05-05,1,2025-05-05 10:15:00,2025-05-05 10:27:00,2025-05-05 10:37:00,2025-05-05 10:38:00,20473.25,20436.25,37.0,0.5405405405405406,400.0,close,1.0,740.0,thesis_flip
2025-05-06,-1,2025-05-06 09:50:00,2025-05-06 09:58:00,2025-05-06 09:59:00,2025-05-06 10:00:00,20184.75,20210.5,25.75,-1.029126213592233,-530.0,stop,-1.029126213592233,-530.0,stop
2025-05-07,1,2025-05-07 09:55:00,2025-05-07 10:02:00,2025-05-07 10:17:00,2025-05-07 10:18:00,20379.25,20336.25,43.0,-1.0174418604651163,-875.0,stop,-1.0174418604651163,-875.0,stop
2025-05-08,-1,2025-05-08 09:45:00,2025-05-08 09:59:00,2025-05-08 10:11:00,2025-05-08 10:12:00,20470.0,20551.5,81.5,-1.00920245398773,-1645.0,stop,-0.22085889570552147,-360.0,thesis_flip
2025-05-12,-1,2025-05-12 10:25:00,2025-05-12 10:43:00,2025-05-12 10:58:00,2025-05-12 10:59:00,21200.25,21242.5,42.25,-1.017751479289941,-860.0,stop,-0.7041420118343196,-595.0,thesis_flip
2025-05-15,-1,2025-05-15 09:45:00,2025-05-15 09:56:00,2025-05-15 10:08:00,2025-05-15 10:09:00,21741.25,21773.75,32.5,-1.023076923076923,-665.0,stop,-0.3384615384615385,-220.0,thesis_flip
2025-05-20,-1,2025-05-20 09:45:00,2025-05-20 09:59:00,2025-05-20 10:09:00,2025-05-20 10:10:00,21796.25,21859.75,63.5,-1.0118110236220472,-1285.0,stop,-1.0118110236220472,-1285.0,stop
2025-05-21,1,2025-05-21 09:45:00,2025-05-21 09:52:00,2025-05-21 10:09:00,2025-05-21 10:10:00,21838.75,21789.75,49.0,-1.0153061224489797,-995.0,stop,2.1020408163265305,2060.0,thesis_flip
2025-05-22,1,2025-05-22 09:50:00,2025-05-22 10:26:00,2025-05-22 10:27:00,2025-05-22 10:28:00,21665.75,21637.5,28.25,-1.0265486725663717,-580.0,stop,-1.0265486725663717,-580.0,stop
2025-05-23,1,2025-05-23 10:10:00,2025-05-23 10:26:00,2025-05-23 10:33:00,2025-05-23 10:34:00,21392.5,21339.0,53.5,-1.014018691588785,-1085.0,stop,-0.7616822429906542,-815.0,thesis_flip
2025-05-28,-1,2025-05-28 09:45:00,2025-05-28 09:58:00,2025-05-28 10:16:00,2025-05-28 10:17:00,21888.0,21933.5,45.5,-1.0164835164835164,-925.0,stop,-0.14285714285714285,-130.0,thesis_flip
2025-05-29,-1,2025-05-29 09:45:00,2025-05-29 09:57:00,2025-05-29 10:03:00,2025-05-29 10:04:00,21927.25,21985.0,57.75,1.5238095238095237,1760.0,close,0.7489177489177489,865.0,thesis_flip
2025-05-30,-1,2025-05-30 09:55:00,2025-05-30 10:04:00,2025-05-30 10:30:00,2025-05-30 10:31:00,21801.5,21820.0,18.5,-1.0405405405405406,-385.0,stop,-1.0405405405405406,-385.0,stop
2025-06-03,1,2025-06-03 10:25:00,2025-06-03 10:40:00,2025-06-03 10:45:00,2025-06-03 10:46:00,22045.75,22011.25,34.5,2.471014492753623,1705.0,close,1.3623188405797102,940.0,thesis_flip
2025-06-04,-1,2025-06-04 10:00:00,2025-06-04 10:14:00,2025-06-04 10:37:00,2025-06-04 10:38:00,22172.75,22185.75,13.0,-1.0576923076923077,-275.0,stop,-1.0576923076923077,-275.0,stop
2025-06-05,-1,2025-06-05 10:05:00,2025-06-05 10:15:00,2025-06-05 10:31:00,2025-06-05 10:32:00,22206.5,22231.5,25.0,-1.03,-515.0,stop,-1.03,-515.0,stop
2025-06-06,1,2025-06-06 09:45:00,2025-06-06 09:58:00,2025-06-06 09:59:00,2025-06-06 10:00:00,22267.75,22230.5,37.25,-1.0201342281879195,-760.0,stop,-1.0201342281879195,-760.0,stop
2025-06-09,1,2025-06-09 10:05:00,2025-06-09 11:28:00,2025-06-09 11:30:00,2025-06-09 11:31:00,22262.5,22240.25,22.25,-0.7865168539325843,-350.0,close,-0.449438202247191,-200.0,thesis_flip
2025-06-11,1,2025-06-11 10:20:00,2025-06-11 11:13:00,2025-06-11 11:23:00,2025-06-11 11:24:00,22471.25,22413.5,57.75,-1.0129870129870129,-1170.0,stop,-0.8138528138528138,-940.0,thesis_flip
2025-06-13,-1,2025-06-13 10:25:00,2025-06-13 10:45:00,2025-06-13 10:48:00,2025-06-13 10:49:00,22127.75,22181.25,53.5,-1.014018691588785,-1085.0,stop,-1.014018691588785,-1085.0,stop
2025-06-17,1,2025-06-17 10:10:00,2025-06-17 10:21:00,2025-06-17 10:27:00,2025-06-17 10:28:00,22322.0,22309.25,12.75,-1.0588235294117647,-270.0,stop,-1.0588235294117647,-270.0,stop
2025-06-18,1,2025-06-18 09:45:00,2025-06-18 09:56:00,2025-06-18 10:03:00,2025-06-18 10:04:00,22240.75,22196.0,44.75,-1.0167597765363128,-910.0,stop,0.8603351955307262,770.0,thesis_flip
2025-06-19,-1,2025-06-19 09:45:00,2025-06-19 10:14:00,2025-06-19 10:31:00,2025-06-19 10:32:00,21918.75,21945.0,26.25,-1.0285714285714285,-540.0,stop,-1.0285714285714285,-540.0,stop
2025-06-25,-1,2025-06-25 10:10:00,2025-06-25 10:19:00,2025-06-25 10:47:00,2025-06-25 10:48:00,22718.75,22740.25,21.5,1.8255813953488371,785.0,close,2.7790697674418605,1195.0,thesis_flip
2025-06-26,1,2025-06-26 10:20:00,2025-06-26 10:29:00,2025-06-26 10:30:00,2025-06-26 10:31:00,22793.0,22779.5,13.5,-1.0555555555555556,-285.0,stop,-1.0555555555555556,-285.0,stop
2025-07-02,1,2025-07-02 09:50:00,2025-07-02 10:04:00,2025-07-02 10:06:00,2025-07-02 10:07:00,22957.75,22918.25,39.5,2.569620253164557,2030.0,close,0.8291139240506329,655.0,thesis_flip
2025-07-04,1,2025-07-04 09:50:00,2025-07-04 10:00:00,2025-07-04 10:14:00,2025-07-04 10:15:00,23132.25,23114.75,17.5,-1.042857142857143,-365.0,stop,0.9714285714285714,340.0,thesis_flip
2025-07-08,-1,2025-07-08 09:55:00,2025-07-08 10:03:00,2025-07-08 10:05:00,2025-07-08 10:06:00,23091.5,23114.75,23.25,-1.032258064516129,-480.0,stop,-1.032258064516129,-480.0,stop
2025-07-11,1,2025-07-11 09:55:00,2025-07-11 10:06:00,2025-07-11 10:07:00,2025-07-11 10:08:00,23186.25,23161.5,24.75,-1.0303030303030303,-510.0,stop,-1.0303030303030303,-510.0,stop
2025-07-16,-1,2025-07-16 09:50:00,2025-07-16 10:17:00,2025-07-16 10:25:00,2025-07-16 10:26:00,23200.75,23226.25,25.5,-1.0294117647058822,-525.0,stop,-1.0294117647058822,-525.0,stop
2025-07-17,1,2025-07-17 09:45:00,2025-07-17 10:31:00,2025-07-17 10:32:00,2025-07-17 10:33:00,23380.5,23330.5,50.0,1.84,1840.0,close,1.615,1615.0,thesis_flip
2025-07-23,-1,2025-07-23 09:55:00,2025-07-23 10:14:00,2025-07-23 10:26:00,2025-07-23 10:27:00,23392.5,23407.25,14.75,-1.0508474576271187,-310.0,stop,-1.0508474576271187,-310.0,stop
2025-07-25,1,2025-07-25 09:45:00,2025-07-25 09:54:00,2025-07-25 09:55:00,2025-07-25 09:56:00,23619.25,23588.5,30.75,0.5934959349593496,365.0,close,1.6829268292682926,1035.0,thesis_flip
2025-07-28,1,2025-07-28 09:55:00,2025-07-28 10:09:00,2025-07-28 10:15:00,2025-07-28 10:16:00,23736.0,23716.75,19.25,-1.0389610389610389,-400.0,stop,-1.0389610389610389,-400.0,stop
2025-07-29,-1,2025-07-29 09:45:00,2025-07-29 09:58:00,2025-07-29 10:03:00,2025-07-29 10:04:00,23774.75,23809.25,34.5,2.949275362318841,2035.0,close,1.7536231884057971,1210.0,thesis_flip
2025-07-30,1,2025-07-30 10:20:00,2025-07-30 10:26:00,2025-07-30 10:30:00,2025-07-30 10:31:00,23736.5,23716.75,19.75,-1.0379746835443038,-410.0,stop,-1.0379746835443038,-410.0,stop
2025-08-01,-1,2025-08-01 09:45:00,2025-08-01 10:14:00,2025-08-01 10:35:00,2025-08-01 10:36:00,23208.0,23238.25,30.25,-1.024793388429752,-620.0,stop,1.2727272727272727,770.0,thesis_flip
2025-08-04,1,2025-08-04 09:45:00,2025-08-04 11:04:00,2025-08-04 11:09:00,2025-08-04 11:10:00,23428.0,23403.25,24.75,3.393939393939394,1680.0,close,1.8888888888888888,935.0,thesis_flip
2025-08-06,1,2025-08-06 10:00:00,2025-08-06 10:19:00,2025-08-06 10:28:00,2025-08-06 10:29:00,23400.0,23379.75,20.25,11.82716049382716,4790.0,close,8.197530864197532,3320.0,thesis_flip
2025-08-08,1,2025-08-08 09:45:00,2025-08-08 09:51:00,2025-08-08 09:53:00,2025-08-08 09:54:00,23849.25,23828.5,20.75,-1.036144578313253,-430.0,stop,1.4939759036144578,620.0,thesis_flip
2025-08-11,1,2025-08-11 09:55:00,2025-08-11 10:06:00,2025-08-11 10:07:00,2025-08-11 10:08:00,23953.75,23938.0,15.75,-1.0476190476190477,-330.0,stop,0.5873015873015873,185.0,thesis_flip
2025-08-12,-1,2025-08-12 09:55:00,2025-08-12 10:19:00,2025-08-12 10:46:00,2025-08-12 10:47:00,23949.25,23982.5,33.25,-1.0225563909774436,-680.0,stop,-1.0225563909774436,-680.0,stop
2025-08-14,1,2025-08-14 10:15:00,2025-08-14 11:21:00,2025-08-14 11:28:00,2025-08-14 11:29:00,24104.0,24078.5,25.5,1.2843137254901962,655.0,close,0.8627450980392157,440.0,thesis_flip
2025-08-15,-1,2025-08-15 09:45:00,2025-08-15 10:06:00,2025-08-15 10:17:00,2025-08-15 10:18:00,24077.25,24096.5,19.25,2.857142857142857,1100.0,close,2.6233766233766236,1010.0,thesis_flip
2025-08-18,-1,2025-08-18 09:50:00,2025-08-18 09:59:00,2025-08-18 10:08:00,2025-08-18 10:09:00,23983.75,24004.0,20.25,-1.037037037037037,-420.0,stop,-1.037037037037037,-420.0,stop
2025-08-19,-1,2025-08-19 09:45:00,2025-08-19 10:01:00,2025-08-19 10:15:00,2025-08-19 10:16:00,23914.75,23944.25,29.5,7.737288135593221,4565.0,close,4.61864406779661,2725.0,thesis_flip
2025-08-25,1,2025-08-25 09:55:00,2025-08-25 10:05:00,2025-08-25 10:07:00,2025-08-25 10:08:00,23762.75,23720.5,42.25,-1.017751479289941,-860.0,stop,1.1420118343195267,965.0,thesis_flip
2025-08-26,-1,2025-08-26 09:45:00,2025-08-26 09:59:00,2025-08-26 10:06:00,2025-08-26 10:07:00,23708.0,23729.25,21.25,-1.035294117647059,-440.0,stop,-1.035294117647059,-440.0,stop
2025-08-28,-1,2025-08-28 09:50:00,2025-08-28 10:10:00,2025-08-28 10:17:00,2025-08-28 10:18:00,23864.0,23892.25,28.25,-1.0265486725663717,-580.0,stop,-1.0265486725663717,-580.0,stop
2025-09-01,1,2025-09-01 10:25:00,2025-09-01 10:38:00,2025-09-01 10:53:00,2025-09-01 10:54:00,23703.5,23699.0,4.5,-1.1666666666666667,-105.0,stop,-1.1666666666666667,-105.0,stop
2025-09-02,1,2025-09-02 09:45:00,2025-09-02 10:54:00,2025-09-02 11:00:00,2025-09-02 11:01:00,23394.0,23351.0,43.0,-1.0174418604651163,-875.0,stop,-1.0174418604651163,-875.0,stop
2025-09-03,1,2025-09-03 10:15:00,2025-09-03 10:27:00,2025-09-03 10:31:00,2025-09-03 10:32:00,23681.0,23646.25,34.75,-1.0215827338129497,-710.0,stop,0.11510791366906475,80.0,thesis_flip
2025-09-04,-1,2025-09-04 10:00:00,2025-09-04 10:17:00,2025-09-04 10:40:00,2025-09-04 10:41:00,23730.75,23745.75,15.0,-1.05,-315.0,stop,-1.05,-315.0,stop
2025-09-08,1,2025-09-08 10:25:00,2025-09-08 11:21:00,2025-09-08 11:22:00,2025-09-08 11:23:00,24067.5,24059.5,8.0,-1.09375,-175.0,stop,1.0625,170.0,thesis_flip
2025-09-09,-1,2025-09-09 09:50:00,2025-09-09 10:01:00,2025-09-09 10:03:00,2025-09-09 10:04:00,24000.25,24052.25,52.0,-1.0144230769230769,-1055.0,stop,-1.0144230769230769,-1055.0,stop
2025-09-10,-1,2025-09-10 09:50:00,2025-09-10 09:59:00,2025-09-10 10:18:00,2025-09-10 10:19:00,24165.25,24192.5,27.25,-1.0275229357798166,-560.0,stop,-1.0275229357798166,-560.0,stop
2025-09-11,1,2025-09-11 10:30:00,2025-09-11 10:37:00,2025-09-11 10:39:00,2025-09-11 10:40:00,24227.75,24211.75,16.0,-1.046875,-335.0,stop,-1.046875,-335.0,stop
2025-09-12,1,2025-09-12 10:20:00,2025-09-12 10:43:00,2025-09-12 10:46:00,2025-09-12 10:47:00,24307.0,24280.0,27.0,0.6759259259259259,365.0,close,-0.2037037037037037,-110.0,thesis_flip
2025-09-15,1,2025-09-15 09:45:00,2025-09-15 09:55:00,2025-09-15 09:57:00,2025-09-15 09:58:00,24709.0,24684.5,24.5,2.438775510204082,1195.0,close,-0.6530612244897959,-320.0,thesis_flip
2025-09-16,-1,2025-09-16 09:50:00,2025-09-16 10:13:00,2025-09-16 10:25:00,2025-09-16 10:26:00,24769.0,24777.5,8.5,-1.088235294117647,-185.0,stop,0.5882352941176471,100.0,thesis_flip
2025-09-19,1,2025-09-19 10:05:00,2025-09-19 10:12:00,2025-09-19 10:22:00,2025-09-19 10:23:00,24993.25,24970.75,22.5,-1.0333333333333334,-465.0,stop,-0.26666666666666666,-120.0,thesis_flip
2025-09-22,1,2025-09-22 09:50:00,2025-09-22 10:19:00,2025-09-22 10:20:00,2025-09-22 10:21:00,25097.0,25071.25,25.75,4.553398058252427,2345.0,close,1.0776699029126213,555.0,thesis_flip
2025-09-23,-1,2025-09-23 10:20:00,2025-09-23 10:30:00,2025-09-23 10:46:00,2025-09-23 10:47:00,25162.0,25191.5,29.5,3.847457627118644,2270.0,close,-0.576271186440678,-340.0,thesis_flip
2025-09-24,-1,2025-09-24 09:45:00,2025-09-24 10:01:00,2025-09-24 10:20:00,2025-09-24 10:21:00,25043.0,25057.25,14.25,6.0701754385964914,1730.0,close,0.07017543859649122,20.0,thesis_flip
2025-09-26,-1,2025-09-26 10:20:00,2025-09-26 10:46:00,2025-09-26 10:47:00,2025-09-26 10:48:00,24809.5,24859.5,50.0,-1.015,-1015.0,stop,-0.23,-230.0,thesis_flip
2025-09-30,-1,2025-09-30 09:50:00,2025-09-30 10:01:00,2025-09-30 10:05:00,2025-09-30 10:06:00,24999.0,25029.0,30.0,-1.025,-615.0,stop,-1.025,-615.0,stop
2025-10-01,-1,2025-10-01 09:45:00,2025-10-01 09:59:00,2025-10-01 10:07:00,2025-10-01 10:08:00,25019.5,25040.0,20.5,-1.0365853658536586,-425.0,stop,-1.0365853658536586,-425.0,stop
2025-10-03,-1,2025-10-03 09:55:00,2025-10-03 10:41:00,2025-10-03 10:43:00,2025-10-03 10:44:00,25323.75,25345.0,21.25,-1.035294117647059,-440.0,stop,-1.035294117647059,-440.0,stop
2025-10-07,-1,2025-10-07 10:25:00,2025-10-07 10:33:00,2025-10-07 10:35:00,2025-10-07 10:36:00,25420.25,25447.5,27.25,5.798165137614679,3160.0,close,5.486238532110092,2990.0,thesis_flip
2025-10-08,1,2025-10-08 09:45:00,2025-10-08 09:59:00,2025-10-08 10:00:00,2025-10-08 10:01:00,25403.75,25359.25,44.5,3.1853932584269664,2835.0,close,0.2752808988764045,245.0,thesis_flip
2025-10-09,-1,2025-10-09 10:25:00,2025-10-09 11:03:00,2025-10-09 11:23:00,2025-10-09 11:24:00,25452.5,25490.0,37.5,-1.02,-765.0,stop,-0.4,-300.0,thesis_flip
2025-10-13,1,2025-10-13 09:55:00,2025-10-13 10:25:00,2025-10-13 10:32:00,2025-10-13 10:33:00,25051.25,25004.0,47.25,-1.0158730158730158,-960.0,stop,-1.0158730158730158,-960.0,stop
2025-10-16,1,2025-10-16 10:30:00,2025-10-16 10:44:00,2025-10-16 10:53:00,2025-10-16 10:54:00,25343.5,25319.75,23.75,-1.0315789473684212,-490.0,stop,-1.0315789473684212,-490.0,stop
2025-10-17,1,2025-10-17 09:50:00,2025-10-17 10:04:00,2025-10-17 10:11:00,2025-10-17 10:12:00,25096.0,24993.25,102.75,-1.0072992700729928,-2070.0,stop,-0.21897810218978103,-450.0,thesis_flip
2025-10-20,1,2025-10-20 10:05:00,2025-10-20 10:19:00,2025-10-20 10:22:00,2025-10-20 10:23:00,25464.0,25431.5,32.5,1.5923076923076922,1035.0,close,1.3153846153846154,855.0,thesis_flip
2025-10-21,-1,2025-10-21 10:25:00,2025-10-21 10:42:00,2025-10-21 10:43:00,2025-10-21 10:44:00,25462.75,25483.25,20.5,-1.0365853658536586,-425.0,stop,-1.0365853658536586,-425.0,stop
2025-10-22,1,2025-10-22 09:50:00,2025-10-22 10:02:00,2025-10-22 10:08:00,2025-10-22 10:09:00,25483.5,25458.75,24.75,-1.0303030303030303,-510.0,stop,-1.0303030303030303,-510.0,stop
2025-10-23,1,2025-10-23 09:45:00,2025-10-23 10:25:00,2025-10-23 10:34:00,2025-10-23 10:35:00,25377.75,25300.25,77.5,1.1709677419354838,1815.0,close,-0.05806451612903226,-90.0,thesis_flip
2025-10-27,1,2025-10-27 10:00:00,2025-10-27 10:12:00,2025-10-27 10:28:00,2025-10-27 10:29:00,26078.0,26039.25,38.75,2.535483870967742,1965.0,close,0.10967741935483871,85.0,thesis_flip
2025-10-28,-1,2025-10-28 09:50:00,2025-10-28 09:58:00,2025-10-28 10:02:00,2025-10-28 10:03:00,26274.75,26301.75,27.0,-1.0277777777777777,-555.0,stop,-0.1111111111111111,-60.0,thesis_flip
2025-10-29,1,2025-10-29 09:55:00,2025-10-29 10:11:00,2025-10-29 10:13:00,2025-10-29 10:14:00,26511.75,26481.5,30.25,-1.024793388429752,-620.0,stop,-0.6033057851239669,-365.0,thesis_flip
2025-10-30,1,2025-10-30 09:50:00,2025-10-30 10:01:00,2025-10-30 10:05:00,2025-10-30 10:06:00,26365.5,26309.25,56.25,-1.0133333333333334,-1140.0,stop,-1.0133333333333334,-1140.0,stop
2025-10-31,-1,2025-10-31 10:00:00,2025-10-31 10:10:00,2025-10-31 10:11:00,2025-10-31 10:12:00,26308.5,26334.0,25.5,-1.0294117647058822,-525.0,stop,-1.0294117647058822,-525.0,stop
2025-11-03,-1,2025-11-03 10:00:00,2025-11-03 10:21:00,2025-11-03 10:24:00,2025-11-03 10:25:00,26303.75,26372.0,68.25,-1.010989010989011,-1380.0,stop,-0.054945054945054944,-75.0,thesis_flip
2025-11-04,1,2025-11-04 09:50:00,2025-11-04 10:59:00,2025-11-04 11:00:00,2025-11-04 11:01:00,26032.0,25980.0,52.0,-1.0144230769230769,-1055.0,stop,-1.0144230769230769,-1055.0,stop
2025-11-10,1,2025-11-10 10:20:00,2025-11-10 10:35:00,2025-11-10 10:36:00,2025-11-10 10:37:00,25875.25,25852.5,22.75,-1.032967032967033,-470.0,stop,-1.032967032967033,-470.0,stop
2025-11-11,-1,2025-11-11 09:45:00,2025-11-11 10:01:00,2025-11-11 10:03:00,2025-11-11 10:04:00,25823.25,25849.75,26.5,-1.028301886792453,-545.0,stop,1.7924528301886793,950.0,thesis_flip
2025-11-12,-1,2025-11-12 09:45:00,2025-11-12 10:16:00,2025-11-12 10:25:00,2025-11-12 10:26:00,25808.25,25876.25,68.0,-0.5,-680.0,close,0.13970588235294118,190.0,thesis_flip
2025-11-17,1,2025-11-17 09:45:00,2025-11-17 10:07:00,2025-11-17 10:11:00,2025-11-17 10:12:00,25346.25,25277.0,69.25,-1.0108303249097472,-1400.0,stop,-1.0108303249097472,-1400.0,stop
2025-11-19,1,2025-11-19 09:50:00,2025-11-19 11:02:00,2025-11-19 11:15:00,2025-11-19 11:16:00,24948.0,24909.0,39.0,-1.0192307692307692,-795.0,stop,-1.0192307692307692,-795.0,stop
2025-11-24,1,2025-11-24 10:00:00,2025-11-24 10:17:00,2025-11-24 10:27:00,2025-11-24 10:28:00,24950.25,24880.25,70.0,2.8642857142857143,4010.0,close,1.6035714285714286,2245.0,thesis_flip
2025-11-25,-1,2025-11-25 09:45:00,2025-11-25 09:53:00,2025-11-25 10:02:00,2025-11-25 10:03:00,24921.5,25044.25,122.75,-1.0061099796334012,-2470.0,stop,-1.0061099796334012,-2470.0,stop
2025-11-26,-1,2025-11-26 09:55:00,2025-11-26 10:06:00,2025-11-26 10:21:00,2025-11-26 10:22:00,25389.25,25438.75,49.5,-1.0151515151515151,-1005.0,stop,-1.0151515151515151,-1005.0,stop
2025-12-01,1,2025-12-01 09:50:00,2025-12-01 10:27:00,2025-12-01 10:36:00,2025-12-01 10:37:00,25536.5,25483.75,52.75,1.5402843601895735,1625.0,close,0.9383886255924171,990.0,thesis_flip
2025-12-02,1,2025-12-02 10:00:00,2025-12-02 10:14:00,2025-12-02 10:23:00,2025-12-02 10:24:00,25854.0,25819.75,34.25,-1.0218978102189782,-700.0,stop,-1.0218978102189782,-700.0,stop
2025-12-03,1,2025-12-03 10:00:00,2025-12-03 10:11:00,2025-12-03 10:16:00,2025-12-03 10:17:00,25747.75,25714.5,33.25,3.7669172932330826,2505.0,close,0.8345864661654135,555.0,thesis_flip
2025-12-05,1,2025-12-05 09:50:00,2025-12-05 09:58:00,2025-12-05 09:59:00,2025-12-05 10:00:00,26007.5,25984.0,23.5,-1.0319148936170213,-485.0,stop,-1.0319148936170213,-485.0,stop
2025-12-08,-1,2025-12-08 09:45:00,2025-12-08 09:52:00,2025-12-08 09:58:00,2025-12-08 09:59:00,25953.25,25997.25,44.0,1.5340909090909092,1350.0,close,2.0170454545454546,1775.0,thesis_flip
2025-12-11,-1,2025-12-11 09:45:00,2025-12-11 10:19:00,2025-12-11 10:29:00,2025-12-11 10:30:00,25815.75,25845.5,29.75,-1.0252100840336134,-610.0,stop,1.5294117647058822,910.0,thesis_flip
2025-12-12,-1,2025-12-12 09:45:00,2025-12-12 09:57:00,2025-12-12 10:00:00,2025-12-12 10:01:00,25736.75,25786.25,49.5,6.267676767676767,6205.0,close,2.7525252525252526,2725.0,thesis_flip
2025-12-16,1,2025-12-16 09:55:00,2025-12-16 10:06:00,2025-12-16 10:07:00,2025-12-16 10:08:00,25614.5,25532.0,82.5,-1.009090909090909,-1665.0,stop,-1.009090909090909,-1665.0,stop
2025-12-19,1,2025-12-19 09:55:00,2025-12-19 10:09:00,2025-12-19 10:28:00,2025-12-19 10:29:00,25729.5,25681.75,47.75,-1.0157068062827226,-970.0,stop,-0.8534031413612565,-815.0,thesis_flip
2025-12-23,-1,2025-12-23 10:00:00,2025-12-23 10:12:00,2025-12-23 10:25:00,2025-12-23 10:26:00,25886.0,25904.25,18.25,-1.0410958904109588,-380.0,stop,-1.0410958904109588,-380.0,stop
2025-12-26,-1,2025-12-26 10:10:00,2025-12-26 10:26:00,2025-12-26 10:32:00,2025-12-26 10:33:00,26093.5,26112.25,18.75,-1.04,-390.0,stop,-1.04,-390.0,stop
2025-12-30,1,2025-12-30 09:45:00,2025-12-30 09:58:00,2025-12-30 10:23:00,2025-12-30 10:24:00,25930.75,25900.0,30.75,-1.024390243902439,-630.0,stop,-1.024390243902439,-630.0,stop
2025-12-31,-1,2025-12-31 09:55:00,2025-12-31 10:09:00,2025-12-31 10:10:00,2025-12-31 10:11:00,25816.0,25834.5,18.5,-1.0405405405405406,-385.0,stop,1.162162162162162,430.0,thesis_flip
2026-01-02,1,2026-01-02 09:45:00,2026-01-02 09:55:00,2026-01-02 10:00:00,2026-01-02 10:01:00,25983.0,25944.5,38.5,-1.0194805194805194,-785.0,stop,-1.0194805194805194,-785.0,stop
2026-01-06,1,2026-01-06 09:45:00,2026-01-06 10:57:00,2026-01-06 11:09:00,2026-01-06 11:10:00,25891.25,25855.75,35.5,3.887323943661972,2760.0,close,-0.28169014084507044,-200.0,thesis_flip
2026-01-07,1,2026-01-07 10:30:00,2026-01-07 10:41:00,2026-01-07 10:45:00,2026-01-07 10:46:00,26089.0,26027.25,61.75,-0.6194331983805668,-765.0,close,0.4979757085020243,615.0,thesis_flip
2026-01-08,-1,2026-01-08 09:55:00,2026-01-08 10:12:00,2026-01-08 10:33:00,2026-01-08 10:34:00,25897.5,25930.0,32.5,-0.06923076923076923,-45.0,close,0.9538461538461539,620.0,thesis_flip
2026-01-12,1,2026-01-12 10:10:00,2026-01-12 10:26:00,2026-01-12 10:35:00,2026-01-12 10:36:00,26121.75,26094.0,27.75,-1.027027027027027,-570.0,stop,-1.027027027027027,-570.0,stop
2026-01-14,-1,2026-01-14 09:55:00,2026-01-14 10:21:00,2026-01-14 10:23:00,2026-01-14 10:24:00,25869.25,25910.0,40.75,0.3803680981595092,310.0,close,2.9447852760736195,2400.0,thesis_flip
2026-01-19,1,2026-01-19 09:55:00,2026-01-19 10:29:00,2026-01-19 10:32:00,2026-01-19 10:33:00,25541.75,25503.5,38.25,1.8888888888888888,1445.0,close,0.7058823529411765,540.0,thesis_flip
2026-01-20,1,2026-01-20 10:25:00,2026-01-20 10:33:00,2026-01-20 10:41:00,2026-01-20 10:42:00,25618.25,25564.25,54.0,-1.0138888888888888,-1095.0,stop,-1.0138888888888888,-1095.0,stop
2026-01-22,-1,2026-01-22 09:45:00,2026-01-22 09:53:00,2026-01-22 09:55:00,2026-01-22 09:56:00,25804.5,25846.25,41.75,-1.0179640718562875,-850.0,stop,-1.0179640718562875,-850.0,stop
2026-01-28,-1,2026-01-28 10:30:00,2026-01-28 10:43:00,2026-01-28 10:44:00,2026-01-28 10:45:00,26400.0,26444.75,44.75,0.7486033519553073,670.0,close,1.089385474860335,975.0,thesis_flip
2026-01-29,-1,2026-01-29 09:50:00,2026-01-29 10:04:00,2026-01-29 10:09:00,2026-01-29 10:10:00,26001.75,26169.0,167.25,-1.0044843049327354,-3360.0,stop,0.7279521674140508,2435.0,thesis_flip
2026-01-30,-1,2026-01-30 10:25:00,2026-01-30 10:37:00,2026-01-30 10:49:00,2026-01-30 10:50:00,26124.5,26150.5,26.0,8.932692307692308,4645.0,close,6.019230769230769,3130.0,thesis_flip
2026-02-02,1,2026-02-02 09:50:00,2026-02-02 10:00:00,2026-02-02 10:05:00,2026-02-02 10:06:00,26030.25,25945.0,85.25,0.49560117302052786,845.0,close,0.35777126099706746,610.0,thesis_flip
2026-02-03,-1,2026-02-03 09:50:00,2026-02-03 10:08:00,2026-02-03 10:12:00,2026-02-03 10:13:00,25768.75,25945.0,176.25,0.601418439716312,2120.0,close,-0.22836879432624113,-805.0,thesis_flip
2026-02-04,-1,2026-02-04 09:55:00,2026-02-04 10:13:00,2026-02-04 10:26:00,2026-02-04 10:27:00,25466.75,25521.5,54.75,4.657534246575342,5100.0,close,3.904109589041096,4275.0,thesis_flip
2026-02-05,-1,2026-02-05 10:10:00,2026-02-05 10:19:00,2026-02-05 10:26:00,2026-02-05 10:27:00,24785.5,24880.5,95.0,-1.0078947368421052,-1915.0,stop,-1.0078947368421052,-1915.0,stop
2026-02-10,1,2026-02-10 10:05:00,2026-02-10 10:15:00,2026-02-10 10:18:00,2026-02-10 10:19:00,25629.0,25574.25,54.75,-1.0136986301369864,-1110.0,stop,-1.0136986301369864,-1110.0,stop
2026-02-11,-1,2026-02-11 09:55:00,2026-02-11 10:03:00,2026-02-11 10:08:00,2026-02-11 10:09:00,25471.75,25559.75,88.0,-1.0085227272727273,-1775.0,stop,0.9744318181818182,1715.0,thesis_flip
2026-02-13,1,2026-02-13 10:25:00,2026-02-13 10:52:00,2026-02-13 10:54:00,2026-02-13 10:55:00,25034.25,24937.5,96.75,-0.17054263565891473,-330.0,close,-0.268733850129199,-520.0,thesis_flip
2026-02-17,-1,2026-02-17 09:50:00,2026-02-17 10:24:00,2026-02-17 10:32:00,2026-02-17 10:33:00,24700.25,24857.5,157.25,-1.0047694753577106,-3160.0,stop,-0.548489666136725,-1725.0,thesis_flip
2026-02-19,1,2026-02-19 10:05:00,2026-02-19 10:14:00,2026-02-19 10:15:00,2026-02-19 10:16:00,25129.0,25079.25,49.75,-1.015075376884422,-1010.0,stop,-1.015075376884422,-1010.0,stop
2026-02-20,1,2026-02-20 10:20:00,2026-02-20 10:35:00,2026-02-20 10:36:00,2026-02-20 10:37:00,25198.25,25124.5,73.75,-1.0101694915254238,-1490.0,stop,1.2949152542372881,1910.0,thesis_flip
2026-02-23,-1,2026-02-23 10:00:00,2026-02-23 10:13:00,2026-02-23 10:27:00,2026-02-23 10:28:00,25093.0,25146.5,53.5,2.014018691588785,2155.0,close,2.9205607476635516,3125.0,thesis_flip
2026-02-24,1,2026-02-24 09:45:00,2026-02-24 09:58:00,2026-02-24 10:09:00,2026-02-24 10:10:00,25117.0,25036.0,81.0,1.5895061728395061,2575.0,close,1.0401234567901234,1685.0,thesis_flip
2026-02-25,1,2026-02-25 09:45:00,2026-02-25 11:01:00,2026-02-25 11:14:00,2026-02-25 11:15:00,25515.25,25481.0,34.25,2.4525547445255476,1680.0,close,0.5036496350364964,345.0,thesis_flip
2026-02-27,1,2026-02-27 09:45:00,2026-02-27 09:59:00,2026-02-27 10:01:00,2026-02-27 10:02:00,25131.0,25066.5,64.5,1.2906976744186047,1665.0,close,0.4263565891472868,550.0,thesis_flip
2026-03-02,1,2026-03-02 09:45:00,2026-03-02 09:56:00,2026-03-02 10:01:00,2026-03-02 10:02:00,25092.75,25018.5,74.25,1.9696969696969697,2925.0,close,0.16161616161616163,240.0,thesis_flip
2026-03-03,-1,2026-03-03 09:55:00,2026-03-03 10:03:00,2026-03-03 10:16:00,2026-03-03 10:17:00,24685.25,24779.0,93.75,-1.008,-1890.0,stop,-0.56,-1050.0,thesis_flip
2026-03-04,1,2026-03-04 10:05:00,2026-03-04 10:25:00,2026-03-04 10:26:00,2026-03-04 10:27:00,25331.75,25174.0,157.75,0.025356576862123614,80.0,close,-0.34072900158478603,-1075.0,thesis_flip
2026-03-05,1,2026-03-05 09:50:00,2026-03-05 09:56:00,2026-03-05 09:57:00,2026-03-05 09:58:00,25382.0,25336.5,45.5,-1.0164835164835164,-925.0,stop,-1.0164835164835164,-925.0,stop
2026-03-06,1,2026-03-06 10:00:00,2026-03-06 10:07:00,2026-03-06 10:11:00,2026-03-06 10:12:00,24943.5,24881.0,62.5,-1.012,-1265.0,stop,1.224,1530.0,thesis_flip
2026-03-11,-1,2026-03-11 10:20:00,2026-03-11 10:40:00,2026-03-11 10:46:00,2026-03-11 10:47:00,25233.5,25269.5,36.0,-1.0208333333333333,-735.0,stop,-1.0208333333333333,-735.0,stop
2026-03-12,-1,2026-03-12 09:50:00,2026-03-12 10:11:00,2026-03-12 10:16:00,2026-03-12 10:17:00,24929.5,24964.0,34.5,4.550724637681159,3140.0,close,2.6884057971014492,1855.0,thesis_flip
2026-03-13,1,2026-03-13 09:50:00,2026-03-13 10:01:00,2026-03-13 10:23:00,2026-03-13 10:24:00,24900.0,24848.0,52.0,-1.0144230769230769,-1055.0,stop,-1.0144230769230769,-1055.0,stop
2026-03-16,1,2026-03-16 09:55:00,2026-03-16 10:03:00,2026-03-16 10:06:00,2026-03-16 10:07:00,24944.75,24912.5,32.25,-1.0232558139534884,-660.0,stop,-1.0232558139534884,-660.0,stop
2026-03-17,1,2026-03-17 09:45:00,2026-03-17 10:06:00,2026-03-17 10:18:00,2026-03-17 10:19:00,25036.0,24996.75,39.25,-1.019108280254777,-800.0,stop,0.554140127388535,435.0,thesis_flip
2026-03-18,-1,2026-03-18 10:10:00,2026-03-18 10:21:00,2026-03-18 10:25:00,2026-03-18 10:26:00,24864.25,24926.5,62.25,-1.0120481927710843,-1260.0,stop,-0.3333333333333333,-415.0,thesis_flip
2026-03-19,1,2026-03-19 09:50:00,2026-03-19 10:36:00,2026-03-19 10:40:00,2026-03-19 10:41:00,24501.0,24408.25,92.75,-1.0080862533692723,-1870.0,stop,-0.1509433962264151,-280.0,thesis_flip
2026-03-23,1,2026-03-23 09:45:00,2026-03-23 09:54:00,2026-03-23 10:07:00,2026-03-23 10:08:00,24582.5,24528.5,54.0,-1.0138888888888888,-1095.0,stop,1.0185185185185186,1100.0,thesis_flip
2026-03-25,-1,2026-03-25 09:45:00,2026-03-25 10:08:00,2026-03-25 10:24:00,2026-03-25 10:25:00,24453.0,24496.0,43.0,-1.0174418604651163,-875.0,stop,-1.0174418604651163,-875.0,stop
2026-03-26,1,2026-03-26 09:50:00,2026-03-26 10:00:00,2026-03-26 10:06:00,2026-03-26 10:07:00,24223.25,24140.0,83.25,-1.009009009009009,-1680.0,stop,-0.6216216216216216,-1035.0,thesis_flip
2026-03-27,-1,2026-03-27 09:50:00,2026-03-27 10:14:00,2026-03-27 10:22:00,2026-03-27 10:23:00,23499.5,23559.5,60.0,-1.0125,-1215.0,stop,-0.37083333333333335,-445.0,thesis_flip
2026-03-30,-1,2026-03-30 09:45:00,2026-03-30 10:00:00,2026-03-30 10:05:00,2026-03-30 10:06:00,23314.25,23377.5,63.25,-1.0118577075098814,-1280.0,stop,-1.0118577075098814,-1280.0,stop
2026-03-31,1,2026-03-31 09:45:00,2026-03-31 11:03:00,2026-03-31 11:05:00,2026-03-31 11:06:00,23477.0,23377.5,99.5,4.346733668341709,8650.0,close,0.15326633165829145,305.0,thesis_flip
2026-04-06,1,2026-04-06 09:55:00,2026-04-06 10:07:00,2026-04-06 10:09:00,2026-04-06 10:10:00,24318.25,24272.5,45.75,-1.0163934426229508,-930.0,stop,-0.32786885245901637,-300.0,thesis_flip
2026-04-07,-1,2026-04-07 09:45:00,2026-04-07 10:02:00,2026-04-07 10:05:00,2026-04-07 10:06:00,24063.5,24208.75,145.25,-1.0051635111876076,-2920.0,stop,-0.3924268502581756,-1140.0,thesis_flip
2026-04-08,-1,2026-04-08 09:50:00,2026-04-08 09:58:00,2026-04-08 10:25:00,2026-04-08 10:26:00,25063.5,25106.0,42.5,-1.0176470588235293,-865.0,stop,0.1588235294117647,135.0,thesis_flip
2026-04-09,-1,2026-04-09 10:15:00,2026-04-09 10:58:00,2026-04-09 11:26:00,2026-04-09 11:27:00,25075.75,25106.75,31.0,-1.0241935483870968,-635.0,stop,-1.0241935483870968,-635.0,stop
2026-04-10,-1,2026-04-10 10:00:00,2026-04-10 10:08:00,2026-04-10 10:10:00,2026-04-10 10:11:00,25273.75,25303.5,29.75,-1.0252100840336134,-610.0,stop,-1.0252100840336134,-610.0,stop
2026-04-13,1,2026-04-13 09:45:00,2026-04-13 09:55:00,2026-04-13 09:58:00,2026-04-13 09:59:00,25286.0,25229.75,56.25,4.48,5040.0,close,-0.06222222222222222,-70.0,thesis_flip
2026-04-14,1,2026-04-14 10:05:00,2026-04-14 10:17:00,2026-04-14 10:20:00,2026-04-14 10:21:00,25782.0,25745.0,37.0,5.918918918918919,4380.0,close,0.12837837837837837,95.0,thesis_flip
2026-04-15,1,2026-04-15 09:55:00,2026-04-15 10:04:00,2026-04-15 10:13:00,2026-04-15 10:14:00,26081.25,26049.5,31.75,8.921259842519685,5665.0,close,0.9606299212598425,610.0,thesis_flip
2026-04-16,-1,2026-04-16 09:50:00,2026-04-16 10:15:00,2026-04-16 10:16:00,2026-04-16 10:17:00,26348.5,26387.5,39.0,-1.0192307692307692,-795.0,stop,-0.6987179487179487,-545.0,thesis_flip
2026-04-17,1,2026-04-17 10:00:00,2026-04-17 10:22:00,2026-04-17 10:30:00,2026-04-17 10:31:00,26753.5,26715.5,38.0,1.9605263157894737,1490.0,close,1.6842105263157894,1280.0,thesis_flip
2026-04-20,-1,2026-04-20 10:25:00,2026-04-20 10:34:00,2026-04-20 10:40:00,2026-04-20 10:41:00,26713.25,26741.25,28.0,-1.0267857142857142,-575.0,stop,1.5803571428571428,885.0,thesis_flip
2026-04-21,1,2026-04-21 09:55:00,2026-04-21 10:09:00,2026-04-21 10:11:00,2026-04-21 10:12:00,26874.75,26822.0,52.75,-1.014218009478673,-1070.0,stop,-1.014218009478673,-1070.0,stop
2026-04-27,-1,2026-04-27 09:45:00,2026-04-27 10:01:00,2026-04-27 10:02:00,2026-04-27 10:03:00,27383.75,27414.25,30.5,-1.0245901639344261,-625.0,stop,0.6967213114754098,425.0,thesis_flip
2026-04-29,1,2026-04-29 09:50:00,2026-04-29 09:59:00,2026-04-29 10:12:00,2026-04-29 10:13:00,27206.5,27178.75,27.75,-1.027027027027027,-570.0,stop,1.5855855855855856,880.0,thesis_flip
2026-04-30,-1,2026-04-30 09:50:00,2026-04-30 10:03:00,2026-04-30 10:08:00,2026-04-30 10:09:00,27207.5,27304.0,96.5,-1.0077720207253886,-1945.0,stop,-0.8005181347150259,-1545.0,thesis_flip
2026-05-01,1,2026-05-01 09:55:00,2026-05-01 10:41:00,2026-05-01 10:43:00,2026-05-01 10:44:00,27829.0,27752.0,77.0,0.11038961038961038,170.0,close,0.7305194805194806,1125.0,thesis_flip
2026-05-04,1,2026-05-04 10:10:00,2026-05-04 10:17:00,2026-05-04 10:37:00,2026-05-04 10:38:00,27900.5,27865.0,35.5,-1.0211267605633803,-725.0,stop,-1.0211267605633803,-725.0,stop
2026-05-05,1,2026-05-05 10:20:00,2026-05-05 10:46:00,2026-05-05 10:54:00,2026-05-05 10:55:00,28108.75,28078.5,30.25,0.9008264462809917,545.0,close,0.6033057851239669,365.0,thesis_flip
2026-05-06,1,2026-05-06 10:30:00,2026-05-06 10:41:00,2026-05-06 10:49:00,2026-05-06 10:50:00,28537.5,28476.25,61.25,2.83265306122449,3470.0,close,0.2816326530612245,345.0,thesis_flip
2026-05-07,1,2026-05-07 09:50:00,2026-05-07 10:02:00,2026-05-07 10:04:00,2026-05-07 10:05:00,28810.25,28771.5,38.75,-1.0193548387096774,-790.0,stop,1.8774193548387097,1455.0,thesis_flip
2026-05-12,-1,2026-05-12 09:55:00,2026-05-12 10:09:00,2026-05-12 10:17:00,2026-05-12 10:18:00,29181.5,29207.75,26.25,-1.0285714285714285,-540.0,stop,-1.0285714285714285,-540.0,stop
2026-05-13,-1,2026-05-13 09:45:00,2026-05-13 09:57:00,2026-05-13 10:08:00,2026-05-13 10:09:00,29127.5,29226.75,99.25,-1.0075566750629723,-2000.0,stop,-1.0075566750629723,-2000.0,stop
2026-05-14,1,2026-05-14 09:45:00,2026-05-14 09:53:00,2026-05-14 10:01:00,2026-05-14 10:02:00,29615.0,29527.75,87.25,0.8252148997134671,1440.0,close,0.6876790830945558,1200.0,thesis_flip
2026-05-18,-1,2026-05-18 10:25:00,2026-05-18 10:36:00,2026-05-18 10:45:00,2026-05-18 10:46:00,29051.0,29176.75,125.75,-0.39363817097415504,-990.0,close,0.18091451292246521,455.0,thesis_flip
2026-05-19,-1,2026-05-19 10:05:00,2026-05-19 11:21:00,2026-05-19 11:23:00,2026-05-19 11:24:00,28767.75,28861.0,93.25,-1.0080428954423593,-1880.0,stop,-0.8498659517426274,-1585.0,thesis_flip
2026-05-20,1,2026-05-20 10:15:00,2026-05-20 10:32:00,2026-05-20 10:44:00,2026-05-20 10:45:00,29225.0,29118.5,106.5,1.6103286384976525,3430.0,close,0.3192488262910798,680.0,thesis_flip
2026-05-21,1,2026-05-21 09:50:00,2026-05-21 09:57:00,2026-05-21 10:00:00,2026-05-21 10:01:00,29307.75,29244.25,63.5,-1.0118110236220472,-1285.0,stop,-1.0118110236220472,-1285.0,stop
2026-05-25,1,2026-05-25 09:50:00,2026-05-25 10:11:00,2026-05-25 10:17:00,2026-05-25 10:18:00,29956.0,29948.75,7.25,-1.103448275862069,-160.0,stop,-1.103448275862069,-160.0,stop
2026-05-26,1,2026-05-26 09:45:00,2026-05-26 10:00:00,2026-05-26 10:14:00,2026-05-26 10:15:00,30029.75,29915.0,114.75,-1.0065359477124183,-2310.0,stop,0.38344226579520696,880.0,thesis_flip
2026-05-27,-1,2026-05-27 10:20:00,2026-05-27 10:39:00,2026-05-27 10:42:00,2026-05-27 10:43:00,29978.5,30025.0,46.5,-1.0161290322580645,-945.0,stop,-1.0161290322580645,-945.0,stop
2026-05-28,1,2026-05-28 10:10:00,2026-05-28 10:27:00,2026-05-28 10:29:00,2026-05-28 10:30:00,30149.0,30063.5,85.5,1.8421052631578947,3150.0,close,1.2514619883040936,2140.0,thesis_flip
2026-05-29,1,2026-05-29 09:45:00,2026-05-29 10:13:00,2026-05-29 10:20:00,2026-05-29 10:21:00,30442.5,30393.5,49.0,-1.0153061224489797,-995.0,stop,-1.0153061224489797,-995.0,stop
2026-06-02,1,2026-06-02 09:55:00,2026-06-02 10:34:00,2026-06-02 10:43:00,2026-06-02 10:44:00,30616.75,30538.75,78.0,1.1634615384615385,1815.0,close,0.7403846153846154,1155.0,thesis_flip
2026-06-03,-1,2026-06-03 09:45:00,2026-06-03 09:55:00,2026-06-03 10:19:00,2026-06-03 10:20:00,30679.25,30711.75,32.5,-1.023076923076923,-665.0,stop,-1.023076923076923,-665.0,stop
2026-06-04,-1,2026-06-04 10:00:00,2026-06-04 10:13:00,2026-06-04 10:19:00,2026-06-04 10:20:00,30265.0,30308.0,43.0,-1.0174418604651163,-875.0,stop,-1.0174418604651163,-875.0,stop
2026-06-05,-1,2026-06-05 09:45:00,2026-06-05 10:23:00,2026-06-05 10:25:00,2026-06-05 10:26:00,29833.25,29943.5,110.25,7.396825396825397,16310.0,close,2.9705215419501134,6550.0,thesis_flip
2026-06-08,-1,2026-06-08 09:55:00,2026-06-08 10:05:00,2026-06-08 10:15:00,2026-06-08 10:16:00,29399.25,29472.75,73.5,-1.010204081632653,-1485.0,stop,-1.010204081632653,-1485.0,stop
2026-06-10,1,2026-06-10 10:20:00,2026-06-10 10:47:00,2026-06-10 10:50:00,2026-06-10 10:51:00,29082.0,29008.5,73.5,-1.010204081632653,-1485.0,stop,-1.010204081632653,-1485.0,stop
2026-06-11,1,2026-06-11 09:50:00,2026-06-11 10:24:00,2026-06-11 10:35:00,2026-06-11 10:36:00,28888.75,28753.5,135.25,-1.0055452865064696,-2720.0,stop,-0.7319778188539742,-1980.0,thesis_flip
2026-06-12,1,2026-06-12 10:05:00,2026-06-12 10:24:00,2026-06-12 10:25:00,2026-06-12 10:26:00,29538.0,29488.0,50.0,-1.015,-1015.0,stop,-1.015,-1015.0,stop
2026-06-15,1,2026-06-15 09:45:00,2026-06-15 10:02:00,2026-06-15 10:03:00,2026-06-15 10:04:00,30745.5,30689.75,55.75,-1.0134529147982063,-1130.0,stop,-1.0134529147982063,-1130.0,stop
2026-06-16,-1,2026-06-16 10:15:00,2026-06-16 10:24:00,2026-06-16 10:27:00,2026-06-16 10:28:00,30690.5,30771.0,80.5,4.717391304347826,7595.0,close,2.6490683229813663,4265.0,thesis_flip
2026-06-17,-1,2026-06-17 09:55:00,2026-06-17 10:06:00,2026-06-17 10:18:00,2026-06-17 10:19:00,30451.75,30489.25,37.5,-1.02,-765.0,stop,-1.02,-765.0,stop
2026-06-23,1,2026-06-23 09:50:00,2026-06-23 11:08:00,2026-06-23 11:20:00,2026-06-23 11:21:00,29770.5,29740.0,30.5,-1.0245901639344261,-625.0,stop,-1.0245901639344261,-625.0,stop
2026-06-24,-1,2026-06-24 10:15:00,2026-06-24 10:29:00,2026-06-24 10:39:00,2026-06-24 10:40:00,29726.0,29791.25,65.25,-1.0114942528735633,-1320.0,stop,-1.0114942528735633,-1320.0,stop
2026-06-25,-1,2026-06-25 09:50:00,2026-06-25 10:59:00,2026-06-25 11:11:00,2026-06-25 11:12:00,29596.5,29776.75,180.25,-1.0041608876560333,-3620.0,stop,-0.5533980582524272,-1995.0,thesis_flip
2026-06-29,-1,2026-06-29 10:00:00,2026-06-29 10:37:00,2026-06-29 10:45:00,2026-06-29 10:46:00,29558.0,29652.5,94.5,-1.007936507936508,-1905.0,stop,-1.007936507936508,-1905.0,stop
