date,side,entry_ts,entry,initial_stop,final_stop,risk,exit_ts,exit,reason,netR,dollars
2016-01-04,-1,2016-01-04 10:05:00,7217.0,7251.75,7229.5,34.75,2016-01-04 12:46:00,7229.5,stop,-0.381294964028777,-265.0
2016-01-05,-1,2016-01-05 09:55:00,7257.75,7279.75,7261.0,22.0,2016-01-05 10:41:00,7261.0,stop,-0.1818181818181818,-80.0
2016-01-06,1,2016-01-06 10:10:00,7195.75,7166.25,7166.25,29.5,2016-01-06 10:13:00,7188.25,counterattack_succeeds,-0.2796610169491525,-165.0
2016-01-07,1,2016-01-07 10:35:00,7145.5,7096.75,7096.75,48.75,2016-01-07 13:12:00,7096.75,stop,-1.015384615384615,-990.0
2016-01-08,1,2016-01-08 10:00:00,7119.0,7088.5,7088.5,30.5,2016-01-08 10:03:00,7109.25,counterattack_succeeds,-0.3442622950819672,-210.0
2016-01-11,-1,2016-01-11 09:50:00,7040.0,7070.0,7070.0,30.0,2016-01-11 10:13:00,7047.25,counterattack_succeeds,-0.2666666666666666,-160.0
2016-01-13,-1,2016-01-13 09:55:00,7092.25,7117.5,7117.5,25.25,2016-01-13 15:59:00,6939.0,close,6.03960396039604,3050.0
2016-01-14,-1,2016-01-14 09:55:00,6916.0,6961.5,6961.5,45.5,2016-01-14 10:17:00,6929.5,counterattack_succeeds,-0.3131868131868132,-285.0
2016-01-20,-1,2016-01-20 09:55:00,6819.5,6856.25,6856.25,36.75,2016-01-20 13:51:00,6856.25,stop,-1.020408163265306,-750.0
2016-01-21,-1,2016-01-21 10:00:00,6865.5,6911.5,6911.5,46.0,2016-01-21 10:05:00,6898.75,counterattack_succeeds,-0.7391304347826086,-680.0
2016-01-22,1,2016-01-22 09:55:00,6989.25,6965.75,6965.75,23.5,2016-01-22 11:11:00,6980.5,counterattack_succeeds,-0.4042553191489361,-190.0
2016-01-25,1,2016-01-25 10:05:00,7015.0,6997.75,6997.75,17.25,2016-01-25 10:10:00,7010.0,counterattack_succeeds,-0.3333333333333333,-115.0
2016-01-26,-1,2016-01-26 09:50:00,6940.0,6977.25,6977.25,37.25,2016-01-26 10:08:00,6955.5,counterattack_succeeds,-0.436241610738255,-325.0
2016-01-27,-1,2016-01-27 10:00:00,6951.5,6976.25,6976.25,24.75,2016-01-27 12:06:00,6976.25,stop,-1.0303030303030305,-510.0
2016-01-28,-1,2016-01-28 10:05:00,6919.75,6955.5,6933.5,35.75,2016-01-28 11:24:00,6933.5,stop,-0.4055944055944055,-290.0
2016-01-29,1,2016-01-29 10:20:00,6988.5,6941.0,6973.5,47.5,2016-01-29 10:52:00,6973.5,stop,-0.331578947368421,-315.0
2016-02-01,-1,2016-02-01 10:05:00,6997.0,7022.75,7022.75,25.75,2016-02-01 10:10:00,7007.0,counterattack_succeeds,-0.4174757281553398,-215.0
2016-02-03,-1,2016-02-03 09:55:00,6941.0,6976.5,6976.5,35.5,2016-02-03 15:59:00,6929.0,close,0.3169014084507042,225.0
2016-02-04,1,2016-02-04 10:15:00,6929.25,6884.25,6924.5,45.0,2016-02-04 11:14:00,6924.5,stop,-0.1222222222222222,-110.0
2016-02-05,-1,2016-02-05 09:50:00,6867.25,6915.75,6915.75,48.5,2016-02-05 15:59:00,6782.5,close,1.731958762886598,1680.0
2016-02-08,-1,2016-02-08 10:30:00,6682.5,6719.0,6719.0,36.5,2016-02-08 10:33:00,6697.5,counterattack_succeeds,-0.4315068493150685,-315.0
2016-02-09,1,2016-02-09 09:50:00,6737.0,6663.0,6663.0,74.0,2016-02-09 10:32:00,6719.5,counterattack_succeeds,-0.2466216216216216,-365.0
2016-02-10,1,2016-02-10 09:55:00,6772.25,6737.75,6737.75,34.5,2016-02-10 10:57:00,6761.75,counterattack_succeeds,-0.3260869565217391,-225.0
2016-02-11,1,2016-02-11 09:55:00,6699.5,6670.0,6670.0,29.5,2016-02-11 10:30:00,6692.25,counterattack_succeeds,-0.2711864406779661,-160.0
2016-02-12,-1,2016-02-12 09:50:00,6741.5,6770.0,6770.0,28.5,2016-02-12 10:31:00,6748.0,counterattack_succeeds,-0.2543859649122807,-145.0
2016-02-15,1,2016-02-15 10:00:00,6844.25,6832.0,6832.0,12.25,2016-02-15 10:15:00,6840.25,counterattack_succeeds,-0.3877551020408163,-95.0
2016-02-16,-1,2016-02-16 10:05:00,6832.25,6854.5,6854.5,22.25,2016-02-16 10:13:00,6837.0,counterattack_succeeds,-0.247191011235955,-110.0
2016-02-17,1,2016-02-17 10:10:00,6913.25,6890.25,6890.25,23.0,2016-02-17 15:59:00,6962.25,close,2.097826086956522,965.0
2016-02-18,-1,2016-02-18 10:10:00,6944.25,6977.25,6977.25,33.0,2016-02-18 10:14:00,6954.25,counterattack_succeeds,-0.3257575757575757,-215.0
2016-02-19,1,2016-02-19 10:20:00,6923.75,6885.75,6908.25,38.0,2016-02-19 15:59:00,6928.5,close,0.1052631578947368,80.0
2016-02-22,1,2016-02-22 10:00:00,6984.75,6962.25,6962.25,22.5,2016-02-22 10:17:00,6979.5,counterattack_succeeds,-0.2666666666666666,-120.0
2016-02-23,-1,2016-02-23 10:10:00,6958.25,6982.0,6982.0,23.75,2016-02-23 15:59:00,6926.5,close,1.305263157894737,620.0
2016-02-24,-1,2016-02-24 09:50:00,6862.75,6880.75,6880.75,18.0,2016-02-24 10:06:00,6867.5,counterattack_succeeds,-0.3055555555555556,-110.0
2016-02-25,-1,2016-02-25 10:00:00,6946.25,6981.25,6981.25,35.0,2016-02-25 10:18:00,6953.25,counterattack_succeeds,-0.2214285714285714,-155.0
2016-02-26,-1,2016-02-26 10:05:00,7018.75,7039.25,7024.5,20.5,2016-02-26 15:59:00,7000.0,close,0.8780487804878049,360.0
2016-02-29,1,2016-02-29 09:55:00,7012.5,6990.25,6990.25,22.25,2016-02-29 10:00:00,7007.0,counterattack_succeeds,-0.2808988764044944,-125.0
2016-03-01,1,2016-03-01 10:05:00,7015.5,6989.5,6989.5,26.0,2016-03-01 15:59:00,7097.75,close,3.1346153846153846,1630.0
2016-03-02,-1,2016-03-02 09:55:00,7080.25,7098.25,7098.25,18.0,2016-03-02 10:02:00,7087.5,counterattack_succeeds,-0.4444444444444444,-160.0
2016-03-03,-1,2016-03-03 10:15:00,7070.75,7096.0,7096.0,25.25,2016-03-03 10:48:00,7084.0,counterattack_succeeds,-0.5544554455445545,-280.0
2016-03-04,-1,2016-03-04 09:55:00,7066.5,7098.75,7098.75,32.25,2016-03-04 10:01:00,7073.25,counterattack_succeeds,-0.2325581395348837,-150.0
2016-03-07,-1,2016-03-07 09:55:00,7060.25,7077.25,7077.25,17.0,2016-03-07 10:06:00,7063.75,counterattack_succeeds,-0.25,-85.0
2016-03-08,1,2016-03-08 09:50:00,7047.0,7024.25,7024.25,22.75,2016-03-08 10:10:00,7037.25,counterattack_succeeds,-0.4615384615384615,-210.0
2016-03-10,1,2016-03-10 10:00:00,7096.75,7064.75,7064.75,32.0,2016-03-10 10:12:00,7082.75,counterattack_succeeds,-0.4609375,-295.0
2016-03-11,1,2016-03-11 09:55:00,7104.0,7088.0,7088.0,16.0,2016-03-11 10:00:00,7100.0,counterattack_succeeds,-0.296875,-95.0
2016-03-14,1,2016-03-14 10:30:00,7123.5,7108.75,7108.75,14.75,2016-03-14 15:59:00,7132.5,close,0.559322033898305,165.0
2016-03-15,-1,2016-03-15 10:05:00,7105.75,7124.0,7124.0,18.25,2016-03-15 10:16:00,7111.75,counterattack_succeeds,-0.3698630136986301,-135.0
2016-03-16,1,2016-03-16 09:55:00,7135.5,7121.0,7121.0,14.5,2016-03-16 15:59:00,7171.0,close,2.396551724137931,695.0
2016-03-17,-1,2016-03-17 10:15:00,7146.5,7168.75,7168.75,22.25,2016-03-17 10:23:00,7147.0,counterattack_succeeds,-0.0561797752808988,-25.0
2016-03-18,-1,2016-03-18 09:50:00,7154.25,7181.25,7181.25,27.0,2016-03-18 10:10:00,7162.0,counterattack_succeeds,-0.3148148148148148,-170.0
2016-03-22,1,2016-03-22 09:55:00,7181.0,7165.25,7165.25,15.75,2016-03-22 15:59:00,7203.75,close,1.3968253968253967,440.0
2016-03-24,1,2016-03-24 09:55:00,7154.75,7139.5,7149.75,15.25,2016-03-24 10:28:00,7149.75,stop,-0.3770491803278688,-115.0
2016-03-28,-1,2016-03-28 09:50:00,7156.5,7183.25,7183.25,26.75,2016-03-28 09:55:00,7162.25,counterattack_succeeds,-0.2429906542056074,-130.0
2016-03-29,1,2016-03-29 10:10:00,7167.0,7149.75,7149.75,17.25,2016-03-29 15:59:00,7233.75,close,3.8260869565217392,1320.0
2016-03-30,1,2016-03-30 09:50:00,7279.5,7255.5,7255.5,24.0,2016-03-30 10:04:00,7276.5,counterattack_succeeds,-0.15625,-75.0
2016-03-31,1,2016-03-31 09:50:00,7259.5,7247.75,7247.75,11.75,2016-03-31 09:53:00,7255.0,counterattack_succeeds,-0.4468085106382978,-105.0
2016-04-01,1,2016-04-01 09:50:00,7234.5,7215.75,7215.75,18.75,2016-04-01 15:59:00,7297.0,close,3.293333333333333,1235.0
2016-04-04,1,2016-04-04 10:10:00,7298.75,7288.5,7288.5,10.25,2016-04-04 10:13:00,7294.25,counterattack_succeeds,-0.5121951219512195,-105.0
2016-04-05,1,2016-04-05 10:10:00,7257.25,7239.0,7239.0,18.25,2016-04-05 10:56:00,7249.0,counterattack_succeeds,-0.4931506849315068,-180.0
2016-04-06,1,2016-04-06 09:55:00,7254.25,7241.5,7241.5,12.75,2016-04-06 10:17:00,7250.5,counterattack_succeeds,-0.3529411764705882,-90.0
2016-04-07,-1,2016-04-07 09:50:00,7275.0,7291.75,7291.75,16.75,2016-04-07 09:56:00,7281.5,counterattack_succeeds,-0.4328358208955223,-145.0
2016-04-08,1,2016-04-08 10:00:00,7276.5,7263.75,7272.75,12.75,2016-04-08 10:27:00,7272.75,stop,-0.3529411764705882,-90.0
2016-04-11,1,2016-04-11 10:10:00,7281.0,7254.25,7265.0,26.75,2016-04-11 10:57:00,7265.0,stop,-0.6261682242990654,-335.0
2016-04-12,-1,2016-04-12 10:10:00,7212.75,7233.5,7233.5,20.75,2016-04-12 10:32:00,7222.75,counterattack_succeeds,-0.5180722891566265,-215.0
2016-04-13,1,2016-04-13 10:15:00,7317.0,7291.75,7303.0,25.25,2016-04-13 11:02:00,7303.0,stop,-0.5841584158415841,-295.0
2016-04-14,-1,2016-04-14 09:55:00,7310.5,7324.0,7324.0,13.5,2016-04-14 10:00:00,7313.25,counterattack_succeeds,-0.2592592592592592,-70.0
2016-04-18,1,2016-04-18 10:00:00,7308.5,7293.5,7293.5,15.0,2016-04-18 15:59:00,7333.5,close,1.6166666666666667,485.0
2016-04-19,-1,2016-04-19 09:55:00,7310.0,7343.0,7343.0,33.0,2016-04-19 09:58:00,7314.5,counterattack_succeeds,-0.1590909090909091,-105.0
2016-04-20,1,2016-04-20 09:55:00,7312.75,7289.75,7308.0,23.0,2016-04-20 10:23:00,7308.0,stop,-0.2391304347826087,-110.0
2016-04-21,-1,2016-04-21 09:50:00,7291.5,7309.75,7299.25,18.25,2016-04-21 10:20:00,7299.25,stop,-0.4657534246575342,-170.0
2016-04-22,-1,2016-04-22 10:20:00,7235.5,7271.25,7271.25,35.75,2016-04-22 15:59:00,7241.0,close,-0.1748251748251748,-125.0
2016-04-26,1,2016-04-26 09:50:00,7254.75,7240.25,7240.25,14.5,2016-04-26 10:08:00,7243.75,counterattack_succeeds,-0.8103448275862069,-235.0
2016-04-27,-1,2016-04-27 09:55:00,7169.75,7192.75,7176.5,23.0,2016-04-27 15:03:00,7176.5,stop,-0.3260869565217391,-150.0
2016-04-28,1,2016-04-28 10:00:00,7199.25,7182.25,7182.25,17.0,2016-04-28 10:10:00,7197.25,counterattack_succeeds,-0.1617647058823529,-55.0
2016-04-29,-1,2016-04-29 09:50:00,7112.75,7138.0,7138.0,25.25,2016-04-29 15:59:00,7105.25,close,0.2673267326732673,135.0
2016-05-02,1,2016-05-02 10:20:00,7119.5,7100.75,7100.75,18.75,2016-05-02 10:24:00,7116.25,counterattack_succeeds,-0.2133333333333333,-80.0
2016-05-03,-1,2016-05-03 09:50:00,7106.0,7125.75,7125.75,19.75,2016-05-03 13:22:00,7125.75,stop,-1.0379746835443038,-410.0
2016-05-04,1,2016-05-04 10:00:00,7088.25,7074.25,7074.25,14.0,2016-05-04 10:07:00,7085.25,counterattack_succeeds,-0.2678571428571428,-75.0
2016-05-05,-1,2016-05-05 10:00:00,7080.5,7095.5,7095.5,15.0,2016-05-05 10:04:00,7088.25,counterattack_succeeds,-0.5666666666666667,-170.0
2016-05-09,1,2016-05-09 10:00:00,7122.5,7097.0,7115.0,25.5,2016-05-09 10:24:00,7115.0,stop,-0.3235294117647059,-165.0
2016-05-10,1,2016-05-10 09:50:00,7134.25,7117.75,7128.5,16.5,2016-05-10 15:59:00,7170.75,close,2.1666666666666665,715.0
2016-05-11,1,2016-05-11 10:25:00,7169.25,7155.75,7155.75,13.5,2016-05-11 10:51:00,7163.5,counterattack_succeeds,-0.4814814814814814,-130.0
2016-05-12,-1,2016-05-12 10:00:00,7117.25,7146.25,7146.25,29.0,2016-05-12 15:59:00,7111.5,close,0.1724137931034483,100.0
2016-05-16,1,2016-05-16 09:50:00,7112.75,7097.75,7108.0,15.0,2016-05-16 15:59:00,7150.25,close,2.45,735.0
2016-05-17,-1,2016-05-17 10:05:00,7134.0,7159.0,7134.75,25.0,2016-05-17 10:20:00,7134.75,stop,-0.06,-30.0
2016-05-18,1,2016-05-18 10:05:00,7102.25,7086.5,7101.25,15.75,2016-05-18 14:05:00,7101.25,stop,-0.1111111111111111,-35.0
2016-05-19,-1,2016-05-19 09:55:00,7083.5,7103.75,7103.75,20.25,2016-05-19 15:59:00,7088.0,close,-0.2592592592592592,-105.0
2016-05-20,1,2016-05-20 09:50:00,7124.0,7102.75,7102.75,21.25,2016-05-20 15:59:00,7135.0,close,0.4823529411764706,205.0
2016-05-24,1,2016-05-24 09:50:00,7172.0,7152.0,7152.0,20.0,2016-05-24 15:59:00,7217.5,close,2.2375,895.0
2016-05-25,1,2016-05-25 09:55:00,7241.5,7226.5,7226.5,15.0,2016-05-25 15:59:00,7249.5,close,0.4833333333333333,145.0
2016-05-26,-1,2016-05-26 09:55:00,7245.0,7260.25,7248.5,15.25,2016-05-26 10:02:00,7248.5,stop,-0.2786885245901639,-85.0
2016-05-27,1,2016-05-27 09:50:00,7273.5,7264.75,7264.75,8.75,2016-05-27 10:21:00,7271.25,counterattack_succeeds,-0.3428571428571428,-60.0
2016-05-31,1,2016-05-31 09:50:00,7295.5,7288.0,7293.0,7.5,2016-05-31 10:36:00,7293.0,stop,-0.4333333333333333,-65.0
2016-06-01,1,2016-06-01 10:05:00,7287.75,7277.75,7277.75,10.0,2016-06-01 15:59:00,7294.75,close,0.625,125.0
2016-06-02,-1,2016-06-02 09:50:00,7267.25,7287.5,7287.5,20.25,2016-06-02 10:17:00,7280.75,counterattack_succeeds,-0.7037037037037037,-285.0
2016-06-03,-1,2016-06-03 09:50:00,7279.0,7297.75,7297.75,18.75,2016-06-03 15:59:00,7283.0,close,-0.2533333333333333,-95.0
2016-06-06,1,2016-06-06 09:50:00,7295.25,7285.25,7292.75,10.0,2016-06-06 12:19:00,7292.75,stop,-0.325,-65.0
2016-06-07,1,2016-06-07 09:50:00,7305.75,7297.25,7297.25,8.5,2016-06-07 09:54:00,7302.0,counterattack_succeeds,-0.5294117647058824,-90.0
2016-06-08,-1,2016-06-08 10:10:00,7291.5,7302.75,7302.75,11.25,2016-06-08 15:59:00,7294.75,close,-0.3555555555555555,-80.0
2016-06-09,1,2016-06-09 09:55:00,7291.5,7275.25,7275.25,16.25,2016-06-09 10:01:00,7287.5,counterattack_succeeds,-0.2923076923076923,-95.0
2016-06-10,-1,2016-06-10 10:05:00,7241.25,7251.5,7251.5,10.25,2016-06-10 10:19:00,7243.5,counterattack_succeeds,-0.2926829268292683,-60.0
2016-06-13,1,2016-06-13 09:50:00,7222.75,7209.5,7209.5,13.25,2016-06-13 10:08:00,7219.0,counterattack_succeeds,-0.3396226415094339,-90.0
2016-06-15,-1,2016-06-15 10:25:00,7200.5,7212.5,7212.5,12.0,2016-06-15 10:31:00,7203.0,counterattack_succeeds,-0.2708333333333333,-65.0
2016-06-16,-1,2016-06-16 09:55:00,7151.0,7167.0,7167.0,16.0,2016-06-16 11:29:00,7155.0,counterattack_succeeds,-0.296875,-95.0
2016-06-17,-1,2016-06-17 09:50:00,7162.5,7190.5,7190.5,28.0,2016-06-17 09:53:00,7164.0,counterattack_succeeds,-0.0803571428571428,-45.0
2016-06-20,1,2016-06-20 10:05:00,7214.5,7196.5,7196.5,18.0,2016-06-20 14:26:00,7196.5,stop,-1.0416666666666667,-375.0
2016-06-22,-1,2016-06-22 09:55:00,7186.5,7193.0,7193.0,6.5,2016-06-22 10:14:00,7188.5,counterattack_succeeds,-0.4230769230769231,-55.0
2016-06-23,-1,2016-06-23 09:55:00,7193.25,7213.5,7213.5,20.25,2016-06-23 09:59:00,7201.25,counterattack_succeeds,-0.4320987654320987,-175.0
2016-06-24,1,2016-06-24 10:05:00,7138.75,7063.75,7063.75,75.0,2016-06-24 10:16:00,7129.75,counterattack_succeeds,-0.13,-195.0
2016-06-27,-1,2016-06-27 10:10:00,6988.75,7025.75,7025.75,37.0,2016-06-27 15:59:00,6971.75,close,0.4391891891891892,325.0
2016-06-28,1,2016-06-28 09:50:00,7037.0,7013.25,7013.25,23.75,2016-06-28 10:40:00,7034.5,counterattack_succeeds,-0.1368421052631579,-65.0
2016-06-29,1,2016-06-29 09:50:00,7109.0,7093.0,7105.0,16.0,2016-06-29 15:59:00,7137.5,close,1.734375,555.0
2016-06-30,-1,2016-06-30 09:55:00,7137.5,7153.25,7153.25,15.75,2016-06-30 10:11:00,7142.25,counterattack_succeeds,-0.3492063492063492,-110.0
2016-07-01,1,2016-07-01 09:55:00,7210.75,7185.5,7185.5,25.25,2016-07-01 15:59:00,7210.25,close,-0.0495049504950495,-25.0
2016-07-04,-1,2016-07-04 10:00:00,7216.0,7220.5,7217.75,4.5,2016-07-04 10:14:00,7217.75,stop,-0.5555555555555556,-50.0
2016-07-05,-1,2016-07-05 09:50:00,7173.0,7194.5,7194.5,21.5,2016-07-05 10:04:00,7179.25,counterattack_succeeds,-0.3255813953488372,-140.0
2016-07-06,1,2016-07-06 10:05:00,7182.0,7149.5,7169.0,32.5,2016-07-06 10:28:00,7169.0,stop,-0.4230769230769231,-275.0
2016-07-07,1,2016-07-07 09:50:00,7237.25,7223.25,7223.25,14.0,2016-07-07 10:01:00,7235.5,counterattack_succeeds,-0.1785714285714285,-50.0
2016-07-08,1,2016-07-08 09:50:00,7275.0,7249.25,7270.5,25.75,2016-07-08 15:59:00,7302.25,close,1.029126213592233,530.0
2016-07-12,-1,2016-07-12 10:10:00,7351.5,7364.0,7354.5,12.5,2016-07-12 10:47:00,7354.5,stop,-0.3,-75.0
2016-07-14,-1,2016-07-14 09:50:00,7362.25,7372.75,7372.75,10.5,2016-07-14 09:57:00,7367.5,counterattack_succeeds,-0.5714285714285714,-120.0
2016-07-15,-1,2016-07-15 10:20:00,7366.5,7385.5,7385.5,19.0,2016-07-15 10:36:00,7373.5,counterattack_succeeds,-0.4078947368421052,-155.0
2016-07-18,1,2016-07-18 10:00:00,7375.25,7366.5,7366.5,8.75,2016-07-18 15:59:00,7395.0,close,2.1714285714285717,380.0
2016-07-19,-1,2016-07-19 09:50:00,7373.5,7392.75,7392.75,19.25,2016-07-19 10:09:00,7379.5,counterattack_succeeds,-0.3506493506493506,-135.0
2016-07-20,1,2016-07-20 09:50:00,7407.75,7397.5,7397.5,10.25,2016-07-20 15:59:00,7432.25,close,2.317073170731707,475.0
2016-07-22,1,2016-07-22 10:25:00,7432.0,7410.5,7410.5,21.5,2016-07-22 15:59:00,7440.75,close,0.3720930232558139,160.0
2016-07-25,-1,2016-07-25 10:15:00,7430.75,7442.5,7442.5,11.75,2016-07-25 10:18:00,7433.0,counterattack_succeeds,-0.2553191489361702,-60.0
2016-07-26,1,2016-07-26 09:50:00,7457.5,7439.5,7439.5,18.0,2016-07-26 10:52:00,7451.5,counterattack_succeeds,-0.375,-135.0
2016-07-29,-1,2016-07-29 10:05:00,7492.25,7513.25,7513.25,21.0,2016-07-29 10:14:00,7500.75,counterattack_succeeds,-0.4404761904761904,-185.0
2016-08-01,1,2016-08-01 09:55:00,7516.0,7503.0,7503.0,13.0,2016-08-01 15:59:00,7530.25,close,1.0384615384615383,270.0
2016-08-02,-1,2016-08-02 10:20:00,7497.5,7528.0,7528.0,30.5,2016-08-02 15:59:00,7494.75,close,0.0655737704918032,40.0
2016-08-03,1,2016-08-03 10:15:00,7504.5,7488.0,7488.0,16.5,2016-08-03 10:27:00,7499.0,counterattack_succeeds,-0.3787878787878788,-125.0
2016-08-04,-1,2016-08-04 10:00:00,7506.25,7517.25,7517.25,11.0,2016-08-04 10:31:00,7508.5,counterattack_succeeds,-0.2727272727272727,-60.0
2016-08-05,1,2016-08-05 09:50:00,7562.75,7541.75,7541.75,21.0,2016-08-05 15:59:00,7568.5,close,0.238095238095238,100.0
2016-08-08,-1,2016-08-08 09:55:00,7561.75,7572.5,7565.5,10.75,2016-08-08 15:59:00,7563.75,close,-0.2558139534883721,-55.0
2016-08-09,1,2016-08-09 09:50:00,7578.75,7564.0,7564.0,14.75,2016-08-09 10:02:00,7573.75,counterattack_succeeds,-0.3898305084745763,-115.0
2016-08-10,-1,2016-08-10 10:00:00,7566.75,7578.5,7578.5,11.75,2016-08-10 10:05:00,7571.25,counterattack_succeeds,-0.4468085106382978,-105.0
2016-08-11,-1,2016-08-11 10:10:00,7573.0,7593.0,7593.0,20.0,2016-08-11 10:32:00,7577.5,counterattack_succeeds,-0.2625,-105.0
2016-08-15,1,2016-08-15 09:50:00,7606.0,7589.75,7589.75,16.25,2016-08-15 09:59:00,7602.75,counterattack_succeeds,-0.2461538461538461,-80.0
2016-08-17,-1,2016-08-17 10:05:00,7563.75,7583.25,7583.25,19.5,2016-08-17 10:08:00,7564.5,counterattack_succeeds,-0.0769230769230769,-30.0
2016-08-18,1,2016-08-18 10:20:00,7592.75,7577.5,7577.5,15.25,2016-08-18 10:25:00,7590.5,counterattack_succeeds,-0.1967213114754098,-60.0
2016-08-19,-1,2016-08-19 09:50:00,7567.75,7582.25,7582.25,14.5,2016-08-19 09:57:00,7574.75,counterattack_succeeds,-0.5344827586206896,-155.0
2016-08-22,1,2016-08-22 10:00:00,7582.5,7571.5,7577.5,11.0,2016-08-22 11:21:00,7577.5,stop,-0.5227272727272727,-115.0
2016-08-23,1,2016-08-23 09:55:00,7617.0,7608.0,7608.0,9.0,2016-08-23 10:07:00,7614.0,counterattack_succeeds,-0.4166666666666667,-75.0
2016-08-24,-1,2016-08-24 10:25:00,7593.25,7603.25,7603.25,10.0,2016-08-24 10:28:00,7594.0,counterattack_succeeds,-0.15,-30.0
2016-08-25,1,2016-08-25 10:25:00,7566.5,7550.25,7550.25,16.25,2016-08-25 10:29:00,7562.0,counterattack_succeeds,-0.3230769230769231,-105.0
2016-08-26,1,2016-08-26 10:20:00,7593.25,7562.0,7562.0,31.25,2016-08-26 11:05:00,7583.0,counterattack_succeeds,-0.352,-220.0
2016-08-30,-1,2016-08-30 10:15:00,7562.0,7580.5,7565.5,18.5,2016-08-30 15:59:00,7559.25,close,0.1081081081081081,40.0
2016-09-01,-1,2016-09-01 10:25:00,7551.25,7567.0,7567.0,15.75,2016-09-01 12:32:00,7567.0,stop,-1.0476190476190477,-330.0
2016-09-02,1,2016-09-02 09:55:00,7596.0,7581.25,7581.25,14.75,2016-09-02 10:10:00,7592.25,counterattack_succeeds,-0.3050847457627119,-90.0
2016-09-05,-1,2016-09-05 09:55:00,7569.75,7575.25,7575.25,5.5,2016-09-05 12:59:00,7574.5,close,-1.0,-110.0
2016-09-06,1,2016-09-06 09:50:00,7594.75,7581.0,7581.0,13.75,2016-09-06 09:55:00,7592.5,counterattack_succeeds,-0.2181818181818181,-60.0
2016-09-08,-1,2016-09-08 09:55:00,7583.0,7600.0,7588.0,17.0,2016-09-08 10:23:00,7588.0,stop,-0.3382352941176471,-115.0
2016-09-12,1,2016-09-12 10:00:00,7477.25,7436.0,7436.0,41.25,2016-09-12 15:59:00,7546.0,close,1.6484848484848484,1360.0
2016-09-13,-1,2016-09-13 10:00:00,7511.5,7537.25,7537.25,25.75,2016-09-13 15:59:00,7504.0,close,0.2621359223300971,135.0
2016-09-14,1,2016-09-14 10:10:00,7533.75,7509.0,7509.0,24.75,2016-09-14 15:59:00,7528.5,close,-0.2424242424242424,-120.0
2016-09-15,1,2016-09-15 10:15:00,7560.5,7527.75,7527.75,32.75,2016-09-15 15:59:00,7603.25,close,1.282442748091603,840.0
2016-09-16,-1,2016-09-16 10:05:00,7581.75,7604.0,7604.0,22.25,2016-09-16 10:18:00,7588.75,counterattack_succeeds,-0.348314606741573,-155.0
2016-09-19,1,2016-09-19 10:00:00,7625.0,7610.5,7610.5,14.5,2016-09-19 10:11:00,7619.0,counterattack_succeeds,-0.4655172413793103,-135.0
2016-09-20,1,2016-09-20 09:55:00,7604.75,7590.5,7590.5,14.25,2016-09-20 10:11:00,7599.0,counterattack_succeeds,-0.4561403508771929,-130.0
2016-09-21,1,2016-09-21 10:00:00,7612.0,7602.25,7602.25,9.75,2016-09-21 10:18:00,7610.75,counterattack_succeeds,-0.2051282051282051,-40.0
2016-09-22,1,2016-09-22 10:30:00,7668.5,7657.5,7657.5,11.0,2016-09-22 10:49:00,7666.75,counterattack_succeeds,-0.2272727272727272,-50.0
2016-09-23,-1,2016-09-23 10:00:00,7657.0,7667.75,7667.75,10.75,2016-09-23 10:05:00,7659.75,counterattack_succeeds,-0.3255813953488372,-70.0
2016-09-26,1,2016-09-26 10:15:00,7615.75,7598.5,7598.5,17.25,2016-09-26 10:22:00,7612.5,counterattack_succeeds,-0.2318840579710145,-80.0
2016-09-27,1,2016-09-27 09:50:00,7617.25,7593.5,7613.5,23.75,2016-09-27 15:59:00,7648.75,close,1.2947368421052632,615.0
2016-09-29,-1,2016-09-29 10:10:00,7635.75,7653.5,7648.0,17.75,2016-09-29 15:59:00,7620.25,close,0.8309859154929577,295.0
2016-10-03,-1,2016-10-03 09:50:00,7638.75,7650.75,7650.75,12.0,2016-10-03 10:02:00,7643.75,counterattack_succeeds,-0.4791666666666667,-115.0
2016-10-04,1,2016-10-04 09:50:00,7671.5,7661.0,7669.25,10.5,2016-10-04 10:00:00,7669.25,stop,-0.2857142857142857,-60.0
2016-10-05,1,2016-10-05 09:50:00,7661.75,7653.5,7653.5,8.25,2016-10-05 09:57:00,7659.75,counterattack_succeeds,-0.3333333333333333,-55.0
2016-10-06,-1,2016-10-06 09:55:00,7642.5,7657.25,7657.25,14.75,2016-10-06 09:58:00,7643.5,counterattack_succeeds,-0.1186440677966101,-35.0
2016-10-07,-1,2016-10-07 09:50:00,7639.75,7667.5,7667.5,27.75,2016-10-07 09:59:00,7647.5,counterattack_succeeds,-0.3063063063063063,-170.0
2016-10-10,1,2016-10-10 09:50:00,7683.5,7669.0,7669.0,14.5,2016-10-10 15:59:00,7676.75,close,-0.5172413793103449,-150.0
2016-10-11,-1,2016-10-11 09:50:00,7657.5,7674.0,7674.0,16.5,2016-10-11 15:59:00,7604.0,close,3.196969696969697,1055.0
2016-10-13,-1,2016-10-13 09:55:00,7545.25,7570.25,7570.25,25.0,2016-10-13 10:35:00,7557.5,counterattack_succeeds,-0.52,-260.0
2016-10-14,1,2016-10-14 09:50:00,7625.25,7605.25,7605.25,20.0,2016-10-14 10:02:00,7617.25,counterattack_succeeds,-0.4375,-175.0
2016-10-17,-1,2016-10-17 09:55:00,7573.0,7591.75,7591.75,18.75,2016-10-17 10:03:00,7576.0,counterattack_succeeds,-0.2,-75.0
2016-10-18,-1,2016-10-18 10:25:00,7619.25,7637.0,7637.0,17.75,2016-10-18 10:38:00,7625.75,counterattack_succeeds,-0.4084507042253521,-145.0
2016-10-19,1,2016-10-19 10:30:00,7622.5,7612.0,7618.25,10.5,2016-10-19 11:12:00,7618.25,stop,-0.4761904761904761,-100.0
2016-10-20,1,2016-10-20 10:05:00,7621.0,7593.75,7593.75,27.25,2016-10-20 10:15:00,7614.75,counterattack_succeeds,-0.2568807339449541,-140.0
2016-10-21,1,2016-10-21 10:35:00,7620.75,7601.25,7617.25,19.5,2016-10-21 11:01:00,7617.25,stop,-0.2179487179487179,-85.0
2016-10-24,1,2016-10-24 09:50:00,7674.0,7662.25,7662.25,11.75,2016-10-24 15:59:00,7690.25,close,1.319148936170213,310.0
2016-10-27,-1,2016-10-27 09:50:00,7651.75,7666.25,7666.25,14.5,2016-10-27 10:00:00,7657.25,counterattack_succeeds,-0.4310344827586206,-125.0
2016-10-28,1,2016-10-28 09:50:00,7616.25,7586.0,7586.0,30.25,2016-10-28 10:02:00,7609.75,counterattack_succeeds,-0.2396694214876033,-145.0
2016-10-31,-1,2016-10-31 09:55:00,7593.75,7605.75,7605.75,12.0,2016-10-31 10:02:00,7596.75,counterattack_succeeds,-0.3125,-75.0
2016-11-01,-1,2016-11-01 10:15:00,7571.5,7592.75,7592.75,21.25,2016-11-01 15:59:00,7546.75,close,1.1294117647058823,480.0
2016-11-02,-1,2016-11-02 10:35:00,7535.25,7551.5,7551.5,16.25,2016-11-02 10:40:00,7541.25,counterattack_succeeds,-0.4153846153846154,-135.0
2016-11-03,-1,2016-11-03 09:55:00,7498.5,7516.0,7516.0,17.5,2016-11-03 09:58:00,7502.75,counterattack_succeeds,-0.2857142857142857,-100.0
2016-11-07,1,2016-11-07 10:10:00,7527.5,7512.75,7512.75,14.75,2016-11-07 15:59:00,7556.75,close,1.9322033898305084,570.0
2016-11-08,-1,2016-11-08 09:55:00,7540.75,7554.0,7554.0,13.25,2016-11-08 10:01:00,7545.75,counterattack_succeeds,-0.4339622641509434,-115.0
2016-11-10,-1,2016-11-10 10:00:00,7603.0,7636.0,7636.0,33.0,2016-11-10 15:59:00,7528.75,close,2.227272727272727,1470.0
2016-11-11,1,2016-11-11 10:10:00,7526.0,7494.25,7494.25,31.75,2016-11-11 10:19:00,7519.0,counterattack_succeeds,-0.2440944881889764,-155.0
2016-11-14,-1,2016-11-14 10:00:00,7497.0,7537.25,7537.25,40.25,2016-11-14 10:08:00,7510.25,counterattack_succeeds,-0.3478260869565217,-280.0
2016-11-15,1,2016-11-15 10:05:00,7547.75,7512.5,7512.5,35.25,2016-11-15 10:53:00,7538.5,counterattack_succeeds,-0.2836879432624113,-200.0
2016-11-16,1,2016-11-16 10:25:00,7566.75,7527.25,7527.25,39.5,2016-11-16 10:28:00,7561.75,counterattack_succeeds,-0.1455696202531645,-115.0
2016-11-17,1,2016-11-17 10:10:00,7586.5,7564.5,7564.5,22.0,2016-11-17 10:24:00,7583.5,counterattack_succeeds,-0.1704545454545454,-75.0
2016-11-18,-1,2016-11-18 10:00:00,7609.25,7627.0,7627.0,17.75,2016-11-18 10:08:00,7615.5,counterattack_succeeds,-0.3943661971830985,-140.0
2016-11-21,1,2016-11-21 09:50:00,7629.5,7603.75,7603.75,25.75,2016-11-21 10:18:00,7626.5,counterattack_succeeds,-0.145631067961165,-75.0
2016-11-22,1,2016-11-22 09:50:00,7669.25,7658.25,7658.25,11.0,2016-11-22 10:00:00,7661.5,counterattack_succeeds,-0.7727272727272727,-170.0
2016-11-24,1,2016-11-24 10:05:00,7638.25,7635.5,7635.5,2.75,2016-11-24 10:09:00,7637.75,counterattack_succeeds,-0.4545454545454545,-25.0
2016-11-25,1,2016-11-25 09:50:00,7648.75,7638.5,7645.75,10.25,2016-11-25 10:00:00,7645.75,stop,-0.3658536585365853,-75.0
2016-11-28,1,2016-11-28 09:55:00,7653.0,7640.75,7640.75,12.25,2016-11-28 11:00:00,7649.75,counterattack_succeeds,-0.3265306122448979,-80.0
2016-11-29,-1,2016-11-29 09:50:00,7636.75,7653.25,7653.25,16.5,2016-11-29 10:11:00,7647.0,counterattack_succeeds,-0.6666666666666666,-220.0
2016-11-30,-1,2016-11-30 09:55:00,7651.5,7668.0,7668.0,16.5,2016-11-30 15:59:00,7599.5,close,3.106060606060606,1025.0
2016-12-01,-1,2016-12-01 09:55:00,7569.25,7601.0,7601.0,31.75,2016-12-01 10:06:00,7584.0,counterattack_succeeds,-0.4881889763779528,-310.0
2016-12-02,-1,2016-12-02 10:15:00,7508.75,7545.5,7545.5,36.75,2016-12-02 10:19:00,7515.0,counterattack_succeeds,-0.1904761904761904,-140.0
2016-12-05,1,2016-12-05 09:55:00,7557.5,7528.25,7528.25,29.25,2016-12-05 15:59:00,7563.25,close,0.1709401709401709,100.0
2016-12-06,1,2016-12-06 10:05:00,7579.5,7554.75,7554.75,24.75,2016-12-06 10:11:00,7570.75,counterattack_succeeds,-0.3838383838383838,-190.0
2016-12-07,-1,2016-12-07 09:55:00,7554.75,7571.0,7571.0,16.25,2016-12-07 10:09:00,7560.75,counterattack_succeeds,-0.4153846153846154,-135.0
2016-12-09,1,2016-12-09 10:25:00,7675.5,7661.75,7661.75,13.75,2016-12-09 10:30:00,7672.75,counterattack_succeeds,-0.2545454545454545,-70.0
2016-12-12,1,2016-12-12 09:55:00,7663.5,7650.25,7650.25,13.25,2016-12-12 10:11:00,7661.75,counterattack_succeeds,-0.1886792452830188,-50.0
2016-12-13,1,2016-12-13 09:55:00,7725.75,7674.0,7674.0,51.75,2016-12-13 10:09:00,7712.5,counterattack_succeeds,-0.2705314009661835,-280.0
2016-12-16,-1,2016-12-16 09:50:00,7720.25,7738.0,7738.0,17.75,2016-12-16 09:57:00,7725.25,counterattack_succeeds,-0.323943661971831,-115.0
2016-12-19,1,2016-12-19 09:50:00,7723.25,7698.75,7698.75,24.5,2016-12-19 15:59:00,7721.75,close,-0.0918367346938775,-45.0
2016-12-27,1,2016-12-27 09:50:00,7774.0,7734.25,7734.25,39.75,2016-12-27 15:59:00,7752.0,close,-0.5723270440251572,-455.0
2016-12-28,-1,2016-12-28 09:55:00,7738.0,7765.25,7765.25,27.25,2016-12-28 15:59:00,7710.75,close,0.9724770642201837,530.0
2016-12-29,-1,2016-12-29 09:50:00,7701.75,7719.75,7707.5,18.0,2016-12-29 10:00:00,7707.5,stop,-0.3611111111111111,-130.0
2016-12-30,-1,2016-12-30 09:55:00,7690.5,7712.75,7712.75,22.25,2016-12-30 15:59:00,7652.25,close,1.6853932584269662,750.0
2017-01-03,1,2017-01-03 10:10:00,7710.75,7672.0,7672.0,38.75,2017-01-03 10:50:00,7691.0,counterattack_succeeds,-0.5290322580645161,-410.0
2017-01-06,1,2017-01-06 10:00:00,7763.5,7738.75,7756.75,24.75,2017-01-06 15:59:00,7789.75,close,1.0303030303030305,510.0
2017-01-09,1,2017-01-09 10:25:00,7805.0,7791.0,7801.5,14.0,2017-01-09 10:35:00,7801.5,stop,-0.3035714285714285,-85.0
2017-01-11,1,2017-01-11 10:35:00,7826.0,7815.25,7815.25,10.75,2017-01-11 10:53:00,7822.0,counterattack_succeeds,-0.4418604651162791,-95.0
2017-01-12,-1,2017-01-12 10:10:00,7787.75,7815.5,7815.5,27.75,2017-01-12 13:46:00,7815.5,stop,-1.027027027027027,-570.0
2017-01-13,1,2017-01-13 10:15:00,7841.5,7826.25,7826.25,15.25,2017-01-13 10:23:00,7839.25,counterattack_succeeds,-0.1967213114754098,-60.0
2017-01-16,-1,2017-01-16 09:55:00,7837.25,7840.25,7840.25,3.0,2017-01-16 11:00:00,7839.25,counterattack_succeeds,-0.9166666666666666,-55.0
2017-01-17,1,2017-01-17 10:35:00,7830.5,7814.0,7829.5,16.5,2017-01-17 10:51:00,7829.5,stop,-0.106060606060606,-35.0
2017-01-19,1,2017-01-19 09:55:00,7856.5,7841.75,7841.75,14.75,2017-01-19 10:07:00,7853.75,counterattack_succeeds,-0.2372881355932203,-70.0
2017-01-23,-1,2017-01-23 10:20:00,7834.0,7856.0,7837.25,22.0,2017-01-23 12:41:00,7837.25,stop,-0.1818181818181818,-80.0
2017-01-24,-1,2017-01-24 10:00:00,7853.0,7865.5,7865.5,12.5,2017-01-24 10:22:00,7858.25,counterattack_succeeds,-0.48,-120.0
2017-01-25,1,2017-01-25 10:10:00,7919.5,7909.75,7909.75,9.75,2017-01-25 10:16:00,7915.0,counterattack_succeeds,-0.5384615384615384,-105.0
2017-01-26,-1,2017-01-26 10:25:00,7936.5,7949.5,7949.5,13.0,2017-01-26 10:34:00,7937.75,counterattack_succeeds,-0.1538461538461538,-40.0
2017-01-27,-1,2017-01-27 09:50:00,7937.75,7953.75,7942.75,16.0,2017-01-27 10:31:00,7942.75,stop,-0.359375,-115.0
2017-01-30,-1,2017-01-30 10:15:00,7885.0,7932.0,7932.0,47.0,2017-01-30 15:59:00,7909.75,close,-0.5425531914893617,-510.0
2017-01-31,-1,2017-01-31 09:55:00,7883.0,7898.75,7898.75,15.75,2017-01-31 10:00:00,7887.5,counterattack_succeeds,-0.3333333333333333,-105.0
2017-02-01,-1,2017-02-01 09:55:00,7932.25,7944.5,7944.5,12.25,2017-02-01 10:04:00,7935.5,counterattack_succeeds,-0.3265306122448979,-80.0
2017-02-02,1,2017-02-02 09:50:00,7931.5,7909.75,7927.0,21.75,2017-02-02 11:50:00,7927.0,stop,-0.2413793103448276,-105.0
2017-02-06,1,2017-02-06 09:55:00,7938.25,7929.0,7929.0,9.25,2017-02-06 10:09:00,7936.0,counterattack_succeeds,-0.3243243243243243,-60.0
2017-02-07,1,2017-02-07 10:10:00,7969.25,7954.25,7954.25,15.0,2017-02-07 15:59:00,7966.5,close,-0.2333333333333333,-70.0
2017-02-08,-1,2017-02-08 09:50:00,7950.0,7961.25,7961.25,11.25,2017-02-08 10:00:00,7958.25,counterattack_succeeds,-0.8,-180.0
2017-02-09,1,2017-02-09 10:25:00,7989.5,7978.0,7978.0,11.5,2017-02-09 10:28:00,7989.0,counterattack_succeeds,-0.108695652173913,-25.0
2017-02-10,-1,2017-02-10 10:10:00,7997.25,8007.75,8007.75,10.5,2017-02-10 10:14:00,8002.0,counterattack_succeeds,-0.5238095238095238,-110.0
2017-02-13,1,2017-02-13 10:05:00,8033.75,8025.0,8025.0,8.75,2017-02-13 10:39:00,8031.5,counterattack_succeeds,-0.3428571428571428,-60.0
2017-02-14,-1,2017-02-14 10:05:00,8033.25,8043.0,8043.0,9.75,2017-02-14 10:11:00,8039.0,counterattack_succeeds,-0.6666666666666666,-130.0
2017-02-15,1,2017-02-15 09:55:00,8063.0,8052.5,8052.5,10.5,2017-02-15 10:05:00,8061.0,counterattack_succeeds,-0.2619047619047619,-55.0
2017-02-16,-1,2017-02-16 09:55:00,8087.25,8103.25,8103.25,16.0,2017-02-16 10:06:00,8090.75,counterattack_succeeds,-0.265625,-85.0
2017-02-17,1,2017-02-17 10:15:00,8092.0,8079.75,8090.75,12.25,2017-02-17 10:51:00,8090.75,stop,-0.1632653061224489,-40.0
2017-02-21,1,2017-02-21 09:50:00,8129.25,8118.0,8118.0,11.25,2017-02-21 11:28:00,8126.5,counterattack_succeeds,-0.3111111111111111,-70.0
2017-02-23,-1,2017-02-23 10:15:00,8120.5,8145.75,8145.75,25.25,2017-02-23 15:59:00,8118.75,close,0.0396039603960396,20.0
2017-02-24,1,2017-02-24 10:00:00,8107.0,8092.5,8092.5,14.5,2017-02-24 10:03:00,8103.5,counterattack_succeeds,-0.293103448275862,-85.0
2017-02-27,1,2017-02-27 10:00:00,8122.0,8109.5,8109.5,12.5,2017-02-27 10:04:00,8116.0,counterattack_succeeds,-0.54,-135.0
2017-02-28,-1,2017-02-28 09:55:00,8126.5,8136.25,8130.25,9.75,2017-02-28 10:12:00,8130.25,stop,-0.4615384615384615,-90.0
2017-03-01,1,2017-03-01 10:05:00,8158.75,8142.25,8142.25,16.5,2017-03-01 10:17:00,8154.25,counterattack_succeeds,-0.3181818181818182,-105.0
2017-03-02,-1,2017-03-02 10:15:00,8164.0,8176.0,8176.0,12.0,2017-03-02 10:20:00,8166.0,counterattack_succeeds,-0.2291666666666666,-55.0
2017-03-03,-1,2017-03-03 10:25:00,8136.0,8150.75,8150.75,14.75,2017-03-03 10:56:00,8141.75,counterattack_succeeds,-0.4406779661016949,-130.0
2017-03-06,-1,2017-03-06 10:25:00,8127.25,8145.5,8145.5,18.25,2017-03-06 11:19:00,8134.75,counterattack_succeeds,-0.4520547945205479,-165.0
2017-03-07,1,2017-03-07 10:20:00,8145.0,8130.25,8130.25,14.75,2017-03-07 11:30:00,8142.25,counterattack_succeeds,-0.2372881355932203,-70.0
2017-03-08,1,2017-03-08 09:50:00,8153.5,8134.25,8147.0,19.25,2017-03-08 11:45:00,8147.0,stop,-0.3766233766233766,-145.0
2017-03-09,1,2017-03-09 09:50:00,8150.0,8133.5,8145.75,16.5,2017-03-09 10:32:00,8145.75,stop,-0.303030303030303,-100.0
2017-03-13,-1,2017-03-13 10:10:00,8168.75,8178.25,8175.0,9.5,2017-03-13 10:42:00,8175.0,stop,-0.7368421052631579,-140.0
2017-03-14,-1,2017-03-14 09:55:00,8164.0,8171.5,8171.5,7.5,2017-03-14 15:59:00,8168.0,close,-0.6333333333333333,-95.0
2017-03-15,-1,2017-03-15 10:05:00,8166.5,8180.75,8180.75,14.25,2017-03-15 10:12:00,8168.0,counterattack_succeeds,-0.1578947368421052,-45.0
2017-03-16,-1,2017-03-16 10:10:00,8203.25,8211.75,8211.75,8.5,2017-03-16 15:59:00,8197.0,close,0.6470588235294118,110.0
2017-03-17,1,2017-03-17 09:55:00,8203.0,8194.75,8194.75,8.25,2017-03-17 10:00:00,8198.75,counterattack_succeeds,-0.6060606060606061,-100.0
2017-03-20,1,2017-03-20 09:55:00,8194.5,8188.25,8188.25,6.25,2017-03-20 13:43:00,8188.25,stop,-1.12,-140.0
2017-03-21,-1,2017-03-21 10:05:00,8210.0,8224.0,8224.0,14.0,2017-03-21 15:59:00,8117.0,close,6.589285714285714,1845.0
2017-03-24,1,2017-03-24 09:50:00,8175.25,8156.0,8156.0,19.25,2017-03-24 09:57:00,8170.5,counterattack_succeeds,-0.2857142857142857,-110.0
2017-03-27,1,2017-03-27 09:55:00,8117.5,8100.25,8113.75,17.25,2017-03-27 15:59:00,8158.75,close,2.347826086956522,810.0
2017-03-29,1,2017-03-29 10:00:00,8204.5,8189.5,8189.5,15.0,2017-03-29 10:10:00,8200.0,counterattack_succeeds,-0.35,-105.0
2017-03-30,1,2017-03-30 10:00:00,8222.5,8209.5,8209.5,13.0,2017-03-30 10:25:00,8221.75,counterattack_succeeds,-0.1153846153846153,-30.0
2017-03-31,1,2017-03-31 09:55:00,8221.75,8210.25,8210.25,11.5,2017-03-31 15:59:00,8219.5,close,-0.2608695652173913,-60.0
2017-04-05,1,2017-04-05 09:50:00,8244.25,8227.25,8238.25,17.0,2017-04-05 14:51:00,8238.25,stop,-0.3970588235294117,-135.0
2017-04-06,-1,2017-04-06 09:50:00,8195.0,8214.75,8214.75,19.75,2017-04-06 09:54:00,8206.75,counterattack_succeeds,-0.6329113924050633,-250.0
2017-04-07,-1,2017-04-07 09:55:00,8189.75,8214.5,8214.5,24.75,2017-04-07 10:12:00,8199.5,counterattack_succeeds,-0.4242424242424242,-210.0
2017-04-10,1,2017-04-10 10:35:00,8224.75,8205.75,8205.75,19.0,2017-04-10 10:57:00,8216.25,counterattack_succeeds,-0.4868421052631579,-185.0
2017-04-11,-1,2017-04-11 09:50:00,8174.5,8207.5,8207.5,33.0,2017-04-11 15:59:00,8182.25,close,-0.2575757575757575,-170.0
2017-04-13,1,2017-04-13 09:55:00,8170.5,8148.25,8148.25,22.25,2017-04-13 13:47:00,8148.25,stop,-1.0337078651685394,-460.0
2017-04-17,1,2017-04-17 10:10:00,8164.5,8150.0,8161.0,14.5,2017-04-17 15:59:00,8181.0,close,1.0862068965517242,315.0
2017-04-18,1,2017-04-18 10:00:00,8187.5,8160.25,8160.25,27.25,2017-04-18 10:18:00,8174.25,counterattack_succeeds,-0.5137614678899083,-280.0
2017-04-19,1,2017-04-19 10:00:00,8210.0,8195.0,8203.5,15.0,2017-04-19 10:17:00,8203.5,stop,-0.4833333333333333,-145.0
2017-04-21,-1,2017-04-21 09:55:00,8216.5,8230.75,8230.75,14.25,2017-04-21 09:58:00,8220.25,counterattack_succeeds,-0.3157894736842105,-90.0
2017-04-24,1,2017-04-24 10:00:00,8287.0,8275.25,8275.25,11.75,2017-04-24 10:07:00,8286.5,counterattack_succeeds,-0.1063829787234042,-25.0
2017-04-25,1,2017-04-25 10:05:00,8312.5,8303.75,8303.75,8.75,2017-04-25 15:59:00,8330.5,close,1.9714285714285715,345.0
2017-04-26,-1,2017-04-26 10:25:00,8327.75,8345.5,8345.5,17.75,2017-04-26 10:30:00,8330.0,counterattack_succeeds,-0.1690140845070422,-60.0
2017-04-27,1,2017-04-27 10:00:00,8340.5,8331.0,8331.0,9.5,2017-04-27 10:56:00,8338.0,counterattack_succeeds,-0.3421052631578947,-65.0
2017-04-28,-1,2017-04-28 09:55:00,8363.0,8378.5,8378.5,15.5,2017-04-28 10:43:00,8365.75,counterattack_succeeds,-0.2258064516129032,-70.0
2017-05-01,1,2017-05-01 09:55:00,8389.25,8379.5,8379.5,9.75,2017-05-01 10:09:00,8387.25,counterattack_succeeds,-0.282051282051282,-55.0
2017-05-02,-1,2017-05-02 09:50:00,8409.0,8421.5,8412.0,12.5,2017-05-02 10:26:00,8412.0,stop,-0.3,-75.0
2017-05-03,-1,2017-05-03 10:10:00,8394.75,8412.0,8412.0,17.25,2017-05-03 10:24:00,8400.0,counterattack_succeeds,-0.3478260869565217,-120.0
2017-05-04,-1,2017-05-04 09:55:00,8388.0,8409.5,8409.5,21.5,2017-05-04 10:01:00,8391.75,counterattack_succeeds,-0.2093023255813953,-90.0
2017-05-05,-1,2017-05-05 10:00:00,8408.75,8422.5,8422.5,13.75,2017-05-05 15:50:00,8422.5,stop,-1.0545454545454545,-290.0
2017-05-08,-1,2017-05-08 10:00:00,8422.25,8435.0,8435.0,12.75,2017-05-08 10:08:00,8424.75,counterattack_succeeds,-0.2549019607843137,-65.0
2017-05-09,1,2017-05-09 09:50:00,8456.25,8441.75,8441.75,14.5,2017-05-09 15:59:00,8457.75,close,0.0517241379310344,15.0
2017-05-10,-1,2017-05-10 10:05:00,8446.5,8462.25,8462.25,15.75,2017-05-10 10:13:00,8450.75,counterattack_succeeds,-0.3174603174603174,-100.0
2017-05-11,-1,2017-05-11 09:50:00,8439.75,8451.25,8451.25,11.5,2017-05-11 13:58:00,8451.25,stop,-1.065217391304348,-245.0
2017-05-12,-1,2017-05-12 10:30:00,8456.5,8465.5,8465.5,9.0,2017-05-12 10:33:00,8457.25,counterattack_succeeds,-0.1666666666666666,-30.0
2017-05-15,1,2017-05-15 09:50:00,8481.75,8465.5,8465.5,16.25,2017-05-15 09:53:00,8477.5,counterattack_succeeds,-0.3076923076923077,-100.0
2017-05-16,1,2017-05-16 09:55:00,8500.75,8491.5,8491.5,9.25,2017-05-16 10:10:00,8499.5,counterattack_succeeds,-0.2162162162162162,-40.0
2017-05-17,-1,2017-05-17 09:55:00,8456.25,8475.5,8475.5,19.25,2017-05-17 15:59:00,8365.0,close,4.701298701298701,1810.0
2017-05-18,1,2017-05-18 10:05:00,8404.0,8355.5,8355.5,48.5,2017-05-18 15:59:00,8412.25,close,0.1546391752577319,150.0
2017-05-22,1,2017-05-22 09:50:00,8466.25,8446.25,8464.75,20.0,2017-05-22 09:54:00,8464.75,stop,-0.1125,-45.0
2017-05-23,-1,2017-05-23 09:50:00,8480.0,8500.5,8500.5,20.5,2017-05-23 10:02:00,8484.5,counterattack_succeeds,-0.2560975609756097,-105.0
2017-05-25,1,2017-05-25 10:10:00,8539.25,8524.0,8524.0,15.25,2017-05-25 15:59:00,8563.25,close,1.524590163934426,465.0
2017-05-26,1,2017-05-26 09:55:00,8568.75,8556.75,8567.75,12.0,2017-05-26 11:03:00,8567.75,stop,-0.1458333333333333,-35.0
2017-05-29,-1,2017-05-29 10:10:00,8581.0,8584.5,8581.5,3.5,2017-05-29 12:59:00,8579.0,close,0.3571428571428571,25.0
2017-05-31,-1,2017-05-31 09:50:00,8582.25,8598.75,8598.75,16.5,2017-05-31 15:59:00,8575.25,close,0.3787878787878788,125.0
2017-06-01,1,2017-06-01 09:50:00,8595.25,8582.25,8582.25,13.0,2017-06-01 09:54:00,8589.25,counterattack_succeeds,-0.5192307692307693,-135.0
2017-06-02,1,2017-06-02 10:15:00,8630.0,8610.5,8624.5,19.5,2017-06-02 15:59:00,8665.0,close,1.7564102564102564,685.0
2017-06-05,1,2017-06-05 09:50:00,8669.0,8655.75,8655.75,13.25,2017-06-05 10:07:00,8665.25,counterattack_succeeds,-0.3396226415094339,-90.0
2017-06-06,1,2017-06-06 10:20:00,8671.5,8653.5,8669.5,18.0,2017-06-06 10:55:00,8669.5,stop,-0.1527777777777778,-55.0
2017-06-07,-1,2017-06-07 10:30:00,8652.5,8665.5,8665.5,13.0,2017-06-07 10:33:00,8656.0,counterattack_succeeds,-0.3269230769230769,-85.0
2017-06-08,-1,2017-06-08 09:50:00,8652.0,8678.25,8678.25,26.25,2017-06-08 10:08:00,8655.75,counterattack_succeeds,-0.1714285714285714,-90.0
2017-06-09,1,2017-06-09 10:15:00,8678.75,8661.5,8661.5,17.25,2017-06-09 10:43:00,8676.5,counterattack_succeeds,-0.1739130434782608,-60.0
2017-06-15,-1,2017-06-15 10:25:00,8418.0,8460.0,8460.0,42.0,2017-06-15 10:39:00,8435.75,counterattack_succeeds,-0.4404761904761904,-370.0
2017-06-16,-1,2017-06-16 10:20:00,8453.25,8483.0,8483.0,29.75,2017-06-16 10:23:00,8457.0,counterattack_succeeds,-0.1512605042016806,-90.0
2017-06-19,1,2017-06-19 10:05:00,8540.0,8503.5,8503.5,36.5,2017-06-19 15:59:00,8551.75,close,0.3013698630136986,220.0
2017-06-21,1,2017-06-21 10:25:00,8532.75,8517.0,8529.5,15.75,2017-06-21 11:15:00,8529.5,stop,-0.2539682539682539,-80.0
2017-06-23,1,2017-06-23 10:35:00,8565.0,8541.25,8541.25,23.75,2017-06-23 15:59:00,8583.25,close,0.7368421052631579,350.0
2017-06-26,-1,2017-06-26 10:05:00,8608.75,8627.5,8627.5,18.75,2017-06-26 15:59:00,8555.75,close,2.786666666666666,1045.0
2017-06-28,-1,2017-06-28 09:55:00,8442.25,8475.25,8475.25,33.0,2017-06-28 10:05:00,8455.0,counterattack_succeeds,-0.4090909090909091,-270.0
2017-06-29,-1,2017-06-29 10:15:00,8454.25,8508.5,8508.5,54.25,2017-06-29 10:49:00,8476.0,counterattack_succeeds,-0.4147465437788018,-450.0
2017-06-30,-1,2017-06-30 10:05:00,8430.5,8460.5,8446.5,30.0,2017-06-30 12:11:00,8446.5,stop,-0.5583333333333333,-335.0
2017-07-03,-1,2017-07-03 10:05:00,8438.0,8466.25,8466.25,28.25,2017-07-03 10:08:00,8442.75,counterattack_succeeds,-0.1946902654867256,-110.0
2017-07-04,1,2017-07-04 09:55:00,8388.5,8380.75,8386.5,7.75,2017-07-04 10:09:00,8386.5,stop,-0.3548387096774194,-55.0
2017-07-05,-1,2017-07-05 10:05:00,8375.0,8407.5,8407.5,32.5,2017-07-05 10:12:00,8383.5,counterattack_succeeds,-0.2846153846153846,-185.0
2017-07-06,-1,2017-07-06 10:25:00,8363.0,8395.75,8395.75,32.75,2017-07-06 10:41:00,8370.75,counterattack_succeeds,-0.2595419847328244,-170.0
2017-07-07,1,2017-07-07 09:55:00,8415.25,8393.75,8393.75,21.5,2017-07-07 10:19:00,8410.5,counterattack_succeeds,-0.2558139534883721,-110.0
2017-07-10,-1,2017-07-10 09:55:00,8430.0,8456.5,8456.5,26.5,2017-07-10 09:58:00,8436.0,counterattack_succeeds,-0.2547169811320754,-135.0
2017-07-11,1,2017-07-11 09:55:00,8471.5,8456.5,8456.5,15.0,2017-07-11 11:21:00,8467.0,counterattack_succeeds,-0.35,-105.0
2017-07-13,1,2017-07-13 09:50:00,8572.5,8555.75,8571.25,16.75,2017-07-13 10:15:00,8571.25,stop,-0.1194029850746268,-40.0
2017-07-17,1,2017-07-17 09:50:00,8629.5,8615.75,8625.5,13.75,2017-07-17 10:34:00,8625.5,stop,-0.3454545454545454,-95.0
2017-07-18,1,2017-07-18 09:50:00,8614.25,8595.75,8613.75,18.5,2017-07-18 10:05:00,8613.75,stop,-0.0675675675675675,-25.0
2017-07-20,-1,2017-07-20 10:15:00,8691.75,8711.0,8697.25,19.25,2017-07-20 11:02:00,8697.25,stop,-0.3246753246753247,-125.0
2017-07-21,1,2017-07-21 10:15:00,8688.5,8674.0,8674.0,14.5,2017-07-21 10:19:00,8683.25,counterattack_succeeds,-0.4137931034482758,-120.0
2017-07-24,1,2017-07-24 10:25:00,8701.25,8691.0,8691.0,10.25,2017-07-24 10:31:00,8694.25,counterattack_succeeds,-0.7560975609756098,-155.0
2017-07-25,1,2017-07-25 10:00:00,8709.5,8691.25,8691.25,18.25,2017-07-25 10:09:00,8704.75,counterattack_succeeds,-0.3013698630136986,-110.0
2017-07-26,1,2017-07-26 10:25:00,8728.25,8717.25,8723.75,11.0,2017-07-26 10:41:00,8723.75,stop,-0.4772727272727273,-105.0
2017-07-31,-1,2017-07-31 09:55:00,8692.0,8707.75,8707.75,15.75,2017-07-31 15:59:00,8657.25,close,2.1587301587301586,680.0
2017-08-01,-1,2017-08-01 10:25:00,8656.25,8681.0,8681.0,24.75,2017-08-01 10:38:00,8665.25,counterattack_succeeds,-0.3939393939393939,-195.0
2017-08-02,-1,2017-08-02 10:00:00,8685.0,8711.0,8711.0,26.0,2017-08-02 10:10:00,8695.0,counterattack_succeeds,-0.4134615384615384,-215.0
2017-08-03,-1,2017-08-03 09:55:00,8669.75,8695.5,8677.5,25.75,2017-08-03 10:59:00,8677.5,stop,-0.3300970873786408,-170.0
2017-08-04,-1,2017-08-04 10:00:00,8660.5,8682.75,8666.5,22.25,2017-08-04 10:19:00,8666.5,stop,-0.3033707865168539,-135.0
2017-08-07,1,2017-08-07 10:00:00,8689.0,8676.0,8686.5,13.0,2017-08-07 10:15:00,8686.5,stop,-0.25,-65.0
2017-08-08,1,2017-08-08 10:10:00,8702.75,8687.5,8687.5,15.25,2017-08-08 10:16:00,8698.0,counterattack_succeeds,-0.360655737704918,-110.0
2017-08-09,1,2017-08-09 10:00:00,8664.25,8637.25,8637.25,27.0,2017-08-09 10:04:00,8657.75,counterattack_succeeds,-0.2685185185185185,-145.0
2017-08-10,-1,2017-08-10 10:00:00,8640.75,8661.75,8642.75,21.0,2017-08-10 15:59:00,8564.5,close,3.595238095238096,1510.0
2017-08-11,1,2017-08-11 10:10:00,8600.0,8565.25,8565.25,34.75,2017-08-11 11:29:00,8585.25,counterattack_succeeds,-0.4460431654676259,-310.0
2017-08-14,1,2017-08-14 10:05:00,8673.0,8653.25,8653.25,19.75,2017-08-14 10:15:00,8667.75,counterattack_succeeds,-0.3037974683544304,-120.0
2017-08-15,-1,2017-08-15 10:35:00,8676.0,8698.5,8698.5,22.5,2017-08-15 10:40:00,8682.75,counterattack_succeeds,-0.3333333333333333,-150.0
2017-08-17,-1,2017-08-17 10:00:00,8666.5,8679.75,8679.75,13.25,2017-08-17 15:59:00,8576.0,close,6.773584905660377,1795.0
2017-08-18,-1,2017-08-18 09:55:00,8558.0,8585.25,8585.25,27.25,2017-08-18 10:08:00,8572.5,counterattack_succeeds,-0.5596330275229358,-305.0
2017-08-21,-1,2017-08-21 10:00:00,8560.5,8583.0,8562.5,22.5,2017-08-21 11:40:00,8562.5,stop,-0.1222222222222222,-55.0
2017-08-22,1,2017-08-22 09:50:00,8619.25,8592.25,8592.25,27.0,2017-08-22 09:53:00,8617.75,counterattack_succeeds,-0.0833333333333333,-45.0
2017-08-23,1,2017-08-23 10:00:00,8635.5,8617.0,8617.0,18.5,2017-08-23 10:07:00,8623.75,counterattack_succeeds,-0.6756756756756757,-250.0
2017-08-24,-1,2017-08-24 09:50:00,8623.75,8649.75,8649.75,26.0,2017-08-24 10:36:00,8626.25,counterattack_succeeds,-0.125,-65.0
2017-08-25,1,2017-08-25 09:55:00,8638.75,8622.5,8635.25,16.25,2017-08-25 10:15:00,8635.25,stop,-0.2615384615384615,-85.0
2017-08-28,-1,2017-08-28 09:55:00,8601.5,8618.25,8618.25,16.75,2017-08-28 10:02:00,8606.5,counterattack_succeeds,-0.3432835820895522,-115.0
2017-08-29,1,2017-08-29 09:50:00,8598.5,8561.75,8561.75,36.75,2017-08-29 09:58:00,8590.5,counterattack_succeeds,-0.238095238095238,-175.0
2017-08-30,1,2017-08-30 09:50:00,8666.25,8641.0,8663.0,25.25,2017-08-30 10:02:00,8663.0,stop,-0.1584158415841584,-80.0
2017-08-31,1,2017-08-31 10:25:00,8750.5,8722.25,8722.25,28.25,2017-08-31 10:38:00,8740.75,counterattack_succeeds,-0.3716814159292035,-210.0
2017-09-01,-1,2017-09-01 09:55:00,8760.5,8789.0,8772.0,28.5,2017-09-01 12:01:00,8772.0,stop,-0.4298245614035088,-245.0
2017-09-04,1,2017-09-04 10:15:00,8746.0,8739.25,8739.25,6.75,2017-09-04 12:59:00,8754.75,close,1.1851851851851851,160.0
2017-09-06,-1,2017-09-06 10:15:00,8714.0,8737.0,8716.5,23.0,2017-09-06 12:26:00,8716.5,stop,-0.1413043478260869,-65.0
2017-09-07,-1,2017-09-07 10:05:00,8721.0,8739.75,8739.75,18.75,2017-09-07 10:17:00,8728.25,counterattack_succeeds,-0.4266666666666667,-160.0
2017-09-08,-1,2017-09-08 10:05:00,8722.0,8737.0,8725.0,15.0,2017-09-08 11:03:00,8725.0,stop,-0.25,-75.0
2017-09-11,1,2017-09-11 09:55:00,8761.25,8734.0,8734.0,27.25,2017-09-11 10:00:00,8758.5,counterattack_succeeds,-0.128440366972477,-70.0
2017-09-12,-1,2017-09-12 09:50:00,8760.25,8779.5,8779.5,19.25,2017-09-12 15:59:00,8770.75,close,-0.5844155844155844,-225.0
2017-09-13,-1,2017-09-13 09:50:00,8752.25,8763.75,8763.75,11.5,2017-09-13 09:55:00,8757.5,counterattack_succeeds,-0.5217391304347826,-120.0
2017-09-15,1,2017-09-15 10:05:00,8746.5,8730.75,8740.25,15.75,2017-09-15 15:59:00,8760.5,close,0.8412698412698413,265.0
2017-09-18,1,2017-09-18 09:50:00,8780.75,8761.75,8761.75,19.0,2017-09-18 10:17:00,8774.75,counterattack_succeeds,-0.3552631578947368,-135.0
2017-09-21,-1,2017-09-21 09:55:00,8708.75,8742.25,8742.25,33.5,2017-09-21 11:16:00,8716.75,counterattack_succeeds,-0.2611940298507462,-175.0
2017-09-22,1,2017-09-22 10:10:00,8709.5,8686.5,8686.5,23.0,2017-09-22 10:18:00,8707.0,counterattack_succeeds,-0.1413043478260869,-65.0
2017-09-25,-1,2017-09-25 10:35:00,8652.0,8680.25,8680.25,28.25,2017-09-25 15:59:00,8640.25,close,0.3893805309734513,220.0
2017-09-26,-1,2017-09-26 10:35:00,8661.0,8681.25,8681.25,20.25,2017-09-26 10:40:00,8664.75,counterattack_succeeds,-0.2222222222222222,-90.0
2017-09-27,-1,2017-09-27 10:15:00,8684.0,8705.5,8705.5,21.5,2017-09-27 10:18:00,8688.25,counterattack_succeeds,-0.2325581395348837,-100.0
2017-09-28,1,2017-09-28 10:30:00,8705.25,8680.0,8680.0,25.25,2017-09-28 10:57:00,8699.0,counterattack_succeeds,-0.2772277227722772,-140.0
2017-09-29,-1,2017-09-29 09:55:00,8712.0,8726.0,8726.0,14.0,2017-09-29 10:07:00,8714.5,counterattack_succeeds,-0.2321428571428571,-65.0
2017-10-02,1,2017-10-02 10:00:00,8772.5,8757.75,8765.5,14.75,2017-10-02 11:22:00,8765.5,stop,-0.5254237288135594,-155.0
2017-10-03,1,2017-10-03 09:50:00,8772.25,8755.75,8755.75,16.5,2017-10-03 09:59:00,8768.25,counterattack_succeeds,-0.2878787878787879,-95.0
2017-10-06,1,2017-10-06 10:05:00,8828.75,8809.25,8809.25,19.5,2017-10-06 10:13:00,8825.5,counterattack_succeeds,-0.2051282051282051,-80.0
2017-10-09,1,2017-10-09 10:10:00,8850.0,8837.25,8837.25,12.75,2017-10-09 10:13:00,8843.25,counterattack_succeeds,-0.5882352941176471,-150.0
2017-10-10,-1,2017-10-10 09:55:00,8840.75,8857.25,8857.25,16.5,2017-10-10 15:59:00,8835.75,close,0.2575757575757575,85.0
2017-10-11,-1,2017-10-11 09:55:00,8825.75,8838.25,8838.25,12.5,2017-10-11 09:58:00,8830.5,counterattack_succeeds,-0.44,-110.0
2017-10-12,1,2017-10-12 10:20:00,8852.75,8838.75,8838.75,14.0,2017-10-12 10:55:00,8849.5,counterattack_succeeds,-0.2857142857142857,-80.0
2017-10-13,1,2017-10-13 10:30:00,8870.25,8858.75,8858.75,11.5,2017-10-13 10:45:00,8866.0,counterattack_succeeds,-0.4347826086956521,-100.0
2017-10-16,-1,2017-10-16 10:20:00,8875.5,8887.0,8887.0,11.5,2017-10-16 10:29:00,8878.5,counterattack_succeeds,-0.3260869565217391,-75.0
2017-10-17,-1,2017-10-17 10:30:00,8875.25,8885.0,8885.0,9.75,2017-10-17 10:33:00,8878.5,counterattack_succeeds,-0.4102564102564102,-80.0
2017-10-18,-1,2017-10-18 09:50:00,8882.25,8899.75,8888.0,17.5,2017-10-18 10:03:00,8888.0,stop,-0.3714285714285714,-130.0
2017-10-19,-1,2017-10-19 09:50:00,8831.5,8860.25,8860.25,28.75,2017-10-19 10:18:00,8837.75,counterattack_succeeds,-0.2434782608695652,-140.0
2017-10-23,-1,2017-10-23 09:50:00,8877.5,8891.0,8891.0,13.5,2017-10-23 15:59:00,8838.0,close,2.8703703703703702,775.0
2017-10-25,-1,2017-10-25 09:55:00,8833.5,8856.25,8856.25,22.75,2017-10-25 10:01:00,8840.75,counterattack_succeeds,-0.3516483516483517,-160.0
2017-10-26,-1,2017-10-26 10:10:00,8808.25,8831.75,8831.75,23.5,2017-10-26 10:25:00,8813.0,counterattack_succeeds,-0.2340425531914893,-110.0
2017-10-27,1,2017-10-27 09:55:00,8924.0,8896.75,8896.75,27.25,2017-10-27 15:59:00,8981.5,close,2.0825688073394497,1135.0
2017-10-30,1,2017-10-30 09:55:00,9003.0,8974.75,8997.75,28.25,2017-10-30 11:11:00,8997.75,stop,-0.2123893805309734,-120.0
2017-10-31,-1,2017-10-31 09:55:00,9002.0,9017.75,9005.5,15.75,2017-10-31 10:11:00,9005.5,stop,-0.2698412698412698,-85.0
2017-11-01,-1,2017-11-01 09:55:00,9031.0,9046.0,9036.0,15.0,2017-11-01 15:59:00,9016.0,close,0.95,285.0
2017-11-02,1,2017-11-02 09:50:00,9010.0,8994.5,8994.5,15.5,2017-11-02 09:57:00,9005.5,counterattack_succeeds,-0.3387096774193548,-105.0
2017-11-03,-1,2017-11-03 10:15:00,9009.25,9032.75,9032.75,23.5,2017-11-03 10:21:00,9017.0,counterattack_succeeds,-0.3617021276595745,-170.0
2017-11-06,1,2017-11-06 10:25:00,9080.75,9055.75,9055.75,25.0,2017-11-06 10:59:00,9076.0,counterattack_succeeds,-0.22,-110.0
2017-11-07,1,2017-11-07 09:50:00,9093.75,9077.25,9077.25,16.5,2017-11-07 09:55:00,9090.5,counterattack_succeeds,-0.2424242424242424,-80.0
2017-11-09,-1,2017-11-09 09:50:00,9042.75,9070.25,9070.25,27.5,2017-11-09 09:55:00,9051.5,counterattack_succeeds,-0.3454545454545454,-190.0
2017-11-10,-1,2017-11-10 10:35:00,9056.0,9075.25,9061.25,19.25,2017-11-10 10:49:00,9061.25,stop,-0.3116883116883117,-120.0
2017-11-13,1,2017-11-13 09:55:00,9070.5,9053.75,9053.75,16.75,2017-11-13 15:59:00,9085.25,close,0.835820895522388,280.0
2017-11-14,-1,2017-11-14 10:05:00,9032.75,9066.5,9066.5,33.75,2017-11-14 10:15:00,9047.25,counterattack_succeeds,-0.4518518518518518,-305.0
2017-11-16,1,2017-11-16 10:05:00,9083.5,9063.75,9063.75,19.75,2017-11-16 15:59:00,9113.0,close,1.4556962025316456,575.0
2017-11-17,-1,2017-11-17 10:15:00,9104.25,9118.0,9118.0,13.75,2017-11-17 10:24:00,9106.5,counterattack_succeeds,-0.2181818181818181,-60.0
2017-11-20,-1,2017-11-20 10:30:00,9084.5,9098.0,9098.0,13.5,2017-11-20 10:33:00,9086.0,counterattack_succeeds,-0.1666666666666666,-45.0
2017-11-21,1,2017-11-21 09:55:00,9138.25,9109.25,9109.25,29.0,2017-11-21 15:59:00,9150.5,close,0.396551724137931,230.0
2017-11-23,-1,2017-11-23 10:05:00,9155.25,9159.75,9156.25,4.5,2017-11-23 10:45:00,9156.25,stop,-0.3888888888888889,-35.0
2017-11-24,1,2017-11-24 10:00:00,9168.75,9161.25,9161.25,7.5,2017-11-24 10:14:00,9165.0,counterattack_succeeds,-0.6,-90.0
2017-11-27,1,2017-11-27 09:50:00,9187.5,9172.5,9172.5,15.0,2017-11-27 09:59:00,9183.0,counterattack_succeeds,-0.35,-105.0
2017-11-28,-1,2017-11-28 09:50:00,9181.5,9193.0,9193.0,11.5,2017-11-28 09:53:00,9185.25,counterattack_succeeds,-0.391304347826087,-90.0
2017-11-29,-1,2017-11-29 09:50:00,9153.0,9187.5,9187.5,34.5,2017-11-29 15:59:00,9083.25,close,2.0,1380.0
2017-11-30,1,2017-11-30 10:35:00,9123.75,9093.0,9093.0,30.75,2017-11-30 10:51:00,9117.0,counterattack_succeeds,-0.2439024390243902,-150.0
2017-12-01,1,2017-12-01 10:20:00,9133.5,9092.75,9092.75,40.75,2017-12-01 10:35:00,9123.75,counterattack_succeeds,-0.2576687116564417,-210.0
2017-12-04,-1,2017-12-04 10:00:00,9122.0,9153.75,9153.75,31.75,2017-12-04 15:59:00,9034.0,close,2.748031496062992,1745.0
2017-12-05,1,2017-12-05 10:05:00,9083.5,9007.5,9007.5,76.0,2017-12-05 10:12:00,9069.25,counterattack_succeeds,-0.1973684210526315,-300.0
2017-12-07,1,2017-12-07 10:35:00,9092.0,9057.5,9057.5,34.5,2017-12-07 15:59:00,9087.0,close,-0.1666666666666666,-115.0
2017-12-11,1,2017-12-11 10:35:00,9138.25,9115.25,9115.25,23.0,2017-12-11 10:39:00,9133.0,counterattack_succeeds,-0.2608695652173913,-120.0
2017-12-13,-1,2017-12-13 10:10:00,9172.25,9187.5,9177.75,15.25,2017-12-13 10:37:00,9177.75,stop,-0.4098360655737705,-125.0
2017-12-14,1,2017-12-14 10:25:00,9186.5,9169.75,9169.75,16.75,2017-12-14 11:08:00,9185.0,counterattack_succeeds,-0.1343283582089552,-45.0
2017-12-15,1,2017-12-15 10:20:00,9193.0,9174.5,9186.5,18.5,2017-12-15 15:59:00,9232.75,close,2.108108108108108,780.0
2017-12-18,1,2017-12-18 10:10:00,9282.75,9264.0,9264.0,18.75,2017-12-18 10:18:00,9278.25,counterattack_succeeds,-0.28,-105.0
2017-12-19,-1,2017-12-19 10:25:00,9252.5,9282.5,9259.75,30.0,2017-12-19 15:59:00,9248.75,close,0.1,60.0
2017-12-20,-1,2017-12-20 09:50:00,9228.0,9272.75,9272.75,44.75,2017-12-20 10:11:00,9233.0,counterattack_succeeds,-0.1284916201117318,-115.0
2017-12-21,-1,2017-12-21 09:55:00,9236.5,9258.75,9245.75,22.25,2017-12-21 10:23:00,9245.75,stop,-0.449438202247191,-200.0
2017-12-26,-1,2017-12-26 09:50:00,9187.5,9211.5,9211.5,24.0,2017-12-26 09:54:00,9191.75,counterattack_succeeds,-0.2083333333333333,-100.0
2017-12-27,1,2017-12-27 10:15:00,9223.0,9203.75,9203.75,19.25,2017-12-27 11:24:00,9215.5,counterattack_succeeds,-0.4285714285714285,-165.0
2017-12-28,-1,2017-12-28 10:05:00,9203.75,9218.5,9218.5,14.75,2017-12-28 15:59:00,9200.5,close,0.1694915254237288,50.0
2017-12-29,-1,2017-12-29 10:05:00,9189.0,9209.0,9195.0,20.0,2017-12-29 15:59:00,9160.0,close,1.4125,565.0
2018-01-02,1,2018-01-02 09:50:00,9219.5,9177.25,9177.25,42.25,2018-01-02 15:59:00,9271.75,close,1.2189349112426036,1030.0
2018-01-03,1,2018-01-03 09:55:00,9305.75,9277.0,9277.0,28.75,2018-01-03 15:59:00,9334.75,close,0.982608695652174,565.0
2018-01-05,1,2018-01-05 10:20:00,9383.0,9365.25,9365.25,17.75,2018-01-05 10:27:00,9381.0,counterattack_succeeds,-0.1549295774647887,-55.0
2018-01-08,1,2018-01-08 10:20:00,9423.75,9409.75,9422.25,14.0,2018-01-08 15:59:00,9437.0,close,0.8928571428571429,250.0
2018-01-10,-1,2018-01-10 09:55:00,9387.75,9420.0,9420.0,32.25,2018-01-10 10:12:00,9400.5,counterattack_succeeds,-0.4186046511627907,-270.0
2018-01-11,-1,2018-01-11 10:35:00,9425.25,9440.75,9440.75,15.5,2018-01-11 10:42:00,9430.5,counterattack_succeeds,-0.3870967741935484,-120.0
2018-01-12,1,2018-01-12 10:30:00,9491.25,9454.25,9454.25,37.0,2018-01-12 15:59:00,9516.5,close,0.6621621621621622,490.0
2018-01-15,1,2018-01-15 10:15:00,9533.5,9526.25,9526.25,7.25,2018-01-15 10:24:00,9531.25,counterattack_succeeds,-0.4137931034482758,-60.0
2018-01-18,-1,2018-01-18 10:05:00,9555.0,9577.5,9562.0,22.5,2018-01-18 10:30:00,9562.0,stop,-0.3444444444444444,-155.0
2018-01-19,-1,2018-01-19 09:55:00,9587.25,9608.0,9608.0,20.75,2018-01-19 15:59:00,9596.25,close,-0.4698795180722891,-195.0
2018-01-22,1,2018-01-22 10:10:00,9615.0,9585.25,9585.25,29.75,2018-01-22 15:59:00,9668.75,close,1.781512605042017,1060.0
2018-01-23,1,2018-01-23 09:50:00,9708.75,9686.75,9686.75,22.0,2018-01-23 09:56:00,9704.25,counterattack_succeeds,-0.2386363636363636,-105.0
2018-01-24,1,2018-01-24 10:15:00,9749.25,9723.25,9723.25,26.0,2018-01-24 10:19:00,9743.0,counterattack_succeeds,-0.2692307692307692,-140.0
2018-01-25,-1,2018-01-25 09:55:00,9696.75,9728.75,9728.75,32.0,2018-01-25 15:59:00,9675.0,close,0.65625,420.0
2018-01-26,1,2018-01-26 10:35:00,9718.75,9700.25,9700.25,18.5,2018-01-26 15:59:00,9778.25,close,3.175675675675676,1175.0
2018-01-31,-1,2018-01-31 10:05:00,9722.0,9742.0,9742.0,20.0,2018-01-31 10:08:00,9729.5,counterattack_succeeds,-0.4125,-165.0
2018-02-01,1,2018-02-01 10:05:00,9707.75,9662.0,9662.0,45.75,2018-02-01 10:29:00,9694.75,counterattack_succeeds,-0.3005464480874317,-275.0
2018-02-02,-1,2018-02-02 09:50:00,9614.25,9646.75,9646.75,32.5,2018-02-02 15:59:00,9516.0,close,3.0,1950.0
2018-02-05,1,2018-02-05 10:00:00,9497.25,9433.5,9433.5,63.75,2018-02-05 14:24:00,9433.5,stop,-1.011764705882353,-1290.0
2018-02-06,1,2018-02-06 09:55:00,9343.5,9124.75,9124.75,218.75,2018-02-06 09:58:00,9293.0,counterattack_succeeds,-0.2342857142857143,-1025.0
2018-02-07,1,2018-02-07 10:10:00,9432.75,9374.5,9374.5,58.25,2018-02-07 10:23:00,9417.0,counterattack_succeeds,-0.2832618025751073,-330.0
2018-02-08,-1,2018-02-08 10:30:00,9298.75,9355.25,9355.25,56.5,2018-02-08 15:59:00,9053.25,close,4.331858407079646,4895.0
2018-02-12,-1,2018-02-12 10:20:00,9202.0,9265.25,9265.25,63.25,2018-02-12 11:00:00,9226.0,counterattack_succeeds,-0.391304347826087,-495.0
2018-02-13,1,2018-02-13 10:20:00,9272.25,9227.0,9227.0,45.25,2018-02-13 10:34:00,9263.5,counterattack_succeeds,-0.2099447513812154,-190.0
2018-02-14,1,2018-02-14 10:10:00,9334.5,9267.25,9267.25,67.25,2018-02-14 15:59:00,9431.75,close,1.4349442379182156,1930.0
2018-02-15,1,2018-02-15 10:00:00,9504.0,9453.75,9453.75,50.25,2018-02-15 10:08:00,9489.75,counterattack_succeeds,-0.2985074626865671,-300.0
2018-02-16,1,2018-02-16 09:50:00,9567.25,9533.75,9533.75,33.5,2018-02-16 09:59:00,9560.5,counterattack_succeeds,-0.2238805970149253,-150.0
2018-02-19,-1,2018-02-19 10:10:00,9530.0,9558.25,9558.25,28.25,2018-02-19 10:42:00,9532.25,counterattack_succeeds,-0.1061946902654867,-60.0
2018-02-20,1,2018-02-20 09:50:00,9545.0,9496.0,9496.0,49.0,2018-02-20 09:59:00,9529.5,counterattack_succeeds,-0.3316326530612244,-325.0
2018-02-21,1,2018-02-21 10:10:00,9581.0,9557.25,9557.25,23.75,2018-02-21 10:15:00,9573.75,counterattack_succeeds,-0.3368421052631579,-160.0
2018-02-27,-1,2018-02-27 09:55:00,9723.0,9751.0,9751.0,28.0,2018-02-27 10:07:00,9737.5,counterattack_succeeds,-0.5446428571428571,-305.0
2018-02-28,1,2018-02-28 10:00:00,9709.0,9679.0,9679.0,30.0,2018-02-28 10:11:00,9698.0,counterattack_succeeds,-0.3916666666666666,-235.0
2018-03-01,-1,2018-03-01 09:55:00,9556.75,9640.25,9640.25,83.5,2018-03-01 09:58:00,9568.0,counterattack_succeeds,-0.1437125748502994,-240.0
2018-03-02,1,2018-03-02 10:35:00,9456.25,9399.75,9452.75,56.5,2018-03-02 11:00:00,9452.75,stop,-0.0752212389380531,-85.0
2018-03-05,-1,2018-03-05 10:10:00,9518.25,9552.75,9552.75,34.5,2018-03-05 10:28:00,9527.75,counterattack_succeeds,-0.2971014492753623,-205.0
2018-03-06,1,2018-03-06 10:00:00,9680.0,9653.0,9653.0,27.0,2018-03-06 10:04:00,9673.5,counterattack_succeeds,-0.2685185185185185,-145.0
2018-03-08,-1,2018-03-08 10:05:00,9699.0,9722.0,9722.0,23.0,2018-03-08 10:12:00,9705.75,counterattack_succeeds,-0.3260869565217391,-150.0
2018-03-09,1,2018-03-09 10:10:00,9782.0,9759.25,9759.25,22.75,2018-03-09 15:59:00,9852.75,close,3.076923076923077,1400.0
2018-03-12,1,2018-03-12 10:05:00,9895.25,9866.75,9866.75,28.5,2018-03-12 10:09:00,9889.75,counterattack_succeeds,-0.219298245614035,-125.0
2018-03-13,-1,2018-03-13 10:35:00,9904.0,9936.25,9936.25,32.25,2018-03-13 15:59:00,9797.5,close,3.2790697674418605,2115.0
2018-03-14,-1,2018-03-14 09:50:00,9802.75,9837.5,9837.5,34.75,2018-03-14 10:00:00,9812.25,counterattack_succeeds,-0.2949640287769784,-205.0
2018-03-15,-1,2018-03-15 09:50:00,9766.0,9800.25,9800.25,34.25,2018-03-15 09:54:00,9779.75,counterattack_succeeds,-0.4233576642335766,-290.0
2018-03-19,-1,2018-03-19 10:15:00,9666.75,9699.25,9699.25,32.5,2018-03-19 10:28:00,9675.75,counterattack_succeeds,-0.3,-195.0
2018-03-21,1,2018-03-21 09:55:00,9622.25,9604.0,9618.0,18.25,2018-03-21 10:35:00,9618.0,stop,-0.273972602739726,-100.0
2018-03-22,1,2018-03-22 09:50:00,9532.75,9491.75,9491.75,41.0,2018-03-22 09:53:00,9524.0,counterattack_succeeds,-0.2317073170731707,-190.0
2018-03-26,-1,2018-03-26 10:15:00,9375.5,9405.75,9405.75,30.25,2018-03-26 10:22:00,9386.25,counterattack_succeeds,-0.3801652892561983,-230.0
2018-03-27,-1,2018-03-27 09:50:00,9503.75,9545.5,9545.5,41.75,2018-03-27 09:56:00,9519.75,counterattack_succeeds,-0.4011976047904191,-335.0
2018-03-28,1,2018-03-28 10:05:00,9277.0,9170.0,9170.0,107.0,2018-03-28 10:12:00,9249.25,counterattack_succeeds,-0.2663551401869158,-570.0
2018-03-29,-1,2018-03-29 09:50:00,9185.75,9251.5,9251.5,65.75,2018-03-29 10:02:00,9198.75,counterattack_succeeds,-0.2091254752851711,-275.0
2018-04-02,-1,2018-04-02 09:50:00,9242.5,9296.0,9296.0,53.5,2018-04-02 15:59:00,9125.25,close,2.177570093457944,2330.0
2018-04-03,-1,2018-04-03 09:55:00,9156.25,9193.0,9161.25,36.75,2018-04-03 10:58:00,9161.25,stop,-0.1564625850340136,-115.0
2018-04-05,-1,2018-04-05 09:50:00,9326.0,9371.5,9371.5,45.5,2018-04-05 09:54:00,9335.25,counterattack_succeeds,-0.2197802197802197,-200.0
2018-04-06,1,2018-04-06 09:55:00,9322.5,9250.25,9250.25,72.25,2018-04-06 10:03:00,9301.0,counterattack_succeeds,-0.3079584775086505,-445.0
2018-04-09,1,2018-04-09 09:50:00,9243.25,9208.25,9208.25,35.0,2018-04-09 15:57:00,9208.25,stop,-1.0214285714285714,-715.0
2018-04-10,-1,2018-04-10 09:55:00,9273.25,9325.0,9325.0,51.75,2018-04-10 10:01:00,9287.0,counterattack_succeeds,-0.2801932367149758,-290.0
2018-04-11,1,2018-04-11 10:25:00,9348.75,9312.25,9312.25,36.5,2018-04-11 11:00:00,9336.25,counterattack_succeeds,-0.363013698630137,-265.0
2018-04-12,1,2018-04-12 10:00:00,9399.75,9353.0,9353.0,46.75,2018-04-12 15:59:00,9393.5,close,-0.1497326203208556,-140.0
2018-04-13,-1,2018-04-13 09:55:00,9411.5,9438.75,9438.75,27.25,2018-04-13 15:59:00,9361.0,close,1.8256880733944956,995.0
2018-04-17,1,2018-04-17 10:05:00,9497.25,9465.75,9465.75,31.5,2018-04-17 15:59:00,9552.0,close,1.7142857142857142,1080.0
2018-04-18,-1,2018-04-18 10:15:00,9524.5,9567.5,9567.5,43.0,2018-04-18 10:30:00,9546.0,counterattack_succeeds,-0.5174418604651163,-445.0
2018-04-19,1,2018-04-19 10:15:00,9540.75,9517.5,9517.5,23.25,2018-04-19 10:22:00,9539.0,counterattack_succeeds,-0.1075268817204301,-50.0
2018-04-20,-1,2018-04-20 09:55:00,9448.25,9492.25,9458.5,44.0,2018-04-20 10:27:00,9458.5,stop,-0.25,-220.0
2018-04-23,-1,2018-04-23 09:55:00,9389.25,9431.0,9431.0,41.75,2018-04-23 10:00:00,9407.0,counterattack_succeeds,-0.4431137724550898,-370.0
2018-04-24,-1,2018-04-24 09:55:00,9380.25,9417.75,9417.75,37.5,2018-04-24 10:03:00,9398.5,counterattack_succeeds,-0.5066666666666667,-380.0
2018-04-25,-1,2018-04-25 10:00:00,9169.0,9251.5,9251.5,82.5,2018-04-25 10:09:00,9184.75,counterattack_succeeds,-0.2,-330.0
2018-04-26,1,2018-04-26 10:10:00,9358.0,9307.5,9307.5,50.5,2018-04-26 15:59:00,9381.0,close,0.4405940594059406,445.0
2018-04-27,-1,2018-04-27 09:55:00,9418.0,9482.25,9482.25,64.25,2018-04-27 15:59:00,9387.5,close,0.4630350194552529,595.0
2018-04-30,1,2018-04-30 09:55:00,9428.5,9397.5,9397.5,31.0,2018-04-30 10:00:00,9421.25,counterattack_succeeds,-0.2580645161290322,-160.0
2018-05-01,1,2018-05-01 10:00:00,9340.75,9304.5,9304.5,36.25,2018-05-01 10:06:00,9327.75,counterattack_succeeds,-0.3793103448275862,-275.0
2018-05-03,1,2018-05-03 09:55:00,9350.0,9315.75,9315.75,34.25,2018-05-03 10:07:00,9343.75,counterattack_succeeds,-0.2043795620437956,-140.0
2018-05-04,1,2018-05-04 10:05:00,9380.0,9336.25,9372.75,43.75,2018-05-04 15:59:00,9498.5,close,2.6914285714285717,2355.0
2018-05-08,-1,2018-05-08 10:00:00,9520.5,9548.75,9548.75,28.25,2018-05-08 10:04:00,9525.5,counterattack_succeeds,-0.2035398230088495,-115.0
2018-05-10,1,2018-05-10 10:30:00,9659.75,9637.25,9637.25,22.5,2018-05-10 10:33:00,9655.5,counterattack_succeeds,-0.2222222222222222,-100.0
2018-05-14,1,2018-05-14 10:25:00,9730.25,9699.5,9722.75,30.75,2018-05-14 11:27:00,9722.75,stop,-0.2682926829268293,-165.0
2018-05-15,-1,2018-05-15 10:00:00,9589.0,9643.0,9643.0,54.0,2018-05-15 10:07:00,9602.5,counterattack_succeeds,-0.2638888888888889,-285.0
2018-05-16,1,2018-05-16 09:50:00,9637.75,9622.25,9636.0,15.5,2018-05-16 11:25:00,9636.0,stop,-0.1612903225806451,-50.0
2018-05-17,1,2018-05-17 10:05:00,9652.75,9632.0,9632.0,20.75,2018-05-17 13:43:00,9632.0,stop,-1.036144578313253,-430.0
2018-05-18,-1,2018-05-18 10:35:00,9598.0,9618.25,9618.25,20.25,2018-05-18 10:44:00,9603.25,counterattack_succeeds,-0.2962962962962963,-120.0
2018-05-22,-1,2018-05-22 09:55:00,9663.25,9680.5,9680.5,17.25,2018-05-22 15:59:00,9628.25,close,1.9855072463768115,685.0
2018-05-23,1,2018-05-23 10:10:00,9613.5,9574.0,9574.0,39.5,2018-05-23 10:52:00,9589.0,counterattack_succeeds,-0.6392405063291139,-505.0
2018-05-24,-1,2018-05-24 09:50:00,9655.75,9694.25,9694.25,38.5,2018-05-24 15:32:00,9694.25,stop,-1.0194805194805194,-785.0
2018-05-25,1,2018-05-25 09:50:00,9692.5,9668.25,9668.25,24.25,2018-05-25 10:06:00,9690.5,counterattack_succeeds,-0.1134020618556701,-55.0
2018-05-28,1,2018-05-28 10:00:00,9707.0,9697.0,9697.0,10.0,2018-05-28 12:59:00,9718.25,close,1.05,210.0
2018-05-29,1,2018-05-29 09:50:00,9672.5,9641.25,9641.25,31.25,2018-05-29 10:31:00,9669.25,counterattack_succeeds,-0.128,-80.0
2018-05-30,-1,2018-05-30 09:55:00,9676.5,9691.75,9691.75,15.25,2018-05-30 10:10:00,9683.0,counterattack_succeeds,-0.4754098360655737,-145.0
2018-06-01,1,2018-06-01 10:05:00,9763.0,9735.0,9735.0,28.0,2018-06-01 10:15:00,9760.25,counterattack_succeeds,-0.125,-70.0
2018-06-05,1,2018-06-05 10:00:00,9899.0,9881.25,9881.25,17.75,2018-06-05 10:36:00,9893.75,counterattack_succeeds,-0.3380281690140845,-120.0
2018-06-06,-1,2018-06-06 10:00:00,9886.5,9913.0,9913.0,26.5,2018-06-06 11:15:00,9899.0,counterattack_succeeds,-0.5,-265.0
2018-06-07,-1,2018-06-07 10:10:00,9908.75,9941.25,9941.25,32.5,2018-06-07 15:59:00,9880.25,close,0.8538461538461538,555.0
2018-06-08,1,2018-06-08 09:55:00,9859.0,9836.75,9836.75,22.25,2018-06-08 10:09:00,9853.75,counterattack_succeeds,-0.2696629213483146,-120.0
2018-06-12,-1,2018-06-12 10:30:00,9903.75,9919.75,9919.75,16.0,2018-06-12 10:42:00,9910.75,counterattack_succeeds,-0.484375,-155.0
2018-06-13,1,2018-06-13 10:05:00,9955.5,9939.25,9939.25,16.25,2018-06-13 14:09:00,9939.25,stop,-1.0461538461538462,-340.0
2018-06-14,1,2018-06-14 10:05:00,9989.0,9959.75,9987.5,29.25,2018-06-14 10:55:00,9987.5,stop,-0.0769230769230769,-45.0
2018-06-18,1,2018-06-18 09:55:00,9938.5,9907.25,9907.25,31.25,2018-06-18 10:01:00,9927.0,counterattack_succeeds,-0.392,-245.0
2018-06-19,-1,2018-06-19 10:25:00,9874.0,9917.25,9917.25,43.25,2018-06-19 10:46:00,9880.25,counterattack_succeeds,-0.1618497109826589,-140.0
2018-06-21,-1,2018-06-21 10:05:00,9995.5,10028.25,10028.25,32.75,2018-06-21 15:59:00,9939.5,close,1.6870229007633588,1105.0
2018-06-22,-1,2018-06-22 10:00:00,9918.75,9966.75,9966.75,48.0,2018-06-22 10:06:00,9928.25,counterattack_succeeds,-0.2135416666666666,-205.0
2018-06-25,-1,2018-06-25 09:50:00,9816.0,9868.0,9868.0,52.0,2018-06-25 09:54:00,9826.0,counterattack_succeeds,-0.2067307692307692,-215.0
2018-06-27,1,2018-06-27 09:50:00,9831.75,9804.75,9804.75,27.0,2018-06-27 10:04:00,9826.0,counterattack_succeeds,-0.2407407407407407,-130.0
2018-06-28,-1,2018-06-28 09:50:00,9676.0,9715.25,9715.25,39.25,2018-06-28 09:53:00,9689.5,counterattack_succeeds,-0.3630573248407643,-285.0
2018-07-02,1,2018-07-02 09:50:00,9728.25,9686.0,9720.25,42.25,2018-07-02 15:59:00,9816.0,close,2.059171597633136,1740.0
2018-07-04,-1,2018-07-04 09:50:00,9731.25,9745.75,9745.75,14.5,2018-07-04 12:59:00,9741.0,close,-0.7241379310344828,-210.0
2018-07-05,-1,2018-07-05 10:15:00,9767.0,9798.25,9798.25,31.25,2018-07-05 11:26:00,9775.75,counterattack_succeeds,-0.304,-190.0
2018-07-09,-1,2018-07-09 09:55:00,9955.5,9979.5,9966.25,24.0,2018-07-09 11:20:00,9966.25,stop,-0.4791666666666667,-230.0
2018-07-10,-1,2018-07-10 09:50:00,9991.0,10007.5,10007.5,16.5,2018-07-10 09:59:00,9993.0,counterattack_succeeds,-0.1666666666666666,-55.0
2018-07-11,1,2018-07-11 10:05:00,9977.0,9936.25,9936.25,40.75,2018-07-11 10:11:00,9968.0,counterattack_succeeds,-0.2392638036809816,-195.0
2018-07-12,1,2018-07-12 09:55:00,10010.75,9986.75,9986.75,24.0,2018-07-12 15:59:00,10083.5,close,3.0,1440.0
2018-07-13,-1,2018-07-13 09:55:00,10072.0,10094.5,10094.5,22.5,2018-07-13 10:09:00,10086.75,counterattack_succeeds,-0.6888888888888889,-310.0
2018-07-16,-1,2018-07-16 10:25:00,10081.5,10105.75,10105.75,24.25,2018-07-16 10:28:00,10090.25,counterattack_succeeds,-0.3917525773195876,-190.0
2018-07-17,1,2018-07-17 09:55:00,10035.5,9994.0,9994.0,41.5,2018-07-17 15:59:00,10120.5,close,2.0301204819277108,1685.0
2018-07-18,-1,2018-07-18 10:15:00,10092.25,10125.25,10125.25,33.0,2018-07-18 10:27:00,10098.0,counterattack_succeeds,-0.1969696969696969,-130.0
2018-07-19,-1,2018-07-19 09:55:00,10068.75,10100.25,10100.25,31.5,2018-07-19 10:15:00,10075.0,counterattack_succeeds,-0.2222222222222222,-140.0
2018-07-20,1,2018-07-20 10:30:00,10094.25,10076.25,10089.5,18.0,2018-07-20 11:54:00,10089.5,stop,-0.3055555555555556,-110.0
2018-07-25,1,2018-07-25 09:50:00,10138.25,10114.75,10114.75,23.5,2018-07-25 10:03:00,10132.0,counterattack_succeeds,-0.2978723404255319,-140.0
2018-07-26,-1,2018-07-26 09:50:00,10111.5,10137.25,10137.25,25.75,2018-07-26 10:02:00,10116.5,counterattack_succeeds,-0.2233009708737864,-115.0
2018-07-27,-1,2018-07-27 10:00:00,10102.0,10155.5,10155.5,53.5,2018-07-27 15:59:00,10005.5,close,1.7897196261682242,1915.0
2018-07-30,-1,2018-07-30 09:55:00,9910.75,10007.25,10007.25,96.5,2018-07-30 10:02:00,9929.25,counterattack_succeeds,-0.199481865284974,-385.0
2018-07-31,-1,2018-07-31 10:20:00,9901.5,9969.25,9969.25,67.75,2018-07-31 10:37:00,9925.0,counterattack_succeeds,-0.3579335793357933,-485.0
2018-08-01,1,2018-08-01 10:15:00,9989.5,9951.5,9951.5,38.0,2018-08-01 11:13:00,9977.5,counterattack_succeeds,-0.3355263157894737,-255.0
2018-08-02,1,2018-08-02 09:55:00,9962.25,9923.25,9923.25,39.0,2018-08-02 15:59:00,10079.25,close,2.980769230769231,2325.0
2018-08-03,1,2018-08-03 10:30:00,10098.5,10066.5,10066.5,32.0,2018-08-03 10:36:00,10094.75,counterattack_succeeds,-0.140625,-90.0
2018-08-06,1,2018-08-06 09:55:00,10107.25,10086.0,10086.0,21.25,2018-08-06 10:26:00,10100.75,counterattack_succeeds,-0.3411764705882353,-145.0
2018-08-07,-1,2018-08-07 09:50:00,10153.25,10185.25,10185.25,32.0,2018-08-07 09:53:00,10164.75,counterattack_succeeds,-0.3828125,-245.0
2018-08-08,1,2018-08-08 09:50:00,10168.5,10141.0,10141.0,27.5,2018-08-08 09:57:00,10156.25,counterattack_succeeds,-0.4727272727272727,-260.0
2018-08-09,1,2018-08-09 10:10:00,10188.25,10163.25,10183.5,25.0,2018-08-09 11:09:00,10183.5,stop,-0.22,-110.0
2018-08-13,1,2018-08-13 09:55:00,10153.5,10125.75,10125.75,27.75,2018-08-13 11:18:00,10145.5,counterattack_succeeds,-0.3153153153153153,-175.0
2018-08-14,-1,2018-08-14 09:50:00,10114.25,10143.5,10143.5,29.25,2018-08-14 10:29:00,10124.75,counterattack_succeeds,-0.3846153846153846,-225.0
2018-08-15,-1,2018-08-15 09:50:00,10090.0,10116.75,10094.75,26.75,2018-08-15 15:59:00,10063.75,close,0.9532710280373832,510.0
2018-08-17,-1,2018-08-17 10:10:00,10041.5,10080.75,10080.75,39.25,2018-08-17 11:29:00,10050.0,counterattack_succeeds,-0.2356687898089172,-185.0
2018-08-20,-1,2018-08-20 09:55:00,10067.75,10105.75,10105.75,38.0,2018-08-20 10:05:00,10077.0,counterattack_succeeds,-0.2631578947368421,-200.0
2018-08-21,1,2018-08-21 09:55:00,10126.75,10096.75,10096.75,30.0,2018-08-21 11:16:00,10110.75,counterattack_succeeds,-0.5583333333333333,-335.0
2018-08-23,1,2018-08-23 09:50:00,10160.0,10120.75,10120.75,39.25,2018-08-23 11:01:00,10149.5,counterattack_succeeds,-0.286624203821656,-225.0
2018-08-24,1,2018-08-24 10:05:00,10167.5,10144.5,10153.75,23.0,2018-08-24 15:59:00,10191.5,close,1.0108695652173914,465.0
2018-08-27,1,2018-08-27 10:00:00,10240.0,10216.25,10237.0,23.75,2018-08-27 15:59:00,10266.25,close,1.0736842105263158,510.0
2018-08-28,-1,2018-08-28 10:25:00,10275.5,10295.75,10283.5,20.25,2018-08-28 11:24:00,10283.5,stop,-0.4320987654320987,-175.0
2018-08-29,1,2018-08-29 10:25:00,10316.5,10287.75,10287.75,28.75,2018-08-29 15:59:00,10365.75,close,1.6869565217391305,970.0
2018-08-30,1,2018-08-30 10:20:00,10364.75,10341.0,10341.0,23.75,2018-08-30 10:32:00,10358.5,counterattack_succeeds,-0.2947368421052631,-140.0
2018-08-31,1,2018-08-31 09:50:00,10367.0,10339.25,10339.25,27.75,2018-08-31 09:58:00,10364.5,counterattack_succeeds,-0.1171171171171171,-65.0
2018-09-03,1,2018-09-03 10:00:00,10373.5,10367.0,10367.0,6.5,2018-09-03 10:16:00,10370.5,counterattack_succeeds,-0.5769230769230769,-75.0
2018-09-05,-1,2018-09-05 09:55:00,10279.75,10314.5,10314.5,34.75,2018-09-05 15:59:00,10227.0,close,1.4964028776978415,1040.0
2018-09-06,-1,2018-09-06 10:15:00,10170.5,10237.5,10237.5,67.0,2018-09-06 15:59:00,10156.75,close,0.1940298507462686,260.0
2018-09-07,1,2018-09-07 09:50:00,10139.0,10100.5,10138.25,38.5,2018-09-07 12:08:00,10138.25,stop,-0.0389610389610389,-30.0
2018-09-10,-1,2018-09-10 10:05:00,10131.75,10175.25,10175.25,43.5,2018-09-10 10:39:00,10137.5,counterattack_succeeds,-0.1494252873563218,-130.0
2018-09-11,1,2018-09-11 10:10:00,10173.75,10103.0,10103.0,70.75,2018-09-11 15:59:00,10210.25,close,0.5053003533568905,715.0
2018-09-12,-1,2018-09-12 09:55:00,10168.75,10204.75,10204.75,36.0,2018-09-12 10:03:00,10181.0,counterattack_succeeds,-0.3611111111111111,-260.0
2018-09-17,-1,2018-09-17 10:05:00,10186.0,10236.5,10236.5,50.5,2018-09-17 15:59:00,10135.25,close,0.99009900990099,1000.0
2018-09-18,1,2018-09-18 09:50:00,10192.75,10137.25,10137.25,55.5,2018-09-18 09:55:00,10187.5,counterattack_succeeds,-0.1081081081081081,-120.0
2018-09-19,-1,2018-09-19 10:10:00,10164.25,10216.0,10216.0,51.75,2018-09-19 11:10:00,10177.75,counterattack_succeeds,-0.2753623188405797,-285.0
2018-09-20,1,2018-09-20 10:05:00,10268.0,10222.75,10254.25,45.25,2018-09-20 15:59:00,10271.0,close,0.0497237569060773,45.0
2018-09-21,-1,2018-09-21 09:55:00,10283.5,10304.5,10289.5,21.0,2018-09-21 15:59:00,10229.5,close,2.5357142857142856,1065.0
2018-09-24,1,2018-09-24 09:55:00,10188.25,10143.75,10143.75,44.5,2018-09-24 15:59:00,10249.25,close,1.353932584269663,1205.0
2018-09-26,1,2018-09-26 10:05:00,10289.25,10262.75,10262.75,26.5,2018-09-26 10:08:00,10285.75,counterattack_succeeds,-0.160377358490566,-85.0
2018-09-27,1,2018-09-27 10:05:00,10338.5,10291.5,10291.5,47.0,2018-09-27 15:59:00,10329.5,close,-0.2074468085106383,-195.0
2018-09-28,-1,2018-09-28 10:15:00,10298.75,10322.5,10322.5,23.75,2018-09-28 10:19:00,10306.75,counterattack_succeeds,-0.3684210526315789,-175.0
2018-10-01,1,2018-10-01 09:55:00,10393.25,10361.25,10361.25,32.0,2018-10-01 09:58:00,10389.0,counterattack_succeeds,-0.15625,-100.0
2018-10-02,1,2018-10-02 10:00:00,10349.25,10305.25,10305.25,44.0,2018-10-02 10:06:00,10339.0,counterattack_succeeds,-0.25,-220.0
2018-10-03,1,2018-10-03 10:15:00,10372.25,10346.25,10366.75,26.0,2018-10-03 10:25:00,10366.75,stop,-0.2403846153846154,-125.0
2018-10-04,-1,2018-10-04 10:20:00,10232.25,10302.75,10302.75,70.5,2018-10-04 15:59:00,10184.0,close,0.6737588652482269,950.0
2018-10-05,-1,2018-10-05 10:00:00,10148.75,10201.25,10201.25,52.5,2018-10-05 10:24:00,10161.5,counterattack_succeeds,-0.2571428571428571,-270.0
2018-10-08,1,2018-10-08 09:55:00,10089.0,10029.25,10029.25,59.75,2018-10-08 10:06:00,10072.0,counterattack_succeeds,-0.2970711297071129,-355.0
2018-10-09,1,2018-10-09 10:25:00,10094.75,10031.75,10031.75,63.0,2018-10-09 11:10:00,10076.0,counterattack_succeeds,-0.3095238095238095,-390.0
2018-10-10,-1,2018-10-10 09:50:00,9963.25,10026.25,10026.25,63.0,2018-10-10 15:59:00,9741.5,close,3.507936507936508,4420.0
2018-10-11,1,2018-10-11 09:50:00,9762.0,9672.0,9672.0,90.0,2018-10-11 10:06:00,9745.75,counterattack_succeeds,-0.1888888888888888,-340.0
2018-10-15,-1,2018-10-15 10:05:00,9753.25,9831.0,9831.0,77.75,2018-10-15 10:40:00,9776.75,counterattack_succeeds,-0.3118971061093247,-485.0
2018-10-16,1,2018-10-16 10:00:00,9860.0,9821.75,9821.75,38.25,2018-10-16 10:12:00,9847.0,counterattack_succeeds,-0.3594771241830065,-275.0
2018-10-17,-1,2018-10-17 10:05:00,9927.5,10005.0,10005.0,77.5,2018-10-17 10:08:00,9937.0,counterattack_succeeds,-0.132258064516129,-205.0
2018-10-18,-1,2018-10-18 10:10:00,9886.75,9940.5,9940.5,53.75,2018-10-18 10:18:00,9898.5,counterattack_succeeds,-0.2325581395348837,-250.0
2018-10-19,1,2018-10-19 10:05:00,9907.5,9841.25,9891.0,66.25,2018-10-19 10:26:00,9891.0,stop,-0.260377358490566,-345.0
2018-10-22,-1,2018-10-22 09:55:00,9793.25,9853.0,9806.25,59.75,2018-10-22 10:34:00,9806.25,stop,-0.2301255230125523,-275.0
2018-10-23,-1,2018-10-23 10:05:00,9640.0,9719.25,9719.25,79.25,2018-10-23 10:52:00,9675.5,counterattack_succeeds,-0.4574132492113564,-725.0
2018-10-24,-1,2018-10-24 09:50:00,9753.0,9801.0,9801.0,48.0,2018-10-24 09:56:00,9766.75,counterattack_succeeds,-0.3020833333333333,-290.0
2018-10-25,1,2018-10-25 10:00:00,9621.75,9542.75,9542.75,79.0,2018-10-25 15:59:00,9700.5,close,0.9873417721518988,1560.0
2018-10-26,1,2018-10-26 09:50:00,9564.0,9460.0,9460.0,104.0,2018-10-26 10:01:00,9515.25,counterattack_succeeds,-0.4759615384615384,-990.0
2018-10-29,1,2018-10-29 10:05:00,9647.25,9593.25,9593.25,54.0,2018-10-29 10:13:00,9632.25,counterattack_succeeds,-0.2916666666666667,-315.0
2018-10-30,1,2018-10-30 09:55:00,9448.75,9331.0,9331.0,117.75,2018-10-30 10:37:00,9399.5,counterattack_succeeds,-0.4246284501061571,-1000.0
2018-10-31,1,2018-10-31 10:00:00,9652.75,9597.25,9597.25,55.5,2018-10-31 11:05:00,9633.0,counterattack_succeeds,-0.3693693693693693,-410.0
2018-11-01,-1,2018-11-01 09:50:00,9624.75,9683.5,9683.5,58.75,2018-11-01 09:54:00,9656.0,counterattack_succeeds,-0.5446808510638298,-640.0
2018-11-02,-1,2018-11-02 10:05:00,9687.5,9762.5,9696.5,75.0,2018-11-02 10:17:00,9696.5,stop,-0.13,-195.0
2018-11-05,-1,2018-11-05 10:15:00,9547.5,9641.25,9641.25,93.75,2018-11-05 10:58:00,9574.25,counterattack_succeeds,-0.2933333333333333,-550.0
2018-11-06,1,2018-11-06 09:50:00,9695.75,9609.5,9609.5,86.25,2018-11-06 10:01:00,9683.75,counterattack_succeeds,-0.1478260869565217,-255.0
2018-11-07,1,2018-11-07 10:15:00,9786.0,9731.75,9774.75,54.25,2018-11-07 15:59:00,9880.25,close,1.7235023041474655,1870.0
2018-11-08,1,2018-11-08 10:00:00,9864.25,9823.5,9823.5,40.75,2018-11-08 10:09:00,9855.25,counterattack_succeeds,-0.2392638036809816,-195.0
2018-11-09,-1,2018-11-09 10:10:00,9734.0,9786.25,9786.25,52.25,2018-11-09 10:38:00,9739.75,counterattack_succeeds,-0.124401913875598,-130.0
2018-11-12,-1,2018-11-12 10:05:00,9582.75,9679.0,9679.0,96.25,2018-11-12 10:23:00,9602.0,counterattack_succeeds,-0.2077922077922078,-400.0
2018-11-13,-1,2018-11-13 10:00:00,9531.5,9590.5,9590.5,59.0,2018-11-13 10:09:00,9550.5,counterattack_succeeds,-0.3347457627118644,-395.0
2018-11-14,-1,2018-11-14 09:55:00,9554.75,9594.0,9570.75,39.25,2018-11-14 15:59:00,9452.25,close,2.5923566878980893,2035.0
2018-11-15,-1,2018-11-15 10:35:00,9391.75,9481.25,9481.25,89.5,2018-11-15 10:47:00,9422.5,counterattack_succeeds,-0.3519553072625698,-630.0
2018-11-16,1,2018-11-16 09:50:00,9527.5,9477.5,9477.5,50.0,2018-11-16 15:59:00,9549.0,close,0.415,415.0
2018-11-19,-1,2018-11-19 09:55:00,9465.75,9522.5,9522.5,56.75,2018-11-19 15:59:00,9322.75,close,2.5066079295154187,2845.0
2018-11-20,-1,2018-11-20 10:15:00,9123.25,9224.5,9224.5,101.25,2018-11-20 10:18:00,9156.5,counterattack_succeeds,-0.3358024691358025,-680.0
2018-11-22,-1,2018-11-22 10:10:00,9215.0,9224.75,9217.5,9.75,2018-11-22 12:59:00,9191.0,close,2.3846153846153846,465.0
2018-11-26,1,2018-11-26 09:55:00,9311.5,9268.75,9268.75,42.75,2018-11-26 10:48:00,9302.5,counterattack_succeeds,-0.2280701754385964,-195.0
2018-11-27,1,2018-11-27 10:10:00,9349.0,9283.25,9283.25,65.75,2018-11-27 15:59:00,9376.75,close,0.4106463878326996,540.0
2018-11-28,-1,2018-11-28 10:30:00,9404.25,9435.0,9435.0,30.75,2018-11-28 11:12:00,9410.0,counterattack_succeeds,-0.2113821138211382,-130.0
2018-11-29,-1,2018-11-29 10:20:00,9541.75,9581.25,9581.25,39.5,2018-11-29 10:31:00,9562.0,counterattack_succeeds,-0.5316455696202531,-420.0
2018-11-30,1,2018-11-30 10:35:00,9593.5,9542.5,9542.5,51.0,2018-11-30 11:04:00,9579.75,counterattack_succeeds,-0.284313725490196,-290.0
2018-12-03,-1,2018-12-03 09:50:00,9727.75,9777.75,9777.75,50.0,2018-12-03 10:06:00,9734.25,counterattack_succeeds,-0.145,-145.0
2018-12-04,-1,2018-12-04 09:55:00,9685.5,9716.75,9716.75,31.25,2018-12-04 09:59:00,9694.5,counterattack_succeeds,-0.312,-195.0
2018-12-07,-1,2018-12-07 10:15:00,9453.25,9522.0,9522.0,68.75,2018-12-07 15:59:00,9285.75,close,2.4254545454545453,3335.0
2018-12-10,-1,2018-12-10 09:55:00,9267.25,9342.5,9342.5,75.25,2018-12-10 09:58:00,9279.0,counterattack_succeeds,-0.1661129568106312,-250.0
2018-12-11,-1,2018-12-11 10:15:00,9423.25,9466.0,9466.0,42.75,2018-12-11 10:21:00,9434.5,counterattack_succeeds,-0.2807017543859649,-240.0
2018-12-12,1,2018-12-12 10:00:00,9480.5,9456.25,9471.25,24.25,2018-12-12 14:28:00,9471.25,stop,-0.4123711340206185,-200.0
2018-12-13,-1,2018-12-13 09:55:00,9453.5,9502.75,9502.75,49.25,2018-12-13 10:01:00,9468.0,counterattack_succeeds,-0.3096446700507614,-305.0
2018-12-14,1,2018-12-14 10:05:00,9373.0,9323.75,9323.75,49.25,2018-12-14 10:11:00,9351.75,counterattack_succeeds,-0.4467005076142132,-440.0
2018-12-19,1,2018-12-19 09:50:00,9197.5,9137.25,9137.25,60.25,2018-12-19 14:04:00,9137.25,stop,-1.012448132780083,-1220.0
2018-12-20,1,2018-12-20 10:10:00,9039.0,8965.25,8965.25,73.75,2018-12-20 10:13:00,9020.0,counterattack_succeeds,-0.2677966101694915,-395.0
2018-12-21,-1,2018-12-21 09:55:00,8899.75,8956.75,8956.75,57.0,2018-12-21 10:14:00,8934.0,counterattack_succeeds,-0.6140350877192983,-700.0
2018-12-24,-1,2018-12-24 09:50:00,8605.25,8711.0,8711.0,105.75,2018-12-24 10:15:00,8647.25,counterattack_succeeds,-0.4042553191489361,-855.0
2018-12-26,-1,2018-12-26 10:15:00,8605.75,8696.0,8696.0,90.25,2018-12-26 10:24:00,8626.75,counterattack_succeeds,-0.2409972299168975,-435.0
2018-12-27,-1,2018-12-27 09:50:00,8799.75,8872.5,8872.5,72.75,2018-12-27 10:00:00,8816.0,counterattack_succeeds,-0.2336769759450171,-340.0
2018-12-28,-1,2018-12-28 10:25:00,8926.75,8992.0,8931.0,65.25,2018-12-28 10:48:00,8931.0,stop,-0.0766283524904214,-100.0
2018-12-31,-1,2018-12-31 09:55:00,8982.25,9021.0,9021.0,38.75,2018-12-31 09:58:00,8990.75,counterattack_succeeds,-0.2387096774193548,-185.0
2019-01-02,1,2019-01-02 09:50:00,8902.0,8849.75,8849.75,52.25,2019-01-02 10:02:00,8889.5,counterattack_succeeds,-0.2535885167464115,-265.0
2019-01-03,-1,2019-01-03 09:50:00,8895.0,8948.5,8903.75,53.5,2019-01-03 11:37:00,8903.75,stop,-0.1775700934579439,-190.0
2019-01-04,1,2019-01-04 10:00:00,8952.0,8885.75,8885.75,66.25,2019-01-04 10:21:00,8930.75,counterattack_succeeds,-0.3320754716981132,-440.0
2019-01-07,1,2019-01-07 10:35:00,9120.5,9069.25,9069.25,51.25,2019-01-07 15:59:00,9144.75,close,0.4585365853658537,470.0
2019-01-08,-1,2019-01-08 09:50:00,9201.5,9230.5,9230.5,29.0,2019-01-08 15:59:00,9208.75,close,-0.2758620689655172,-160.0
2019-01-09,1,2019-01-09 09:55:00,9254.5,9213.25,9213.25,41.25,2019-01-09 09:59:00,9246.5,counterattack_succeeds,-0.2121212121212121,-175.0
2019-01-10,-1,2019-01-10 09:50:00,9184.0,9214.25,9190.25,30.25,2019-01-10 10:00:00,9190.25,stop,-0.2314049586776859,-140.0
2019-01-11,1,2019-01-11 10:10:00,9248.25,9220.5,9220.5,27.75,2019-01-11 10:15:00,9242.75,counterattack_succeeds,-0.2252252252252252,-125.0
2019-01-14,1,2019-01-14 10:20:00,9201.0,9165.75,9165.75,35.25,2019-01-14 10:27:00,9192.75,counterattack_succeeds,-0.2553191489361702,-180.0
2019-01-15,1,2019-01-15 09:55:00,9288.75,9220.25,9275.5,68.5,2019-01-15 14:39:00,9275.5,stop,-0.2043795620437956,-280.0
2019-01-16,1,2019-01-16 09:50:00,9369.75,9330.0,9330.0,39.75,2019-01-16 10:22:00,9358.25,counterattack_succeeds,-0.3081761006289308,-245.0
2019-01-17,1,2019-01-17 09:55:00,9329.5,9288.5,9288.5,41.0,2019-01-17 15:59:00,9374.5,close,1.079268292682927,885.0
2019-01-18,-1,2019-01-18 09:55:00,9392.75,9430.5,9430.5,37.75,2019-01-18 10:00:00,9394.0,counterattack_succeeds,-0.0529801324503311,-40.0
2019-01-22,-1,2019-01-22 09:50:00,9368.75,9393.0,9393.0,24.25,2019-01-22 09:59:00,9378.0,counterattack_succeeds,-0.4123711340206185,-200.0
2019-01-23,1,2019-01-23 09:50:00,9361.0,9334.0,9334.0,27.0,2019-01-23 10:07:00,9352.75,counterattack_succeeds,-0.3333333333333333,-180.0
2019-01-24,1,2019-01-24 10:15:00,9351.0,9317.0,9317.0,34.0,2019-01-24 10:36:00,9340.5,counterattack_succeeds,-0.3308823529411764,-225.0
2019-01-25,1,2019-01-25 10:00:00,9412.25,9383.25,9383.25,29.0,2019-01-25 15:59:00,9437.5,close,0.8448275862068966,490.0
2019-01-28,-1,2019-01-28 09:50:00,9307.25,9348.0,9348.0,40.75,2019-01-28 09:58:00,9313.0,counterattack_succeeds,-0.1595092024539877,-130.0
2019-01-29,-1,2019-01-29 10:15:00,9318.5,9354.0,9354.0,35.5,2019-01-29 10:30:00,9329.75,counterattack_succeeds,-0.3380281690140845,-240.0
2019-01-30,-1,2019-01-30 10:00:00,9354.25,9381.0,9357.5,26.75,2019-01-30 10:25:00,9357.5,stop,-0.1495327102803738,-80.0
2019-01-31,1,2019-01-31 09:50:00,9504.75,9484.5,9484.5,20.25,2019-01-31 15:59:00,9554.5,close,2.419753086419753,980.0
2019-02-01,1,2019-02-01 10:10:00,9557.5,9515.5,9515.5,42.0,2019-02-01 10:32:00,9553.5,counterattack_succeeds,-0.1130952380952381,-95.0
2019-02-04,1,2019-02-04 09:50:00,9548.75,9517.75,9517.75,31.0,2019-02-04 10:02:00,9538.0,counterattack_succeeds,-0.3709677419354839,-230.0
2019-02-05,1,2019-02-05 10:30:00,9657.25,9613.75,9613.75,43.5,2019-02-05 11:15:00,9657.0,counterattack_succeeds,-0.0229885057471264,-20.0
2019-02-06,-1,2019-02-06 10:05:00,9650.25,9683.0,9683.0,32.75,2019-02-06 10:46:00,9659.25,counterattack_succeeds,-0.2977099236641221,-195.0
2019-02-07,1,2019-02-07 10:25:00,9590.25,9558.5,9558.5,31.75,2019-02-07 10:43:00,9585.25,counterattack_succeeds,-0.1811023622047244,-115.0
2019-02-08,-1,2019-02-08 10:20:00,9489.5,9521.25,9521.25,31.75,2019-02-08 10:26:00,9496.0,counterattack_succeeds,-0.2283464566929134,-145.0
2019-02-11,-1,2019-02-11 10:25:00,9572.25,9608.75,9608.75,36.5,2019-02-11 10:35:00,9579.75,counterattack_succeeds,-0.2260273972602739,-165.0
2019-02-12,1,2019-02-12 10:05:00,9635.0,9598.25,9626.75,36.75,2019-02-12 15:59:00,9663.0,close,0.7414965986394558,545.0
2019-02-14,1,2019-02-14 10:00:00,9653.0,9616.25,9643.75,36.75,2019-02-14 10:37:00,9643.75,stop,-0.272108843537415,-200.0
2019-02-15,-1,2019-02-15 09:55:00,9685.25,9728.5,9728.5,43.25,2019-02-15 10:04:00,9696.75,counterattack_succeeds,-0.2832369942196532,-245.0
2019-02-18,1,2019-02-18 09:55:00,9715.75,9708.0,9708.0,7.75,2019-02-18 12:59:00,9725.0,close,1.096774193548387,170.0
2019-02-19,1,2019-02-19 10:10:00,9711.75,9680.0,9680.0,31.75,2019-02-19 10:38:00,9709.25,counterattack_succeeds,-0.1023622047244094,-65.0
2019-02-20,1,2019-02-20 10:30:00,9741.5,9719.25,9719.25,22.25,2019-02-20 11:04:00,9736.5,counterattack_succeeds,-0.2584269662921348,-115.0
2019-02-21,-1,2019-02-21 09:50:00,9663.0,9710.5,9710.5,47.5,2019-02-21 11:14:00,9688.75,counterattack_succeeds,-0.5578947368421052,-530.0
2019-02-22,1,2019-02-22 10:00:00,9721.0,9698.5,9698.5,22.5,2019-02-22 10:10:00,9717.25,counterattack_succeeds,-0.2,-90.0
2019-02-26,1,2019-02-26 10:05:00,9775.5,9735.25,9735.25,40.25,2019-02-26 10:52:00,9759.25,counterattack_succeeds,-0.422360248447205,-340.0
2019-02-27,-1,2019-02-27 10:00:00,9734.75,9763.25,9740.25,28.5,2019-02-27 11:36:00,9740.25,stop,-0.219298245614035,-125.0
2019-02-28,-1,2019-02-28 10:10:00,9732.0,9762.0,9762.0,30.0,2019-02-28 10:14:00,9742.75,counterattack_succeeds,-0.3833333333333333,-230.0
2019-03-01,-1,2019-03-01 10:15:00,9784.5,9806.25,9806.25,21.75,2019-03-01 14:29:00,9806.25,stop,-1.0344827586206895,-450.0
2019-03-05,-1,2019-03-05 09:50:00,9776.5,9806.75,9806.75,30.25,2019-03-05 10:01:00,9794.25,counterattack_succeeds,-0.6115702479338843,-370.0
2019-03-06,-1,2019-03-06 09:50:00,9794.25,9812.25,9812.25,18.0,2019-03-06 10:00:00,9799.5,counterattack_succeeds,-0.3333333333333333,-120.0
2019-03-07,-1,2019-03-07 09:50:00,9702.5,9746.0,9746.0,43.5,2019-03-07 15:59:00,9674.75,close,0.6206896551724138,540.0
2019-03-08,1,2019-03-08 09:50:00,9616.5,9588.0,9588.0,28.5,2019-03-08 10:00:00,9607.5,counterattack_succeeds,-0.3421052631578947,-195.0
2019-03-11,1,2019-03-11 09:50:00,9733.5,9689.75,9730.0,43.75,2019-03-11 15:59:00,9809.25,close,1.7142857142857142,1500.0
2019-03-12,1,2019-03-12 10:35:00,9845.5,9811.5,9811.5,34.0,2019-03-12 15:59:00,9848.25,close,0.0588235294117647,40.0
2019-03-13,1,2019-03-13 09:55:00,9897.0,9875.0,9875.0,22.0,2019-03-13 10:14:00,9885.0,counterattack_succeeds,-0.5795454545454546,-255.0
2019-03-15,1,2019-03-15 09:55:00,9944.25,9912.5,9912.5,31.75,2019-03-15 10:09:00,9932.25,counterattack_succeeds,-0.4015748031496063,-255.0
2019-03-18,1,2019-03-18 09:50:00,9976.25,9953.75,9953.75,22.5,2019-03-18 11:23:00,9966.75,counterattack_succeeds,-0.4555555555555555,-205.0
2019-03-21,1,2019-03-21 09:50:00,10056.5,10005.5,10005.5,51.0,2019-03-21 15:59:00,10145.25,close,1.7254901960784317,1760.0
2019-03-22,-1,2019-03-22 09:50:00,10088.0,10131.75,10108.0,43.75,2019-03-22 15:59:00,9976.75,close,2.525714285714286,2210.0
2019-03-25,-1,2019-03-25 09:50:00,9925.25,9990.0,9990.0,64.75,2019-03-25 10:07:00,9939.5,counterattack_succeeds,-0.2316602316602316,-300.0
2019-03-26,1,2019-03-26 10:00:00,10060.0,10018.75,10018.75,41.25,2019-03-26 10:17:00,10038.0,counterattack_succeeds,-0.5515151515151515,-455.0
2019-03-27,-1,2019-03-27 10:00:00,9987.0,10023.25,10023.25,36.25,2019-03-27 10:13:00,9996.25,counterattack_succeeds,-0.2758620689655172,-200.0
2019-03-28,1,2019-03-28 10:05:00,9988.25,9941.0,9941.0,47.25,2019-03-28 10:26:00,9971.75,counterattack_succeeds,-0.365079365079365,-345.0
2019-03-29,-1,2019-03-29 09:50:00,9994.25,10022.5,10022.5,28.25,2019-03-29 10:03:00,10007.25,counterattack_succeeds,-0.4867256637168141,-275.0
2019-04-01,-1,2019-04-01 10:10:00,10072.75,10101.5,10081.75,28.75,2019-04-01 10:55:00,10081.75,stop,-0.3391304347826087,-195.0
2019-04-02,1,2019-04-02 10:30:00,10133.25,10111.75,10111.75,21.5,2019-04-02 10:43:00,10125.25,counterattack_succeeds,-0.4069767441860465,-175.0
2019-04-03,1,2019-04-03 10:15:00,10188.25,10172.75,10185.0,15.5,2019-04-03 13:57:00,10185.0,stop,-0.2580645161290322,-80.0
2019-04-04,-1,2019-04-04 10:25:00,10176.0,10211.25,10211.25,35.25,2019-04-04 10:49:00,10187.25,counterattack_succeeds,-0.3404255319148936,-240.0
2019-04-05,1,2019-04-05 10:05:00,10220.0,10199.0,10199.0,21.0,2019-04-05 10:20:00,10216.0,counterattack_succeeds,-0.2261904761904762,-95.0
2019-04-09,1,2019-04-09 10:10:00,10230.25,10203.0,10203.0,27.25,2019-04-09 10:14:00,10225.5,counterattack_succeeds,-0.2018348623853211,-110.0
2019-04-11,-1,2019-04-11 09:55:00,10234.75,10267.0,10246.75,32.25,2019-04-11 10:32:00,10246.75,stop,-0.3953488372093023,-255.0
2019-04-15,-1,2019-04-15 09:50:00,10266.25,10277.5,10277.5,11.25,2019-04-15 15:59:00,10269.75,close,-0.3777777777777777,-85.0
2019-04-16,1,2019-04-16 10:05:00,10304.75,10286.75,10286.75,18.0,2019-04-16 10:45:00,10294.25,counterattack_succeeds,-0.625,-225.0
2019-04-17,-1,2019-04-17 10:00:00,10317.5,10352.0,10352.0,34.5,2019-04-17 10:29:00,10328.5,counterattack_succeeds,-0.3405797101449275,-235.0
2019-04-18,-1,2019-04-18 09:55:00,10312.75,10335.5,10314.0,22.75,2019-04-18 11:42:00,10314.0,stop,-0.0879120879120879,-40.0
2019-04-22,1,2019-04-22 10:00:00,10315.25,10289.5,10289.5,25.75,2019-04-22 15:59:00,10351.5,close,1.3786407766990292,710.0
2019-04-23,1,2019-04-23 09:55:00,10392.75,10358.0,10358.0,34.75,2019-04-23 15:59:00,10447.25,close,1.5467625899280577,1075.0
2019-04-25,-1,2019-04-25 10:15:00,10427.5,10483.25,10449.5,55.75,2019-04-25 10:56:00,10449.5,stop,-0.4080717488789238,-455.0
2019-04-26,-1,2019-04-26 09:55:00,10391.25,10442.5,10442.5,51.25,2019-04-26 10:05:00,10393.25,counterattack_succeeds,-0.0536585365853658,-55.0
2019-04-29,-1,2019-04-29 09:55:00,10453.5,10470.25,10470.25,16.75,2019-04-29 10:11:00,10458.5,counterattack_succeeds,-0.3432835820895522,-115.0
2019-05-01,1,2019-05-01 10:15:00,10471.0,10449.75,10449.75,21.25,2019-05-01 10:24:00,10462.5,counterattack_succeeds,-0.4352941176470588,-185.0
2019-05-02,1,2019-05-02 10:05:00,10408.5,10372.25,10372.25,36.25,2019-05-02 10:53:00,10399.25,counterattack_succeeds,-0.2758620689655172,-200.0
2019-05-03,1,2019-05-03 09:55:00,10424.5,10403.75,10417.0,20.75,2019-05-03 15:59:00,10475.5,close,2.421686746987952,1005.0
2019-05-06,1,2019-05-06 10:00:00,10369.5,10294.5,10294.5,75.0,2019-05-06 10:03:00,10353.5,counterattack_succeeds,-0.2233333333333333,-335.0
2019-05-07,-1,2019-05-07 09:50:00,10327.75,10371.0,10371.0,43.25,2019-05-07 09:56:00,10338.5,counterattack_succeeds,-0.2658959537572254,-230.0
2019-05-09,-1,2019-05-09 09:55:00,10121.0,10184.0,10147.75,63.0,2019-05-09 11:54:00,10147.75,stop,-0.4365079365079365,-550.0
2019-05-10,-1,2019-05-10 10:00:00,10168.75,10199.25,10199.25,30.5,2019-05-10 14:05:00,10199.25,stop,-1.024590163934426,-625.0
2019-05-13,-1,2019-05-13 09:55:00,10003.75,10063.5,10063.5,59.75,2019-05-13 15:59:00,9953.0,close,0.8368200836820083,1000.0
2019-05-14,-1,2019-05-14 09:50:00,9972.0,10013.5,10013.5,41.5,2019-05-14 10:01:00,9989.75,counterattack_succeeds,-0.4457831325301205,-370.0
2019-05-15,1,2019-05-15 10:00:00,10026.5,9981.5,9981.5,45.0,2019-05-15 15:59:00,10135.0,close,2.3944444444444444,2155.0
2019-05-16,1,2019-05-16 09:50:00,10182.5,10130.25,10130.25,52.25,2019-05-16 15:59:00,10211.0,close,0.5311004784688995,555.0
2019-05-17,1,2019-05-17 09:50:00,10183.0,10134.5,10134.5,48.5,2019-05-17 09:54:00,10154.0,counterattack_succeeds,-0.6134020618556701,-595.0
2019-05-20,1,2019-05-20 10:35:00,10050.0,9980.0,9980.0,70.0,2019-05-20 10:50:00,10030.5,counterattack_succeeds,-0.2892857142857143,-405.0
2019-05-21,-1,2019-05-21 09:55:00,10060.75,10083.25,10083.25,22.5,2019-05-21 10:01:00,10070.5,counterattack_succeeds,-0.4666666666666667,-210.0
2019-05-22,1,2019-05-22 09:55:00,10069.0,10038.5,10038.5,30.5,2019-05-22 10:02:00,10063.75,counterattack_succeeds,-0.1967213114754098,-120.0
2019-05-23,-1,2019-05-23 10:10:00,9931.5,9964.5,9964.5,33.0,2019-05-23 10:28:00,9938.75,counterattack_succeeds,-0.2424242424242424,-160.0
2019-05-24,-1,2019-05-24 10:30:00,9960.0,9998.25,9998.25,38.25,2019-05-24 15:59:00,9927.25,close,0.8366013071895425,640.0
2019-05-29,1,2019-05-29 10:20:00,9873.5,9831.0,9831.0,42.5,2019-05-29 10:41:00,9861.75,counterattack_succeeds,-0.2941176470588235,-250.0
2019-05-30,1,2019-05-30 09:50:00,9883.75,9856.5,9856.5,27.25,2019-05-30 09:58:00,9877.5,counterattack_succeeds,-0.2568807339449541,-140.0
2019-06-03,-1,2019-06-03 09:50:00,9692.0,9751.0,9751.0,59.0,2019-06-03 15:59:00,9598.75,close,1.5677966101694916,1850.0
2019-06-04,1,2019-06-04 10:25:00,9695.0,9650.5,9650.5,44.5,2019-06-04 15:59:00,9790.0,close,2.117977528089888,1885.0
2019-06-05,-1,2019-06-05 09:55:00,9813.25,9860.5,9860.5,47.25,2019-06-05 10:00:00,9829.5,counterattack_succeeds,-0.3597883597883597,-340.0
2019-06-06,-1,2019-06-06 10:30:00,9828.5,9866.0,9866.0,37.5,2019-06-06 10:40:00,9845.25,counterattack_succeeds,-0.4666666666666667,-350.0
2019-06-07,1,2019-06-07 10:00:00,9990.75,9929.5,9929.5,61.25,2019-06-07 15:59:00,10039.75,close,0.7877551020408163,965.0
2019-06-10,1,2019-06-10 10:10:00,10145.75,10087.5,10087.5,58.25,2019-06-10 15:59:00,10124.75,close,-0.3733905579399141,-435.0
2019-06-12,-1,2019-06-12 10:30:00,10092.0,10131.0,10131.0,39.0,2019-06-12 10:40:00,10102.75,counterattack_succeeds,-0.2948717948717949,-230.0
2019-06-17,1,2019-06-17 09:50:00,10149.75,10110.5,10146.0,39.25,2019-06-17 11:55:00,10146.0,stop,-0.1146496815286624,-90.0
2019-06-18,1,2019-06-18 09:50:00,10295.5,10217.5,10217.5,78.0,2019-06-18 09:56:00,10287.75,counterattack_succeeds,-0.1089743589743589,-170.0
2019-06-20,-1,2019-06-20 10:20:00,10364.5,10394.75,10394.75,30.25,2019-06-20 10:26:00,10368.0,counterattack_succeeds,-0.140495867768595,-85.0
2019-06-21,1,2019-06-21 10:35:00,10360.25,10329.25,10329.25,31.0,2019-06-21 15:59:00,10347.75,close,-0.4274193548387097,-265.0
2019-06-24,-1,2019-06-24 10:05:00,10353.5,10369.0,10366.0,15.5,2019-06-24 10:30:00,10366.0,stop,-0.8548387096774194,-265.0
2019-06-25,-1,2019-06-25 10:15:00,10307.75,10345.0,10345.0,37.25,2019-06-25 15:59:00,10214.0,close,2.4966442953020134,1860.0
2019-06-28,-1,2019-06-28 09:50:00,10269.0,10302.5,10302.5,33.5,2019-06-28 10:56:00,10273.5,counterattack_succeeds,-0.1567164179104477,-105.0
2019-07-01,-1,2019-07-01 09:50:00,10413.25,10442.0,10442.0,28.75,2019-07-01 09:59:00,10422.75,counterattack_succeeds,-0.3565217391304348,-205.0
2019-07-02,1,2019-07-02 10:30:00,10390.5,10369.25,10369.25,21.25,2019-07-02 10:45:00,10389.25,counterattack_succeeds,-0.0941176470588235,-40.0
2019-07-03,1,2019-07-03 10:20:00,10447.5,10427.25,10427.25,20.25,2019-07-03 13:14:00,10480.5,close,1.5925925925925926,645.0
2019-07-04,-1,2019-07-04 10:10:00,10487.5,10492.75,10492.75,5.25,2019-07-04 10:14:00,10488.5,counterattack_succeeds,-0.3333333333333333,-35.0
2019-07-05,-1,2019-07-05 10:00:00,10401.0,10433.5,10433.5,32.5,2019-07-05 10:09:00,10417.0,counterattack_succeeds,-0.5153846153846153,-335.0
2019-07-09,1,2019-07-09 10:05:00,10398.5,10358.0,10358.0,40.5,2019-07-09 15:59:00,10442.5,close,1.067901234567901,865.0
2019-07-10,1,2019-07-10 09:50:00,10532.75,10479.75,10479.75,53.0,2019-07-10 10:23:00,10517.75,counterattack_succeeds,-0.2971698113207547,-315.0
2019-07-11,-1,2019-07-11 10:35:00,10515.25,10541.5,10541.5,26.25,2019-07-11 10:52:00,10526.25,counterattack_succeeds,-0.4476190476190476,-235.0
2019-07-12,1,2019-07-12 09:50:00,10537.25,10516.75,10516.75,20.5,2019-07-12 09:55:00,10533.5,counterattack_succeeds,-0.2195121951219512,-90.0
2019-07-15,-1,2019-07-15 09:50:00,10557.25,10576.75,10576.75,19.5,2019-07-15 09:55:00,10561.25,counterattack_succeeds,-0.2435897435897435,-95.0
2019-07-16,1,2019-07-16 09:50:00,10578.0,10564.25,10564.25,13.75,2019-07-16 09:53:00,10575.75,counterattack_succeeds,-0.2181818181818181,-60.0
2019-07-19,-1,2019-07-19 09:55:00,10537.25,10566.5,10566.5,29.25,2019-07-19 10:00:00,10542.0,counterattack_succeeds,-0.188034188034188,-110.0
2019-07-22,1,2019-07-22 09:50:00,10495.75,10467.5,10467.5,28.25,2019-07-22 10:17:00,10492.75,counterattack_succeeds,-0.1327433628318584,-75.0
2019-07-23,-1,2019-07-23 10:00:00,10524.5,10555.0,10555.0,30.5,2019-07-23 10:57:00,10533.5,counterattack_succeeds,-0.319672131147541,-195.0
2019-07-24,1,2019-07-24 09:50:00,10562.25,10531.0,10531.0,31.25,2019-07-24 10:02:00,10558.5,counterattack_succeeds,-0.144,-90.0
2019-07-25,-1,2019-07-25 10:15:00,10551.75,10591.25,10591.25,39.5,2019-07-25 10:18:00,10556.0,counterattack_succeeds,-0.1265822784810126,-100.0
2019-07-29,-1,2019-07-29 09:55:00,10568.75,10617.0,10617.0,48.25,2019-07-29 15:59:00,10594.5,close,-0.5492227979274611,-530.0
2019-07-30,1,2019-07-30 10:05:00,10565.25,10525.75,10525.75,39.5,2019-07-30 10:10:00,10559.5,counterattack_succeeds,-0.1645569620253164,-130.0
2019-08-01,1,2019-08-01 10:00:00,10520.75,10459.75,10518.5,61.0,2019-08-01 13:29:00,10518.5,stop,-0.0491803278688524,-60.0
2019-08-02,-1,2019-08-02 09:50:00,10317.25,10358.0,10358.0,40.75,2019-08-02 09:53:00,10329.0,counterattack_succeeds,-0.3067484662576687,-250.0
2019-08-05,-1,2019-08-05 10:05:00,10080.25,10133.0,10133.0,52.75,2019-08-05 10:09:00,10087.0,counterattack_succeeds,-0.1421800947867298,-150.0
2019-08-06,-1,2019-08-06 10:15:00,10078.5,10120.75,10120.75,42.25,2019-08-06 10:27:00,10082.25,counterattack_succeeds,-0.1065088757396449,-90.0
2019-08-07,-1,2019-08-07 09:50:00,9998.25,10055.75,10055.75,57.5,2019-08-07 09:56:00,10016.25,counterattack_succeeds,-0.3260869565217391,-375.0
2019-08-08,1,2019-08-08 10:30:00,10230.0,10175.75,10175.75,54.25,2019-08-08 15:59:00,10324.5,close,1.728110599078341,1875.0
2019-08-09,-1,2019-08-09 09:50:00,10270.75,10312.25,10312.25,41.5,2019-08-09 15:59:00,10248.75,close,0.5120481927710844,425.0
2019-08-13,1,2019-08-13 09:50:00,10319.0,10147.5,10147.5,171.5,2019-08-13 15:59:00,10330.25,close,0.0612244897959183,210.0
2019-08-14,-1,2019-08-14 10:05:00,10183.5,10226.75,10194.75,43.25,2019-08-14 10:26:00,10194.75,stop,-0.2774566473988439,-240.0
2019-08-16,1,2019-08-16 10:25:00,10187.5,10147.5,10171.75,40.0,2019-08-16 15:59:00,10204.75,close,0.4125,330.0
2019-08-19,-1,2019-08-19 10:10:00,10301.0,10337.0,10337.0,36.0,2019-08-19 10:40:00,10311.25,counterattack_succeeds,-0.3055555555555556,-220.0
2019-08-22,-1,2019-08-22 10:10:00,10335.75,10365.75,10365.75,30.0,2019-08-22 15:59:00,10307.0,close,0.9333333333333332,560.0
2019-08-23,-1,2019-08-23 09:50:00,10231.5,10266.5,10266.5,35.0,2019-08-23 10:02:00,10266.5,stop,-1.0214285714285714,-715.0
2019-08-26,-1,2019-08-26 09:50:00,10120.25,10157.5,10157.5,37.25,2019-08-26 09:59:00,10140.25,counterattack_succeeds,-0.5570469798657718,-415.0
2019-08-28,1,2019-08-28 10:10:00,10160.25,10096.5,10096.5,63.75,2019-08-28 10:19:00,10143.0,counterattack_succeeds,-0.2823529411764706,-360.0
2019-08-29,1,2019-08-29 09:50:00,10311.75,10275.75,10275.75,36.0,2019-08-29 09:58:00,10308.0,counterattack_succeeds,-0.125,-90.0
2019-08-30,-1,2019-08-30 10:00:00,10319.75,10343.0,10332.0,23.25,2019-08-30 15:59:00,10283.5,close,1.5268817204301075,710.0
2019-09-03,1,2019-09-03 09:55:00,10265.75,10220.0,10220.0,45.75,2019-09-03 09:58:00,10255.25,counterattack_succeeds,-0.2459016393442623,-225.0
2019-09-04,-1,2019-09-04 10:10:00,10268.5,10290.0,10290.0,21.5,2019-09-04 10:34:00,10274.5,counterattack_succeeds,-0.313953488372093,-135.0
2019-09-05,1,2019-09-05 09:55:00,10436.5,10396.5,10396.5,40.0,2019-09-05 15:59:00,10457.75,close,0.5125,410.0
2019-09-09,-1,2019-09-09 10:00:00,10444.25,10476.25,10454.75,32.0,2019-09-09 10:34:00,10454.75,stop,-0.3515625,-225.0
2019-09-10,-1,2019-09-10 09:55:00,10339.5,10392.25,10392.25,52.75,2019-09-10 09:58:00,10348.25,counterattack_succeeds,-0.1800947867298578,-190.0
2019-09-11,1,2019-09-11 10:15:00,10457.5,10403.75,10403.75,53.75,2019-09-11 15:59:00,10482.0,close,0.4418604651162791,475.0
2019-09-12,1,2019-09-12 10:20:00,10558.75,10517.0,10517.0,41.75,2019-09-12 10:51:00,10527.0,counterattack_succeeds,-0.7784431137724551,-650.0
2019-09-13,1,2019-09-13 09:55:00,10508.25,10479.75,10479.75,28.5,2019-09-13 09:58:00,10498.25,counterattack_succeeds,-0.3771929824561403,-215.0
2019-09-16,1,2019-09-16 09:55:00,10489.75,10457.75,10457.75,32.0,2019-09-16 10:02:00,10486.25,counterattack_succeeds,-0.1328125,-85.0
2019-09-19,1,2019-09-19 10:35:00,10571.75,10526.0,10565.5,45.75,2019-09-19 10:58:00,10565.5,stop,-0.1530054644808743,-140.0
2019-09-23,1,2019-09-23 09:55:00,10446.75,10420.5,10420.5,26.25,2019-09-23 10:01:00,10434.0,counterattack_succeeds,-0.5142857142857142,-270.0
2019-09-24,-1,2019-09-24 10:25:00,10452.25,10490.25,10490.25,38.0,2019-09-24 15:59:00,10333.75,close,3.098684210526316,2355.0
2019-09-25,-1,2019-09-25 10:30:00,10315.25,10341.25,10341.25,26.0,2019-09-25 10:36:00,10332.0,counterattack_succeeds,-0.6730769230769231,-350.0
2019-09-26,-1,2019-09-26 10:20:00,10365.0,10415.75,10415.75,50.75,2019-09-26 10:27:00,10374.5,counterattack_succeeds,-0.2019704433497537,-205.0
2019-09-27,-1,2019-09-27 09:55:00,10366.5,10412.75,10412.75,46.25,2019-09-27 10:59:00,10387.0,counterattack_succeeds,-0.4594594594594595,-425.0
2019-09-30,1,2019-09-30 10:15:00,10345.75,10312.25,10334.25,33.5,2019-09-30 10:43:00,10334.25,stop,-0.3656716417910448,-245.0
2019-10-01,1,2019-10-01 09:50:00,10440.5,10395.5,10395.5,45.0,2019-10-01 09:53:00,10434.25,counterattack_succeeds,-0.1555555555555555,-140.0
2019-10-02,-1,2019-10-02 10:25:00,10205.5,10254.25,10254.25,48.75,2019-10-02 15:59:00,10167.75,close,0.7589743589743589,740.0
2019-10-03,-1,2019-10-03 10:05:00,10101.5,10186.75,10186.75,85.25,2019-10-03 10:28:00,10152.0,counterattack_succeeds,-0.6011730205278593,-1025.0
2019-10-04,1,2019-10-04 10:00:00,10319.25,10283.75,10283.75,35.5,2019-10-04 10:18:00,10312.25,counterattack_succeeds,-0.2183098591549295,-155.0
2019-10-07,1,2019-10-07 10:30:00,10362.5,10329.75,10329.75,32.75,2019-10-07 10:39:00,10354.5,counterattack_succeeds,-0.2671755725190839,-175.0
2019-10-08,-1,2019-10-08 09:55:00,10256.75,10295.5,10260.25,38.75,2019-10-08 10:55:00,10260.25,stop,-0.1096774193548387,-85.0
2019-10-09,-1,2019-10-09 09:55:00,10270.75,10299.25,10299.25,28.5,2019-10-09 10:01:00,10285.25,counterattack_succeeds,-0.5350877192982456,-305.0
2019-10-10,1,2019-10-10 09:50:00,10326.75,10292.75,10292.75,34.0,2019-10-10 15:59:00,10356.0,close,0.8382352941176471,570.0
2019-10-11,1,2019-10-11 10:05:00,10484.25,10444.5,10444.5,39.75,2019-10-11 12:32:00,10444.5,stop,-1.018867924528302,-810.0
2019-10-14,1,2019-10-14 10:10:00,10474.0,10437.75,10437.75,36.25,2019-10-14 10:15:00,10464.0,counterattack_succeeds,-0.296551724137931,-215.0
2019-10-15,1,2019-10-15 10:05:00,10503.75,10473.5,10502.25,30.25,2019-10-15 15:59:00,10554.75,close,1.6611570247933884,1005.0
2019-10-16,-1,2019-10-16 10:05:00,10512.75,10537.0,10537.0,24.25,2019-10-16 10:09:00,10521.5,counterattack_succeeds,-0.3917525773195876,-190.0
2019-10-17,-1,2019-10-17 10:30:00,10568.0,10592.75,10568.75,24.75,2019-10-17 15:59:00,10555.75,close,0.4646464646464646,230.0
2019-10-18,-1,2019-10-18 10:05:00,10540.0,10555.75,10555.75,15.75,2019-10-18 10:10:00,10543.25,counterattack_succeeds,-0.2539682539682539,-80.0
2019-10-21,-1,2019-10-21 09:50:00,10511.0,10538.0,10538.0,27.0,2019-10-21 09:53:00,10517.75,counterattack_succeeds,-0.2777777777777778,-150.0
2019-10-22,-1,2019-10-22 09:50:00,10567.75,10588.25,10588.25,20.5,2019-10-22 10:08:00,10573.25,counterattack_succeeds,-0.3048780487804878,-125.0
2019-10-24,-1,2019-10-24 09:55:00,10538.25,10563.0,10563.0,24.75,2019-10-24 11:01:00,10546.25,counterattack_succeeds,-0.3535353535353535,-175.0
2019-10-25,1,2019-10-25 09:50:00,10560.0,10531.0,10559.25,29.0,2019-10-25 15:59:00,10637.5,close,2.646551724137931,1535.0
2019-10-28,1,2019-10-28 10:20:00,10704.5,10675.75,10697.25,28.75,2019-10-28 15:59:00,10718.25,close,0.4521739130434782,260.0
2019-10-29,-1,2019-10-29 10:05:00,10684.0,10715.75,10715.75,31.75,2019-10-29 10:34:00,10690.0,counterattack_succeeds,-0.2125984251968504,-135.0
2019-10-31,-1,2019-10-31 10:15:00,10669.25,10719.25,10719.25,50.0,2019-10-31 11:16:00,10696.5,counterattack_succeeds,-0.56,-560.0
2019-11-01,1,2019-11-01 09:55:00,10746.5,10719.25,10730.0,27.25,2019-11-01 12:08:00,10730.0,stop,-0.6330275229357798,-345.0
2019-11-04,-1,2019-11-04 10:05:00,10812.0,10835.5,10835.5,23.5,2019-11-04 10:22:00,10819.0,counterattack_succeeds,-0.3297872340425531,-155.0
2019-11-05,-1,2019-11-05 10:30:00,10806.25,10832.5,10832.5,26.25,2019-11-05 10:37:00,10817.5,counterattack_succeeds,-0.4571428571428571,-240.0
2019-11-06,-1,2019-11-06 10:30:00,10788.25,10813.0,10813.0,24.75,2019-11-06 10:43:00,10792.75,counterattack_succeeds,-0.2121212121212121,-105.0
2019-11-07,1,2019-11-07 10:20:00,10866.0,10835.75,10835.75,30.25,2019-11-07 14:44:00,10835.75,stop,-1.024793388429752,-620.0
2019-11-11,1,2019-11-11 09:50:00,10827.0,10808.25,10808.25,18.75,2019-11-11 09:56:00,10823.25,counterattack_succeeds,-0.24,-90.0
2019-11-12,1,2019-11-12 10:00:00,10874.25,10853.75,10853.75,20.5,2019-11-12 10:04:00,10872.0,counterattack_succeeds,-0.1463414634146341,-60.0
2019-11-14,1,2019-11-14 10:05:00,10865.25,10839.5,10859.25,25.75,2019-11-14 10:17:00,10859.25,stop,-0.2621359223300971,-135.0
2019-11-15,-1,2019-11-15 10:00:00,10891.5,10919.0,10919.0,27.5,2019-11-15 10:03:00,10896.75,counterattack_succeeds,-0.2181818181818181,-120.0
2019-11-19,-1,2019-11-19 09:55:00,10943.25,10966.25,10950.5,23.0,2019-11-19 11:38:00,10950.5,stop,-0.3478260869565217,-160.0
2019-11-20,1,2019-11-20 10:00:00,10934.0,10918.5,10918.5,15.5,2019-11-20 10:15:00,10931.5,counterattack_succeeds,-0.2096774193548387,-65.0
2019-11-21,-1,2019-11-21 10:20:00,10859.25,10887.75,10887.75,28.5,2019-11-21 10:28:00,10868.75,counterattack_succeeds,-0.3596491228070175,-205.0
2019-11-22,-1,2019-11-22 10:10:00,10878.0,10900.5,10881.75,22.5,2019-11-22 15:59:00,10879.5,close,-0.1,-45.0
2019-11-25,1,2019-11-25 09:55:00,10952.75,10913.5,10913.5,39.25,2019-11-25 15:59:00,10978.5,close,0.6369426751592356,500.0
2019-11-26,1,2019-11-26 10:25:00,10989.0,10972.75,10972.75,16.25,2019-11-26 10:30:00,10988.0,counterattack_succeeds,-0.1076923076923077,-35.0
2019-11-27,1,2019-11-27 09:55:00,11018.5,11004.25,11004.25,14.25,2019-11-27 10:02:00,11013.0,counterattack_succeeds,-0.4385964912280701,-125.0
2019-11-29,1,2019-11-29 10:00:00,11039.5,11023.25,11023.25,16.25,2019-11-29 10:29:00,11034.25,counterattack_succeeds,-0.3692307692307692,-120.0
2019-12-02,-1,2019-12-02 10:00:00,10943.0,11015.25,11015.25,72.25,2019-12-02 15:59:00,10917.75,close,0.3391003460207612,490.0
2019-12-03,-1,2019-12-03 09:50:00,10777.5,10825.75,10825.75,48.25,2019-12-03 09:55:00,10791.25,counterattack_succeeds,-0.3005181347150259,-290.0
2019-12-05,-1,2019-12-05 10:10:00,10882.25,10929.0,10929.0,46.75,2019-12-05 15:59:00,10914.25,close,-0.7005347593582888,-655.0
2019-12-06,1,2019-12-06 09:50:00,10989.75,10969.75,10969.75,20.0,2019-12-06 09:55:00,10984.25,counterattack_succeeds,-0.3125,-125.0
2019-12-10,1,2019-12-10 10:10:00,10974.0,10940.25,10970.5,33.75,2019-12-10 11:03:00,10970.5,stop,-0.1259259259259259,-85.0
2019-12-11,1,2019-12-11 09:50:00,10982.25,10965.25,10965.25,17.0,2019-12-11 11:02:00,10976.0,counterattack_succeeds,-0.4117647058823529,-140.0
2019-12-12,1,2019-12-12 10:05:00,11083.75,10982.75,10982.75,101.0,2019-12-12 11:14:00,11063.25,counterattack_succeeds,-0.2103960396039604,-425.0
2019-12-13,1,2019-12-13 09:55:00,11082.5,11042.0,11042.0,40.5,2019-12-13 10:39:00,11067.0,counterattack_succeeds,-0.4012345679012346,-325.0
2019-12-16,1,2019-12-16 09:50:00,11161.75,11134.5,11156.0,27.25,2019-12-16 15:59:00,11164.5,close,0.073394495412844,40.0
2019-12-17,-1,2019-12-17 10:00:00,11160.75,11188.25,11188.25,27.5,2019-12-17 10:12:00,11172.75,counterattack_succeeds,-0.4636363636363636,-255.0
2019-12-18,-1,2019-12-18 10:00:00,11176.25,11192.0,11178.75,15.75,2019-12-18 10:14:00,11178.75,stop,-0.2063492063492063,-65.0
2019-12-19,1,2019-12-19 10:30:00,11201.5,11181.25,11181.25,20.25,2019-12-19 10:33:00,11199.0,counterattack_succeeds,-0.1604938271604938,-65.0
2019-12-20,-1,2019-12-20 10:00:00,11250.0,11275.75,11275.75,25.75,2019-12-20 10:04:00,11259.25,counterattack_succeeds,-0.3883495145631068,-200.0
2019-12-23,-1,2019-12-23 10:10:00,11285.0,11298.25,11298.25,13.25,2019-12-23 10:19:00,11290.75,counterattack_succeeds,-0.490566037735849,-130.0
2019-12-24,-1,2019-12-24 09:50:00,11273.5,11297.75,11297.75,24.25,2019-12-24 10:00:00,11279.0,counterattack_succeeds,-0.2577319587628865,-125.0
2019-12-26,1,2019-12-26 09:50:00,11321.0,11302.0,11317.75,19.0,2019-12-26 15:59:00,11364.25,close,2.236842105263158,850.0
2019-12-27,-1,2019-12-27 09:50:00,11374.75,11395.75,11395.75,21.0,2019-12-27 11:22:00,11378.75,counterattack_succeeds,-0.2261904761904762,-95.0
2019-12-30,-1,2019-12-30 09:50:00,11271.5,11356.0,11290.0,84.5,2019-12-30 11:17:00,11290.0,stop,-0.2278106508875739,-385.0
2020-01-06,1,2020-01-06 09:50:00,11346.75,11292.0,11292.0,54.75,2020-01-06 15:59:00,11426.5,close,1.4429223744292237,1580.0
2020-01-08,1,2020-01-08 10:10:00,11449.25,11411.0,11446.25,38.25,2020-01-08 10:26:00,11446.25,stop,-0.0980392156862745,-75.0
2020-01-13,1,2020-01-13 10:00:00,11596.25,11566.75,11566.75,29.5,2020-01-13 10:07:00,11591.5,counterattack_succeeds,-0.1864406779661017,-110.0
2020-01-14,-1,2020-01-14 10:00:00,11604.0,11649.25,11649.25,45.25,2020-01-14 10:03:00,11616.5,counterattack_succeeds,-0.292817679558011,-265.0
2020-01-15,1,2020-01-15 09:55:00,11646.5,11614.25,11614.25,32.25,2020-01-15 10:23:00,11639.5,counterattack_succeeds,-0.2403100775193798,-155.0
2020-01-16,1,2020-01-16 10:10:00,11679.75,11651.0,11651.0,28.75,2020-01-16 10:18:00,11676.75,counterattack_succeeds,-0.1304347826086956,-75.0
2020-01-21,1,2020-01-21 10:05:00,11742.75,11714.75,11714.75,28.0,2020-01-21 10:17:00,11731.75,counterattack_succeeds,-0.4196428571428571,-235.0
2020-01-22,1,2020-01-22 10:30:00,11806.0,11774.75,11774.75,31.25,2020-01-22 10:59:00,11804.0,counterattack_succeeds,-0.088,-55.0
2020-01-23,1,2020-01-23 10:15:00,11765.5,11714.75,11714.75,50.75,2020-01-23 10:21:00,11758.0,counterattack_succeeds,-0.1625615763546798,-165.0
2020-01-24,-1,2020-01-24 10:05:00,11822.0,11846.25,11828.0,24.25,2020-01-24 15:59:00,11714.75,close,4.391752577319588,2130.0
2020-01-27,1,2020-01-27 09:55:00,11551.75,11488.5,11530.5,63.25,2020-01-27 10:01:00,11530.5,stop,-0.3478260869565217,-440.0
2020-01-28,1,2020-01-28 10:25:00,11612.5,11564.0,11564.0,48.5,2020-01-28 15:59:00,11661.25,close,0.9896907216494846,960.0
2020-01-29,-1,2020-01-29 09:50:00,11683.5,11721.75,11721.75,38.25,2020-01-29 15:59:00,11672.75,close,0.261437908496732,200.0
2020-01-31,-1,2020-01-31 10:05:00,11665.75,11747.0,11747.0,81.25,2020-01-31 15:59:00,11558.25,close,1.313846153846154,2135.0
2020-02-03,1,2020-02-03 09:50:00,11670.0,11598.75,11598.75,71.25,2020-02-03 15:59:00,11694.5,close,0.3333333333333333,475.0
2020-02-04,1,2020-02-04 09:50:00,11834.75,11790.0,11790.0,44.75,2020-02-04 09:56:00,11822.25,counterattack_succeeds,-0.2960893854748603,-265.0
2020-02-05,-1,2020-02-05 10:15:00,11933.5,12020.75,11944.5,87.25,2020-02-05 14:53:00,11944.5,stop,-0.1346704871060172,-235.0
2020-02-06,1,2020-02-06 10:00:00,11977.0,11925.5,11925.5,51.5,2020-02-06 10:17:00,11966.25,counterattack_succeeds,-0.2233009708737864,-230.0
2020-02-10,1,2020-02-10 09:55:00,12000.25,11941.75,11995.0,58.5,2020-02-10 15:59:00,12088.0,close,1.4871794871794872,1740.0
2020-02-11,1,2020-02-11 10:15:00,12151.0,12101.75,12101.75,49.25,2020-02-11 14:03:00,12101.75,stop,-1.015228426395939,-1000.0
2020-02-12,-1,2020-02-12 09:55:00,12134.0,12167.0,12167.0,33.0,2020-02-12 10:00:00,12145.25,counterattack_succeeds,-0.3636363636363636,-240.0
2020-02-13,1,2020-02-13 09:55:00,12153.25,12102.25,12102.25,51.0,2020-02-13 09:59:00,12139.75,counterattack_succeeds,-0.2794117647058823,-285.0
2020-02-14,-1,2020-02-14 10:15:00,12163.25,12203.0,12203.0,39.75,2020-02-14 10:19:00,12172.75,counterattack_succeeds,-0.2578616352201258,-205.0
2020-02-18,1,2020-02-18 10:05:00,12178.75,12137.5,12137.5,41.25,2020-02-18 10:28:00,12176.0,counterattack_succeeds,-0.0848484848484848,-70.0
2020-02-19,1,2020-02-19 10:20:00,12279.75,12244.5,12273.5,35.25,2020-02-19 15:59:00,12291.25,close,0.3049645390070922,215.0
2020-02-21,-1,2020-02-21 09:50:00,12046.25,12167.75,12093.75,121.5,2020-02-21 12:05:00,12093.75,stop,-0.397119341563786,-965.0
2020-02-24,1,2020-02-24 09:55:00,11751.0,11604.25,11722.25,146.75,2020-02-24 10:21:00,11722.25,stop,-0.2010221465076661,-590.0
2020-02-25,-1,2020-02-25 10:20:00,11661.5,11754.0,11754.0,92.5,2020-02-25 15:59:00,11402.75,close,2.789189189189189,5160.0
2020-02-27,-1,2020-02-27 10:20:00,11191.75,11285.5,11197.0,93.75,2020-02-27 10:50:00,11197.0,stop,-0.064,-120.0
2020-03-02,-1,2020-03-02 10:10:00,11027.5,11159.0,11159.0,131.5,2020-03-02 10:15:00,11073.5,counterattack_succeeds,-0.3555133079847908,-935.0
2020-03-03,-1,2020-03-03 09:55:00,11328.25,11467.0,11467.0,138.75,2020-03-03 10:00:00,11467.0,stop,-1.0054054054054054,-2790.0
2020-03-04,-1,2020-03-04 09:55:00,11235.25,11345.5,11345.5,110.25,2020-03-04 10:00:00,11257.75,counterattack_succeeds,-0.2108843537414966,-465.0
2020-03-05,1,2020-03-05 10:20:00,11355.5,11264.5,11264.5,91.0,2020-03-05 10:37:00,11341.75,counterattack_succeeds,-0.1593406593406593,-290.0
2020-03-06,1,2020-03-06 10:25:00,11027.25,10943.75,11022.75,83.5,2020-03-06 11:10:00,11022.75,stop,-0.0628742514970059,-105.0
2020-03-13,-1,2020-03-13 09:55:00,10038.25,10299.0,10299.0,260.75,2020-03-13 09:59:00,10064.25,counterattack_succeeds,-0.1025886864813039,-535.0
2020-03-17,-1,2020-03-17 09:55:00,9425.0,9700.5,9700.5,275.5,2020-03-17 10:07:00,9492.25,counterattack_succeeds,-0.2468239564428312,-1360.0
2020-03-18,1,2020-03-18 09:55:00,9691.0,9427.75,9648.75,263.25,2020-03-18 10:52:00,9648.75,stop,-0.1633428300094966,-860.0
2020-03-19,1,2020-03-19 10:00:00,9692.0,9476.25,9649.25,215.75,2020-03-19 15:59:00,9734.75,close,0.1946697566628041,840.0
2020-03-23,1,2020-03-23 10:00:00,9495.5,9300.75,9428.5,194.75,2020-03-23 10:54:00,9428.5,stop,-0.3478818998716303,-1355.0
2020-03-25,-1,2020-03-25 10:05:00,9898.5,10130.5,9971.75,232.0,2020-03-25 10:53:00,9971.75,stop,-0.3189655172413793,-1480.0
2020-03-26,1,2020-03-26 10:10:00,10131.75,9981.0,9981.0,150.75,2020-03-26 10:49:00,10103.5,counterattack_succeeds,-0.1923714759535655,-580.0
2020-03-30,1,2020-03-30 10:05:00,10191.0,10096.25,10174.25,94.75,2020-03-30 15:59:00,10333.0,close,1.4907651715039578,2825.0
2020-03-31,-1,2020-03-31 09:50:00,10282.25,10341.0,10341.0,58.75,2020-03-31 09:59:00,10299.0,counterattack_succeeds,-0.2978723404255319,-350.0
2020-04-02,1,2020-04-02 10:35:00,10024.25,9883.25,9883.25,141.0,2020-04-02 15:59:00,10084.5,close,0.4219858156028369,1190.0
2020-04-06,1,2020-04-06 09:55:00,10310.25,10216.25,10216.25,94.0,2020-04-06 15:59:00,10519.75,close,2.220744680851064,4175.0
2020-04-07,-1,2020-04-07 10:10:00,10640.75,10764.75,10764.75,124.0,2020-04-07 15:59:00,10507.75,close,1.0665322580645162,2645.0
2020-04-08,-1,2020-04-08 09:50:00,10560.25,10620.5,10620.5,60.25,2020-04-08 09:53:00,10570.0,counterattack_succeeds,-0.1742738589211618,-210.0
2020-04-09,-1,2020-04-09 10:10:00,10687.25,10792.5,10710.0,105.25,2020-04-09 11:45:00,10710.0,stop,-0.2232779097387173,-470.0
2020-04-13,-1,2020-04-13 09:50:00,10643.0,10709.75,10709.75,66.75,2020-04-13 09:57:00,10665.0,counterattack_succeeds,-0.3408239700374532,-455.0
2020-04-14,1,2020-04-14 09:50:00,11027.75,10923.25,10923.25,104.5,2020-04-14 15:59:00,11148.25,close,1.145933014354067,2395.0
2020-04-16,-1,2020-04-16 10:00:00,11109.25,11164.25,11164.25,55.0,2020-04-16 10:24:00,11112.75,counterattack_succeeds,-0.0772727272727272,-85.0
2020-04-21,-1,2020-04-21 10:20:00,10988.5,11118.25,11118.25,129.75,2020-04-21 10:25:00,11009.0,counterattack_succeeds,-0.163776493256262,-425.0
2020-04-22,-1,2020-04-22 09:50:00,11007.25,11064.25,11064.25,57.0,2020-04-22 09:59:00,11038.25,counterattack_succeeds,-0.5570175438596491,-635.0
2020-04-23,1,2020-04-23 10:20:00,11213.0,11128.25,11209.25,84.75,2020-04-23 11:32:00,11209.25,stop,-0.0530973451327433,-90.0
2020-04-24,-1,2020-04-24 09:50:00,11057.75,11133.25,11133.25,75.5,2020-04-24 10:13:00,11089.75,counterattack_succeeds,-0.4337748344370861,-655.0
2020-04-27,1,2020-04-27 10:00:00,11331.5,11285.5,11285.5,46.0,2020-04-27 10:11:00,11318.0,counterattack_succeeds,-0.3097826086956521,-285.0
2020-04-28,-1,2020-04-28 10:00:00,11296.0,11371.5,11371.5,75.5,2020-04-28 15:59:00,11132.75,close,2.152317880794702,3250.0
2020-04-29,1,2020-04-29 09:50:00,11347.0,11282.25,11333.0,64.75,2020-04-29 15:59:00,11429.75,close,1.2664092664092663,1640.0
2020-05-01,1,2020-05-01 10:05:00,11321.75,11246.25,11303.0,75.5,2020-05-01 10:16:00,11303.0,stop,-0.2582781456953642,-390.0
2020-05-04,1,2020-05-04 09:55:00,11182.5,11116.75,11116.75,65.75,2020-05-04 15:59:00,11284.0,close,1.532319391634981,2015.0
2020-05-05,1,2020-05-05 09:50:00,11414.5,11361.5,11405.75,53.0,2020-05-05 10:28:00,11405.75,stop,-0.1792452830188679,-190.0
2020-05-06,-1,2020-05-06 10:05:00,11431.5,11495.25,11495.25,63.75,2020-05-06 10:24:00,11440.0,counterattack_succeeds,-0.1450980392156863,-185.0
2020-05-07,-1,2020-05-07 10:15:00,11517.75,11575.25,11575.25,57.5,2020-05-07 10:19:00,11524.5,counterattack_succeeds,-0.1304347826086956,-150.0
2020-05-08,1,2020-05-08 10:20:00,11643.5,11582.25,11582.25,61.25,2020-05-08 10:57:00,11630.25,counterattack_succeeds,-0.2285714285714285,-280.0
2020-05-11,1,2020-05-11 09:55:00,11684.0,11613.75,11613.75,70.25,2020-05-11 09:58:00,11668.75,counterattack_succeeds,-0.2277580071174377,-320.0
2020-05-12,-1,2020-05-12 09:55:00,11711.5,11811.75,11811.75,100.25,2020-05-12 09:59:00,11735.5,counterattack_succeeds,-0.2468827930174563,-495.0
2020-05-13,1,2020-05-13 10:05:00,11618.0,11509.0,11605.25,109.0,2020-05-13 10:57:00,11605.25,stop,-0.1238532110091743,-270.0
2020-05-14,-1,2020-05-14 09:50:00,11363.5,11442.0,11442.0,78.5,2020-05-14 10:11:00,11384.5,counterattack_succeeds,-0.2770700636942675,-435.0
2020-05-15,1,2020-05-15 10:10:00,11490.75,11409.75,11409.75,81.0,2020-05-15 10:36:00,11465.75,counterattack_succeeds,-0.3179012345679012,-515.0
2020-05-18,-1,2020-05-18 09:55:00,11710.5,11753.75,11753.75,43.25,2020-05-18 10:00:00,11727.25,counterattack_succeeds,-0.4046242774566474,-350.0
2020-05-19,1,2020-05-19 10:00:00,11837.75,11780.25,11834.75,57.5,2020-05-19 10:28:00,11834.75,stop,-0.0652173913043478,-75.0
2020-05-20,1,2020-05-20 10:00:00,11927.25,11868.25,11868.25,59.0,2020-05-20 15:59:00,11946.25,close,0.3093220338983051,365.0
2020-05-21,-1,2020-05-21 10:05:00,11906.0,11977.0,11977.0,71.0,2020-05-21 15:59:00,11844.5,close,0.8556338028169014,1215.0
2020-05-22,1,2020-05-22 09:55:00,11847.25,11786.0,11786.0,61.25,2020-05-22 10:08:00,11829.25,counterattack_succeeds,-0.3061224489795918,-375.0
2020-05-26,-1,2020-05-26 09:55:00,11973.5,12036.0,11992.25,62.5,2020-05-26 15:59:00,11854.0,close,1.9,2375.0
2020-05-27,-1,2020-05-27 09:50:00,11761.25,11851.5,11851.5,90.25,2020-05-27 14:52:00,11851.5,stop,-1.0083102493074791,-1820.0
2020-05-28,1,2020-05-28 10:30:00,11939.0,11848.5,11924.25,90.5,2020-05-28 15:31:00,11924.25,stop,-0.1712707182320442,-310.0
2020-05-29,-1,2020-05-29 10:10:00,11881.0,11931.0,11931.0,50.0,2020-05-29 10:31:00,11887.25,counterattack_succeeds,-0.14,-140.0
2020-06-01,1,2020-06-01 10:30:00,12033.0,11972.0,11972.0,61.0,2020-06-01 10:48:00,12022.75,counterattack_succeeds,-0.180327868852459,-220.0
2020-06-02,-1,2020-06-02 09:50:00,12036.0,12071.75,12071.75,35.75,2020-06-02 09:53:00,12045.5,counterattack_succeeds,-0.2867132867132867,-205.0
2020-06-03,1,2020-06-03 10:00:00,12163.25,12117.0,12117.0,46.25,2020-06-03 10:06:00,12152.0,counterattack_succeeds,-0.2594594594594595,-240.0
2020-06-04,1,2020-06-04 09:50:00,12190.5,12136.0,12172.25,54.5,2020-06-04 10:48:00,12172.25,stop,-0.3486238532110092,-380.0
2020-06-08,-1,2020-06-08 09:50:00,12246.75,12295.75,12261.5,49.0,2020-06-08 10:41:00,12261.5,stop,-0.3163265306122449,-310.0
2020-06-09,1,2020-06-09 09:55:00,12371.5,12318.25,12318.25,53.25,2020-06-09 10:01:00,12347.5,counterattack_succeeds,-0.4647887323943662,-495.0
2020-06-10,1,2020-06-10 10:05:00,12534.75,12489.75,12527.25,45.0,2020-06-10 10:14:00,12527.25,stop,-0.1833333333333333,-165.0
2020-06-11,1,2020-06-11 10:15:00,12430.0,12342.25,12342.25,87.75,2020-06-11 10:18:00,12417.75,counterattack_succeeds,-0.1481481481481481,-260.0
2020-06-12,-1,2020-06-12 10:15:00,12240.25,12313.5,12313.5,73.25,2020-06-12 10:21:00,12247.25,counterattack_succeeds,-0.1058020477815699,-155.0
2020-06-15,1,2020-06-15 10:00:00,12168.25,12055.5,12055.5,112.75,2020-06-15 10:41:00,12132.25,counterattack_succeeds,-0.3259423503325942,-735.0
2020-06-17,-1,2020-06-17 10:05:00,12552.75,12599.75,12599.75,47.0,2020-06-17 10:17:00,12574.25,counterattack_succeeds,-0.4734042553191489,-445.0
2020-06-18,1,2020-06-18 10:10:00,12573.25,12526.0,12526.0,47.25,2020-06-18 10:16:00,12554.5,counterattack_succeeds,-0.4126984126984127,-390.0
2020-06-19,1,2020-06-19 09:50:00,12688.5,12659.5,12659.5,29.0,2020-06-19 09:57:00,12682.25,counterattack_succeeds,-0.2413793103448276,-140.0
2020-06-22,1,2020-06-22 10:00:00,12605.5,12560.0,12560.0,45.5,2020-06-22 15:59:00,12699.0,close,2.0384615384615383,1855.0
2020-06-23,1,2020-06-23 10:20:00,12791.75,12743.0,12780.25,48.75,2020-06-23 15:50:00,12780.25,stop,-0.2512820512820513,-245.0
2020-06-24,-1,2020-06-24 09:55:00,12717.0,12805.75,12805.75,88.75,2020-06-24 15:59:00,12577.0,close,1.5690140845070422,2785.0
2020-06-25,-1,2020-06-25 09:50:00,12475.0,12601.5,12601.5,126.5,2020-06-25 09:53:00,12509.75,counterattack_succeeds,-0.2806324110671936,-710.0
2020-06-26,-1,2020-06-26 10:05:00,12569.5,12666.5,12666.5,97.0,2020-06-26 15:59:00,12425.5,close,1.4768041237113405,2865.0
2020-06-30,1,2020-06-30 10:05:00,12618.25,12527.5,12527.5,90.75,2020-06-30 15:59:00,12717.75,close,1.0881542699724518,1975.0
2020-07-01,1,2020-07-01 10:20:00,12778.0,12715.5,12715.5,62.5,2020-07-01 10:23:00,12773.5,counterattack_succeeds,-0.084,-105.0
2020-07-02,-1,2020-07-02 10:30:00,12948.75,12995.0,12995.0,46.25,2020-07-02 10:40:00,12961.5,counterattack_succeeds,-0.2918918918918919,-270.0
2020-07-03,-1,2020-07-03 10:35:00,12899.25,12942.0,12942.0,42.75,2020-07-03 12:59:00,12910.25,close,-0.2748538011695906,-235.0
2020-07-06,1,2020-07-06 10:00:00,13103.75,13054.25,13054.25,49.5,2020-07-06 15:59:00,13175.75,close,1.4393939393939394,1425.0
2020-07-07,1,2020-07-07 09:50:00,13210.75,13141.5,13141.5,69.25,2020-07-07 09:53:00,13197.5,counterattack_succeeds,-0.2021660649819494,-280.0
2020-07-08,1,2020-07-08 10:00:00,13211.75,13150.75,13150.75,61.0,2020-07-08 10:29:00,13196.25,counterattack_succeeds,-0.2663934426229508,-325.0
2020-07-09,-1,2020-07-09 10:20:00,13272.25,13332.25,13332.25,60.0,2020-07-09 10:26:00,13297.0,counterattack_succeeds,-0.425,-510.0
2020-07-10,-1,2020-07-10 10:05:00,13221.75,13333.75,13333.75,112.0,2020-07-10 10:11:00,13264.0,counterattack_succeeds,-0.3839285714285714,-860.0
2020-07-13,1,2020-07-13 10:30:00,13583.25,13513.75,13513.75,69.5,2020-07-13 10:37:00,13567.5,counterattack_succeeds,-0.237410071942446,-330.0
2020-07-14,-1,2020-07-14 09:55:00,13011.75,13213.5,13069.25,201.75,2020-07-14 10:30:00,13069.25,stop,-0.288723667905824,-1165.0
2020-07-16,-1,2020-07-16 10:05:00,13104.25,13184.0,13184.0,79.75,2020-07-16 10:17:00,13130.25,counterattack_succeeds,-0.335423197492163,-535.0
2020-07-17,-1,2020-07-17 10:20:00,13164.5,13234.25,13234.25,69.75,2020-07-17 10:52:00,13169.0,counterattack_succeeds,-0.075268817204301,-105.0
2020-07-20,1,2020-07-20 10:10:00,13302.25,13190.0,13190.0,112.25,2020-07-20 15:59:00,13520.75,close,1.939866369710468,4355.0
2020-07-21,-1,2020-07-21 10:30:00,13485.25,13587.0,13500.0,101.75,2020-07-21 10:55:00,13500.0,stop,-0.1523341523341523,-310.0
2020-07-22,1,2020-07-22 09:55:00,13468.0,13405.75,13405.75,62.25,2020-07-22 10:09:00,13458.25,counterattack_succeeds,-0.1686746987951807,-210.0
2020-07-23,1,2020-07-23 09:50:00,13445.5,13383.25,13383.25,62.25,2020-07-23 09:57:00,13422.75,counterattack_succeeds,-0.3775100401606425,-470.0
2020-07-24,1,2020-07-24 10:25:00,13036.0,12885.25,12885.25,150.75,2020-07-24 10:32:00,13010.0,counterattack_succeeds,-0.1774461028192371,-535.0
2020-07-28,-1,2020-07-28 09:55:00,13147.5,13231.0,13231.0,83.5,2020-07-28 10:04:00,13182.0,counterattack_succeeds,-0.4221556886227545,-705.0
2020-07-29,1,2020-07-29 10:05:00,13209.75,13161.0,13161.0,48.75,2020-07-29 10:18:00,13193.75,counterattack_succeeds,-0.3435897435897436,-335.0
2020-07-30,-1,2020-07-30 10:00:00,13128.0,13201.75,13151.75,73.75,2020-07-30 10:08:00,13151.75,stop,-0.3322033898305084,-490.0
2020-07-31,-1,2020-07-31 10:10:00,13358.25,13486.0,13486.0,127.75,2020-07-31 10:40:00,13365.0,counterattack_succeeds,-0.0587084148727984,-150.0
2020-08-03,1,2020-08-03 10:05:00,13635.0,13564.75,13564.75,70.25,2020-08-03 10:09:00,13613.0,counterattack_succeeds,-0.3238434163701068,-455.0
2020-08-04,1,2020-08-04 10:10:00,13664.75,13590.5,13631.25,74.25,2020-08-04 11:00:00,13631.25,stop,-0.4612794612794613,-685.0
2020-08-05,1,2020-08-05 09:55:00,13691.75,13648.75,13684.5,43.0,2020-08-05 10:20:00,13684.5,stop,-0.1860465116279069,-160.0
2020-08-06,1,2020-08-06 10:15:00,13715.0,13665.5,13665.5,49.5,2020-08-06 10:41:00,13704.0,counterattack_succeeds,-0.2373737373737373,-235.0
2020-08-07,1,2020-08-07 09:50:00,13829.5,13792.0,13792.0,37.5,2020-08-07 09:56:00,13823.0,counterattack_succeeds,-0.1933333333333333,-145.0
2020-08-10,-1,2020-08-10 09:55:00,13685.25,13731.0,13731.0,45.75,2020-08-10 15:59:00,13662.5,close,0.4808743169398907,440.0
2020-08-12,1,2020-08-12 09:50:00,13614.75,13541.75,13541.75,73.0,2020-08-12 15:59:00,13730.25,close,1.571917808219178,2295.0
2020-08-13,1,2020-08-13 10:35:00,13822.5,13748.75,13811.5,73.75,2020-08-13 11:33:00,13811.5,stop,-0.159322033898305,-235.0
2020-08-14,-1,2020-08-14 09:50:00,13730.0,13791.0,13791.0,61.0,2020-08-14 09:54:00,13747.0,counterattack_succeeds,-0.290983606557377,-355.0
2020-08-17,1,2020-08-17 09:55:00,13841.75,13805.75,13805.75,36.0,2020-08-17 10:20:00,13824.5,counterattack_succeeds,-0.5,-360.0
2020-08-18,-1,2020-08-18 09:55:00,13908.5,13966.25,13925.75,57.75,2020-08-18 09:59:00,13925.75,stop,-0.3116883116883117,-360.0
2020-08-19,-1,2020-08-19 09:50:00,13932.0,13999.25,13999.25,67.25,2020-08-19 10:04:00,13952.5,counterattack_succeeds,-0.3159851301115242,-425.0
2020-08-20,1,2020-08-20 09:50:00,13933.25,13851.25,13851.25,82.0,2020-08-20 15:59:00,14058.25,close,1.5152439024390243,2485.0
2020-08-21,1,2020-08-21 10:00:00,14079.75,14039.75,14039.75,40.0,2020-08-21 10:03:00,14069.0,counterattack_succeeds,-0.2875,-230.0
2020-08-24,-1,2020-08-24 09:55:00,14201.25,14306.75,14306.75,105.5,2020-08-24 15:59:00,14210.5,close,-0.0947867298578199,-200.0
2020-08-25,1,2020-08-25 10:20:00,14222.75,14159.0,14159.0,63.75,2020-08-25 10:31:00,14185.75,counterattack_succeeds,-0.592156862745098,-755.0
2020-08-26,1,2020-08-26 10:25:00,14385.0,14347.0,14347.0,38.0,2020-08-26 15:59:00,14549.0,close,4.296052631578948,3265.0
2020-08-28,-1,2020-08-28 09:50:00,14549.0,14588.75,14588.75,39.75,2020-08-28 09:53:00,14564.25,counterattack_succeeds,-0.4025157232704403,-320.0
2020-08-31,1,2020-08-31 10:20:00,14640.0,14578.0,14625.25,62.0,2020-08-31 11:26:00,14625.25,stop,-0.25,-310.0
2020-09-01,1,2020-09-01 10:05:00,14813.75,14709.25,14784.25,104.5,2020-09-01 15:59:00,14878.25,close,0.6100478468899522,1275.0
2020-09-02,-1,2020-09-02 09:55:00,14919.0,15019.0,15019.0,100.0,2020-09-02 15:49:00,15019.0,stop,-1.0075,-2015.0
2020-09-03,-1,2020-09-03 10:20:00,14675.5,14826.75,14826.75,151.25,2020-09-03 15:59:00,14357.0,close,2.100826446280992,6355.0
2020-09-04,-1,2020-09-04 09:50:00,14195.0,14427.25,14427.25,232.25,2020-09-04 15:59:00,14204.5,close,-0.0441334768568353,-205.0
2020-09-07,1,2020-09-07 10:30:00,14067.0,14039.5,14062.0,27.5,2020-09-07 12:59:00,14085.5,close,0.6454545454545455,355.0
2020-09-08,1,2020-09-08 10:00:00,13877.5,13701.25,13822.5,176.25,2020-09-08 11:31:00,13822.5,stop,-0.3163120567375886,-1115.0
2020-09-09,1,2020-09-09 10:30:00,13931.0,13791.25,13791.25,139.75,2020-09-09 15:59:00,13969.0,close,0.2665474060822898,745.0
2020-09-10,1,2020-09-10 10:05:00,14141.0,14067.0,14111.0,74.0,2020-09-10 10:26:00,14111.0,stop,-0.4155405405405405,-615.0
2020-09-11,-1,2020-09-11 10:00:00,13723.5,13864.25,13766.0,140.75,2020-09-11 10:19:00,13766.0,stop,-0.3072824156305506,-865.0
2020-09-14,1,2020-09-14 09:50:00,13890.25,13790.25,13864.5,100.0,2020-09-14 12:34:00,13864.5,stop,-0.265,-530.0
2020-09-15,1,2020-09-15 09:55:00,14052.25,13995.5,13995.5,56.75,2020-09-15 10:06:00,14044.0,counterattack_succeeds,-0.158590308370044,-180.0
2020-09-16,-1,2020-09-16 10:20:00,13997.25,14073.25,14073.25,76.0,2020-09-16 15:59:00,13830.5,close,2.1842105263157894,3320.0
2020-09-17,1,2020-09-17 09:55:00,13651.5,13540.5,13540.5,111.0,2020-09-17 10:26:00,13611.0,counterattack_succeeds,-0.3716216216216216,-825.0
2020-09-18,-1,2020-09-18 09:50:00,13635.75,13730.5,13730.5,94.75,2020-09-18 10:01:00,13668.5,counterattack_succeeds,-0.3535620052770448,-670.0
2020-09-21,1,2020-09-21 09:50:00,13427.0,13299.75,13299.75,127.25,2020-09-21 09:56:00,13370.75,counterattack_succeeds,-0.4479371316306483,-1140.0
2020-09-22,-1,2020-09-22 09:50:00,13572.0,13670.25,13670.25,98.25,2020-09-22 09:57:00,13583.5,counterattack_succeeds,-0.1246819338422391,-245.0
2020-09-23,-1,2020-09-23 09:55:00,13682.75,13756.5,13700.5,73.75,2020-09-23 15:59:00,13416.25,close,3.6033898305084735,5315.0
2020-09-24,1,2020-09-24 09:50:00,13432.0,13299.5,13369.5,132.5,2020-09-24 15:59:00,13474.0,close,0.3113207547169811,825.0
2020-09-25,1,2020-09-25 10:25:00,13524.75,13442.0,13442.0,82.75,2020-09-25 15:59:00,13728.75,close,2.4561933534743203,4065.0
2020-09-28,-1,2020-09-28 09:50:00,13861.75,13938.5,13880.75,76.75,2020-09-28 10:14:00,13880.75,stop,-0.257328990228013,-395.0
2020-09-29,-1,2020-09-29 10:35:00,13918.75,13975.5,13975.5,56.75,2020-09-29 11:07:00,13930.5,counterattack_succeeds,-0.2202643171806167,-250.0
2020-09-30,1,2020-09-30 09:55:00,13977.75,13905.75,13905.75,72.0,2020-09-30 15:59:00,13998.0,close,0.2708333333333333,390.0
2020-10-01,-1,2020-10-01 09:55:00,14111.25,14164.0,14164.0,52.75,2020-10-01 10:04:00,14134.5,counterattack_succeeds,-0.4549763033175355,-480.0
2020-10-02,1,2020-10-02 10:05:00,14022.5,13896.75,13896.75,125.75,2020-10-02 10:40:00,14009.5,counterattack_succeeds,-0.1093439363817097,-275.0
2020-10-05,1,2020-10-05 10:05:00,13982.0,13917.0,13917.0,65.0,2020-10-05 15:59:00,14084.25,close,1.5615384615384615,2030.0
2020-10-06,-1,2020-10-06 09:55:00,14020.0,14074.5,14074.5,54.5,2020-10-06 10:00:00,14042.5,counterattack_succeeds,-0.4266055045871559,-465.0
2020-10-07,-1,2020-10-07 10:15:00,13974.0,14029.0,14029.0,55.0,2020-10-07 10:18:00,13985.25,counterattack_succeeds,-0.2181818181818181,-240.0
2020-10-08,-1,2020-10-08 09:50:00,14108.5,14172.25,14172.25,63.75,2020-10-08 09:53:00,14127.5,counterattack_succeeds,-0.3098039215686274,-395.0
2020-10-09,1,2020-10-09 09:50:00,14228.0,14183.75,14183.75,44.25,2020-10-09 09:54:00,14217.25,counterattack_succeeds,-0.2598870056497175,-230.0
2020-10-14,-1,2020-10-14 10:30:00,14649.0,14743.5,14743.5,94.5,2020-10-14 10:47:00,14680.25,counterattack_succeeds,-0.3386243386243386,-640.0
2020-10-15,1,2020-10-15 09:55:00,14470.75,14349.0,14349.0,121.75,2020-10-15 10:04:00,14434.0,counterattack_succeeds,-0.3080082135523614,-750.0
2020-10-16,1,2020-10-16 10:05:00,14584.0,14522.25,14522.25,61.75,2020-10-16 10:50:00,14559.5,counterattack_succeeds,-0.4089068825910931,-505.0
2020-10-19,-1,2020-10-19 10:00:00,14469.5,14541.25,14541.25,71.75,2020-10-19 15:59:00,14225.5,close,3.3902439024390243,4865.0
2020-10-20,1,2020-10-20 10:00:00,14299.0,14227.25,14227.25,71.75,2020-10-20 10:27:00,14279.75,counterattack_succeeds,-0.2787456445993031,-400.0
2020-10-21,1,2020-10-21 10:00:00,14369.0,14250.75,14250.75,118.25,2020-10-21 10:26:00,14330.5,counterattack_succeeds,-0.3319238900634249,-785.0
2020-10-22,-1,2020-10-22 10:05:00,14245.75,14319.5,14319.5,73.75,2020-10-22 15:59:00,14249.75,close,-0.0644067796610169,-95.0
2020-10-23,-1,2020-10-23 10:05:00,14173.75,14274.5,14274.5,100.75,2020-10-23 10:14:00,14201.25,counterattack_succeeds,-0.2803970223325062,-565.0
2020-10-26,1,2020-10-26 09:55:00,14264.25,14162.0,14162.0,102.25,2020-10-26 10:27:00,14232.75,counterattack_succeeds,-0.3154034229828851,-645.0
2020-10-28,-1,2020-10-28 09:55:00,13867.5,14018.5,14018.5,151.0,2020-10-28 15:59:00,13733.0,close,0.8857615894039735,2675.0
2020-10-29,1,2020-10-29 09:55:00,13841.5,13766.0,13835.75,75.5,2020-10-29 15:59:00,13920.25,close,1.033112582781457,1560.0
2020-10-30,-1,2020-10-30 09:50:00,13738.5,13876.75,13876.75,138.25,2020-10-30 09:59:00,13779.0,counterattack_succeeds,-0.298372513562387,-825.0
2020-11-02,1,2020-11-02 09:55:00,13794.5,13704.0,13704.0,90.5,2020-11-02 10:00:00,13772.0,counterattack_succeeds,-0.2569060773480663,-465.0
2020-11-03,1,2020-11-03 09:50:00,13760.0,13696.75,13696.75,63.25,2020-11-03 15:59:00,13852.5,close,1.450592885375494,1835.0
2020-11-04,1,2020-11-04 10:05:00,14285.0,14152.5,14152.5,132.5,2020-11-04 15:59:00,14355.25,close,0.5245283018867924,1390.0
2020-11-05,1,2020-11-05 09:50:00,14652.5,14568.25,14568.25,84.25,2020-11-05 10:26:00,14626.0,counterattack_succeeds,-0.3234421364985163,-545.0
2020-11-09,1,2020-11-09 10:05:00,14810.0,14637.5,14762.25,172.5,2020-11-09 10:38:00,14762.25,stop,-0.2811594202898551,-970.0
2020-11-10,-1,2020-11-10 10:25:00,14179.5,14345.0,14345.0,165.5,2020-11-10 11:27:00,14231.25,counterattack_succeeds,-0.3172205438066465,-1050.0
2020-11-13,-1,2020-11-13 10:05:00,14459.0,14519.25,14519.25,60.25,2020-11-13 10:08:00,14473.0,counterattack_succeeds,-0.2448132780082987,-295.0
2020-11-16,1,2020-11-16 10:25:00,14588.0,14483.25,14568.5,104.75,2020-11-16 12:20:00,14568.5,stop,-0.1933174224343675,-405.0
2020-11-17,-1,2020-11-17 10:00:00,14559.0,14637.25,14585.5,78.25,2020-11-17 10:08:00,14585.5,stop,-0.3482428115015974,-545.0
2020-11-18,-1,2020-11-18 09:55:00,14527.5,14584.0,14584.0,56.5,2020-11-18 10:21:00,14550.75,counterattack_succeeds,-0.4247787610619469,-480.0
2020-11-19,1,2020-11-19 10:00:00,14514.0,14437.25,14437.25,76.75,2020-11-19 10:24:00,14485.25,counterattack_succeeds,-0.3843648208469055,-590.0
2020-11-20,1,2020-11-20 10:25:00,14580.0,14547.5,14547.5,32.5,2020-11-20 10:31:00,14578.5,counterattack_succeeds,-0.0692307692307692,-45.0
2020-11-23,1,2020-11-23 09:50:00,14589.5,14541.0,14541.0,48.5,2020-11-23 09:57:00,14570.75,counterattack_succeeds,-0.4020618556701031,-390.0
2020-11-25,-1,2020-11-25 10:05:00,14688.0,14738.25,14738.25,50.25,2020-11-25 10:14:00,14696.0,counterattack_succeeds,-0.1741293532338308,-175.0
2020-11-26,-1,2020-11-26 10:35:00,14783.25,14810.0,14810.0,26.75,2020-11-26 10:38:00,14785.5,counterattack_succeeds,-0.1121495327102803,-60.0
2020-11-27,1,2020-11-27 10:15:00,14858.0,14810.0,14810.0,48.0,2020-11-27 13:14:00,14868.75,close,0.2083333333333333,200.0
2020-11-30,-1,2020-11-30 09:50:00,14821.75,14895.5,14895.5,73.75,2020-11-30 09:53:00,14845.75,counterattack_succeeds,-0.335593220338983,-495.0
2020-12-01,1,2020-12-01 10:05:00,15008.5,14929.75,14929.75,78.75,2020-12-01 10:37:00,14969.25,counterattack_succeeds,-0.5079365079365079,-800.0
2020-12-02,1,2020-12-02 10:20:00,15009.25,14911.75,14911.75,97.5,2020-12-02 15:59:00,15052.75,close,0.4384615384615384,855.0
2020-12-03,1,2020-12-03 10:10:00,15114.25,15059.0,15059.0,55.25,2020-12-03 10:44:00,15094.75,counterattack_succeeds,-0.3665158371040724,-405.0
2020-12-04,1,2020-12-04 10:00:00,15102.0,15044.0,15044.0,58.0,2020-12-04 10:28:00,15082.0,counterattack_succeeds,-0.3577586206896552,-415.0
2020-12-07,1,2020-12-07 10:00:00,15180.0,15121.25,15121.25,58.75,2020-12-07 10:41:00,15174.0,counterattack_succeeds,-0.1148936170212766,-135.0
2020-12-08,-1,2020-12-08 09:50:00,15125.5,15182.75,15182.75,57.25,2020-12-08 09:58:00,15136.75,counterattack_succeeds,-0.2096069868995633,-240.0
2020-12-09,-1,2020-12-09 10:15:00,15174.0,15227.75,15227.75,53.75,2020-12-09 10:18:00,15187.5,counterattack_succeeds,-0.2651162790697674,-285.0
2020-12-10,1,2020-12-10 09:50:00,14935.75,14813.75,14813.75,122.0,2020-12-10 15:59:00,14993.5,close,0.4672131147540984,1140.0
2020-12-14,1,2020-12-14 10:00:00,15113.5,15015.25,15015.25,98.25,2020-12-14 15:59:00,15052.75,close,-0.6259541984732825,-1230.0
2020-12-17,-1,2020-12-17 10:05:00,15320.0,15356.5,15327.0,36.5,2020-12-17 10:29:00,15327.0,stop,-0.2123287671232876,-155.0
2020-12-18,-1,2020-12-18 10:05:00,15284.75,15381.75,15381.75,97.0,2020-12-18 15:59:00,15296.5,close,-0.1288659793814432,-250.0
2020-12-21,-1,2020-12-21 10:05:00,15127.5,15242.75,15242.75,115.25,2020-12-21 12:51:00,15242.75,stop,-1.0065075921908897,-2320.0
2020-12-22,1,2020-12-22 09:50:00,15319.75,15272.5,15272.5,47.25,2020-12-22 10:03:00,15311.5,counterattack_succeeds,-0.1904761904761904,-180.0
2020-12-24,1,2020-12-24 10:35:00,15314.0,15250.0,15250.0,64.0,2020-12-24 10:43:00,15310.0,counterattack_succeeds,-0.07421875,-95.0
2020-12-28,-1,2020-12-28 10:10:00,15358.25,15414.0,15414.0,55.75,2020-12-28 10:41:00,15390.5,counterattack_succeeds,-0.5919282511210763,-660.0
2020-12-29,-1,2020-12-29 10:00:00,15453.75,15512.25,15512.25,58.5,2020-12-29 10:56:00,15475.0,counterattack_succeeds,-0.376068376068376,-440.0
2020-12-30,-1,2020-12-30 10:05:00,15450.5,15503.75,15503.75,53.25,2020-12-30 10:24:00,15457.25,counterattack_succeeds,-0.1408450704225352,-150.0
2021-01-05,1,2021-01-05 09:55:00,15357.0,15244.25,15244.25,112.75,2021-01-05 09:58:00,15341.5,counterattack_succeeds,-0.1441241685144124,-325.0
2021-01-06,1,2021-01-06 09:50:00,15239.25,15145.25,15207.75,94.0,2021-01-06 15:25:00,15207.75,stop,-0.3430851063829787,-645.0
2021-01-07,1,2021-01-07 10:00:00,15432.25,15320.0,15320.0,112.25,2021-01-07 15:59:00,15519.5,close,0.7706013363028953,1730.0
2021-01-08,-1,2021-01-08 10:30:00,15553.0,15646.0,15646.0,93.0,2021-01-08 10:37:00,15581.75,counterattack_succeeds,-0.3172043010752688,-590.0
2021-01-11,1,2021-01-11 10:10:00,15574.25,15486.25,15486.25,88.0,2021-01-11 10:20:00,15562.5,counterattack_succeeds,-0.1420454545454545,-250.0
2021-01-12,-1,2021-01-12 09:50:00,15480.5,15542.0,15542.0,61.5,2021-01-12 10:11:00,15489.75,counterattack_succeeds,-0.1626016260162601,-200.0
2021-01-13,1,2021-01-13 09:55:00,15530.0,15458.5,15458.5,71.5,2021-01-13 10:02:00,15488.75,counterattack_succeeds,-0.5874125874125874,-840.0
2021-01-15,-1,2021-01-15 10:05:00,15452.0,15525.25,15525.25,73.25,2021-01-15 15:59:00,15392.75,close,0.7986348122866894,1170.0
2021-01-18,1,2021-01-18 10:00:00,15404.75,15378.25,15378.25,26.5,2021-01-18 10:29:00,15396.0,counterattack_succeeds,-0.3584905660377358,-190.0
2021-01-19,-1,2021-01-19 09:50:00,15473.75,15524.25,15524.25,50.5,2021-01-19 10:06:00,15493.5,counterattack_succeeds,-0.4059405940594059,-410.0
2021-01-20,1,2021-01-20 10:10:00,15800.5,15715.0,15715.0,85.5,2021-01-20 15:59:00,15879.5,close,0.9152046783625732,1565.0
2021-01-21,1,2021-01-21 10:15:00,15958.5,15877.25,15877.25,81.25,2021-01-21 15:59:00,15991.25,close,0.3938461538461538,640.0
2021-01-22,1,2021-01-22 09:50:00,15973.75,15921.75,15921.75,52.0,2021-01-22 10:27:00,15950.5,counterattack_succeeds,-0.4615384615384615,-480.0
2021-01-28,1,2021-01-28 10:20:00,15860.75,15722.25,15722.25,138.5,2021-01-28 10:25:00,15830.25,counterattack_succeeds,-0.2256317689530685,-625.0
2021-01-29,1,2021-01-29 10:25:00,15741.0,15592.0,15592.0,149.0,2021-01-29 10:32:00,15718.0,counterattack_succeeds,-0.1593959731543624,-475.0
2021-02-01,-1,2021-02-01 09:50:00,15594.5,15698.0,15698.0,103.5,2021-02-01 10:16:00,15646.25,counterattack_succeeds,-0.5072463768115942,-1050.0
2021-02-02,1,2021-02-02 09:50:00,16009.0,15939.0,15939.0,70.0,2021-02-02 09:53:00,15976.5,counterattack_succeeds,-0.475,-665.0
2021-02-03,-1,2021-02-03 10:15:00,16053.25,16141.75,16070.25,88.5,2021-02-03 12:04:00,16070.25,stop,-0.2005649717514124,-355.0
2021-02-04,-1,2021-02-04 10:05:00,15987.25,16074.25,16074.25,87.0,2021-02-04 10:08:00,16015.25,counterattack_succeeds,-0.3304597701149425,-575.0
2021-02-05,-1,2021-02-05 10:00:00,16133.0,16187.25,16153.0,54.25,2021-02-05 10:13:00,16153.0,stop,-0.3824884792626728,-415.0
2021-02-08,1,2021-02-08 10:10:00,16281.0,16226.75,16226.75,54.25,2021-02-08 10:14:00,16263.5,counterattack_succeeds,-0.336405529953917,-365.0
2021-02-09,1,2021-02-09 09:55:00,16286.25,16239.25,16239.25,47.0,2021-02-09 11:17:00,16271.25,counterattack_succeeds,-0.3351063829787234,-315.0
2021-02-10,-1,2021-02-10 10:15:00,16297.0,16356.0,16356.0,59.0,2021-02-10 15:59:00,16244.0,close,0.885593220338983,1045.0
2021-02-11,-1,2021-02-11 09:55:00,16283.75,16332.75,16332.75,49.0,2021-02-11 09:58:00,16299.75,counterattack_succeeds,-0.3418367346938775,-335.0
2021-02-12,1,2021-02-12 10:15:00,16301.25,16240.0,16240.0,61.25,2021-02-12 10:19:00,16282.5,counterattack_succeeds,-0.3183673469387755,-390.0
2021-02-16,1,2021-02-16 10:30:00,16457.75,16405.5,16405.5,52.25,2021-02-16 10:49:00,16445.25,counterattack_succeeds,-0.2535885167464115,-265.0
2021-02-17,1,2021-02-17 09:55:00,16279.25,16204.75,16204.75,74.5,2021-02-17 10:04:00,16257.5,counterattack_succeeds,-0.3020134228187919,-450.0
2021-02-18,-1,2021-02-18 10:10:00,16104.75,16163.75,16126.5,59.0,2021-02-18 10:49:00,16126.5,stop,-0.3813559322033898,-450.0
2021-02-22,1,2021-02-22 09:50:00,16021.0,15952.5,16005.25,68.5,2021-02-22 10:07:00,16005.25,stop,-0.2408759124087591,-330.0
2021-02-23,-1,2021-02-23 09:50:00,15366.75,15610.25,15610.25,243.5,2021-02-23 09:53:00,15447.0,counterattack_succeeds,-0.3326488706365503,-1620.0
2021-02-24,-1,2021-02-24 10:05:00,15570.5,15715.25,15715.25,144.75,2021-02-24 10:16:00,15598.25,counterattack_succeeds,-0.1968911917098445,-570.0
2021-02-25,-1,2021-02-25 10:05:00,15765.25,15884.0,15884.0,118.75,2021-02-25 10:21:00,15787.25,counterattack_succeeds,-0.191578947368421,-455.0
2021-02-26,-1,2021-02-26 09:55:00,15487.75,15626.0,15626.0,138.25,2021-02-26 10:47:00,15534.0,counterattack_succeeds,-0.3399638336347197,-940.0
2021-03-01,1,2021-03-01 10:20:00,15725.5,15634.5,15634.5,91.0,2021-03-01 15:59:00,15868.25,close,1.5604395604395604,2840.0
2021-03-02,-1,2021-03-02 09:50:00,15784.5,15897.0,15897.0,112.5,2021-03-02 09:54:00,15803.5,counterattack_succeeds,-0.1755555555555555,-395.0
2021-03-03,-1,2021-03-03 10:00:00,15498.5,15646.0,15646.0,147.5,2021-03-03 11:02:00,15525.25,counterattack_succeeds,-0.1864406779661017,-550.0
2021-03-04,-1,2021-03-04 09:50:00,15209.0,15359.0,15359.0,150.0,2021-03-04 10:37:00,15253.5,counterattack_succeeds,-0.3016666666666667,-905.0
2021-03-05,-1,2021-03-05 09:50:00,15034.25,15200.0,15062.0,165.75,2021-03-05 10:06:00,15062.0,stop,-0.171945701357466,-570.0
2021-03-08,1,2021-03-08 10:35:00,15302.5,15120.75,15120.75,181.75,2021-03-08 10:39:00,15263.25,counterattack_succeeds,-0.2200825309491059,-800.0
2021-03-09,1,2021-03-09 09:50:00,15252.5,15181.0,15236.5,71.5,2021-03-09 15:59:00,15381.0,close,1.7867132867132869,2555.0
2021-03-10,-1,2021-03-10 10:25:00,15441.25,15563.5,15563.5,122.25,2021-03-10 15:59:00,15346.25,close,0.7709611451942741,1885.0
2021-03-11,-1,2021-03-11 10:20:00,15517.25,15601.0,15601.0,83.75,2021-03-11 10:26:00,15552.25,counterattack_succeeds,-0.426865671641791,-715.0
2021-03-12,1,2021-03-12 09:55:00,15473.0,15392.0,15392.0,81.0,2021-03-12 10:01:00,15457.75,counterattack_succeeds,-0.1975308641975308,-320.0
2021-03-15,1,2021-03-15 09:55:00,15550.5,15484.25,15533.0,66.25,2021-03-15 10:22:00,15533.0,stop,-0.2754716981132075,-365.0
2021-03-16,1,2021-03-16 09:50:00,15805.25,15729.0,15786.75,76.25,2021-03-16 12:24:00,15786.75,stop,-0.2524590163934426,-385.0
2021-03-17,1,2021-03-17 10:20:00,15663.25,15531.0,15531.0,132.25,2021-03-17 10:45:00,15603.75,counterattack_succeeds,-0.4555765595463138,-1205.0
2021-03-18,-1,2021-03-18 09:50:00,15541.75,15619.0,15619.0,77.25,2021-03-18 09:54:00,15567.25,counterattack_succeeds,-0.3398058252427184,-525.0
2021-03-19,-1,2021-03-19 10:05:00,15306.75,15434.25,15434.25,127.5,2021-03-19 10:15:00,15328.75,counterattack_succeeds,-0.1784313725490196,-455.0
2021-03-22,1,2021-03-22 09:55:00,15611.5,15524.5,15579.25,87.0,2021-03-22 15:59:00,15667.5,close,0.6350574712643678,1105.0
2021-03-23,-1,2021-03-23 10:35:00,15663.75,15716.0,15672.0,52.25,2021-03-23 10:45:00,15672.0,stop,-0.1722488038277512,-180.0
2021-03-24,-1,2021-03-24 09:50:00,15567.25,15669.0,15585.5,101.75,2021-03-24 10:53:00,15585.5,stop,-0.1867321867321867,-380.0
2021-03-25,1,2021-03-25 10:05:00,15419.5,15285.5,15285.5,134.0,2021-03-25 10:13:00,15396.25,counterattack_succeeds,-0.1791044776119403,-480.0
2021-03-26,1,2021-03-26 10:05:00,15447.5,15350.5,15350.5,97.0,2021-03-26 10:11:00,15417.75,counterattack_succeeds,-0.3144329896907216,-610.0
2021-03-29,-1,2021-03-29 09:55:00,15491.0,15574.75,15574.75,83.75,2021-03-29 13:02:00,15574.75,stop,-1.008955223880597,-1690.0
2021-03-30,-1,2021-03-30 10:20:00,15391.75,15485.0,15485.0,93.25,2021-03-30 10:30:00,15419.75,counterattack_succeeds,-0.3083109919571045,-575.0
2021-03-31,1,2021-03-31 09:50:00,15624.5,15549.75,15549.75,74.75,2021-03-31 15:59:00,15681.25,close,0.7491638795986622,1120.0
2021-04-01,1,2021-04-01 10:10:00,15903.0,15838.5,15838.5,64.5,2021-04-01 10:55:00,15888.25,counterattack_succeeds,-0.2403100775193798,-310.0
2021-04-05,1,2021-04-05 09:50:00,16073.75,16006.0,16006.0,67.75,2021-04-05 15:59:00,16178.5,close,1.5350553505535056,2080.0
2021-04-06,1,2021-04-06 09:55:00,16187.0,16135.5,16135.5,51.5,2021-04-06 10:11:00,16182.25,counterattack_succeeds,-0.1067961165048543,-110.0
2021-04-07,1,2021-04-07 09:50:00,16167.25,16109.25,16109.25,58.0,2021-04-07 15:59:00,16201.25,close,0.5732758620689655,665.0
2021-04-08,1,2021-04-08 10:00:00,16346.5,16307.5,16307.5,39.0,2021-04-08 10:06:00,16319.75,counterattack_succeeds,-0.7051282051282052,-550.0
2021-04-09,1,2021-04-09 10:00:00,16317.25,16255.0,16255.0,62.25,2021-04-09 11:05:00,16298.0,counterattack_succeeds,-0.321285140562249,-400.0
2021-04-12,-1,2021-04-12 09:50:00,16360.0,16406.25,16406.25,46.25,2021-04-12 10:02:00,16378.75,counterattack_succeeds,-0.4216216216216216,-390.0
2021-04-13,1,2021-04-13 09:55:00,16540.0,16463.5,16463.5,76.5,2021-04-13 10:04:00,16529.75,counterattack_succeeds,-0.1437908496732026,-220.0
2021-04-14,-1,2021-04-14 10:30:00,16518.75,16585.25,16585.25,66.5,2021-04-14 10:33:00,16548.0,counterattack_succeeds,-0.4511278195488721,-600.0
2021-04-15,1,2021-04-15 10:30:00,16585.75,16519.75,16571.25,66.0,2021-04-15 11:28:00,16571.25,stop,-0.231060606060606,-305.0
2021-04-16,-1,2021-04-16 09:55:00,16561.5,16635.5,16635.5,74.0,2021-04-16 10:04:00,16576.25,counterattack_succeeds,-0.2094594594594594,-310.0
2021-04-19,-1,2021-04-19 10:10:00,16521.0,16610.0,16610.0,89.0,2021-04-19 15:59:00,16500.75,close,0.2191011235955056,390.0
2021-04-20,1,2021-04-20 09:50:00,16505.25,16448.75,16448.75,56.5,2021-04-20 10:00:00,16501.25,counterattack_succeeds,-0.084070796460177,-95.0
2021-04-21,1,2021-04-21 09:50:00,16373.0,16297.25,16297.25,75.75,2021-04-21 10:21:00,16360.25,counterattack_succeeds,-0.1782178217821782,-270.0
2021-04-22,1,2021-04-22 10:35:00,16527.75,16468.0,16468.0,59.75,2021-04-22 11:11:00,16505.0,counterattack_succeeds,-0.3933054393305439,-470.0
2021-04-23,1,2021-04-23 09:55:00,16425.75,16372.75,16417.0,53.0,2021-04-23 15:59:00,16521.75,close,1.7971698113207548,1905.0
2021-04-26,1,2021-04-26 10:10:00,16548.75,16515.5,16540.75,33.25,2021-04-26 15:59:00,16610.75,close,1.8421052631578947,1225.0
2021-04-27,-1,2021-04-27 09:50:00,16566.0,16631.5,16631.5,65.5,2021-04-27 15:59:00,16548.25,close,0.2595419847328244,340.0
2021-04-28,1,2021-04-28 09:50:00,16541.25,16482.25,16535.25,59.0,2021-04-28 10:33:00,16535.25,stop,-0.1144067796610169,-135.0
2021-04-29,-1,2021-04-29 09:55:00,16575.25,16657.5,16657.5,82.25,2021-04-29 15:59:00,16551.75,close,0.2765957446808511,455.0
2021-04-30,1,2021-04-30 10:00:00,16504.0,16437.25,16437.25,66.75,2021-04-30 10:06:00,16483.5,counterattack_succeeds,-0.3183520599250936,-425.0
2021-05-03,1,2021-05-03 10:15:00,16526.25,16451.75,16511.75,74.5,2021-05-03 10:37:00,16511.75,stop,-0.2046979865771812,-305.0
2021-05-04,-1,2021-05-04 09:55:00,16169.0,16293.25,16293.25,124.25,2021-05-04 15:59:00,16140.0,close,0.2273641851106639,565.0
2021-05-05,-1,2021-05-05 10:00:00,16193.25,16262.25,16262.25,69.0,2021-05-05 10:41:00,16210.0,counterattack_succeeds,-0.2536231884057971,-350.0
2021-05-06,-1,2021-05-06 10:10:00,16011.5,16105.75,16043.25,94.25,2021-05-06 10:36:00,16043.25,stop,-0.3448275862068966,-650.0
2021-05-07,1,2021-05-07 09:50:00,16343.25,16258.25,16258.25,85.0,2021-05-07 09:55:00,16314.0,counterattack_succeeds,-0.3529411764705882,-600.0
2021-05-10,-1,2021-05-10 09:55:00,16119.25,16254.5,16254.5,135.25,2021-05-10 09:58:00,16133.75,counterattack_succeeds,-0.1127541589648798,-305.0
2021-05-11,1,2021-05-11 09:55:00,15827.0,15681.5,15681.5,145.5,2021-05-11 10:16:00,15813.75,counterattack_succeeds,-0.0962199312714776,-280.0
2021-05-12,-1,2021-05-12 10:30:00,15702.5,15814.5,15719.25,112.0,2021-05-12 15:59:00,15595.25,close,0.9508928571428572,2130.0
2021-05-13,1,2021-05-13 10:05:00,15785.75,15707.25,15707.25,78.5,2021-05-13 10:43:00,15761.0,counterattack_succeeds,-0.3248407643312102,-510.0
2021-05-14,1,2021-05-14 10:00:00,15864.0,15805.5,15805.5,58.5,2021-05-14 10:07:00,15836.25,counterattack_succeeds,-0.4871794871794871,-570.0
2021-05-17,-1,2021-05-17 10:05:00,15851.25,15938.25,15938.25,87.0,2021-05-17 10:18:00,15875.5,counterattack_succeeds,-0.2873563218390804,-500.0
2021-05-18,1,2021-05-18 10:30:00,15979.25,15910.0,15910.0,69.25,2021-05-18 14:22:00,15910.0,stop,-1.0108303249097472,-1400.0
2021-05-19,1,2021-05-19 10:30:00,15688.75,15566.25,15566.25,122.5,2021-05-19 10:39:00,15653.75,counterattack_succeeds,-0.2918367346938775,-715.0
2021-05-20,1,2021-05-20 10:05:00,16002.5,15878.0,15878.0,124.5,2021-05-20 15:59:00,16083.25,close,0.642570281124498,1600.0
2021-05-21,-1,2021-05-21 10:20:00,16079.0,16166.75,16166.75,87.75,2021-05-21 10:24:00,16100.75,counterattack_succeeds,-0.2564102564102564,-450.0
2021-05-24,1,2021-05-24 10:05:00,16186.0,16090.25,16090.25,95.75,2021-05-24 15:59:00,16234.25,close,0.4960835509138381,950.0
2021-05-25,-1,2021-05-25 09:55:00,16259.75,16329.25,16329.25,69.5,2021-05-25 10:26:00,16273.0,counterattack_succeeds,-0.2014388489208633,-280.0
2021-05-26,-1,2021-05-26 10:15:00,16259.75,16305.5,16305.5,45.75,2021-05-26 10:18:00,16275.25,counterattack_succeeds,-0.3551912568306011,-325.0
2021-05-27,1,2021-05-27 10:20:00,16295.75,16249.5,16249.5,46.25,2021-05-27 10:51:00,16287.5,counterattack_succeeds,-0.1945945945945946,-180.0
2021-05-31,-1,2021-05-31 09:50:00,16264.75,16276.75,16271.75,12.0,2021-05-31 12:59:00,16251.5,close,1.0416666666666667,250.0
2021-06-01,-1,2021-06-01 09:50:00,16333.0,16369.75,16369.75,36.75,2021-06-01 15:59:00,16247.75,close,2.2993197278911564,1690.0
2021-06-02,1,2021-06-02 09:50:00,16297.0,16248.5,16248.5,48.5,2021-06-02 09:58:00,16283.25,counterattack_succeeds,-0.2989690721649484,-290.0
2021-06-03,-1,2021-06-03 09:50:00,16063.75,16166.5,16166.5,102.75,2021-06-03 09:55:00,16086.5,counterattack_succeeds,-0.2287104622871046,-470.0
2021-06-04,1,2021-06-04 09:50:00,16288.75,16202.25,16202.25,86.5,2021-06-04 15:59:00,16363.25,close,0.8526011560693642,1475.0
2021-06-07,-1,2021-06-07 10:20:00,16312.0,16361.25,16342.5,49.25,2021-06-07 10:51:00,16342.5,stop,-0.6345177664974619,-625.0
2021-06-08,-1,2021-06-08 09:55:00,16449.5,16514.0,16514.0,64.5,2021-06-08 15:59:00,16405.75,close,0.6666666666666666,860.0
2021-06-09,-1,2021-06-09 09:55:00,16450.5,16487.5,16487.5,37.0,2021-06-09 09:58:00,16471.0,counterattack_succeeds,-0.5743243243243243,-425.0
2021-06-10,1,2021-06-10 09:50:00,16539.0,16408.0,16408.0,131.0,2021-06-10 10:37:00,16518.5,counterattack_succeeds,-0.1622137404580152,-425.0
2021-06-11,1,2021-06-11 09:50:00,16570.25,16538.0,16538.0,32.25,2021-06-11 09:56:00,16562.0,counterattack_succeeds,-0.2790697674418604,-180.0
2021-06-14,1,2021-06-14 09:50:00,16637.75,16562.75,16562.75,75.0,2021-06-14 09:54:00,16607.5,counterattack_succeeds,-0.4133333333333333,-620.0
2021-06-15,-1,2021-06-15 10:30:00,16665.25,16719.0,16719.0,53.75,2021-06-15 10:34:00,16675.75,counterattack_succeeds,-0.2093023255813953,-225.0
2021-06-16,1,2021-06-16 09:55:00,16686.75,16648.25,16676.75,38.5,2021-06-16 10:34:00,16676.75,stop,-0.2792207792207792,-215.0
2021-06-17,1,2021-06-17 09:55:00,16626.5,16537.75,16537.75,88.75,2021-06-17 10:08:00,16624.25,counterattack_succeeds,-0.0338028169014084,-60.0
2021-06-23,1,2021-06-23 10:00:00,16911.0,16859.75,16859.75,51.25,2021-06-23 10:04:00,16901.75,counterattack_succeeds,-0.1951219512195122,-200.0
2021-06-24,1,2021-06-24 10:30:00,17008.5,16949.75,16949.75,58.75,2021-06-24 11:23:00,16991.25,counterattack_succeeds,-0.3063829787234042,-360.0
2021-06-25,-1,2021-06-25 10:00:00,16947.0,16996.25,16996.25,49.25,2021-06-25 10:28:00,16973.5,counterattack_succeeds,-0.5532994923857868,-545.0
2021-06-28,1,2021-06-28 10:35:00,17084.0,16996.5,16996.5,87.5,2021-06-28 11:01:00,17062.5,counterattack_succeeds,-0.2542857142857143,-445.0
2021-07-02,1,2021-07-02 09:50:00,17270.25,17225.0,17225.0,45.25,2021-07-02 10:03:00,17254.0,counterattack_succeeds,-0.3756906077348066,-340.0
2021-07-06,1,2021-07-06 10:10:00,17391.75,17343.75,17343.75,48.0,2021-07-06 10:20:00,17374.5,counterattack_succeeds,-0.375,-360.0
2021-07-07,-1,2021-07-07 10:05:00,17408.25,17489.5,17489.5,81.25,2021-07-07 10:11:00,17425.0,counterattack_succeeds,-0.2153846153846154,-350.0
2021-07-08,-1,2021-07-08 09:50:00,17148.25,17247.25,17247.25,99.0,2021-07-08 09:53:00,17220.5,counterattack_succeeds,-0.7373737373737373,-1460.0
2021-07-09,1,2021-07-09 10:25:00,17333.75,17273.75,17273.75,60.0,2021-07-09 10:30:00,17323.5,counterattack_succeeds,-0.1833333333333333,-220.0
2021-07-12,-1,2021-07-12 10:20:00,17425.75,17494.25,17494.25,68.5,2021-07-12 10:27:00,17431.75,counterattack_succeeds,-0.0985401459854014,-135.0
2021-07-13,1,2021-07-13 09:50:00,17505.75,17448.0,17448.0,57.75,2021-07-13 14:03:00,17448.0,stop,-1.0129870129870129,-1170.0
2021-07-14,1,2021-07-14 10:05:00,17597.75,17542.5,17542.5,55.25,2021-07-14 10:12:00,17586.75,counterattack_succeeds,-0.2126696832579185,-235.0
2021-07-16,-1,2021-07-16 10:10:00,17396.5,17475.25,17475.25,78.75,2021-07-16 15:59:00,17279.0,close,1.4825396825396826,2335.0
2021-07-19,-1,2021-07-19 10:10:00,17078.75,17176.25,17176.25,97.5,2021-07-19 10:28:00,17104.25,counterattack_succeeds,-0.2692307692307692,-525.0
2021-07-21,1,2021-07-21 10:00:00,17361.5,17298.0,17298.0,63.5,2021-07-21 10:10:00,17343.0,counterattack_succeeds,-0.3031496062992126,-385.0
2021-07-22,1,2021-07-22 10:30:00,17510.5,17445.25,17500.25,65.25,2021-07-22 11:11:00,17500.25,stop,-0.1685823754789272,-220.0
2021-07-23,1,2021-07-23 10:20:00,17603.25,17540.0,17589.5,63.25,2021-07-23 15:59:00,17704.5,close,1.5889328063241106,2010.0
2021-07-26,1,2021-07-26 09:55:00,17700.0,17646.0,17692.5,54.0,2021-07-26 10:20:00,17692.5,stop,-0.1527777777777778,-165.0
2021-07-27,-1,2021-07-27 10:00:00,17648.5,17712.75,17664.75,64.25,2021-07-27 15:59:00,17556.0,close,1.4280155642023349,1835.0
2021-07-28,1,2021-07-28 10:20:00,17660.0,17507.25,17507.25,152.75,2021-07-28 10:44:00,17619.25,counterattack_succeeds,-0.2716857610474631,-830.0
2021-07-30,1,2021-07-30 10:00:00,17554.0,17471.75,17471.75,82.25,2021-07-30 11:01:00,17523.75,counterattack_succeeds,-0.3768996960486322,-620.0
2021-08-03,-1,2021-08-03 09:55:00,17539.25,17604.25,17604.25,65.0,2021-08-03 11:51:00,17604.25,stop,-1.0115384615384615,-1315.0
2021-08-04,-1,2021-08-04 10:20:00,17628.5,17672.75,17641.75,44.25,2021-08-04 10:42:00,17641.75,stop,-0.3163841807909605,-280.0
2021-08-05,1,2021-08-05 10:30:00,17731.5,17678.75,17678.75,52.75,2021-08-05 15:59:00,17772.0,close,0.7535545023696683,795.0
2021-08-06,-1,2021-08-06 10:15:00,17709.75,17755.75,17755.75,46.0,2021-08-06 10:19:00,17721.75,counterattack_succeeds,-0.2771739130434782,-255.0
2021-08-10,-1,2021-08-10 10:30:00,17702.25,17759.5,17759.5,57.25,2021-08-10 15:59:00,17652.0,close,0.8646288209606987,990.0
2021-08-11,-1,2021-08-11 10:00:00,17663.0,17724.75,17724.75,61.75,2021-08-11 10:06:00,17685.25,counterattack_succeeds,-0.3724696356275304,-460.0
2021-08-12,1,2021-08-12 10:20:00,17614.0,17558.0,17558.0,56.0,2021-08-12 10:24:00,17610.75,counterattack_succeeds,-0.0714285714285714,-80.0
2021-08-13,1,2021-08-13 09:50:00,17706.25,17674.0,17674.0,32.25,2021-08-13 10:02:00,17696.75,counterattack_succeeds,-0.3178294573643411,-205.0
2021-08-16,-1,2021-08-16 09:50:00,17681.25,17718.0,17682.25,36.75,2021-08-16 13:50:00,17682.25,stop,-0.0476190476190476,-35.0
2021-08-17,-1,2021-08-17 10:20:00,17576.5,17645.25,17645.25,68.75,2021-08-17 10:24:00,17586.0,counterattack_succeeds,-0.149090909090909,-205.0
2021-08-18,1,2021-08-18 09:55:00,17625.0,17570.75,17570.75,54.25,2021-08-18 10:04:00,17609.5,counterattack_succeeds,-0.2995391705069124,-325.0
2021-08-19,1,2021-08-19 10:35:00,17455.0,17369.5,17369.5,85.5,2021-08-19 10:39:00,17437.0,counterattack_succeeds,-0.219298245614035,-375.0
2021-08-20,1,2021-08-20 09:55:00,17639.0,17564.75,17564.75,74.25,2021-08-20 15:59:00,17689.25,close,0.6666666666666666,990.0
2021-08-23,1,2021-08-23 09:50:00,17803.25,17730.5,17796.0,72.75,2021-08-23 15:59:00,17912.0,close,1.4845360824742269,2160.0
2021-08-24,1,2021-08-24 10:20:00,17966.0,17918.75,17959.5,47.25,2021-08-24 11:03:00,17959.5,stop,-0.1534391534391534,-145.0
2021-08-25,-1,2021-08-25 10:10:00,17963.0,18002.75,18002.75,39.75,2021-08-25 10:16:00,17976.5,counterattack_succeeds,-0.3584905660377358,-285.0
2021-08-26,-1,2021-08-26 10:25:00,17927.75,17965.75,17965.75,38.0,2021-08-26 15:59:00,17879.5,close,1.25,950.0
2021-08-27,1,2021-08-27 10:05:00,17966.75,17890.0,17890.0,76.75,2021-08-27 15:59:00,18030.25,close,0.8175895765472313,1255.0
2021-08-30,1,2021-08-30 10:00:00,18135.0,18061.0,18061.0,74.0,2021-08-30 15:59:00,18205.0,close,0.9358108108108107,1385.0
2021-08-31,-1,2021-08-31 09:55:00,18135.0,18215.0,18215.0,80.0,2021-08-31 09:58:00,18149.25,counterattack_succeeds,-0.1875,-300.0
2021-09-01,1,2021-09-01 09:50:00,18300.75,18227.75,18263.25,73.0,2021-09-01 14:31:00,18263.25,stop,-0.523972602739726,-765.0
2021-09-02,-1,2021-09-02 10:05:00,18239.25,18286.5,18262.0,47.25,2021-09-02 15:59:00,18210.75,close,0.5873015873015873,555.0
2021-09-03,1,2021-09-03 10:00:00,18246.25,18160.0,18160.0,86.25,2021-09-03 10:40:00,18213.25,counterattack_succeeds,-0.391304347826087,-675.0
2021-09-06,1,2021-09-06 09:50:00,18301.5,18292.5,18292.5,9.0,2021-09-06 12:59:00,18307.0,close,0.5277777777777778,95.0
2021-09-07,-1,2021-09-07 09:55:00,18222.0,18274.5,18274.5,52.5,2021-09-07 10:00:00,18248.5,counterattack_succeeds,-0.5190476190476191,-545.0
2021-09-08,-1,2021-09-08 10:35:00,18198.75,18273.0,18273.0,74.25,2021-09-08 15:59:00,18228.5,close,-0.4107744107744108,-610.0
2021-09-10,-1,2021-09-10 10:05:00,18228.0,18273.75,18273.75,45.75,2021-09-10 15:59:00,18051.5,close,3.841530054644809,3515.0
2021-09-13,-1,2021-09-13 10:00:00,18052.0,18170.75,18062.75,118.75,2021-09-13 15:59:00,18043.25,close,0.0673684210526315,160.0
2021-09-14,-1,2021-09-14 09:55:00,18052.75,18137.25,18137.25,84.5,2021-09-14 15:59:00,17995.75,close,0.665680473372781,1125.0
2021-09-15,-1,2021-09-15 10:15:00,17931.75,18046.5,18046.5,114.75,2021-09-15 10:35:00,17971.5,counterattack_succeeds,-0.3529411764705882,-810.0
2021-09-16,-1,2021-09-16 09:50:00,18025.25,18085.75,18033.0,60.5,2021-09-16 12:16:00,18033.0,stop,-0.140495867768595,-170.0
2021-09-17,-1,2021-09-17 09:55:00,18009.0,18098.0,18098.0,89.0,2021-09-17 15:59:00,17935.0,close,0.8230337078651685,1465.0
2021-09-20,-1,2021-09-20 10:25:00,17634.5,17755.5,17755.5,121.0,2021-09-20 10:28:00,17656.75,counterattack_succeeds,-0.1900826446280991,-460.0
2021-09-21,1,2021-09-21 09:50:00,17736.5,17641.75,17641.75,94.75,2021-09-21 09:58:00,17698.75,counterattack_succeeds,-0.4063324538258575,-770.0
2021-09-22,1,2021-09-22 10:00:00,17689.75,17627.75,17627.75,62.0,2021-09-22 15:59:00,17774.75,close,1.3588709677419355,1685.0
2021-09-23,1,2021-09-23 09:50:00,17894.25,17795.0,17878.5,99.25,2021-09-23 15:59:00,17912.5,close,0.1763224181360201,350.0
2021-09-24,1,2021-09-24 10:00:00,17860.5,17802.75,17802.75,57.75,2021-09-24 10:11:00,17839.5,counterattack_succeeds,-0.3766233766233766,-435.0
2021-09-28,-1,2021-09-28 09:50:00,17526.0,17642.0,17642.0,116.0,2021-09-28 09:55:00,17548.75,counterattack_succeeds,-0.2025862068965517,-470.0
2021-09-29,1,2021-09-29 09:50:00,17482.75,17400.5,17465.0,82.25,2021-09-29 10:30:00,17465.0,stop,-0.2249240121580547,-370.0
2021-10-01,-1,2021-10-01 10:05:00,17220.75,17348.5,17348.5,127.75,2021-10-01 10:12:00,17245.75,counterattack_succeeds,-0.2015655577299412,-515.0
2021-10-04,-1,2021-10-04 09:50:00,17190.25,17333.0,17333.0,142.75,2021-10-04 09:57:00,17210.5,counterattack_succeeds,-0.1471103327495621,-420.0
2021-10-05,1,2021-10-05 09:50:00,17188.25,17110.5,17110.5,77.75,2021-10-05 09:57:00,17183.5,counterattack_succeeds,-0.0707395498392283,-110.0
2021-10-06,-1,2021-10-06 10:05:00,17108.75,17251.5,17251.5,142.75,2021-10-06 10:08:00,17125.0,counterattack_succeeds,-0.1190893169877408,-340.0
2021-10-07,1,2021-10-07 10:00:00,17568.25,17472.25,17559.25,96.0,2021-10-07 14:04:00,17559.25,stop,-0.1015625,-195.0
2021-10-11,1,2021-10-11 09:50:00,17460.75,17335.0,17335.0,125.75,2021-10-11 15:51:00,17335.0,stop,-1.0059642147117296,-2530.0
2021-10-12,-1,2021-10-12 10:00:00,17274.0,17392.0,17329.25,118.0,2021-10-12 10:15:00,17329.25,stop,-0.4745762711864407,-1120.0
2021-10-13,-1,2021-10-13 09:55:00,17316.0,17391.75,17391.75,75.75,2021-10-13 09:59:00,17339.75,counterattack_succeeds,-0.3234323432343234,-490.0
2021-10-14,1,2021-10-14 10:05:00,17586.25,17503.5,17503.5,82.75,2021-10-14 15:59:00,17650.0,close,0.7613293051359517,1260.0
2021-10-18,1,2021-10-18 09:50:00,17747.75,17665.0,17665.0,82.75,2021-10-18 15:59:00,17899.25,close,1.8217522658610272,3015.0
2021-10-19,1,2021-10-19 09:55:00,17968.25,17915.0,17915.0,53.25,2021-10-19 09:58:00,17932.75,counterattack_succeeds,-0.6807511737089202,-725.0
2021-10-20,-1,2021-10-20 09:55:00,18014.0,18048.0,18029.0,34.0,2021-10-20 10:14:00,18029.0,stop,-0.4632352941176471,-315.0
2021-10-21,1,2021-10-21 09:55:00,18002.75,17947.0,17988.0,55.75,2021-10-21 15:59:00,18088.25,close,1.5201793721973094,1695.0
2021-10-22,-1,2021-10-22 09:50:00,18016.25,18071.25,18071.25,55.0,2021-10-22 09:54:00,18022.0,counterattack_succeeds,-0.1181818181818181,-130.0
2021-10-26,1,2021-10-26 10:15:00,18287.75,18193.0,18193.0,94.75,2021-10-26 11:05:00,18264.0,counterattack_succeeds,-0.258575197889182,-490.0
2021-10-27,1,2021-10-27 10:00:00,18255.25,18171.75,18171.75,83.5,2021-10-27 10:03:00,18233.75,counterattack_succeeds,-0.2664670658682634,-445.0
2021-10-28,1,2021-10-28 10:10:00,18304.5,18248.5,18248.5,56.0,2021-10-28 10:13:00,18284.0,counterattack_succeeds,-0.3794642857142857,-425.0
2021-10-29,1,2021-10-29 10:10:00,18311.5,18228.75,18228.75,82.75,2021-10-29 10:17:00,18281.5,counterattack_succeeds,-0.3716012084592145,-615.0
2021-11-01,-1,2021-11-01 10:00:00,18418.0,18481.5,18481.5,63.5,2021-11-01 10:16:00,18424.0,counterattack_succeeds,-0.1062992125984252,-135.0
2021-11-02,1,2021-11-02 09:50:00,18572.5,18477.0,18477.0,95.5,2021-11-02 10:08:00,18541.5,counterattack_succeeds,-0.3324607329842932,-635.0
2021-11-03,-1,2021-11-03 10:05:00,18552.0,18610.25,18571.5,58.25,2021-11-03 10:12:00,18571.5,stop,-0.3476394849785407,-405.0
2021-11-04,1,2021-11-04 09:50:00,18838.5,18770.0,18770.0,68.5,2021-11-04 15:59:00,18948.0,close,1.5875912408759123,2175.0
2021-11-05,-1,2021-11-05 09:55:00,18995.75,19061.5,19061.5,65.75,2021-11-05 10:00:00,19029.5,counterattack_succeeds,-0.5247148288973384,-690.0
2021-11-08,-1,2021-11-08 10:05:00,18937.75,19007.0,19007.0,69.25,2021-11-08 10:32:00,18968.25,counterattack_succeeds,-0.4512635379061371,-625.0
2021-11-09,-1,2021-11-09 09:50:00,18939.75,19004.75,19004.75,65.0,2021-11-09 15:59:00,18830.5,close,1.6692307692307693,2170.0
2021-11-10,1,2021-11-10 09:50:00,18751.25,18654.75,18726.25,96.5,2021-11-10 12:43:00,18726.25,stop,-0.266839378238342,-515.0
2021-11-11,-1,2021-11-11 10:30:00,18662.0,18723.5,18723.5,61.5,2021-11-11 10:37:00,18670.0,counterattack_succeeds,-0.1422764227642276,-175.0
2021-11-15,-1,2021-11-15 10:05:00,18814.5,18867.25,18867.25,52.75,2021-11-15 15:59:00,18801.25,close,0.2369668246445497,250.0
2021-11-17,-1,2021-11-17 09:55:00,18895.75,18935.5,18935.5,39.75,2021-11-17 10:01:00,18908.0,counterattack_succeeds,-0.3270440251572327,-260.0
2021-11-18,1,2021-11-18 09:50:00,19024.75,18966.25,18987.5,58.5,2021-11-18 10:10:00,18987.5,stop,-0.6495726495726496,-760.0
2021-11-19,1,2021-11-19 09:50:00,19193.25,19129.25,19129.25,64.0,2021-11-19 10:27:00,19176.5,counterattack_succeeds,-0.2734375,-350.0
2021-11-22,1,2021-11-22 09:50:00,19342.75,19251.25,19251.25,91.5,2021-11-22 10:57:00,19321.0,counterattack_succeeds,-0.2459016393442623,-450.0
2021-11-23,1,2021-11-23 09:50:00,19015.75,18894.75,18894.75,121.0,2021-11-23 10:01:00,18983.0,counterattack_succeeds,-0.2768595041322314,-670.0
2021-11-24,1,2021-11-24 10:05:00,18838.5,18727.75,18727.75,110.75,2021-11-24 10:08:00,18818.75,counterattack_succeeds,-0.1851015801354401,-410.0
2021-11-25,1,2021-11-25 09:50:00,19024.5,18992.25,18992.25,32.25,2021-11-25 10:59:00,19011.25,counterattack_succeeds,-0.4341085271317829,-280.0
2021-11-26,-1,2021-11-26 09:50:00,18793.25,18920.5,18920.5,127.25,2021-11-26 09:57:00,18840.25,counterattack_succeeds,-0.37524557956778,-955.0
2021-11-29,1,2021-11-29 10:00:00,18910.5,18823.25,18877.25,87.25,2021-11-29 10:28:00,18877.25,stop,-0.3896848137535816,-680.0
2021-11-30,1,2021-11-30 09:55:00,19002.5,18932.0,18932.0,70.5,2021-11-30 10:38:00,18961.75,counterattack_succeeds,-0.5886524822695035,-830.0
2021-12-01,1,2021-12-01 10:10:00,18984.5,18883.5,18883.5,101.0,2021-12-01 10:22:00,18926.25,counterattack_succeeds,-0.5841584158415841,-1180.0
2021-12-02,1,2021-12-02 09:55:00,18612.5,18401.5,18401.5,211.0,2021-12-02 10:01:00,18567.5,counterattack_succeeds,-0.216824644549763,-915.0
2021-12-03,-1,2021-12-03 09:50:00,18530.5,18703.5,18557.0,173.0,2021-12-03 15:59:00,18329.0,close,1.1604046242774566,4015.0
2021-12-07,1,2021-12-07 09:50:00,18807.25,18732.0,18732.0,75.25,2021-12-07 15:59:00,18934.5,close,1.681063122923588,2530.0
2021-12-08,1,2021-12-08 09:50:00,18953.25,18864.5,18864.5,88.75,2021-12-08 09:54:00,18928.75,counterattack_succeeds,-0.2845070422535211,-505.0
2021-12-09,-1,2021-12-09 10:25:00,18917.5,19026.0,19026.0,108.5,2021-12-09 15:59:00,18762.75,close,1.4193548387096775,3080.0
2021-12-10,-1,2021-12-10 10:35:00,18846.0,18939.0,18939.0,93.0,2021-12-10 15:59:00,18939.0,stop,-1.0080645161290325,-1875.0
2021-12-13,-1,2021-12-13 09:55:00,18874.0,18950.0,18950.0,76.0,2021-12-13 10:06:00,18893.5,counterattack_succeeds,-0.2664473684210526,-405.0
2021-12-15,-1,2021-12-15 09:50:00,18444.75,18540.75,18540.75,96.0,2021-12-15 10:04:00,18476.75,counterattack_succeeds,-0.3411458333333333,-655.0
2021-12-16,-1,2021-12-16 10:00:00,18782.75,18955.0,18955.0,172.25,2021-12-16 15:59:00,18475.25,close,1.7808417997097243,6135.0
2021-12-17,1,2021-12-17 09:50:00,18408.75,18270.0,18270.0,138.75,2021-12-17 09:55:00,18378.75,counterattack_succeeds,-0.2216216216216216,-615.0
2021-12-21,-1,2021-12-21 09:50:00,18297.5,18411.25,18322.25,113.75,2021-12-21 11:07:00,18322.25,stop,-0.2241758241758241,-510.0
2021-12-22,1,2021-12-22 10:20:00,18633.25,18546.25,18546.25,87.0,2021-12-22 10:30:00,18616.0,counterattack_succeeds,-0.2068965517241379,-360.0
2021-12-23,1,2021-12-23 10:15:00,18871.5,18789.5,18789.5,82.0,2021-12-23 15:59:00,18906.75,close,0.4207317073170731,690.0
2021-12-27,1,2021-12-27 10:05:00,19070.25,18957.5,18957.5,112.75,2021-12-27 15:59:00,19173.5,close,0.9090909090909092,2050.0
2021-12-28,-1,2021-12-28 10:10:00,19133.0,19221.5,19221.5,88.5,2021-12-28 10:21:00,19137.0,counterattack_succeeds,-0.0536723163841807,-95.0
2021-12-29,-1,2021-12-29 10:05:00,19101.25,19162.5,19115.0,61.25,2021-12-29 14:53:00,19115.0,stop,-0.236734693877551,-290.0
2021-12-30,1,2021-12-30 10:10:00,19151.0,19062.25,19062.25,88.75,2021-12-30 15:45:00,19062.25,stop,-1.008450704225352,-1790.0
2021-12-31,-1,2021-12-31 09:50:00,19006.75,19077.0,19077.0,70.25,2021-12-31 09:55:00,19028.75,counterattack_succeeds,-0.3238434163701068,-455.0
2022-01-03,-1,2022-01-03 09:50:00,18961.5,19097.75,19097.75,136.25,2022-01-03 10:15:00,19000.25,counterattack_succeeds,-0.2899082568807339,-790.0
2022-01-04,-1,2022-01-04 10:05:00,19027.0,19125.0,19125.0,98.0,2022-01-04 15:59:00,18885.0,close,1.441326530612245,2825.0
2022-01-06,-1,2022-01-06 10:05:00,18254.0,18463.5,18463.5,209.5,2022-01-06 10:16:00,18295.25,counterattack_succeeds,-0.2004773269689737,-840.0
2022-01-07,-1,2022-01-07 10:25:00,18270.5,18425.75,18300.5,155.25,2022-01-07 15:59:00,18198.0,close,0.4621578099838969,1435.0
2022-01-10,-1,2022-01-10 09:55:00,17901.5,18028.0,17905.5,126.5,2022-01-10 11:18:00,17905.5,stop,-0.0375494071146245,-95.0
2022-01-11,1,2022-01-11 10:05:00,18233.5,18088.0,18088.0,145.5,2022-01-11 10:32:00,18198.0,counterattack_succeeds,-0.2491408934707903,-725.0
2022-01-12,1,2022-01-12 10:15:00,18616.25,18508.0,18508.0,108.25,2022-01-12 10:22:00,18592.75,counterattack_succeeds,-0.2240184757505773,-485.0
2022-01-13,-1,2022-01-13 10:05:00,18519.25,18592.75,18527.75,73.5,2022-01-13 15:59:00,18111.0,close,5.54421768707483,8150.0
2022-01-14,1,2022-01-14 09:55:00,18159.5,17992.75,17992.75,166.75,2022-01-14 10:02:00,18136.5,counterattack_succeeds,-0.1424287856071964,-475.0
2022-01-17,-1,2022-01-17 09:50:00,18164.75,18224.75,18224.75,60.0,2022-01-17 09:58:00,18190.5,counterattack_succeeds,-0.4416666666666666,-530.0
2022-01-18,1,2022-01-18 10:10:00,18021.0,17884.75,17884.75,136.25,2022-01-18 10:40:00,17953.0,counterattack_succeeds,-0.5045871559633027,-1375.0
2022-01-19,1,2022-01-19 10:00:00,17973.75,17864.25,17864.25,109.5,2022-01-19 10:07:00,17938.5,counterattack_succeeds,-0.3287671232876712,-720.0
2022-01-20,1,2022-01-20 10:35:00,17915.25,17773.25,17773.25,142.0,2022-01-20 14:12:00,17773.25,stop,-1.005281690140845,-2855.0
2022-01-21,-1,2022-01-21 09:55:00,17270.25,17431.5,17300.5,161.25,2022-01-21 10:31:00,17300.5,stop,-0.1922480620155038,-620.0
2022-01-24,-1,2022-01-24 10:10:00,16651.0,16876.5,16876.5,225.5,2022-01-24 10:28:00,16736.5,counterattack_succeeds,-0.3824833702882483,-1725.0
2022-01-25,-1,2022-01-25 09:50:00,16730.75,16917.75,16917.75,187.0,2022-01-25 10:30:00,16822.0,counterattack_succeeds,-0.4919786096256685,-1840.0
2022-01-26,1,2022-01-26 10:05:00,17118.0,16963.25,16963.25,154.75,2022-01-26 10:16:00,17029.0,counterattack_succeeds,-0.5799676898222941,-1795.0
2022-01-31,1,2022-01-31 09:55:00,17222.25,17029.25,17029.25,193.0,2022-01-31 15:59:00,17511.5,close,1.494818652849741,5770.0
2022-02-01,-1,2022-02-01 10:05:00,17371.25,17565.0,17565.0,193.75,2022-02-01 10:15:00,17422.75,counterattack_succeeds,-0.2696774193548387,-1045.0
2022-02-02,-1,2022-02-02 09:50:00,17644.5,17791.0,17724.25,146.5,2022-02-02 10:00:00,17724.25,stop,-0.5494880546075085,-1610.0
2022-02-03,1,2022-02-03 10:30:00,17436.0,17290.5,17290.5,145.5,2022-02-03 10:45:00,17386.5,counterattack_succeeds,-0.345360824742268,-1005.0
2022-02-04,1,2022-02-04 10:05:00,17223.0,17045.75,17045.75,177.25,2022-02-04 10:11:00,17175.25,counterattack_succeeds,-0.2736248236953456,-970.0
2022-02-07,1,2022-02-07 09:55:00,17412.75,17283.0,17283.0,129.75,2022-02-07 09:58:00,17380.5,counterattack_succeeds,-0.2543352601156069,-660.0
2022-02-08,-1,2022-02-08 10:05:00,17092.25,17201.0,17201.0,108.75,2022-02-08 10:18:00,17156.5,counterattack_succeeds,-0.5977011494252874,-1300.0
2022-02-09,-1,2022-02-09 10:15:00,17496.25,17564.25,17506.75,68.0,2022-02-09 10:25:00,17506.75,stop,-0.1654411764705882,-225.0
2022-02-10,1,2022-02-10 09:55:00,17525.0,17348.0,17348.0,177.0,2022-02-10 13:38:00,17348.0,stop,-1.0042372881355932,-3555.0
2022-02-11,-1,2022-02-11 10:00:00,17250.5,17363.0,17363.0,112.5,2022-02-11 10:06:00,17305.25,counterattack_succeeds,-0.4933333333333333,-1110.0
2022-02-14,1,2022-02-14 09:55:00,16945.0,16795.0,16795.0,150.0,2022-02-14 10:01:00,16878.25,counterattack_succeeds,-0.45,-1350.0
2022-02-16,-1,2022-02-16 09:55:00,17011.5,17130.0,17130.0,118.5,2022-02-16 10:02:00,17042.5,counterattack_succeeds,-0.2679324894514768,-635.0
2022-02-17,-1,2022-02-17 09:50:00,17043.5,17108.0,17108.0,64.5,2022-02-17 15:59:00,16779.25,close,4.0852713178294575,5270.0
2022-02-18,-1,2022-02-18 10:35:00,16678.75,16831.25,16831.25,152.5,2022-02-18 15:59:00,16618.0,close,0.3934426229508196,1200.0
2022-02-22,1,2022-02-22 09:50:00,16655.25,16475.0,16586.5,180.25,2022-02-22 10:50:00,16586.5,stop,-0.3855755894590846,-1390.0
2022-02-23,-1,2022-02-23 09:55:00,16510.0,16644.0,16644.0,134.0,2022-02-23 15:59:00,16119.75,close,2.906716417910448,7790.0
2022-02-24,1,2022-02-24 09:50:00,15945.75,15671.0,15671.0,274.75,2022-02-24 10:06:00,15864.25,counterattack_succeeds,-0.2993630573248407,-1645.0
2022-02-25,-1,2022-02-25 10:00:00,16482.0,16626.5,16626.5,144.5,2022-02-25 10:07:00,16494.75,counterattack_succeeds,-0.0934256055363321,-270.0
2022-02-28,1,2022-02-28 10:00:00,16757.25,16640.25,16640.25,117.0,2022-02-28 10:04:00,16702.5,counterattack_succeeds,-0.4743589743589743,-1110.0
2022-03-02,-1,2022-03-02 10:10:00,16603.0,16727.5,16633.0,124.5,2022-03-02 10:28:00,16633.0,stop,-0.2469879518072289,-615.0
2022-03-03,-1,2022-03-03 10:10:00,16843.0,16968.5,16968.5,125.5,2022-03-03 15:59:00,16647.75,close,1.549800796812749,3890.0
2022-03-04,-1,2022-03-04 09:50:00,16457.25,16608.5,16608.5,151.25,2022-03-04 09:59:00,16518.75,counterattack_succeeds,-0.4115702479338843,-1245.0
2022-03-07,-1,2022-03-07 10:00:00,16286.25,16492.75,16492.75,206.5,2022-03-07 15:59:00,15933.25,close,1.7058111380145278,7045.0
2022-03-08,-1,2022-03-08 10:05:00,15796.25,15986.75,15986.75,190.5,2022-03-08 10:20:00,15885.25,counterattack_succeeds,-0.4711286089238845,-1795.0
2022-03-09,1,2022-03-09 10:25:00,16253.75,16137.75,16212.25,116.0,2022-03-09 11:12:00,16212.25,stop,-0.3642241379310345,-845.0
2022-03-10,1,2022-03-10 10:20:00,16218.5,16099.25,16099.25,119.25,2022-03-10 10:24:00,16178.0,counterattack_succeeds,-0.3459119496855345,-825.0
2022-03-11,-1,2022-03-11 09:55:00,16215.5,16336.5,16220.5,121.0,2022-03-11 15:59:00,15913.25,close,2.4917355371900825,6030.0
2022-03-14,1,2022-03-14 10:10:00,15954.0,15820.25,15820.25,133.75,2022-03-14 10:31:00,15938.5,counterattack_succeeds,-0.1214953271028037,-325.0
2022-03-15,1,2022-03-15 10:05:00,15837.5,15711.25,15711.25,126.25,2022-03-15 10:08:00,15821.25,counterattack_succeeds,-0.1346534653465346,-340.0
2022-03-16,1,2022-03-16 09:50:00,16353.0,16232.5,16232.5,120.5,2022-03-16 09:59:00,16336.5,counterattack_succeeds,-0.1431535269709543,-345.0
2022-03-17,1,2022-03-17 09:55:00,16535.0,16439.25,16439.25,95.75,2022-03-17 10:48:00,16500.75,counterattack_succeeds,-0.3655352480417754,-700.0
2022-03-18,1,2022-03-18 09:50:00,16727.5,16615.25,16615.25,112.25,2022-03-18 15:59:00,17030.5,close,2.692650334075724,6045.0
2022-03-21,-1,2022-03-21 09:55:00,16922.0,17087.0,17087.0,165.0,2022-03-21 11:12:00,16981.0,counterattack_succeeds,-0.3621212121212121,-1195.0
2022-03-22,1,2022-03-22 10:05:00,17151.25,16994.25,16994.25,157.0,2022-03-22 15:59:00,17275.25,close,0.785031847133758,2465.0
2022-03-23,-1,2022-03-23 09:50:00,17090.5,17167.25,17167.25,76.75,2022-03-23 09:54:00,17110.5,counterattack_succeeds,-0.2703583061889251,-415.0
2022-03-24,-1,2022-03-24 10:20:00,17078.75,17171.25,17171.25,92.5,2022-03-24 10:33:00,17115.5,counterattack_succeeds,-0.4054054054054054,-750.0
2022-03-29,-1,2022-03-29 09:50:00,17745.75,17839.75,17839.75,94.0,2022-03-29 09:56:00,17767.25,counterattack_succeeds,-0.2367021276595744,-445.0
2022-03-30,1,2022-03-30 10:15:00,17839.5,17761.5,17761.5,78.0,2022-03-30 10:19:00,17816.25,counterattack_succeeds,-0.3076923076923077,-480.0
2022-03-31,-1,2022-03-31 10:05:00,17600.75,17710.25,17710.25,109.5,2022-03-31 10:14:00,17640.25,counterattack_succeeds,-0.3675799086757991,-805.0
2022-04-01,-1,2022-04-01 09:55:00,17438.0,17552.25,17552.25,114.25,2022-04-01 10:12:00,17480.25,counterattack_succeeds,-0.3763676148796498,-860.0
2022-04-04,1,2022-04-04 09:55:00,17645.5,17503.75,17503.75,141.75,2022-04-04 15:59:00,17785.0,close,0.9788359788359788,2775.0
2022-04-05,-1,2022-04-05 09:55:00,17676.5,17756.5,17756.5,80.0,2022-04-05 10:03:00,17711.0,counterattack_succeeds,-0.440625,-705.0
2022-04-06,-1,2022-04-06 10:05:00,17088.25,17263.75,17263.75,175.5,2022-04-06 15:02:00,17263.75,stop,-1.0042735042735045,-3525.0
2022-04-08,-1,2022-04-08 09:55:00,16948.25,17097.0,17097.0,148.75,2022-04-08 10:09:00,17004.25,counterattack_succeeds,-0.3815126050420168,-1135.0
2022-04-12,1,2022-04-12 09:50:00,16828.0,16733.25,16733.25,94.75,2022-04-12 10:30:00,16809.75,counterattack_succeeds,-0.2005277044854881,-380.0
2022-04-13,1,2022-04-13 10:20:00,16702.0,16541.25,16541.25,160.75,2022-04-13 15:59:00,16842.0,close,0.8662519440124417,2785.0
2022-04-14,-1,2022-04-14 09:55:00,16735.75,16867.0,16761.25,131.25,2022-04-14 15:59:00,16513.75,close,1.6857142857142855,4425.0
2022-04-18,-1,2022-04-18 09:55:00,16465.0,16552.5,16552.5,87.5,2022-04-18 09:58:00,16477.25,counterattack_succeeds,-0.1485714285714285,-260.0
2022-04-19,1,2022-04-19 09:55:00,16593.0,16453.75,16453.75,139.25,2022-04-19 15:59:00,16832.5,close,1.7145421903052065,4775.0
2022-04-20,-1,2022-04-20 10:15:00,16715.0,16890.25,16890.25,175.25,2022-04-20 10:41:00,16751.0,counterattack_succeeds,-0.209700427960057,-735.0
2022-04-21,-1,2022-04-21 10:15:00,16768.0,16903.25,16903.25,135.25,2022-04-21 10:30:00,16793.0,counterattack_succeeds,-0.1903881700554528,-515.0
2022-04-22,-1,2022-04-22 10:25:00,16226.75,16398.0,16398.0,171.25,2022-04-22 10:35:00,16246.25,counterattack_succeeds,-0.1182481751824817,-405.0
2022-04-25,-1,2022-04-25 10:00:00,15869.5,15986.5,15986.5,117.0,2022-04-25 10:07:00,15913.0,counterattack_succeeds,-0.3782051282051282,-885.0
2022-04-26,-1,2022-04-26 09:55:00,15894.5,16071.0,16071.0,176.5,2022-04-26 15:59:00,15629.25,close,1.498583569405099,5290.0
2022-04-27,-1,2022-04-27 10:15:00,15626.0,15825.25,15825.25,199.25,2022-04-27 10:22:00,15646.5,counterattack_succeeds,-0.1066499372647427,-425.0
2022-04-28,-1,2022-04-28 10:05:00,15710.0,15901.0,15901.0,191.0,2022-04-28 10:08:00,15750.75,counterattack_succeeds,-0.2172774869109947,-830.0
2022-04-29,1,2022-04-29 10:00:00,16043.0,15847.0,15847.0,196.0,2022-04-29 10:06:00,15988.0,counterattack_succeeds,-0.2844387755102041,-1115.0
2022-05-02,1,2022-05-02 10:30:00,15603.25,15363.0,15528.75,240.25,2022-05-02 10:57:00,15528.75,stop,-0.3132154006243496,-1505.0
2022-05-03,1,2022-05-03 10:00:00,15732.25,15610.0,15610.0,122.25,2022-05-03 10:09:00,15690.5,counterattack_succeeds,-0.3476482617586912,-850.0
2022-05-04,-1,2022-05-04 09:55:00,15663.5,15734.5,15734.5,71.0,2022-05-04 13:01:00,15734.5,stop,-1.0105633802816902,-1435.0
2022-05-05,-1,2022-05-05 09:50:00,15840.75,15966.5,15966.5,125.75,2022-05-05 15:59:00,15479.0,close,2.8707753479125246,7220.0
2022-05-06,-1,2022-05-06 09:55:00,15161.75,15413.0,15413.0,251.25,2022-05-06 10:05:00,15225.0,counterattack_succeeds,-0.2547263681592039,-1280.0
2022-05-09,-1,2022-05-09 10:10:00,14992.75,15176.0,15066.0,183.25,2022-05-09 15:59:00,14817.0,close,0.9549795361527968,3500.0
2022-05-10,-1,2022-05-10 09:50:00,14968.5,15167.25,15167.25,198.75,2022-05-10 09:55:00,15018.0,counterattack_succeeds,-0.2528301886792453,-1005.0
2022-05-11,1,2022-05-11 09:50:00,15052.75,14766.25,14766.25,286.5,2022-05-11 09:57:00,14961.75,counterattack_succeeds,-0.3202443280977312,-1835.0
2022-05-12,1,2022-05-12 10:10:00,14530.25,14313.5,14313.5,216.75,2022-05-12 14:43:00,14313.5,stop,-1.0034602076124568,-4350.0
2022-05-13,1,2022-05-13 09:55:00,14890.5,14685.0,14685.0,205.5,2022-05-13 15:59:00,15004.75,close,0.5523114355231143,2270.0
2022-05-16,-1,2022-05-16 09:50:00,14851.0,14978.25,14978.25,127.25,2022-05-16 09:53:00,14902.5,counterattack_succeeds,-0.4106090373280943,-1045.0
2022-05-17,-1,2022-05-17 10:10:00,15051.5,15156.0,15087.25,104.5,2022-05-17 11:33:00,15087.25,stop,-0.3492822966507177,-730.0
2022-05-18,-1,2022-05-18 10:00:00,14919.75,15020.0,15020.0,100.25,2022-05-18 10:06:00,14972.75,counterattack_succeeds,-0.5361596009975063,-1075.0
2022-05-19,-1,2022-05-19 09:50:00,14434.25,14599.0,14599.0,164.75,2022-05-19 09:56:00,14514.25,counterattack_succeeds,-0.4901365705614567,-1615.0
2022-05-20,-1,2022-05-20 10:10:00,14526.0,14673.25,14673.25,147.25,2022-05-20 10:29:00,14571.0,counterattack_succeeds,-0.3106960950764006,-915.0
2022-05-23,1,2022-05-23 09:50:00,14570.75,14438.0,14438.0,132.75,2022-05-23 09:55:00,14536.75,counterattack_succeeds,-0.2617702448210923,-695.0
2022-05-24,-1,2022-05-24 10:00:00,14298.5,14467.75,14467.75,169.25,2022-05-24 15:59:00,14402.0,close,-0.6159527326440177,-2085.0
2022-05-25,1,2022-05-25 10:30:00,14510.25,14328.25,14456.5,182.0,2022-05-25 11:34:00,14456.5,stop,-0.2994505494505494,-1090.0
2022-05-26,1,2022-05-26 09:55:00,14720.5,14519.25,14519.25,201.25,2022-05-26 15:59:00,14895.25,close,0.8645962732919255,3480.0
2022-05-27,1,2022-05-27 10:00:00,15139.75,15022.25,15122.75,117.5,2022-05-27 15:59:00,15302.5,close,1.3787234042553191,3240.0
2022-05-31,-1,2022-05-31 10:05:00,15129.0,15308.25,15146.5,179.25,2022-05-31 10:14:00,15146.5,stop,-0.101813110181311,-365.0
2022-06-01,1,2022-06-01 09:55:00,15436.0,15351.75,15351.75,84.25,2022-06-01 09:58:00,15416.5,counterattack_succeeds,-0.2403560830860534,-405.0
2022-06-02,1,2022-06-02 10:15:00,15238.0,15062.75,15062.75,175.25,2022-06-02 10:22:00,15152.5,counterattack_succeeds,-0.4921540656205421,-1725.0
2022-06-06,1,2022-06-06 10:05:00,15408.75,15312.5,15312.5,96.25,2022-06-06 10:16:00,15396.5,counterattack_succeeds,-0.135064935064935,-260.0
2022-06-07,1,2022-06-07 09:50:00,15155.0,15032.75,15032.75,122.25,2022-06-07 09:58:00,15142.5,counterattack_succeeds,-0.1083844580777096,-265.0
2022-06-08,1,2022-06-08 09:50:00,15376.0,15247.75,15247.75,128.25,2022-06-08 10:15:00,15320.25,counterattack_succeeds,-0.4405458089668616,-1130.0
2022-06-09,1,2022-06-09 09:55:00,15251.75,15126.25,15126.25,125.5,2022-06-09 10:09:00,15213.5,counterattack_succeeds,-0.3107569721115538,-780.0
2022-06-10,-1,2022-06-10 09:55:00,14587.25,14710.25,14599.25,123.0,2022-06-10 15:59:00,14457.25,close,1.0508130081300813,2585.0
2022-06-13,-1,2022-06-13 10:15:00,14061.75,14195.5,14195.5,133.75,2022-06-13 15:59:00,13914.75,close,1.0934579439252337,2925.0
2022-06-15,1,2022-06-15 10:05:00,14139.0,14051.0,14051.0,88.0,2022-06-15 10:12:00,14138.75,counterattack_succeeds,-0.0113636363636363,-20.0
2022-06-16,-1,2022-06-16 10:05:00,13825.5,13941.0,13941.0,115.5,2022-06-16 15:59:00,13757.25,close,0.5844155844155844,1350.0
2022-06-17,-1,2022-06-17 10:35:00,13745.75,13917.25,13777.0,171.5,2022-06-17 11:02:00,13777.0,stop,-0.1865889212827988,-640.0
2022-06-20,-1,2022-06-20 09:50:00,13928.75,13967.25,13967.25,38.5,2022-06-20 09:53:00,13948.25,counterattack_succeeds,-0.525974025974026,-405.0
2022-06-21,1,2022-06-21 10:00:00,14220.0,14067.0,14067.0,153.0,2022-06-21 15:59:00,14170.25,close,-0.3300653594771242,-1010.0
2022-06-22,1,2022-06-22 09:55:00,14191.75,14038.0,14038.0,153.75,2022-06-22 15:59:00,14149.5,close,-0.2796747967479674,-860.0
2022-06-23,-1,2022-06-23 09:55:00,14150.75,14274.75,14274.75,124.0,2022-06-23 09:59:00,14233.5,counterattack_succeeds,-0.6733870967741935,-1670.0
2022-06-24,1,2022-06-24 10:05:00,14627.25,14430.0,14430.0,197.25,2022-06-24 15:59:00,14739.0,close,0.5627376425855514,2220.0
2022-06-27,-1,2022-06-27 09:50:00,14623.5,14803.25,14803.25,179.75,2022-06-27 09:53:00,14650.5,counterattack_succeeds,-0.1543810848400556,-555.0
2022-06-28,-1,2022-06-28 10:10:00,14626.0,14765.5,14651.25,139.5,2022-06-28 15:59:00,14265.25,close,2.5806451612903225,7200.0
2022-06-29,1,2022-06-29 09:55:00,14295.5,14164.75,14164.75,130.75,2022-06-29 10:01:00,14263.0,counterattack_succeeds,-0.254302103250478,-665.0
2022-06-30,-1,2022-06-30 09:55:00,14002.25,14179.25,14179.25,177.0,2022-06-30 10:34:00,14035.25,counterattack_succeeds,-0.1906779661016949,-675.0
2022-07-01,1,2022-07-01 09:50:00,14139.75,14008.25,14008.25,131.5,2022-07-01 10:07:00,14122.25,counterattack_succeeds,-0.1387832699619771,-365.0
2022-07-04,-1,2022-07-04 10:10:00,14131.5,14162.0,14162.0,30.5,2022-07-04 10:35:00,14137.0,counterattack_succeeds,-0.2049180327868852,-125.0
2022-07-05,1,2022-07-05 10:15:00,14098.5,13980.5,14054.5,118.0,2022-07-05 15:59:00,14404.5,close,2.586864406779661,6105.0
2022-07-07,1,2022-07-07 10:10:00,14626.75,14509.5,14597.5,117.25,2022-07-07 15:59:00,14727.75,close,0.8550106609808102,2005.0
2022-07-08,1,2022-07-08 10:30:00,14708.75,14579.25,14579.25,129.5,2022-07-08 15:59:00,14746.75,close,0.2876447876447876,745.0
2022-07-11,-1,2022-07-11 10:05:00,14458.0,14653.0,14653.0,195.0,2022-07-11 10:08:00,14486.25,counterattack_succeeds,-0.1487179487179487,-580.0
2022-07-12,-1,2022-07-12 09:50:00,14504.25,14616.75,14528.25,112.5,2022-07-12 13:01:00,14528.25,stop,-0.22,-495.0
2022-07-13,1,2022-07-13 09:50:00,14287.5,14113.75,14113.75,173.75,2022-07-13 09:56:00,14230.25,counterattack_succeeds,-0.3338129496402878,-1160.0
2022-07-14,-1,2022-07-14 10:05:00,14116.75,14275.75,14275.75,159.0,2022-07-14 10:24:00,14149.5,counterattack_succeeds,-0.210691823899371,-670.0
2022-07-15,-1,2022-07-15 09:50:00,14485.25,14576.25,14576.25,91.0,2022-07-15 10:00:00,14576.25,stop,-1.0082417582417582,-1835.0
2022-07-18,1,2022-07-18 09:50:00,14755.5,14681.0,14681.0,74.5,2022-07-18 10:06:00,14737.75,counterattack_succeeds,-0.2483221476510067,-370.0
2022-07-19,1,2022-07-19 10:30:00,14676.75,14592.25,14668.25,84.5,2022-07-19 15:59:00,14860.25,close,2.162721893491124,3655.0
2022-07-20,1,2022-07-20 10:15:00,14933.5,14848.75,14908.75,84.75,2022-07-20 15:59:00,15057.25,close,1.4513274336283186,2460.0
2022-07-21,-1,2022-07-21 10:30:00,14988.0,15104.25,15104.25,116.25,2022-07-21 10:38:00,15004.25,counterattack_succeeds,-0.1462365591397849,-340.0
2022-07-22,1,2022-07-22 09:50:00,15248.75,15157.25,15157.25,91.5,2022-07-22 09:53:00,15231.0,counterattack_succeeds,-0.2021857923497267,-370.0
2022-07-25,-1,2022-07-25 10:20:00,14915.75,15035.25,15035.25,119.5,2022-07-25 11:04:00,14950.0,counterattack_succeeds,-0.2928870292887029,-700.0
2022-07-26,-1,2022-07-26 10:25:00,14779.5,14882.5,14882.5,103.0,2022-07-26 15:59:00,14701.5,close,0.75,1545.0
2022-07-27,1,2022-07-27 09:50:00,14984.0,14867.75,14963.75,116.25,2022-07-27 15:59:00,15206.75,close,1.9096774193548387,4440.0
2022-07-28,-1,2022-07-28 09:55:00,15059.0,15245.25,15245.25,186.25,2022-07-28 10:02:00,15115.75,counterattack_succeeds,-0.3087248322147651,-1150.0
2022-07-29,1,2022-07-29 10:05:00,15486.75,15335.5,15335.5,151.25,2022-07-29 11:00:00,15454.5,counterattack_succeeds,-0.2181818181818181,-660.0
2022-08-01,1,2022-08-01 09:55:00,15596.5,15443.0,15443.0,153.5,2022-08-01 15:59:00,15554.25,close,-0.2801302931596091,-860.0
2022-08-02,-1,2022-08-02 10:10:00,15442.25,15533.0,15533.0,90.75,2022-08-02 10:15:00,15467.25,counterattack_succeeds,-0.2837465564738292,-515.0
2022-08-03,1,2022-08-03 09:55:00,15691.75,15580.75,15580.75,111.0,2022-08-03 10:01:00,15679.5,counterattack_succeeds,-0.1171171171171171,-260.0
2022-08-04,-1,2022-08-04 10:35:00,15797.25,15919.75,15919.75,122.5,2022-08-04 10:56:00,15838.5,counterattack_succeeds,-0.3428571428571428,-840.0
2022-08-05,1,2022-08-05 10:05:00,15819.5,15705.75,15803.25,113.75,2022-08-05 11:00:00,15803.25,stop,-0.1494505494505494,-340.0
2022-08-08,1,2022-08-08 09:55:00,15989.5,15823.25,15823.25,166.25,2022-08-08 10:08:00,15965.75,counterattack_succeeds,-0.1473684210526315,-490.0
2022-08-09,-1,2022-08-09 09:55:00,15615.0,15703.5,15703.5,88.5,2022-08-09 10:35:00,15633.0,counterattack_succeeds,-0.211864406779661,-375.0
2022-08-10,-1,2022-08-10 10:20:00,15849.25,15946.25,15946.25,97.0,2022-08-10 10:24:00,15865.5,counterattack_succeeds,-0.1752577319587628,-340.0
2022-08-11,1,2022-08-11 10:05:00,16118.25,16046.75,16046.75,71.5,2022-08-11 10:42:00,16093.5,counterattack_succeeds,-0.3566433566433566,-510.0
2022-08-12,1,2022-08-12 10:20:00,16049.75,15950.5,15950.5,99.25,2022-08-12 10:26:00,16019.25,counterattack_succeeds,-0.3148614609571788,-625.0
2022-08-15,1,2022-08-15 09:55:00,16206.75,16125.5,16125.5,81.25,2022-08-15 10:03:00,16183.25,counterattack_succeeds,-0.2984615384615384,-485.0
2022-08-16,-1,2022-08-16 10:05:00,16174.25,16250.5,16199.5,76.25,2022-08-16 11:17:00,16199.5,stop,-0.340983606557377,-520.0
2022-08-17,-1,2022-08-17 10:15:00,16074.25,16157.0,16092.5,82.75,2022-08-17 13:30:00,16092.5,stop,-0.229607250755287,-380.0
2022-08-19,-1,2022-08-19 09:50:00,15919.0,16016.5,16016.5,97.5,2022-08-19 15:59:00,15854.5,close,0.6538461538461539,1275.0
2022-08-22,-1,2022-08-22 09:50:00,15608.25,15683.5,15683.5,75.25,2022-08-22 09:54:00,15619.25,counterattack_succeeds,-0.1561461794019933,-235.0
2022-08-23,1,2022-08-23 09:55:00,15558.5,15457.25,15457.25,101.25,2022-08-23 09:59:00,15533.0,counterattack_succeeds,-0.2592592592592592,-525.0
2022-08-24,1,2022-08-24 10:15:00,15500.0,15442.75,15490.75,57.25,2022-08-24 15:59:00,15525.5,close,0.4323144104803493,495.0
2022-08-25,1,2022-08-25 10:00:00,15635.25,15558.0,15603.25,77.25,2022-08-25 11:24:00,15603.25,stop,-0.4239482200647249,-655.0
2022-08-26,-1,2022-08-26 09:50:00,15703.75,15752.25,15752.25,48.5,2022-08-26 09:54:00,15714.5,counterattack_succeeds,-0.2371134020618556,-230.0
2022-08-30,-1,2022-08-30 10:10:00,15018.0,15178.5,15178.5,160.5,2022-08-30 15:59:00,14944.75,close,0.4517133956386293,1450.0
2022-09-01,-1,2022-09-01 10:05:00,14724.0,14815.25,14750.25,91.25,2022-09-01 10:25:00,14750.25,stop,-0.2958904109589041,-540.0
2022-09-02,1,2022-09-02 10:35:00,15023.0,14883.0,14883.0,140.0,2022-09-02 10:53:00,14997.75,counterattack_succeeds,-0.1857142857142857,-520.0
2022-09-05,1,2022-09-05 10:35:00,14745.75,14695.5,14695.5,50.25,2022-09-05 10:49:00,14735.25,counterattack_succeeds,-0.2238805970149253,-225.0
2022-09-06,-1,2022-09-06 09:50:00,14658.5,14760.25,14760.25,101.75,2022-09-06 10:52:00,14677.25,counterattack_succeeds,-0.1916461916461916,-390.0
2022-09-08,1,2022-09-08 09:55:00,14841.25,14707.0,14707.0,134.25,2022-09-08 10:03:00,14790.5,counterattack_succeeds,-0.3836126629422718,-1030.0
2022-09-09,1,2022-09-09 10:05:00,15115.5,15006.75,15006.75,108.75,2022-09-09 15:59:00,15181.0,close,0.5954022988505747,1295.0
2022-09-12,1,2022-09-12 09:55:00,15301.25,15232.75,15232.75,68.5,2022-09-12 11:02:00,15281.75,counterattack_succeeds,-0.2956204379562044,-405.0
2022-09-13,-1,2022-09-13 10:00:00,14897.25,15018.25,14920.5,121.0,2022-09-13 15:59:00,14632.0,close,2.1859504132231407,5290.0
2022-09-14,1,2022-09-14 10:00:00,14704.25,14609.75,14609.75,94.5,2022-09-14 10:14:00,14676.25,counterattack_succeeds,-0.3042328042328042,-575.0
2022-09-15,1,2022-09-15 09:50:00,14713.25,14621.25,14621.25,92.0,2022-09-15 10:22:00,14687.5,counterattack_succeeds,-0.2880434782608695,-530.0
2022-09-16,1,2022-09-16 10:35:00,14409.5,14313.5,14313.5,96.0,2022-09-16 10:45:00,14372.75,counterattack_succeeds,-0.390625,-750.0
2022-09-19,1,2022-09-19 09:55:00,14428.25,14326.75,14326.75,101.5,2022-09-19 10:01:00,14400.0,counterattack_succeeds,-0.2857142857142857,-580.0
2022-09-21,1,2022-09-21 09:50:00,14499.25,14449.0,14449.0,50.25,2022-09-21 09:54:00,14481.75,counterattack_succeeds,-0.36318407960199,-365.0
2022-09-23,-1,2022-09-23 10:00:00,13865.25,13982.0,13982.0,116.75,2022-09-23 10:27:00,13894.5,counterattack_succeeds,-0.2569593147751606,-600.0
2022-09-26,1,2022-09-26 10:00:00,14002.5,13853.5,13853.5,149.0,2022-09-26 10:11:00,13970.25,counterattack_succeeds,-0.2214765100671141,-660.0
2022-09-27,-1,2022-09-27 10:05:00,13945.0,14079.25,14079.25,134.25,2022-09-27 10:19:00,13975.75,counterattack_succeeds,-0.2346368715083799,-630.0
2022-09-28,1,2022-09-28 10:25:00,13882.5,13777.0,13777.0,105.5,2022-09-28 15:59:00,14064.75,close,1.7203791469194314,3630.0
2022-09-29,-1,2022-09-29 10:05:00,13721.5,13913.25,13913.25,191.75,2022-09-29 15:59:00,13742.75,close,-0.1147327249022164,-440.0
2022-09-30,1,2022-09-30 10:35:00,13810.0,13654.0,13654.0,156.0,2022-09-30 14:43:00,13654.0,stop,-1.0048076923076923,-3135.0
2022-10-03,1,2022-10-03 10:05:00,13668.5,13550.75,13550.75,117.75,2022-10-03 15:59:00,13801.75,close,1.1252653927813163,2650.0
2022-10-04,1,2022-10-04 09:50:00,14100.5,14025.25,14025.25,75.25,2022-10-04 15:59:00,14154.75,close,0.7109634551495017,1070.0
2022-10-05,-1,2022-10-05 10:05:00,13944.25,14050.0,14050.0,105.75,2022-10-05 12:47:00,14050.0,stop,-1.0070921985815602,-2130.0
2022-10-06,-1,2022-10-06 10:05:00,14091.75,14232.5,14232.5,140.75,2022-10-06 10:49:00,14107.25,counterattack_succeeds,-0.1154529307282415,-325.0
2022-10-07,-1,2022-10-07 09:55:00,13756.0,13861.0,13861.0,105.0,2022-10-07 10:24:00,13785.5,counterattack_succeeds,-0.288095238095238,-605.0
2022-10-10,-1,2022-10-10 09:55:00,13520.25,13637.0,13637.0,116.75,2022-10-10 10:02:00,13533.5,counterattack_succeeds,-0.1199143468950749,-280.0
2022-10-11,-1,2022-10-11 10:00:00,13334.5,13455.75,13455.75,121.25,2022-10-11 10:40:00,13379.0,counterattack_succeeds,-0.3731958762886598,-905.0
2022-10-13,1,2022-10-13 09:50:00,13095.5,12995.75,12995.75,99.75,2022-10-13 15:59:00,13592.75,close,4.977443609022556,9930.0
2022-10-14,-1,2022-10-14 09:50:00,13582.5,13718.5,13718.5,136.0,2022-10-14 15:59:00,13259.0,close,2.3731617647058822,6455.0
2022-10-17,1,2022-10-17 10:15:00,13638.25,13510.0,13510.0,128.25,2022-10-17 10:23:00,13603.0,counterattack_succeeds,-0.2807017543859649,-720.0
2022-10-18,-1,2022-10-18 09:55:00,13810.75,13942.75,13942.75,132.0,2022-10-18 15:59:00,13713.75,close,0.7291666666666666,1925.0
2022-10-19,1,2022-10-19 10:20:00,13734.75,13621.0,13621.0,113.75,2022-10-19 10:56:00,13696.25,counterattack_succeeds,-0.345054945054945,-785.0
2022-10-20,1,2022-10-20 09:50:00,13703.75,13602.0,13602.0,101.75,2022-10-20 13:49:00,13602.0,stop,-1.0073710073710074,-2050.0
2022-10-21,1,2022-10-21 10:25:00,13644.0,13506.25,13506.25,137.75,2022-10-21 10:36:00,13598.5,counterattack_succeeds,-0.3357531760435571,-925.0
2022-10-24,-1,2022-10-24 10:05:00,13784.75,13909.5,13909.5,124.75,2022-10-24 10:36:00,13817.25,counterattack_succeeds,-0.2665330661322645,-665.0
2022-10-25,1,2022-10-25 09:50:00,14148.5,14026.0,14026.0,122.5,2022-10-25 15:59:00,14223.5,close,0.6061224489795919,1485.0
2022-10-26,1,2022-10-26 09:50:00,14027.0,13944.0,13944.0,83.0,2022-10-26 09:55:00,14008.0,counterattack_succeeds,-0.2379518072289156,-395.0
2022-10-27,-1,2022-10-27 09:50:00,13835.75,13975.0,13975.0,139.25,2022-10-27 10:13:00,13892.5,counterattack_succeeds,-0.4129263913824057,-1150.0
2022-10-28,1,2022-10-28 10:30:00,13891.75,13717.25,13717.25,174.5,2022-10-28 15:59:00,14095.5,close,1.163323782234957,4060.0
2022-10-31,-1,2022-10-31 09:50:00,13944.75,14033.5,13964.25,88.75,2022-10-31 11:24:00,13964.25,stop,-0.228169014084507,-405.0
2022-11-01,-1,2022-11-01 09:50:00,14041.0,14130.0,14130.0,89.0,2022-11-01 15:59:00,13841.0,close,2.2387640449438204,3985.0
2022-11-02,-1,2022-11-02 10:15:00,13777.5,13852.0,13852.0,74.5,2022-11-02 10:20:00,13792.0,counterattack_succeeds,-0.2046979865771812,-305.0
2022-11-03,-1,2022-11-03 09:55:00,13251.75,13359.5,13359.5,107.75,2022-11-03 10:15:00,13313.0,counterattack_succeeds,-0.5754060324825986,-1240.0
2022-11-07,-1,2022-11-07 09:50:00,13372.0,13479.75,13479.75,107.75,2022-11-07 09:56:00,13393.75,counterattack_succeeds,-0.2088167053364269,-450.0
2022-11-08,1,2022-11-08 10:20:00,13598.75,13525.25,13593.75,73.5,2022-11-08 13:30:00,13593.75,stop,-0.0782312925170068,-115.0
2022-11-09,1,2022-11-09 10:10:00,13547.0,13480.0,13480.0,67.0,2022-11-09 10:13:00,13524.25,counterattack_succeeds,-0.3507462686567164,-470.0
2022-11-10,1,2022-11-10 10:00:00,13962.0,13780.25,13780.25,181.75,2022-11-10 10:31:00,13900.75,counterattack_succeeds,-0.3411279229711141,-1240.0
2022-11-11,1,2022-11-11 09:50:00,14186.25,14080.25,14080.25,106.0,2022-11-11 09:56:00,14152.75,counterattack_succeeds,-0.3231132075471698,-685.0
2022-11-15,-1,2022-11-15 09:50:00,14492.75,14574.5,14574.5,81.75,2022-11-15 09:57:00,14516.75,counterattack_succeeds,-0.3027522935779816,-495.0
2022-11-16,-1,2022-11-16 09:50:00,14270.25,14347.25,14309.25,77.0,2022-11-16 12:44:00,14309.25,stop,-0.5162337662337663,-795.0
2022-11-17,1,2022-11-17 10:20:00,14170.5,14054.75,14115.5,115.75,2022-11-17 11:09:00,14115.5,stop,-0.4816414686825054,-1115.0
2022-11-18,-1,2022-11-18 09:50:00,14248.5,14353.5,14353.5,105.0,2022-11-18 09:53:00,14273.5,counterattack_succeeds,-0.2452380952380952,-515.0
2022-11-21,-1,2022-11-21 10:25:00,14117.25,14205.0,14205.0,87.75,2022-11-21 15:59:00,14098.25,close,0.2079772079772079,365.0
2022-11-23,1,2022-11-23 09:50:00,14331.0,14256.25,14312.75,74.75,2022-11-23 11:54:00,14312.75,stop,-0.2541806020066889,-380.0
2022-11-29,-1,2022-11-29 10:15:00,14080.75,14139.0,14139.0,58.25,2022-11-29 10:18:00,14110.25,counterattack_succeeds,-0.51931330472103,-605.0
2022-12-01,1,2022-12-01 09:50:00,14625.75,14542.5,14542.5,83.25,2022-12-01 10:08:00,14580.5,counterattack_succeeds,-0.5525525525525525,-920.0
2022-12-02,1,2022-12-02 10:15:00,14453.75,14355.25,14423.5,98.5,2022-12-02 10:28:00,14423.5,stop,-0.3147208121827411,-620.0
2022-12-05,-1,2022-12-05 10:10:00,14399.5,14483.25,14425.25,83.75,2022-12-05 10:27:00,14425.25,stop,-0.3164179104477612,-530.0
2022-12-06,-1,2022-12-06 09:55:00,14206.25,14316.75,14316.75,110.5,2022-12-06 15:59:00,14073.5,close,1.1945701357466063,2640.0
2022-12-07,-1,2022-12-07 09:50:00,13989.0,14107.25,14107.25,118.25,2022-12-07 10:05:00,14019.75,counterattack_succeeds,-0.266384778012685,-630.0
2022-12-08,1,2022-12-08 10:00:00,14111.75,13999.5,13999.5,112.25,2022-12-08 15:59:00,14156.25,close,0.3897550111358575,875.0
2022-12-13,-1,2022-12-13 10:25:00,14529.0,14687.25,14687.25,158.25,2022-12-13 15:59:00,14352.25,close,1.1121642969984202,3520.0
2022-12-14,1,2022-12-14 10:10:00,14423.25,14322.75,14322.75,100.5,2022-12-14 14:00:00,14322.75,stop,-1.007462686567164,-2025.0
2022-12-15,-1,2022-12-15 09:50:00,14000.0,14108.25,14015.25,108.25,2022-12-15 15:59:00,13853.25,close,1.348729792147806,2920.0
2022-12-16,1,2022-12-16 09:50:00,13880.25,13798.75,13798.75,81.5,2022-12-16 10:00:00,13848.25,counterattack_succeeds,-0.401840490797546,-655.0
2022-12-19,-1,2022-12-19 09:50:00,13663.75,13751.75,13751.75,88.0,2022-12-19 10:21:00,13683.25,counterattack_succeeds,-0.2301136363636363,-405.0
2022-12-20,1,2022-12-20 10:00:00,13561.25,13476.0,13476.0,85.25,2022-12-20 11:16:00,13531.5,counterattack_succeeds,-0.3577712609970674,-610.0
2022-12-21,1,2022-12-21 09:50:00,13661.75,13573.75,13573.75,88.0,2022-12-21 09:56:00,13627.0,counterattack_succeeds,-0.4034090909090909,-710.0
2022-12-22,-1,2022-12-22 09:50:00,13494.5,13601.0,13510.0,106.5,2022-12-22 09:56:00,13510.0,stop,-0.1525821596244131,-325.0
2022-12-23,1,2022-12-23 10:35:00,13463.5,13318.25,13318.25,145.25,2022-12-23 10:48:00,13435.75,counterattack_succeeds,-0.1962134251290878,-570.0
2022-12-27,-1,2022-12-27 09:50:00,13321.5,13448.75,13448.75,127.25,2022-12-27 09:53:00,13332.75,counterattack_succeeds,-0.0943025540275049,-240.0
2022-12-29,1,2022-12-29 10:10:00,13367.5,13249.25,13249.25,118.25,2022-12-29 15:59:00,13424.75,close,0.4778012684989429,1130.0
2022-12-30,-1,2022-12-30 09:50:00,13258.0,13340.5,13340.5,82.5,2022-12-30 09:53:00,13287.75,counterattack_succeeds,-0.3696969696969697,-610.0
2023-01-03,-1,2023-01-03 09:50:00,13462.75,13574.75,13477.25,112.0,2023-01-03 15:59:00,13335.5,close,1.1294642857142858,2530.0
2023-01-04,-1,2023-01-04 10:05:00,13308.25,13439.25,13439.25,131.0,2023-01-04 10:46:00,13355.5,counterattack_succeeds,-0.366412213740458,-960.0
2023-01-09,1,2023-01-09 09:50:00,13669.0,13587.5,13587.5,81.5,2023-01-09 15:32:00,13587.5,stop,-1.00920245398773,-1645.0
2023-01-10,1,2023-01-10 10:15:00,13649.0,13530.75,13530.75,118.25,2023-01-10 10:30:00,13601.25,counterattack_succeeds,-0.4101479915433403,-970.0
2023-01-11,1,2023-01-11 10:10:00,13752.0,13683.75,13683.75,68.25,2023-01-11 10:14:00,13744.0,counterattack_succeeds,-0.1282051282051282,-175.0
2023-01-12,-1,2023-01-12 09:50:00,13724.25,13911.5,13911.5,187.25,2023-01-12 10:01:00,13774.0,counterattack_succeeds,-0.2696929238985314,-1010.0
2023-01-13,1,2023-01-13 10:25:00,13908.75,13809.0,13855.25,99.75,2023-01-13 11:46:00,13855.25,stop,-0.543859649122807,-1085.0
2023-01-16,-1,2023-01-16 10:15:00,13977.25,14004.0,14004.0,26.75,2023-01-16 10:18:00,13981.5,counterattack_succeeds,-0.1869158878504672,-100.0
2023-01-17,1,2023-01-17 10:05:00,14056.0,13942.25,13942.25,113.75,2023-01-17 10:41:00,14000.75,counterattack_succeeds,-0.4923076923076923,-1120.0
2023-01-18,1,2023-01-18 10:05:00,14131.75,14065.0,14065.0,66.75,2023-01-18 10:19:00,14088.5,counterattack_succeeds,-0.6591760299625468,-880.0
2023-01-19,-1,2023-01-19 09:50:00,13752.0,13839.25,13839.25,87.25,2023-01-19 09:58:00,13797.5,counterattack_succeeds,-0.5300859598853869,-925.0
2023-01-20,1,2023-01-20 09:55:00,13848.25,13776.25,13776.25,72.0,2023-01-20 10:01:00,13824.75,counterattack_succeeds,-0.3368055555555556,-485.0
2023-01-23,1,2023-01-23 09:50:00,14175.25,14064.5,14064.5,110.75,2023-01-23 15:59:00,14324.25,close,1.3386004514672687,2965.0
2023-01-24,1,2023-01-24 09:55:00,14340.75,14233.0,14233.0,107.75,2023-01-24 10:00:00,14276.75,counterattack_succeeds,-0.6009280742459396,-1295.0
2023-01-25,-1,2023-01-25 09:55:00,14044.0,14116.75,14057.0,72.75,2023-01-25 10:31:00,14057.0,stop,-0.1890034364261168,-275.0
2023-01-26,-1,2023-01-26 09:55:00,14365.5,14467.75,14467.75,102.25,2023-01-26 10:17:00,14412.25,counterattack_succeeds,-0.4645476772616136,-950.0
2023-01-27,1,2023-01-27 09:50:00,14522.75,14434.5,14497.0,88.25,2023-01-27 10:55:00,14497.0,stop,-0.3002832861189802,-530.0
2023-01-30,1,2023-01-30 09:50:00,14512.0,14452.25,14452.25,59.75,2023-01-30 09:55:00,14475.25,counterattack_succeeds,-0.6276150627615062,-750.0
2023-01-31,1,2023-01-31 09:50:00,14434.0,14361.75,14361.75,72.25,2023-01-31 09:59:00,14399.75,counterattack_succeeds,-0.4844290657439446,-700.0
2023-02-02,1,2023-02-02 10:35:00,15183.25,15063.5,15063.5,119.75,2023-02-02 15:59:00,15248.0,close,0.534446764091858,1280.0
2023-02-03,1,2023-02-03 09:50:00,15119.5,14951.25,14951.25,168.25,2023-02-03 10:06:00,15070.5,counterattack_succeeds,-0.2956909361069836,-995.0
2023-02-06,1,2023-02-06 10:10:00,14982.0,14895.25,14895.25,86.75,2023-02-06 10:16:00,14913.0,counterattack_succeeds,-0.8040345821325648,-1395.0
2023-02-08,-1,2023-02-08 09:55:00,15073.75,15144.75,15144.75,71.0,2023-02-08 09:59:00,15083.25,counterattack_succeeds,-0.1443661971830986,-205.0
2023-02-09,-1,2023-02-09 10:30:00,15012.75,15121.25,15121.25,108.5,2023-02-09 10:34:00,15032.5,counterattack_succeeds,-0.1889400921658986,-410.0
2023-02-10,-1,2023-02-10 10:05:00,14698.5,14786.75,14786.75,88.25,2023-02-10 10:09:00,14732.5,counterattack_succeeds,-0.3937677053824363,-695.0
2023-02-13,1,2023-02-13 10:00:00,14853.75,14744.75,14744.75,109.0,2023-02-13 10:13:00,14813.75,counterattack_succeeds,-0.3738532110091743,-815.0
2023-02-14,1,2023-02-14 09:50:00,14935.25,14783.25,14783.25,152.0,2023-02-14 10:38:00,14902.25,counterattack_succeeds,-0.2220394736842105,-675.0
2023-02-15,1,2023-02-15 09:50:00,15020.5,14945.0,14945.0,75.5,2023-02-15 09:53:00,14989.0,counterattack_succeeds,-0.4271523178807947,-645.0
2023-02-16,1,2023-02-16 10:10:00,14973.25,14889.25,14889.25,84.0,2023-02-16 10:16:00,14959.0,counterattack_succeeds,-0.1785714285714285,-300.0
2023-02-17,-1,2023-02-17 09:50:00,14710.25,14816.5,14816.5,106.25,2023-02-17 10:04:00,14746.75,counterattack_succeeds,-0.3505882352941176,-745.0
2023-02-20,-1,2023-02-20 10:05:00,14777.0,14788.5,14779.25,11.5,2023-02-20 11:21:00,14779.25,stop,-0.2608695652173913,-60.0
2023-02-21,-1,2023-02-21 10:15:00,14584.25,14681.5,14620.75,97.25,2023-02-21 15:59:00,14490.75,close,0.9537275064267352,1855.0
2023-02-22,-1,2023-02-22 10:05:00,14486.75,14555.75,14555.75,69.0,2023-02-22 13:27:00,14555.75,stop,-1.0108695652173914,-1395.0
2023-02-23,-1,2023-02-23 10:25:00,14582.75,14652.5,14597.25,69.75,2023-02-23 14:32:00,14597.25,stop,-0.2186379928315412,-305.0
2023-02-24,-1,2023-02-24 09:50:00,14361.25,14435.75,14435.75,74.5,2023-02-24 10:04:00,14376.25,counterattack_succeeds,-0.2114093959731543,-315.0
2023-02-27,1,2023-02-27 10:00:00,14540.0,14502.25,14527.0,37.75,2023-02-27 10:36:00,14527.0,stop,-0.3642384105960264,-275.0
2023-02-28,1,2023-02-28 10:05:00,14506.25,14434.25,14434.25,72.0,2023-02-28 10:11:00,14476.75,counterattack_succeeds,-0.4201388888888889,-605.0
2023-03-01,1,2023-03-01 09:50:00,14467.5,14396.75,14396.75,70.75,2023-03-01 09:59:00,14443.0,counterattack_succeeds,-0.3568904593639576,-505.0
2023-03-02,1,2023-03-02 09:55:00,14292.5,14239.0,14239.0,53.5,2023-03-02 10:22:00,14273.0,counterattack_succeeds,-0.3785046728971962,-405.0
2023-03-03,1,2023-03-03 09:50:00,14559.25,14504.25,14523.75,55.0,2023-03-03 15:59:00,14705.25,close,2.640909090909091,2905.0
2023-03-06,1,2023-03-06 10:15:00,14801.25,14746.25,14746.25,55.0,2023-03-06 14:21:00,14746.25,stop,-1.0136363636363637,-1115.0
2023-03-07,-1,2023-03-07 10:05:00,14622.5,14753.75,14711.5,131.25,2023-03-07 15:59:00,14561.75,close,0.4571428571428571,1200.0
2023-03-08,1,2023-03-08 10:35:00,14610.25,14549.25,14549.25,61.0,2023-03-08 10:50:00,14571.0,counterattack_succeeds,-0.6557377049180327,-800.0
2023-03-09,1,2023-03-09 09:50:00,14714.25,14622.75,14622.75,91.5,2023-03-09 10:18:00,14675.75,counterattack_succeeds,-0.4289617486338797,-785.0
2023-03-13,1,2023-03-13 09:50:00,14242.0,14097.75,14097.75,144.25,2023-03-13 15:59:00,14323.0,close,0.5563258232235702,1605.0
2023-03-14,1,2023-03-14 10:25:00,14561.25,14468.25,14468.25,93.0,2023-03-14 14:08:00,14468.25,stop,-1.0080645161290325,-1875.0
2023-03-16,1,2023-03-16 10:00:00,14684.25,14581.5,14581.5,102.75,2023-03-16 10:10:00,14641.0,counterattack_succeeds,-0.4282238442822384,-880.0
2023-03-17,1,2023-03-17 10:05:00,15060.5,14959.25,14959.25,101.25,2023-03-17 10:13:00,15020.5,counterattack_succeeds,-0.4024691358024691,-815.0
2023-03-21,-1,2023-03-21 10:25:00,15018.25,15082.75,15082.75,64.5,2023-03-21 11:17:00,15042.5,counterattack_succeeds,-0.3875968992248062,-500.0
2023-03-22,1,2023-03-22 10:20:00,15148.25,15118.75,15148.0,29.5,2023-03-22 12:22:00,15148.0,stop,-0.0338983050847457,-20.0
2023-03-23,1,2023-03-23 10:10:00,15179.5,15114.75,15114.75,64.75,2023-03-23 14:25:00,15114.75,stop,-1.0115830115830116,-1310.0
2023-03-28,-1,2023-03-28 10:35:00,14918.5,15044.75,15044.75,126.25,2023-03-28 11:04:00,14952.0,counterattack_succeeds,-0.2712871287128713,-685.0
2023-03-29,1,2023-03-29 10:05:00,15195.75,15148.5,15148.5,47.25,2023-03-29 10:11:00,15173.0,counterattack_succeeds,-0.4973544973544973,-470.0
2023-03-31,1,2023-03-31 09:50:00,15415.75,15347.75,15347.75,68.0,2023-03-31 10:04:00,15406.0,counterattack_succeeds,-0.1544117647058823,-210.0
2023-04-03,1,2023-04-03 09:50:00,15527.75,15465.75,15465.75,62.0,2023-04-03 09:54:00,15509.0,counterattack_succeeds,-0.314516129032258,-390.0
2023-04-04,1,2023-04-04 10:05:00,15570.25,15499.5,15558.25,70.75,2023-04-04 10:19:00,15558.25,stop,-0.1802120141342756,-255.0
2023-04-05,-1,2023-04-05 09:50:00,15393.5,15449.5,15449.5,56.0,2023-04-05 09:58:00,15412.25,counterattack_succeeds,-0.3482142857142857,-390.0
2023-04-06,1,2023-04-06 10:10:00,15293.75,15225.0,15225.0,68.75,2023-04-06 10:44:00,15278.5,counterattack_succeeds,-0.2327272727272727,-320.0
2023-04-10,-1,2023-04-10 09:50:00,15250.75,15317.75,15317.75,67.0,2023-04-10 10:13:00,15271.0,counterattack_succeeds,-0.3134328358208955,-420.0
2023-04-11,-1,2023-04-11 10:15:00,15352.0,15428.0,15374.75,76.0,2023-04-11 13:30:00,15374.75,stop,-0.3092105263157895,-470.0
2023-04-12,-1,2023-04-12 10:35:00,15340.5,15448.0,15448.0,107.5,2023-04-12 15:59:00,15225.75,close,1.0604651162790697,2280.0
2023-04-13,1,2023-04-13 10:10:00,15363.5,15287.25,15287.25,76.25,2023-04-13 15:59:00,15478.0,close,1.4918032786885247,2275.0
2023-04-14,1,2023-04-14 09:55:00,15503.75,15401.0,15401.0,102.75,2023-04-14 10:08:00,15477.0,counterattack_succeeds,-0.267639902676399,-550.0
2023-04-18,1,2023-04-18 09:50:00,15561.5,15526.5,15526.5,35.0,2023-04-18 09:57:00,15542.0,counterattack_succeeds,-0.5785714285714286,-405.0
2023-04-20,1,2023-04-20 10:10:00,15404.75,15313.75,15313.75,91.0,2023-04-20 11:07:00,15378.0,counterattack_succeeds,-0.3021978021978022,-550.0
2023-04-21,-1,2023-04-21 09:55:00,15290.0,15341.5,15341.5,51.5,2023-04-21 10:18:00,15316.75,counterattack_succeeds,-0.5339805825242718,-550.0
2023-04-25,-1,2023-04-25 09:50:00,15246.0,15282.75,15282.75,36.75,2023-04-25 10:01:00,15268.5,counterattack_succeeds,-0.6326530612244898,-465.0
2023-04-26,1,2023-04-26 10:00:00,15228.25,15166.75,15166.75,61.5,2023-04-26 10:09:00,15214.0,counterattack_succeeds,-0.2439024390243902,-300.0
2023-04-27,1,2023-04-27 10:10:00,15321.0,15281.0,15316.0,40.0,2023-04-27 15:59:00,15498.75,close,4.425,3540.0
2023-04-28,1,2023-04-28 10:15:00,15533.0,15439.75,15439.75,93.25,2023-04-28 10:38:00,15509.75,counterattack_succeeds,-0.257372654155496,-480.0
2023-05-02,-1,2023-05-02 10:10:00,15532.5,15580.75,15535.0,48.25,2023-05-02 15:59:00,15452.25,close,1.6476683937823835,1590.0
2023-05-03,1,2023-05-03 09:55:00,15504.5,15455.25,15455.25,49.25,2023-05-03 10:06:00,15484.0,counterattack_succeeds,-0.4314720812182741,-425.0
2023-05-04,-1,2023-05-04 10:25:00,15288.25,15353.5,15353.5,65.25,2023-05-04 10:36:00,15303.25,counterattack_succeeds,-0.2413793103448276,-315.0
2023-05-05,1,2023-05-05 10:00:00,15458.25,15391.75,15391.75,66.5,2023-05-05 15:59:00,15591.5,close,1.9924812030075187,2650.0
2023-05-08,-1,2023-05-08 09:55:00,15529.25,15577.75,15577.75,48.5,2023-05-08 10:01:00,15546.5,counterattack_succeeds,-0.3711340206185567,-360.0
2023-05-09,1,2023-05-09 10:00:00,15577.5,15542.0,15542.0,35.5,2023-05-09 10:09:00,15563.5,counterattack_succeeds,-0.4154929577464789,-295.0
2023-05-11,-1,2023-05-11 10:35:00,15644.25,15700.75,15700.75,56.5,2023-05-11 10:46:00,15649.75,counterattack_succeeds,-0.1106194690265486,-125.0
2023-05-12,-1,2023-05-12 09:50:00,15711.25,15754.75,15754.75,43.5,2023-05-12 09:53:00,15729.0,counterattack_succeeds,-0.425287356321839,-370.0
2023-05-15,-1,2023-05-15 09:55:00,15655.75,15687.0,15660.0,31.25,2023-05-15 10:35:00,15660.0,stop,-0.16,-100.0
2023-05-16,1,2023-05-16 10:30:00,15772.5,15702.0,15702.0,70.5,2023-05-16 10:37:00,15752.25,counterattack_succeeds,-0.2978723404255319,-420.0
2023-05-17,-1,2023-05-17 09:50:00,15773.25,15807.5,15807.5,34.25,2023-05-17 10:19:00,15784.25,counterattack_succeeds,-0.3430656934306569,-235.0
2023-05-18,1,2023-05-18 10:10:00,15998.75,15920.25,15920.25,78.5,2023-05-18 15:59:00,16157.25,close,2.0095541401273884,3155.0
2023-05-19,-1,2023-05-19 09:50:00,16155.25,16196.5,16162.25,41.25,2023-05-19 09:59:00,16162.25,stop,-0.1878787878787878,-155.0
2023-05-23,1,2023-05-23 10:10:00,16138.5,16089.75,16089.75,48.75,2023-05-23 10:13:00,16126.75,counterattack_succeeds,-0.2564102564102564,-250.0
2023-05-24,-1,2023-05-24 10:05:00,15884.75,15942.5,15942.5,57.75,2023-05-24 10:17:00,15892.5,counterattack_succeeds,-0.1471861471861472,-170.0
2023-05-26,1,2023-05-26 09:50:00,16363.5,16282.25,16282.25,81.25,2023-05-26 15:59:00,16600.5,close,2.907692307692308,4725.0
2023-05-29,1,2023-05-29 10:30:00,16650.25,16635.75,16646.0,14.5,2023-05-29 11:20:00,16646.0,stop,-0.3448275862068966,-100.0
2023-05-30,-1,2023-05-30 09:55:00,16707.25,16827.0,16827.0,119.75,2023-05-30 15:59:00,16664.75,close,0.348643006263048,835.0
2023-05-31,-1,2023-05-31 10:15:00,16591.25,16661.75,16603.5,70.5,2023-05-31 13:35:00,16603.5,stop,-0.1843971631205673,-260.0
2023-06-02,-1,2023-06-02 09:50:00,16809.5,16895.25,16895.25,85.75,2023-06-02 09:53:00,16814.0,counterattack_succeeds,-0.0612244897959183,-105.0
2023-06-06,1,2023-06-06 10:25:00,16845.75,16772.0,16828.25,73.75,2023-06-06 11:25:00,16828.25,stop,-0.247457627118644,-365.0
2023-06-07,-1,2023-06-07 10:20:00,16849.0,16942.5,16942.5,93.5,2023-06-07 15:59:00,16599.25,close,2.663101604278075,4980.0
2023-06-08,1,2023-06-08 10:15:00,16674.0,16595.5,16595.5,78.5,2023-06-08 10:19:00,16664.0,counterattack_succeeds,-0.1369426751592356,-215.0
2023-06-09,1,2023-06-09 09:55:00,16933.75,16824.5,16824.5,109.25,2023-06-09 10:42:00,16881.75,counterattack_succeeds,-0.482837528604119,-1055.0
2023-06-12,-1,2023-06-12 10:20:00,16858.0,16905.0,16905.0,47.0,2023-06-12 10:24:00,16884.0,counterattack_succeeds,-0.5691489361702128,-535.0
2023-06-13,-1,2023-06-13 09:50:00,17127.0,17212.5,17149.75,85.5,2023-06-13 11:08:00,17149.75,stop,-0.2748538011695906,-470.0
2023-06-14,1,2023-06-14 09:50:00,17201.0,17136.5,17184.25,64.5,2023-06-14 14:00:00,17184.25,stop,-0.2713178294573643,-350.0
2023-06-15,1,2023-06-15 09:55:00,17298.5,17198.5,17264.5,100.0,2023-06-15 15:59:00,17461.5,close,1.6225,3245.0
2023-06-19,-1,2023-06-19 10:15:00,17315.25,17337.0,17337.0,21.75,2023-06-19 10:22:00,17323.0,counterattack_succeeds,-0.3908045977011494,-170.0
2023-06-20,1,2023-06-20 09:50:00,17381.5,17288.5,17288.5,93.0,2023-06-20 09:54:00,17352.25,counterattack_succeeds,-0.3225806451612903,-600.0
2023-06-21,-1,2023-06-21 09:50:00,17241.0,17303.25,17303.25,62.25,2023-06-21 15:59:00,17129.25,close,1.783132530120482,2220.0
2023-06-22,1,2023-06-22 09:50:00,17153.75,17048.0,17048.0,105.75,2023-06-22 15:59:00,17296.75,close,1.3451536643026003,2845.0
2023-06-23,-1,2023-06-23 09:50:00,17076.5,17171.75,17171.75,95.25,2023-06-23 09:56:00,17115.25,counterattack_succeeds,-0.4146981627296588,-790.0
2023-06-26,1,2023-06-26 09:55:00,17207.75,17108.5,17108.5,99.25,2023-06-26 10:33:00,17172.25,counterattack_succeeds,-0.3652392947103274,-725.0
2023-06-28,1,2023-06-28 10:20:00,17198.25,17109.5,17184.75,88.75,2023-06-28 12:43:00,17184.75,stop,-0.1605633802816901,-285.0
2023-06-29,-1,2023-06-29 10:10:00,17143.25,17228.75,17228.75,85.5,2023-06-29 10:22:00,17175.25,counterattack_succeeds,-0.3830409356725146,-655.0
2023-06-30,1,2023-06-30 09:50:00,17411.25,17322.5,17322.5,88.75,2023-06-30 15:59:00,17415.0,close,0.0338028169014084,60.0
2023-07-04,-1,2023-07-04 09:50:00,17446.5,17452.5,17452.5,6.0,2023-07-04 09:58:00,17447.5,counterattack_succeeds,-0.2916666666666667,-35.0
2023-07-05,1,2023-07-05 10:20:00,17490.5,17376.5,17376.5,114.0,2023-07-05 11:18:00,17460.0,counterattack_succeeds,-0.2741228070175439,-625.0
2023-07-06,-1,2023-07-06 09:55:00,17221.5,17298.25,17298.25,76.75,2023-07-06 10:00:00,17240.25,counterattack_succeeds,-0.254071661237785,-390.0
2023-07-07,1,2023-07-07 09:50:00,17332.0,17272.75,17272.75,59.25,2023-07-07 10:16:00,17322.75,counterattack_succeeds,-0.1687763713080168,-200.0
2023-07-10,-1,2023-07-10 09:55:00,17203.25,17298.75,17298.75,95.5,2023-07-10 10:08:00,17237.75,counterattack_succeeds,-0.369109947643979,-705.0
2023-07-11,-1,2023-07-11 10:05:00,17217.25,17317.5,17317.5,100.25,2023-07-11 10:20:00,17235.0,counterattack_succeeds,-0.1845386533665835,-370.0
2023-07-12,1,2023-07-12 09:50:00,17534.5,17492.5,17516.5,42.0,2023-07-12 11:35:00,17516.5,stop,-0.4464285714285714,-375.0
2023-07-13,1,2023-07-13 09:55:00,17703.75,17636.25,17636.25,67.5,2023-07-13 10:07:00,17664.5,counterattack_succeeds,-0.5925925925925926,-800.0
2023-07-14,1,2023-07-14 09:55:00,17890.0,17805.5,17854.0,84.5,2023-07-14 10:46:00,17854.0,stop,-0.4349112426035503,-735.0
2023-07-17,-1,2023-07-17 09:50:00,17805.25,17865.5,17865.5,60.25,2023-07-17 09:54:00,17816.0,counterattack_succeeds,-0.1908713692946058,-230.0
2023-07-20,-1,2023-07-20 10:05:00,17906.25,17976.25,17916.0,70.0,2023-07-20 15:59:00,17672.0,close,3.335714285714286,4670.0
2023-07-21,-1,2023-07-21 09:50:00,17728.0,17803.25,17737.25,75.25,2023-07-21 13:58:00,17737.25,stop,-0.132890365448505,-200.0
2023-07-24,-1,2023-07-24 09:50:00,17642.75,17702.75,17702.75,60.0,2023-07-24 10:22:00,17665.0,counterattack_succeeds,-0.3833333333333333,-460.0
2023-07-25,1,2023-07-25 09:50:00,17729.0,17671.75,17715.25,57.25,2023-07-25 10:28:00,17715.25,stop,-0.2532751091703056,-290.0
2023-07-27,-1,2023-07-27 10:25:00,17903.0,17978.5,17978.5,75.5,2023-07-27 10:47:00,17914.75,counterattack_succeeds,-0.1655629139072847,-250.0
2023-07-28,1,2023-07-28 09:50:00,17885.0,17799.75,17799.75,85.25,2023-07-28 09:58:00,17879.5,counterattack_succeeds,-0.0733137829912023,-125.0
2023-07-31,-1,2023-07-31 10:35:00,17922.25,17981.25,17981.25,59.0,2023-07-31 10:39:00,17934.25,counterattack_succeeds,-0.2161016949152542,-255.0
2023-08-01,-1,2023-08-01 10:15:00,17839.75,17888.0,17888.0,48.25,2023-08-01 10:28:00,17856.25,counterattack_succeeds,-0.3575129533678756,-345.0
2023-08-02,-1,2023-08-02 10:10:00,17640.0,17752.75,17752.75,112.75,2023-08-02 15:59:00,17552.25,close,0.7716186252771619,1740.0
2023-08-03,1,2023-08-03 09:50:00,17520.75,17435.25,17435.25,85.5,2023-08-03 10:10:00,17491.75,counterattack_succeeds,-0.347953216374269,-595.0
2023-08-04,-1,2023-08-04 09:55:00,17556.5,17667.5,17667.5,111.0,2023-08-04 10:33:00,17586.0,counterattack_succeeds,-0.2725225225225225,-605.0
2023-08-08,-1,2023-08-08 09:50:00,17370.75,17463.5,17463.5,92.75,2023-08-08 15:59:00,17434.25,close,-0.692722371967655,-1285.0
2023-08-09,-1,2023-08-09 10:25:00,17348.5,17452.5,17374.75,104.0,2023-08-09 14:19:00,17374.75,stop,-0.2596153846153846,-540.0
2023-08-10,1,2023-08-10 09:50:00,17461.5,17357.25,17357.25,104.25,2023-08-10 10:46:00,17399.25,counterattack_succeeds,-0.60431654676259,-1260.0
2023-08-11,1,2023-08-11 10:15:00,17215.25,17141.25,17141.25,74.0,2023-08-11 10:51:00,17198.0,counterattack_succeeds,-0.2432432432432432,-360.0
2023-08-14,1,2023-08-14 09:55:00,17199.5,17119.0,17119.0,80.5,2023-08-14 10:01:00,17187.5,counterattack_succeeds,-0.1583850931677018,-255.0
2023-08-15,-1,2023-08-15 10:05:00,17244.5,17343.25,17343.25,98.75,2023-08-15 15:59:00,17189.5,close,0.549367088607595,1085.0
2023-08-16,1,2023-08-16 09:50:00,17204.0,17135.0,17135.0,69.0,2023-08-16 09:53:00,17180.25,counterattack_succeeds,-0.3550724637681159,-490.0
2023-08-17,-1,2023-08-17 09:55:00,16999.25,17091.5,17027.75,92.25,2023-08-17 12:28:00,17027.75,stop,-0.3170731707317073,-585.0
2023-08-21,1,2023-08-21 10:00:00,16997.25,16889.5,16889.5,107.75,2023-08-21 10:16:00,16968.0,counterattack_succeeds,-0.2784222737819025,-600.0
2023-08-22,-1,2023-08-22 09:55:00,17099.75,17176.25,17176.25,76.5,2023-08-22 10:04:00,17101.75,counterattack_succeeds,-0.0359477124183006,-55.0
2023-08-23,1,2023-08-23 09:50:00,17139.25,17083.5,17083.5,55.75,2023-08-23 15:59:00,17282.0,close,2.5470852017937218,2840.0
2023-08-24,-1,2023-08-24 09:50:00,17285.25,17423.75,17423.75,138.5,2023-08-24 09:55:00,17303.25,counterattack_succeeds,-0.1353790613718411,-375.0
2023-08-25,1,2023-08-25 10:15:00,17083.0,16976.25,16976.25,106.75,2023-08-25 10:21:00,17023.25,counterattack_succeeds,-0.5667447306791569,-1210.0
2023-08-29,1,2023-08-29 09:50:00,17249.25,17146.75,17146.75,102.5,2023-08-29 15:59:00,17497.5,close,2.414634146341464,4950.0
2023-08-30,1,2023-08-30 09:55:00,17547.5,17470.5,17470.5,77.0,2023-08-30 10:21:00,17525.5,counterattack_succeeds,-0.2954545454545454,-455.0
2023-08-31,1,2023-08-31 10:00:00,17650.75,17572.75,17620.75,78.0,2023-08-31 12:21:00,17620.75,stop,-0.3942307692307692,-615.0
2023-09-01,-1,2023-09-01 09:50:00,17601.25,17736.75,17736.75,135.5,2023-09-01 09:57:00,17626.0,counterattack_succeeds,-0.1881918819188192,-510.0
2023-09-04,1,2023-09-04 09:55:00,17660.0,17638.25,17638.25,21.75,2023-09-04 10:02:00,17657.5,counterattack_succeeds,-0.1494252873563218,-65.0
2023-09-05,-1,2023-09-05 10:05:00,17529.75,17591.0,17591.0,61.25,2023-09-05 10:12:00,17574.25,counterattack_succeeds,-0.7387755102040816,-905.0
2023-09-06,-1,2023-09-06 10:05:00,17495.75,17591.25,17591.25,95.5,2023-09-06 15:59:00,17482.0,close,0.1361256544502617,260.0
2023-09-08,1,2023-09-08 10:15:00,17447.25,17354.0,17354.0,93.25,2023-09-08 10:34:00,17436.0,counterattack_succeeds,-0.128686327077748,-240.0
2023-09-11,-1,2023-09-11 10:00:00,17449.5,17532.25,17475.5,82.75,2023-09-11 11:25:00,17475.5,stop,-0.323262839879154,-535.0
2023-09-12,1,2023-09-12 10:00:00,17536.75,17473.0,17473.0,63.75,2023-09-12 10:21:00,17523.75,counterattack_succeeds,-0.2156862745098039,-275.0
2023-09-13,-1,2023-09-13 10:10:00,17374.5,17451.25,17451.25,76.75,2023-09-13 10:24:00,17383.75,counterattack_succeeds,-0.1302931596091205,-200.0
2023-09-14,-1,2023-09-14 09:55:00,17450.0,17528.0,17476.0,78.0,2023-09-14 10:30:00,17476.0,stop,-0.3429487179487179,-535.0
2023-09-19,-1,2023-09-19 10:00:00,17193.25,17262.5,17262.5,69.25,2023-09-19 13:47:00,17262.5,stop,-1.0108303249097472,-1400.0
2023-09-20,-1,2023-09-20 10:15:00,17262.25,17319.75,17319.75,57.5,2023-09-20 10:24:00,17265.25,counterattack_succeeds,-0.0652173913043478,-75.0
2023-09-21,-1,2023-09-21 09:55:00,16828.5,16909.5,16909.5,81.0,2023-09-21 10:10:00,16865.0,counterattack_succeeds,-0.4598765432098765,-745.0
2023-09-22,1,2023-09-22 10:00:00,16839.5,16777.25,16812.0,62.25,2023-09-22 10:15:00,16812.0,stop,-0.4538152610441767,-565.0
2023-09-26,-1,2023-09-26 09:50:00,16688.25,16735.5,16735.5,47.25,2023-09-26 10:46:00,16693.0,counterattack_succeeds,-0.1164021164021164,-110.0
2023-09-27,-1,2023-09-27 10:05:00,16630.0,16682.5,16682.5,52.5,2023-09-27 10:28:00,16656.0,counterattack_succeeds,-0.5095238095238095,-535.0
2023-09-28,1,2023-09-28 09:55:00,16622.0,16547.25,16547.25,74.75,2023-09-28 10:31:00,16590.5,counterattack_succeeds,-0.431438127090301,-645.0
2023-09-29,1,2023-09-29 09:55:00,16918.75,16866.0,16866.0,52.75,2023-09-29 10:19:00,16902.75,counterattack_succeeds,-0.3175355450236967,-335.0
2023-10-02,1,2023-10-02 10:05:00,16871.5,16737.0,16737.0,134.5,2023-10-02 10:11:00,16830.0,counterattack_succeeds,-0.3141263940520446,-845.0
2023-10-03,1,2023-10-03 09:50:00,16820.25,16762.75,16762.75,57.5,2023-10-03 10:01:00,16786.5,counterattack_succeeds,-0.6,-690.0
2023-10-05,-1,2023-10-05 09:50:00,16736.5,16815.75,16746.75,79.25,2023-10-05 13:49:00,16746.75,stop,-0.138801261829653,-220.0
2023-10-06,1,2023-10-06 10:25:00,16713.25,16591.5,16591.5,121.75,2023-10-06 15:59:00,17002.5,close,2.3696098562628336,5770.0
2023-10-09,1,2023-10-09 09:50:00,16948.5,16838.75,16838.75,109.75,2023-10-09 10:03:00,16918.25,counterattack_succeeds,-0.2824601366742597,-620.0
2023-10-10,1,2023-10-10 10:00:00,17129.75,17069.25,17069.25,60.5,2023-10-10 15:59:00,17159.5,close,0.4793388429752066,580.0
2023-10-11,-1,2023-10-11 10:05:00,17199.75,17276.5,17276.5,76.75,2023-10-11 10:21:00,17215.75,counterattack_succeeds,-0.2182410423452769,-335.0
2023-10-12,1,2023-10-12 10:10:00,17312.0,17255.25,17296.75,56.75,2023-10-12 10:44:00,17296.75,stop,-0.2819383259911894,-320.0
2023-10-13,-1,2023-10-13 10:15:00,17178.25,17256.0,17194.75,77.75,2023-10-13 15:59:00,17010.75,close,2.144694533762058,3335.0
2023-10-16,1,2023-10-16 10:25:00,17171.5,17058.0,17058.0,113.5,2023-10-16 15:59:00,17182.75,close,0.092511013215859,210.0
2023-10-17,-1,2023-10-17 09:50:00,16973.25,17031.25,17031.25,58.0,2023-10-17 10:07:00,16996.75,counterattack_succeeds,-0.418103448275862,-485.0
2023-10-18,1,2023-10-18 10:20:00,17089.5,17014.75,17014.75,74.75,2023-10-18 10:27:00,17071.5,counterattack_succeeds,-0.2508361204013378,-375.0
2023-10-19,-1,2023-10-19 10:30:00,16893.0,16998.25,16998.25,105.25,2023-10-19 10:36:00,16925.0,counterattack_succeeds,-0.3111638954869358,-655.0
2023-10-20,-1,2023-10-20 10:15:00,16672.75,16774.75,16702.25,102.0,2023-10-20 15:59:00,16550.5,close,1.1911764705882353,2430.0
2023-10-23,1,2023-10-23 10:00:00,16525.5,16403.5,16500.25,122.0,2023-10-23 15:59:00,16595.25,close,0.5655737704918032,1380.0
2023-10-25,-1,2023-10-25 09:50:00,16502.5,16638.5,16638.5,136.0,2023-10-25 09:56:00,16524.5,counterattack_succeeds,-0.1672794117647058,-455.0
2023-10-26,-1,2023-10-26 09:50:00,16252.5,16348.25,16348.25,95.75,2023-10-26 10:51:00,16262.5,counterattack_succeeds,-0.1122715404699739,-215.0
2023-10-27,-1,2023-10-27 09:50:00,16186.25,16238.5,16221.0,52.25,2023-10-27 10:04:00,16221.0,stop,-0.6794258373205742,-710.0
2023-10-30,1,2023-10-30 09:50:00,16352.5,16224.0,16224.0,128.5,2023-10-30 10:11:00,16314.25,counterattack_succeeds,-0.3035019455252918,-780.0
2023-11-01,1,2023-11-01 10:20:00,16464.75,16404.5,16404.5,60.25,2023-11-01 15:59:00,16632.0,close,2.763485477178423,3330.0
2023-11-02,-1,2023-11-02 10:10:00,16781.5,16841.75,16841.75,60.25,2023-11-02 10:22:00,16798.0,counterattack_succeeds,-0.2863070539419087,-345.0
2023-11-03,1,2023-11-03 09:50:00,17004.5,16929.75,16929.75,74.75,2023-11-03 10:24:00,16978.5,counterattack_succeeds,-0.3578595317725752,-535.0
2023-11-06,-1,2023-11-06 10:15:00,17076.5,17146.75,17146.75,70.25,2023-11-06 10:21:00,17102.5,counterattack_succeeds,-0.3807829181494662,-535.0
2023-11-07,1,2023-11-07 10:00:00,17187.0,17113.25,17113.25,73.75,2023-11-07 10:09:00,17173.25,counterattack_succeeds,-0.1966101694915254,-290.0
2023-11-08,-1,2023-11-08 10:05:00,17246.25,17305.5,17276.25,59.25,2023-11-08 14:32:00,17276.25,stop,-0.5189873417721519,-615.0
2023-11-09,1,2023-11-09 10:00:00,17312.0,17254.75,17254.75,57.25,2023-11-09 10:05:00,17283.5,counterattack_succeeds,-0.5109170305676856,-585.0
2023-11-13,-1,2023-11-13 09:55:00,17365.0,17428.25,17428.25,63.25,2023-11-13 09:59:00,17380.25,counterattack_succeeds,-0.2529644268774703,-320.0
2023-11-14,1,2023-11-14 10:00:00,17751.25,17679.5,17742.25,71.75,2023-11-14 10:20:00,17742.25,stop,-0.1358885017421602,-195.0
2023-11-15,-1,2023-11-15 09:55:00,17808.25,17862.75,17862.75,54.5,2023-11-15 10:17:00,17825.0,counterattack_succeeds,-0.3211009174311927,-350.0
2023-11-16,1,2023-11-16 09:50:00,17757.25,17714.5,17714.5,42.75,2023-11-16 10:20:00,17735.75,counterattack_succeeds,-0.52046783625731,-445.0
2023-11-20,1,2023-11-20 10:00:00,17885.25,17784.0,17784.0,101.25,2023-11-20 10:14:00,17863.75,counterattack_succeeds,-0.219753086419753,-445.0
2023-11-21,-1,2023-11-21 10:25:00,17834.25,17910.0,17910.0,75.75,2023-11-21 15:59:00,17877.75,close,-0.5841584158415841,-885.0
2023-11-22,-1,2023-11-22 09:55:00,17948.25,18062.75,17965.5,114.5,2023-11-22 10:30:00,17965.5,stop,-0.1572052401746725,-360.0
2023-11-23,-1,2023-11-23 10:05:00,17943.25,17958.5,17958.5,15.25,2023-11-23 10:10:00,17947.5,counterattack_succeeds,-0.3278688524590163,-100.0
2023-11-27,1,2023-11-27 10:10:00,17933.25,17859.5,17859.5,73.75,2023-11-27 10:13:00,17910.0,counterattack_succeeds,-0.3254237288135593,-480.0
2023-11-28,-1,2023-11-28 09:55:00,17849.5,17896.75,17896.75,47.25,2023-11-28 10:01:00,17865.75,counterattack_succeeds,-0.3597883597883597,-340.0
2023-11-29,-1,2023-11-29 10:10:00,18013.0,18097.75,18097.75,84.75,2023-11-29 15:59:00,17915.0,close,1.1474926253687316,1945.0
2023-11-30,-1,2023-11-30 10:05:00,17811.0,17940.75,17940.75,129.75,2023-11-30 10:15:00,17862.5,counterattack_succeeds,-0.4026974951830443,-1045.0
2023-12-04,-1,2023-12-04 10:15:00,17721.0,17765.75,17723.5,44.75,2023-12-04 12:15:00,17723.5,stop,-0.0726256983240223,-65.0
2023-12-05,1,2023-12-05 09:55:00,17741.25,17672.5,17737.25,68.75,2023-12-05 11:53:00,17737.25,stop,-0.069090909090909,-95.0
2023-12-06,-1,2023-12-06 10:05:00,17810.25,17927.0,17927.0,116.75,2023-12-06 10:09:00,17831.75,counterattack_succeeds,-0.1905781584582441,-445.0
2023-12-07,1,2023-12-07 10:25:00,17882.75,17796.25,17869.5,86.5,2023-12-07 11:12:00,17869.5,stop,-0.1618497109826589,-280.0
2023-12-08,1,2023-12-08 10:05:00,17934.0,17836.5,17909.5,97.5,2023-12-08 11:38:00,17909.5,stop,-0.258974358974359,-505.0
2023-12-11,1,2023-12-11 10:10:00,18057.75,17958.0,17958.0,99.75,2023-12-11 10:29:00,18036.25,counterattack_succeeds,-0.2230576441102756,-445.0
2023-12-12,1,2023-12-12 10:00:00,18145.0,18074.5,18074.5,70.5,2023-12-12 15:59:00,18254.25,close,1.5390070921985817,2170.0
2023-12-15,1,2023-12-15 10:30:00,18540.25,18456.75,18456.75,83.5,2023-12-15 11:13:00,18515.5,counterattack_succeeds,-0.3053892215568862,-510.0
2023-12-18,1,2023-12-18 10:00:00,18555.5,18509.25,18548.75,46.25,2023-12-18 10:46:00,18548.75,stop,-0.1621621621621621,-150.0
2023-12-19,1,2023-12-19 10:35:00,18674.25,18621.25,18621.25,53.0,2023-12-19 10:40:00,18654.75,counterattack_succeeds,-0.3820754716981132,-405.0
2023-12-20,1,2023-12-20 10:10:00,18713.0,18647.75,18647.75,65.25,2023-12-20 14:39:00,18647.75,stop,-1.011494252873563,-1320.0
2023-12-21,-1,2023-12-21 10:00:00,18570.25,18635.5,18585.25,65.25,2023-12-21 10:20:00,18585.25,stop,-0.2413793103448276,-315.0
2023-12-27,-1,2023-12-27 10:15:00,18738.75,18798.5,18798.5,59.75,2023-12-27 13:12:00,18798.5,stop,-1.0125523012552302,-1210.0
2024-01-02,-1,2024-01-02 09:50:00,18414.25,18550.25,18550.25,136.0,2024-01-02 10:01:00,18456.75,counterattack_succeeds,-0.3180147058823529,-865.0
2024-01-03,-1,2024-01-03 10:15:00,18246.5,18319.0,18267.0,72.5,2024-01-03 10:58:00,18267.0,stop,-0.293103448275862,-425.0
2024-01-04,1,2024-01-04 10:10:00,18190.5,18120.0,18175.0,70.5,2024-01-04 10:26:00,18175.0,stop,-0.2304964539007092,-325.0
2024-01-05,1,2024-01-05 10:05:00,18217.25,18114.25,18114.25,103.0,2024-01-05 13:16:00,18114.25,stop,-1.0072815533980584,-2075.0
2024-01-08,1,2024-01-08 09:55:00,18269.25,18182.25,18182.25,87.0,2024-01-08 15:59:00,18478.0,close,2.3908045977011496,4160.0
2024-01-09,1,2024-01-09 10:10:00,18397.0,18337.25,18337.25,59.75,2024-01-09 10:33:00,18390.25,counterattack_succeeds,-0.1255230125523012,-150.0
2024-01-10,-1,2024-01-10 09:55:00,18499.75,18550.75,18550.75,51.0,2024-01-10 10:13:00,18520.0,counterattack_succeeds,-0.4117647058823529,-420.0
2024-01-11,-1,2024-01-11 09:50:00,18626.0,18720.25,18720.25,94.25,2024-01-11 15:59:00,18642.25,close,-0.1803713527851458,-340.0
2024-01-12,-1,2024-01-12 10:05:00,18635.75,18715.75,18715.75,80.0,2024-01-12 10:08:00,18673.0,counterattack_succeeds,-0.475,-760.0
2024-01-15,-1,2024-01-15 09:50:00,18621.5,18643.0,18633.5,21.5,2024-01-15 10:29:00,18633.5,stop,-0.5930232558139535,-255.0
2024-01-16,1,2024-01-16 10:20:00,18641.5,18547.0,18547.0,94.5,2024-01-16 11:13:00,18618.0,counterattack_succeeds,-0.2566137566137566,-485.0
2024-01-17,-1,2024-01-17 10:20:00,18407.5,18519.75,18519.75,112.25,2024-01-17 10:25:00,18411.75,counterattack_succeeds,-0.0445434298440979,-100.0
2024-01-18,-1,2024-01-18 10:05:00,18668.75,18731.0,18731.0,62.25,2024-01-18 10:12:00,18697.5,counterattack_succeeds,-0.4738955823293173,-590.0
2024-01-19,1,2024-01-19 09:55:00,18886.75,18843.0,18843.0,43.75,2024-01-19 10:03:00,18879.75,counterattack_succeeds,-0.1771428571428571,-155.0
2024-01-22,-1,2024-01-22 10:30:00,19164.75,19261.75,19261.75,97.0,2024-01-22 15:59:00,19137.5,close,0.2731958762886597,530.0
2024-01-24,1,2024-01-24 10:20:00,19379.75,19314.25,19371.5,65.5,2024-01-24 11:13:00,19371.5,stop,-0.1374045801526717,-180.0
2024-01-26,-1,2024-01-26 10:05:00,19204.0,19247.75,19247.75,43.75,2024-01-26 10:13:00,19215.25,counterattack_succeeds,-0.2742857142857143,-240.0
2024-01-31,-1,2024-01-31 10:15:00,19013.25,19103.25,19035.75,90.0,2024-01-31 12:04:00,19035.75,stop,-0.2583333333333333,-465.0
2024-02-01,1,2024-02-01 10:10:00,19029.25,18971.0,18971.0,58.25,2024-02-01 10:14:00,19014.0,counterattack_succeeds,-0.2746781115879828,-320.0
2024-02-02,1,2024-02-02 10:00:00,19267.25,19142.25,19239.75,125.0,2024-02-02 10:31:00,19239.75,stop,-0.226,-565.0
2024-02-05,-1,2024-02-05 10:05:00,19332.0,19414.0,19414.0,82.0,2024-02-05 14:37:00,19414.0,stop,-1.0091463414634143,-1655.0
2024-02-06,-1,2024-02-06 09:50:00,19374.75,19444.5,19444.5,69.75,2024-02-06 15:59:00,19338.5,close,0.5089605734767025,710.0
2024-02-07,1,2024-02-07 10:15:00,19484.0,19399.75,19399.75,84.25,2024-02-07 15:59:00,19518.0,close,0.3946587537091988,665.0
2024-02-08,1,2024-02-08 10:20:00,19534.0,19484.75,19484.75,49.25,2024-02-08 10:23:00,19528.0,counterattack_succeeds,-0.1370558375634517,-135.0
2024-02-09,1,2024-02-09 10:00:00,19617.0,19551.75,19551.75,65.25,2024-02-09 15:59:00,19715.75,close,1.5019157088122606,1960.0
2024-02-13,1,2024-02-13 09:55:00,19355.25,19263.5,19263.5,91.75,2024-02-13 10:01:00,19342.0,counterattack_succeeds,-0.1525885558583106,-280.0
2024-02-14,1,2024-02-14 10:20:00,19502.0,19419.75,19419.75,82.25,2024-02-14 10:39:00,19484.5,counterattack_succeeds,-0.2218844984802431,-365.0
2024-02-15,-1,2024-02-15 09:55:00,19502.0,19580.0,19580.0,78.0,2024-02-15 10:10:00,19518.5,counterattack_succeeds,-0.2211538461538461,-345.0
2024-02-16,-1,2024-02-16 09:55:00,19452.75,19606.75,19606.75,154.0,2024-02-16 15:59:00,19423.75,close,0.1834415584415584,565.0
2024-02-19,-1,2024-02-19 10:20:00,19459.5,19484.25,19484.25,24.75,2024-02-19 10:28:00,19462.0,counterattack_succeeds,-0.1313131313131313,-65.0
2024-02-20,-1,2024-02-20 10:05:00,19215.25,19400.75,19400.75,185.5,2024-02-20 10:58:00,19249.0,counterattack_succeeds,-0.1859838274932614,-690.0
2024-02-21,1,2024-02-21 10:05:00,19199.25,19132.25,19132.25,67.0,2024-02-21 10:09:00,19172.5,counterattack_succeeds,-0.4104477611940298,-550.0
2024-02-22,1,2024-02-22 09:50:00,19622.75,19540.75,19540.75,82.0,2024-02-22 09:54:00,19585.75,counterattack_succeeds,-0.4603658536585366,-755.0
2024-02-23,-1,2024-02-23 10:00:00,19756.75,19821.5,19821.5,64.75,2024-02-23 15:59:00,19663.25,close,1.4324324324324325,1855.0
2024-02-26,-1,2024-02-26 10:00:00,19661.75,19727.5,19727.5,65.75,2024-02-26 10:05:00,19671.75,counterattack_succeeds,-0.1634980988593156,-215.0
2024-02-27,1,2024-02-27 10:20:00,19704.75,19617.75,19617.75,87.0,2024-02-27 10:24:00,19690.5,counterattack_succeeds,-0.1724137931034483,-300.0
2024-02-28,-1,2024-02-28 09:55:00,19563.25,19623.25,19623.25,60.0,2024-02-28 10:09:00,19587.75,counterattack_succeeds,-0.4208333333333333,-505.0
2024-02-29,-1,2024-02-29 10:15:00,19664.75,19749.25,19749.25,84.5,2024-02-29 10:26:00,19706.0,counterattack_succeeds,-0.4970414201183432,-840.0
2024-03-01,1,2024-03-01 10:10:00,19849.5,19770.5,19820.5,79.0,2024-03-01 15:59:00,20011.75,close,2.0443037974683542,3230.0
2024-03-05,-1,2024-03-05 10:00:00,19716.25,19812.0,19812.0,95.75,2024-03-05 10:04:00,19754.75,counterattack_succeeds,-0.4099216710182767,-785.0
2024-03-06,-1,2024-03-06 09:55:00,19739.25,19803.25,19746.5,64.0,2024-03-06 10:50:00,19746.5,stop,-0.125,-160.0
2024-03-07,1,2024-03-07 10:30:00,19914.25,19838.75,19895.25,75.5,2024-03-07 15:59:00,19986.0,close,0.9403973509933776,1420.0
2024-03-08,1,2024-03-08 09:50:00,20033.0,19964.75,20024.0,68.25,2024-03-08 10:46:00,20024.0,stop,-0.1428571428571428,-195.0
2024-03-11,-1,2024-03-11 10:00:00,19576.5,19676.75,19598.75,100.25,2024-03-11 10:09:00,19598.75,stop,-0.2294264339152119,-460.0
2024-03-12,1,2024-03-12 10:25:00,19786.75,19633.25,19633.25,153.5,2024-03-12 15:59:00,19903.5,close,0.755700325732899,2320.0
2024-03-13,-1,2024-03-13 09:50:00,19781.5,19859.0,19859.0,77.5,2024-03-13 10:44:00,19801.25,counterattack_succeeds,-0.2645161290322581,-410.0
2024-03-14,-1,2024-03-14 09:50:00,19701.75,19824.0,19824.0,122.25,2024-03-14 10:31:00,19762.25,counterattack_succeeds,-0.5010224948875256,-1225.0
2024-03-18,1,2024-03-18 10:25:00,19784.25,19703.5,19771.0,80.75,2024-03-18 11:02:00,19771.0,stop,-0.1733746130030959,-280.0
2024-03-21,-1,2024-03-21 09:50:00,20064.5,20135.0,20081.5,70.5,2024-03-21 10:08:00,20081.5,stop,-0.25177304964539,-355.0
2024-03-22,1,2024-03-22 10:05:00,19983.5,19931.0,19931.0,52.5,2024-03-22 10:10:00,19967.25,counterattack_succeeds,-0.3238095238095238,-340.0
2024-03-25,1,2024-03-25 09:55:00,19910.0,19840.75,19892.75,69.25,2024-03-25 15:59:00,19935.5,close,0.3574007220216607,495.0
2024-03-26,1,2024-03-26 10:05:00,20032.5,19976.0,19976.0,56.5,2024-03-26 10:11:00,20011.75,counterattack_succeeds,-0.3805309734513274,-430.0
2024-03-27,-1,2024-03-27 09:55:00,19893.5,19997.75,19997.75,104.25,2024-03-27 15:59:00,19932.75,close,-0.3836930455635491,-800.0
2024-03-28,1,2024-03-28 09:55:00,19954.5,19883.25,19883.25,71.25,2024-03-28 10:09:00,19930.5,counterattack_succeeds,-0.3473684210526316,-495.0
2024-04-02,-1,2024-04-02 10:15:00,19643.0,19718.0,19718.0,75.0,2024-04-02 10:22:00,19652.0,counterattack_succeeds,-0.13,-195.0
2024-04-03,1,2024-04-03 10:05:00,19778.25,19665.5,19665.5,112.75,2024-04-03 15:59:00,19796.75,close,0.1574279379157428,355.0
2024-04-04,-1,2024-04-04 09:55:00,19944.25,19994.0,19957.5,49.75,2024-04-04 11:57:00,19957.5,stop,-0.2814070351758794,-280.0
2024-04-05,1,2024-04-05 09:55:00,19650.75,19528.5,19600.5,122.25,2024-04-05 15:59:00,19719.0,close,0.5521472392638037,1350.0
2024-04-08,1,2024-04-08 10:30:00,19765.75,19663.5,19663.5,102.25,2024-04-08 11:03:00,19757.75,counterattack_succeeds,-0.0855745721271393,-175.0
2024-04-09,-1,2024-04-09 10:30:00,19708.25,19831.0,19831.0,122.75,2024-04-09 15:59:00,19788.25,close,-0.6578411405295316,-1615.0
2024-04-11,-1,2024-04-11 10:15:00,19638.25,19700.0,19700.0,61.75,2024-04-11 10:32:00,19664.5,counterattack_succeeds,-0.437246963562753,-540.0
2024-04-12,1,2024-04-12 09:55:00,19759.25,19707.0,19707.0,52.25,2024-04-12 10:04:00,19718.5,counterattack_succeeds,-0.7942583732057417,-830.0
2024-04-15,-1,2024-04-15 10:10:00,19666.25,19765.0,19687.0,98.75,2024-04-15 15:59:00,19302.25,close,3.678481012658228,7265.0
2024-04-16,1,2024-04-16 10:00:00,19323.5,19260.75,19260.75,62.75,2024-04-16 10:04:00,19306.75,counterattack_succeeds,-0.2788844621513944,-350.0
2024-04-17,-1,2024-04-17 09:50:00,19330.75,19385.5,19341.25,54.75,2024-04-17 15:59:00,19080.25,close,4.561643835616438,4995.0
2024-04-19,-1,2024-04-19 10:15:00,18838.0,18927.5,18927.5,89.5,2024-04-19 15:59:00,18607.75,close,2.564245810055866,4590.0
2024-04-22,1,2024-04-22 09:50:00,18754.25,18690.0,18690.0,64.25,2024-04-22 09:59:00,18719.5,counterattack_succeeds,-0.5525291828793775,-710.0
2024-04-23,1,2024-04-23 09:50:00,18912.25,18839.75,18881.25,72.5,2024-04-23 15:59:00,19033.25,close,1.6586206896551725,2405.0
2024-04-25,1,2024-04-25 10:15:00,18837.25,18734.25,18734.25,103.0,2024-04-25 10:42:00,18791.25,counterattack_succeeds,-0.4538834951456311,-935.0
2024-04-26,1,2024-04-26 09:55:00,19207.0,19094.25,19094.25,112.75,2024-04-26 15:59:00,19265.25,close,0.5099778270509978,1150.0
2024-05-01,-1,2024-05-01 10:05:00,18874.5,18943.5,18943.5,69.0,2024-05-01 10:28:00,18902.5,counterattack_succeeds,-0.4166666666666667,-575.0
2024-05-02,-1,2024-05-02 09:50:00,18918.25,19028.5,19028.5,110.25,2024-05-02 09:57:00,18948.5,counterattack_succeeds,-0.2811791383219955,-620.0
2024-05-03,1,2024-05-03 09:50:00,19420.75,19345.25,19345.25,75.5,2024-05-03 10:09:00,19355.25,counterattack_succeeds,-0.8774834437086093,-1325.0
2024-05-06,1,2024-05-06 10:00:00,19535.75,19468.75,19523.0,67.0,2024-05-06 10:10:00,19523.0,stop,-0.2014925373134328,-270.0
2024-05-07,-1,2024-05-07 10:00:00,19619.5,19662.0,19662.0,42.5,2024-05-07 10:15:00,19641.0,counterattack_succeeds,-0.5235294117647059,-445.0
2024-05-08,1,2024-05-08 09:50:00,19581.5,19504.5,19504.5,77.0,2024-05-08 15:59:00,19609.0,close,0.3474025974025974,535.0
2024-05-09,-1,2024-05-09 09:50:00,19540.5,19630.0,19630.0,89.5,2024-05-09 09:56:00,19570.75,counterattack_succeeds,-0.3463687150837989,-620.0
2024-05-10,1,2024-05-10 09:50:00,19768.25,19683.25,19747.75,85.0,2024-05-10 10:00:00,19747.75,stop,-0.25,-425.0
2024-05-13,-1,2024-05-13 09:50:00,19687.5,19762.25,19762.25,74.75,2024-05-13 09:59:00,19702.5,counterattack_succeeds,-0.2107023411371237,-315.0
2024-05-14,1,2024-05-14 10:25:00,19769.75,19691.5,19691.5,78.25,2024-05-14 10:38:00,19733.5,counterattack_succeeds,-0.4728434504792332,-740.0
2024-05-15,-1,2024-05-15 09:50:00,19901.75,19958.0,19958.0,56.25,2024-05-15 10:01:00,19926.5,counterattack_succeeds,-0.4533333333333333,-510.0
2024-05-16,1,2024-05-16 09:50:00,20130.75,20098.0,20098.0,32.75,2024-05-16 10:07:00,20116.75,counterattack_succeeds,-0.4503816793893129,-295.0
2024-05-17,-1,2024-05-17 10:10:00,20057.75,20093.5,20093.5,35.75,2024-05-17 10:21:00,20068.75,counterattack_succeeds,-0.3286713286713286,-235.0
2024-05-20,1,2024-05-20 09:55:00,20168.75,20061.25,20061.25,107.5,2024-05-20 15:59:00,20192.25,close,0.2116279069767442,455.0
2024-05-21,1,2024-05-21 09:55:00,20143.25,20104.0,20104.0,39.25,2024-05-21 09:59:00,20129.5,counterattack_succeeds,-0.3694267515923566,-290.0
2024-05-23,-1,2024-05-23 09:55:00,20282.25,20408.5,20408.5,126.25,2024-05-23 10:40:00,20338.75,counterattack_succeeds,-0.4534653465346535,-1145.0
2024-05-24,1,2024-05-24 10:05:00,20208.25,20159.0,20201.0,49.25,2024-05-24 15:59:00,20300.25,close,1.8527918781725887,1825.0
2024-05-28,-1,2024-05-28 09:50:00,20273.5,20362.5,20362.5,89.0,2024-05-28 10:04:00,20310.5,counterattack_succeeds,-0.4241573033707865,-755.0
2024-05-29,1,2024-05-29 09:55:00,20268.25,20187.0,20187.0,81.25,2024-05-29 10:09:00,20238.5,counterattack_succeeds,-0.3753846153846153,-610.0
2024-05-30,-1,2024-05-30 10:35:00,20114.0,20195.5,20125.0,81.5,2024-05-30 12:05:00,20125.0,stop,-0.1441717791411043,-235.0
2024-05-31,-1,2024-05-31 09:55:00,19970.25,20057.5,20057.5,87.25,2024-05-31 15:59:00,20024.75,close,-0.6332378223495702,-1105.0
2024-06-03,-1,2024-06-03 09:55:00,20115.25,20175.75,20175.75,60.5,2024-06-03 10:01:00,20131.0,counterattack_succeeds,-0.2727272727272727,-330.0
2024-06-05,1,2024-06-05 10:25:00,20302.0,20239.75,20239.75,62.25,2024-06-05 15:59:00,20503.25,close,3.2208835341365463,4010.0
2024-06-06,-1,2024-06-06 09:50:00,20492.5,20541.75,20541.75,49.25,2024-06-06 10:37:00,20523.75,counterattack_succeeds,-0.649746192893401,-640.0
2024-06-07,1,2024-06-07 09:55:00,20480.75,20418.5,20418.5,62.25,2024-06-07 09:58:00,20453.25,counterattack_succeeds,-0.4538152610441767,-565.0
2024-06-10,1,2024-06-10 10:30:00,20461.25,20403.75,20448.25,57.5,2024-06-10 15:59:00,20538.25,close,1.326086956521739,1525.0
2024-06-11,-1,2024-06-11 09:50:00,20440.75,20513.5,20513.5,72.75,2024-06-11 10:05:00,20480.0,counterattack_succeeds,-0.5498281786941581,-800.0
2024-06-12,1,2024-06-12 09:50:00,20920.75,20800.75,20906.0,120.0,2024-06-12 14:00:00,20906.0,stop,-0.1291666666666666,-310.0
2024-06-13,-1,2024-06-13 10:15:00,21012.5,21089.5,21089.5,77.0,2024-06-13 15:59:00,21019.0,close,-0.0941558441558441,-145.0
2024-06-14,1,2024-06-14 09:50:00,21049.5,20982.25,20982.25,67.25,2024-06-14 10:13:00,21021.0,counterattack_succeeds,-0.4349442379182156,-585.0
2024-06-17,-1,2024-06-17 09:50:00,21072.5,21138.0,21138.0,65.5,2024-06-17 09:55:00,21096.0,counterattack_succeeds,-0.3702290076335878,-485.0
2024-06-18,-1,2024-06-18 09:50:00,21339.5,21383.0,21383.0,43.5,2024-06-18 09:55:00,21347.0,counterattack_succeeds,-0.1896551724137931,-165.0
2024-06-19,-1,2024-06-19 10:35:00,21389.75,21416.5,21416.5,26.75,2024-06-19 10:43:00,21400.0,counterattack_succeeds,-0.411214953271028,-220.0
2024-06-20,-1,2024-06-20 10:10:00,21355.5,21425.5,21425.5,70.0,2024-06-20 10:57:00,21364.0,counterattack_succeeds,-0.1321428571428571,-185.0
2024-06-21,-1,2024-06-21 09:50:00,21121.75,21192.0,21192.0,70.25,2024-06-21 10:01:00,21137.75,counterattack_succeeds,-0.2384341637010676,-335.0
2024-06-24,-1,2024-06-24 09:50:00,21034.25,21129.25,21129.25,95.0,2024-06-24 09:55:00,21103.5,counterattack_succeeds,-0.7368421052631579,-1400.0
2024-06-25,1,2024-06-25 10:05:00,21038.5,20956.25,20956.25,82.25,2024-06-25 15:59:00,21131.0,close,1.115501519756839,1835.0
2024-06-26,1,2024-06-26 09:50:00,21142.0,21083.25,21108.5,58.75,2024-06-26 11:09:00,21108.5,stop,-0.5829787234042553,-685.0
2024-06-27,1,2024-06-27 10:15:00,21274.5,21153.75,21153.75,120.75,2024-06-27 10:19:00,21249.0,counterattack_succeeds,-0.217391304347826,-525.0
2024-06-28,1,2024-06-28 09:50:00,21290.0,21203.25,21203.25,86.75,2024-06-28 11:02:00,21260.5,counterattack_succeeds,-0.3487031700288184,-605.0
2024-07-01,-1,2024-07-01 09:50:00,21027.5,21149.75,21149.75,122.25,2024-07-01 10:01:00,21077.75,counterattack_succeeds,-0.4171779141104294,-1020.0
2024-07-03,1,2024-07-03 09:50:00,21431.75,21380.0,21399.5,51.75,2024-07-03 13:14:00,21583.5,close,2.917874396135266,3020.0
2024-07-04,-1,2024-07-04 09:50:00,21551.25,21570.25,21554.25,19.0,2024-07-04 11:31:00,21554.25,stop,-0.1973684210526315,-75.0
2024-07-05,1,2024-07-05 10:00:00,21678.5,21604.25,21604.25,74.25,2024-07-05 10:09:00,21644.5,counterattack_succeeds,-0.468013468013468,-695.0
2024-07-09,-1,2024-07-09 10:25:00,21882.5,21928.5,21928.5,46.0,2024-07-09 10:38:00,21888.0,counterattack_succeeds,-0.1358695652173913,-125.0
2024-07-10,1,2024-07-10 09:50:00,21938.25,21885.5,21885.5,52.75,2024-07-10 09:58:00,21920.5,counterattack_succeeds,-0.3507109004739336,-370.0
2024-07-11,-1,2024-07-11 09:55:00,22001.25,22066.25,22066.25,65.0,2024-07-11 09:58:00,22030.5,counterattack_succeeds,-0.4615384615384615,-600.0
2024-07-12,1,2024-07-12 09:50:00,21659.5,21589.25,21589.25,70.25,2024-07-12 15:59:00,21704.5,close,0.6298932384341637,885.0
2024-07-15,1,2024-07-15 10:25:00,21836.25,21759.25,21825.25,77.0,2024-07-15 12:05:00,21825.25,stop,-0.1525974025974026,-235.0
2024-07-16,-1,2024-07-16 09:50:00,21766.75,21848.5,21799.75,81.75,2024-07-16 15:59:00,21763.5,close,0.0305810397553516,50.0
2024-07-17,-1,2024-07-17 10:00:00,21373.0,21445.5,21376.75,72.5,2024-07-17 15:59:00,21156.0,close,2.9827586206896552,4325.0
2024-07-18,-1,2024-07-18 09:55:00,21188.5,21313.25,21313.25,124.75,2024-07-18 09:58:00,21231.25,counterattack_succeeds,-0.3486973947895792,-870.0
2024-07-19,-1,2024-07-19 10:30:00,20965.75,21140.5,21140.5,174.75,2024-07-19 11:01:00,21021.5,counterattack_succeeds,-0.3233190271816881,-1130.0
2024-07-22,1,2024-07-22 09:50:00,21185.25,21046.75,21046.75,138.5,2024-07-22 09:58:00,21134.0,counterattack_succeeds,-0.3754512635379061,-1040.0
2024-07-24,-1,2024-07-24 10:00:00,20675.5,20817.75,20817.75,142.25,2024-07-24 15:59:00,20368.5,close,2.152899824253076,6125.0
2024-07-25,-1,2024-07-25 09:55:00,20265.25,20390.75,20390.75,125.5,2024-07-25 10:44:00,20301.75,counterattack_succeeds,-0.2968127490039841,-745.0
2024-07-26,-1,2024-07-26 09:50:00,20227.0,20330.25,20330.25,103.25,2024-07-26 09:53:00,20271.5,counterattack_succeeds,-0.4382566585956416,-905.0
2024-07-29,1,2024-07-29 10:00:00,20522.25,20386.0,20386.0,136.25,2024-07-29 10:04:00,20505.25,counterattack_succeeds,-0.1302752293577981,-355.0
2024-07-30,-1,2024-07-30 09:55:00,20394.0,20483.75,20483.75,89.75,2024-07-30 15:59:00,20102.75,close,3.236768802228412,5810.0
2024-07-31,1,2024-07-31 10:10:00,20608.25,20474.75,20577.5,133.5,2024-07-31 10:54:00,20577.5,stop,-0.2359550561797752,-630.0
2024-08-01,-1,2024-08-01 10:30:00,20610.75,20801.0,20801.0,190.25,2024-08-01 15:59:00,20191.25,close,2.2010512483574245,8375.0
2024-08-02,-1,2024-08-02 10:10:00,19640.5,19925.0,19717.0,284.5,2024-08-02 11:36:00,19717.0,stop,-0.2715289982425307,-1545.0
2024-08-05,1,2024-08-05 09:50:00,19084.5,18673.25,18673.25,411.25,2024-08-05 10:13:00,19031.25,counterattack_succeeds,-0.1313069908814589,-1080.0
2024-08-06,1,2024-08-06 10:15:00,19346.5,19135.0,19310.75,211.5,2024-08-06 10:30:00,19310.75,stop,-0.1725768321513002,-730.0
2024-08-07,-1,2024-08-07 10:30:00,19597.5,19704.75,19704.75,107.25,2024-08-07 10:33:00,19629.25,counterattack_succeeds,-0.303030303030303,-650.0
2024-08-08,1,2024-08-08 10:05:00,19439.5,19294.5,19395.25,145.0,2024-08-08 15:59:00,19683.25,close,1.6758620689655173,4860.0
2024-08-09,-1,2024-08-09 10:00:00,19595.75,19692.75,19692.75,97.0,2024-08-09 10:04:00,19635.25,counterattack_succeeds,-0.4149484536082474,-805.0
2024-08-12,-1,2024-08-12 10:00:00,19704.75,19836.5,19836.5,131.75,2024-08-12 10:03:00,19729.75,counterattack_succeeds,-0.1954459203036053,-515.0
2024-08-13,1,2024-08-13 09:50:00,20066.5,19980.25,19980.25,86.25,2024-08-13 09:56:00,20035.75,counterattack_succeeds,-0.3652173913043478,-630.0
2024-08-14,-1,2024-08-14 09:55:00,20193.5,20339.5,20339.5,146.0,2024-08-14 10:05:00,20211.75,counterattack_succeeds,-0.1301369863013698,-380.0
2024-08-15,1,2024-08-15 09:50:00,20573.5,20500.25,20500.25,73.25,2024-08-15 15:59:00,20751.25,close,2.416382252559727,3540.0
2024-08-16,1,2024-08-16 10:20:00,20747.25,20626.5,20626.5,120.75,2024-08-16 10:49:00,20676.5,counterattack_succeeds,-0.5921325051759835,-1430.0
2024-08-19,-1,2024-08-19 10:20:00,20698.5,20781.0,20781.0,82.5,2024-08-19 10:23:00,20738.0,counterattack_succeeds,-0.4878787878787878,-805.0
2024-08-20,1,2024-08-20 09:55:00,21072.25,20981.0,20981.0,91.25,2024-08-20 10:12:00,21026.25,counterattack_succeeds,-0.5123287671232877,-935.0
2024-08-21,1,2024-08-21 09:55:00,21028.25,20977.0,20977.0,51.25,2024-08-21 10:16:00,21010.25,counterattack_succeeds,-0.3658536585365853,-375.0
2024-08-22,-1,2024-08-22 10:10:00,21072.0,21189.25,21189.25,117.25,2024-08-22 15:59:00,20749.5,close,2.744136460554371,6435.0
2024-08-23,1,2024-08-23 10:05:00,21010.5,20870.5,20870.5,140.0,2024-08-23 10:48:00,20900.5,counterattack_succeeds,-0.7910714285714285,-2215.0
2024-08-26,-1,2024-08-26 09:50:00,20893.75,20965.5,20965.5,71.75,2024-08-26 09:53:00,20908.0,counterattack_succeeds,-0.2090592334494773,-300.0
2024-08-27,1,2024-08-27 09:55:00,20713.0,20618.25,20618.25,94.75,2024-08-27 09:58:00,20700.75,counterattack_succeeds,-0.1372031662269129,-260.0
2024-08-28,-1,2024-08-28 09:50:00,20715.0,20820.5,20820.5,105.5,2024-08-28 10:27:00,20754.0,counterattack_succeeds,-0.3767772511848341,-795.0
2024-08-29,1,2024-08-29 09:50:00,20779.75,20642.25,20642.25,137.5,2024-08-29 10:06:00,20766.25,counterattack_succeeds,-0.1036363636363636,-285.0
2024-08-30,1,2024-08-30 10:10:00,20743.75,20678.0,20723.25,65.75,2024-08-30 10:21:00,20723.25,stop,-0.3231939163498099,-425.0
2024-09-02,-1,2024-09-02 10:10:00,20771.5,20807.5,20807.5,36.0,2024-09-02 10:32:00,20782.0,counterattack_succeeds,-0.3125,-225.0
2024-09-03,-1,2024-09-03 09:55:00,20504.75,20647.25,20647.25,142.5,2024-09-03 10:02:00,20543.25,counterattack_succeeds,-0.2754385964912281,-785.0
2024-09-04,1,2024-09-04 09:50:00,20148.5,20024.0,20112.75,124.5,2024-09-04 10:00:00,20112.75,stop,-0.2931726907630522,-730.0
2024-09-05,1,2024-09-05 09:55:00,20198.5,20049.0,20185.0,149.5,2024-09-05 10:47:00,20185.0,stop,-0.0953177257525083,-285.0
2024-09-06,-1,2024-09-06 10:25:00,19849.5,20131.25,20131.25,281.75,2024-09-06 15:59:00,19622.5,close,0.80301685891748,4525.0
2024-09-09,1,2024-09-09 10:00:00,19851.0,19768.75,19837.0,82.25,2024-09-09 10:04:00,19837.0,stop,-0.1793313069908814,-295.0
2024-09-10,-1,2024-09-10 10:15:00,19875.0,19985.75,19985.75,110.75,2024-09-10 10:26:00,19898.5,counterattack_succeeds,-0.218961625282167,-485.0
2024-09-11,-1,2024-09-11 10:10:00,19936.0,20070.5,20070.5,134.5,2024-09-11 12:20:00,20070.5,stop,-1.0055762081784387,-2705.0
2024-09-12,-1,2024-09-12 09:50:00,20373.25,20452.75,20452.75,79.5,2024-09-12 09:53:00,20396.0,counterattack_succeeds,-0.2955974842767295,-470.0
2024-09-13,1,2024-09-13 10:10:00,20671.0,20562.25,20562.25,108.75,2024-09-13 10:14:00,20648.75,counterattack_succeeds,-0.2114942528735632,-460.0
2024-09-16,1,2024-09-16 10:15:00,20622.5,20495.75,20495.75,126.75,2024-09-16 10:18:00,20601.75,counterattack_succeeds,-0.1696252465483234,-430.0
2024-09-17,-1,2024-09-17 09:50:00,20683.75,20763.25,20763.25,79.5,2024-09-17 10:03:00,20706.25,counterattack_succeeds,-0.2924528301886792,-465.0
2024-09-18,-1,2024-09-18 10:20:00,20601.75,20671.0,20671.0,69.25,2024-09-18 10:28:00,20612.25,counterattack_succeeds,-0.1624548736462094,-225.0
2024-09-19,1,2024-09-19 10:20:00,21020.25,20938.25,21006.5,82.0,2024-09-19 10:55:00,21006.5,stop,-0.1768292682926829,-290.0
2024-09-20,-1,2024-09-20 10:00:00,20935.5,21017.0,21017.0,81.5,2024-09-20 15:39:00,21017.0,stop,-1.00920245398773,-1645.0
2024-09-23,1,2024-09-23 09:50:00,21034.75,20965.75,20965.75,69.0,2024-09-23 10:00:00,21001.0,counterattack_succeeds,-0.5,-690.0
2024-09-24,-1,2024-09-24 10:05:00,20938.25,21088.5,21088.5,150.25,2024-09-24 11:17:00,21048.0,counterattack_succeeds,-0.7354409317803661,-2210.0
2024-09-25,1,2024-09-25 10:00:00,21166.0,21072.5,21072.5,93.5,2024-09-25 11:29:00,21139.0,counterattack_succeeds,-0.2967914438502674,-555.0
2024-09-26,-1,2024-09-26 10:25:00,21316.0,21452.0,21452.0,136.0,2024-09-26 15:59:00,21275.5,close,0.2922794117647059,795.0
2024-09-27,-1,2024-09-27 10:20:00,21222.0,21317.5,21317.5,95.5,2024-09-27 10:29:00,21272.0,counterattack_succeeds,-0.5314136125654451,-1015.0
2024-09-30,-1,2024-09-30 10:15:00,21103.0,21194.5,21111.75,91.5,2024-09-30 10:29:00,21111.75,stop,-0.1038251366120218,-190.0
2024-10-01,-1,2024-10-01 09:50:00,20977.75,21200.5,21012.75,222.75,2024-10-01 14:32:00,21012.75,stop,-0.1604938271604938,-715.0
2024-10-02,1,2024-10-02 10:20:00,20932.25,20770.5,20770.5,161.75,2024-10-02 10:23:00,20896.5,counterattack_succeeds,-0.2256568778979907,-730.0
2024-10-03,1,2024-10-03 09:55:00,20945.5,20829.25,20829.25,116.25,2024-10-03 10:23:00,20883.5,counterattack_succeeds,-0.5397849462365591,-1255.0
2024-10-04,-1,2024-10-04 09:55:00,21083.25,21173.5,21173.5,90.25,2024-10-04 15:57:00,21173.5,stop,-1.0083102493074791,-1820.0
2024-10-07,-1,2024-10-07 09:55:00,21039.25,21098.25,21098.25,59.0,2024-10-07 10:01:00,21058.25,counterattack_succeeds,-0.3347457627118644,-395.0
2024-10-08,1,2024-10-08 09:55:00,21073.25,21004.25,21004.25,69.0,2024-10-08 15:59:00,21234.5,close,2.3260869565217392,3210.0
2024-10-09,1,2024-10-09 10:15:00,21235.5,21173.0,21228.5,62.5,2024-10-09 15:59:00,21392.75,close,2.504,3130.0
2024-10-10,-1,2024-10-10 09:50:00,21246.5,21324.5,21324.5,78.0,2024-10-10 09:53:00,21276.5,counterattack_succeeds,-0.3942307692307692,-615.0
2024-10-11,1,2024-10-11 09:50:00,21292.25,21249.25,21260.0,43.0,2024-10-11 15:59:00,21384.25,close,2.122093023255814,1825.0
2024-10-14,1,2024-10-14 09:50:00,21574.0,21475.5,21526.75,98.5,2024-10-14 10:51:00,21526.75,stop,-0.4873096446700508,-960.0
2024-10-15,-1,2024-10-15 10:15:00,21516.75,21593.75,21593.75,77.0,2024-10-15 15:59:00,21278.0,close,3.090909090909091,4760.0
2024-10-16,-1,2024-10-16 10:00:00,21158.75,21291.75,21291.75,133.0,2024-10-16 10:04:00,21176.75,counterattack_succeeds,-0.1409774436090225,-375.0
2024-10-18,1,2024-10-18 10:10:00,21448.5,21367.5,21367.5,81.0,2024-10-18 10:14:00,21428.25,counterattack_succeeds,-0.2592592592592592,-420.0
2024-10-21,1,2024-10-21 09:50:00,21424.5,21357.25,21406.75,67.25,2024-10-21 10:38:00,21406.75,stop,-0.275092936802974,-370.0
2024-10-22,1,2024-10-22 10:15:00,21447.25,21304.0,21304.0,143.25,2024-10-22 10:48:00,21390.5,counterattack_succeeds,-0.4013961605584642,-1150.0
2024-10-23,-1,2024-10-23 10:05:00,21318.25,21397.25,21397.25,79.0,2024-10-23 10:30:00,21353.0,counterattack_succeeds,-0.4493670886075949,-710.0
2024-10-24,-1,2024-10-24 09:50:00,21237.0,21310.75,21310.75,73.75,2024-10-24 10:00:00,21272.0,counterattack_succeeds,-0.4847457627118644,-715.0
2024-10-25,1,2024-10-25 09:50:00,21549.75,21424.75,21424.75,125.0,2024-10-25 13:44:00,21424.75,stop,-1.006,-2515.0
2024-10-28,-1,2024-10-28 09:55:00,21472.75,21561.25,21561.25,88.5,2024-10-28 09:58:00,21493.5,counterattack_succeeds,-0.2429378531073446,-430.0
2024-10-29,1,2024-10-29 10:25:00,21522.5,21366.75,21366.75,155.75,2024-10-29 15:59:00,21630.25,close,0.6869983948635634,2140.0
2024-10-30,1,2024-10-30 10:20:00,21613.75,21477.25,21477.25,136.5,2024-10-30 10:51:00,21585.75,counterattack_succeeds,-0.2106227106227106,-575.0
2024-10-31,-1,2024-10-31 09:50:00,21112.5,21303.75,21303.75,191.25,2024-10-31 15:59:00,20945.75,close,0.8679738562091504,3320.0
2024-11-01,1,2024-11-01 10:00:00,21106.0,20992.0,20992.0,114.0,2024-11-01 10:04:00,21081.5,counterattack_succeeds,-0.2214912280701754,-505.0
2024-11-04,1,2024-11-04 10:20:00,21095.75,20947.5,20947.5,148.25,2024-11-04 15:59:00,21019.75,close,-0.5177065767284992,-1535.0
2024-11-05,1,2024-11-05 09:50:00,21184.0,21081.5,21167.0,102.5,2024-11-05 15:59:00,21275.75,close,0.8878048780487805,1820.0
2024-11-07,1,2024-11-07 10:00:00,22043.5,21938.5,21938.5,105.0,2024-11-07 10:34:00,22027.0,counterattack_succeeds,-0.1642857142857142,-345.0
2024-11-08,-1,2024-11-08 10:10:00,22110.5,22166.75,22166.75,56.25,2024-11-08 10:19:00,22130.0,counterattack_succeeds,-0.36,-405.0
2024-11-11,-1,2024-11-11 09:50:00,22130.25,22227.25,22141.0,97.0,2024-11-11 10:30:00,22141.0,stop,-0.1185567010309278,-230.0
2024-11-13,-1,2024-11-13 09:50:00,22065.25,22119.0,22119.0,53.75,2024-11-13 09:59:00,22087.25,counterattack_succeeds,-0.4232558139534884,-455.0
2024-11-14,-1,2024-11-14 10:20:00,21975.5,22109.25,22109.25,133.75,2024-11-14 10:30:00,22033.5,counterattack_succeeds,-0.4392523364485981,-1175.0
2024-11-15,-1,2024-11-15 10:05:00,21606.25,21708.25,21708.25,102.0,2024-11-15 15:59:00,21426.0,close,1.7598039215686274,3590.0
2024-11-18,1,2024-11-18 10:05:00,21521.0,21455.75,21502.5,65.25,2024-11-18 15:59:00,21566.0,close,0.6781609195402298,885.0
2024-11-19,1,2024-11-19 10:30:00,21536.75,21442.5,21517.0,94.25,2024-11-19 15:59:00,21700.0,close,1.7241379310344829,3250.0
2024-11-20,-1,2024-11-20 10:00:00,21548.5,21690.5,21579.5,142.0,2024-11-20 11:46:00,21579.5,stop,-0.2235915492957746,-635.0
2024-11-21,-1,2024-11-21 10:05:00,21552.0,21840.25,21840.25,288.25,2024-11-21 10:13:00,21584.75,counterattack_succeeds,-0.1162185602775368,-670.0
2024-11-22,-1,2024-11-22 10:30:00,21676.75,21791.5,21791.5,114.75,2024-11-22 10:39:00,21730.0,counterattack_succeeds,-0.4705882352941176,-1080.0
2024-11-25,-1,2024-11-25 09:55:00,21864.5,22015.5,21893.0,151.0,2024-11-25 11:31:00,21893.0,stop,-0.1937086092715231,-585.0
2024-11-26,1,2024-11-26 09:50:00,21950.5,21872.5,21872.5,78.0,2024-11-26 09:54:00,21918.5,counterattack_succeeds,-0.4198717948717949,-655.0
2024-11-27,-1,2024-11-27 09:55:00,21777.0,21874.0,21798.25,97.0,2024-11-27 15:59:00,21750.75,close,0.2628865979381443,510.0
2024-11-28,1,2024-11-28 10:25:00,21833.75,21808.5,21808.5,25.25,2024-11-28 10:38:00,21824.25,counterattack_succeeds,-0.4059405940594059,-205.0
2024-11-29,1,2024-11-29 09:55:00,21831.0,21740.0,21740.0,91.0,2024-11-29 13:14:00,21925.75,close,1.032967032967033,1880.0
2024-12-02,1,2024-12-02 09:50:00,22083.25,21961.0,22061.0,122.25,2024-12-02 15:59:00,22151.5,close,0.5521472392638037,1350.0
2024-12-04,1,2024-12-04 10:10:00,22371.5,22322.75,22322.75,48.75,2024-12-04 10:16:00,22358.0,counterattack_succeeds,-0.2923076923076923,-285.0
2024-12-05,-1,2024-12-05 09:50:00,22453.25,22486.0,22486.0,32.75,2024-12-05 10:02:00,22457.0,counterattack_succeeds,-0.1374045801526717,-90.0
2024-12-06,1,2024-12-06 09:50:00,22526.75,22420.5,22420.5,106.25,2024-12-06 15:59:00,22593.0,close,0.6164705882352941,1310.0
2024-12-09,1,2024-12-09 09:50:00,22579.0,22517.25,22517.25,61.75,2024-12-09 09:57:00,22559.5,counterattack_succeeds,-0.3279352226720647,-405.0
2024-12-10,1,2024-12-10 10:05:00,22512.75,22440.0,22440.0,72.75,2024-12-10 10:27:00,22505.25,counterattack_succeeds,-0.1134020618556701,-165.0
2024-12-11,1,2024-12-11 09:50:00,22603.75,22507.5,22507.5,96.25,2024-12-11 15:59:00,22726.25,close,1.264935064935065,2435.0
2024-12-12,-1,2024-12-12 10:10:00,22585.25,22631.25,22631.25,46.0,2024-12-12 10:19:00,22604.5,counterattack_succeeds,-0.4347826086956521,-400.0
2024-12-16,1,2024-12-16 09:55:00,22896.0,22824.75,22824.75,71.25,2024-12-16 10:17:00,22880.25,counterattack_succeeds,-0.231578947368421,-330.0
2024-12-17,-1,2024-12-17 10:05:00,22912.25,22999.0,22951.25,86.75,2024-12-17 11:00:00,22951.25,stop,-0.4582132564841498,-795.0
2024-12-18,1,2024-12-18 10:15:00,22943.5,22844.25,22925.5,99.25,2024-12-18 10:24:00,22925.5,stop,-0.1889168765743073,-375.0
2024-12-19,-1,2024-12-19 09:55:00,22195.25,22330.75,22330.75,135.5,2024-12-19 10:01:00,22231.25,counterattack_succeeds,-0.2712177121771217,-735.0
2024-12-20,1,2024-12-20 10:15:00,21974.25,21817.25,21817.25,157.0,2024-12-20 15:59:00,22200.5,close,1.4363057324840764,4510.0
2024-12-23,-1,2024-12-23 09:50:00,22211.75,22308.5,22308.5,96.75,2024-12-23 09:57:00,22257.25,counterattack_succeeds,-0.4780361757105943,-925.0
2024-12-24,1,2024-12-24 10:00:00,22536.25,22432.25,22432.25,104.0,2024-12-24 13:14:00,22679.5,close,1.3701923076923077,2850.0
2024-12-26,-1,2024-12-26 09:50:00,22586.75,22641.0,22641.0,54.25,2024-12-26 10:00:00,22590.0,counterattack_succeeds,-0.0737327188940092,-80.0
2024-12-27,-1,2024-12-27 10:05:00,22240.0,22496.0,22496.0,256.0,2024-12-27 15:59:00,22336.0,close,-0.3779296875,-1935.0
2024-12-30,-1,2024-12-30 10:00:00,21921.0,22049.0,22049.0,128.0,2024-12-30 10:08:00,21956.5,counterattack_succeeds,-0.283203125,-725.0
2024-12-31,-1,2024-12-31 10:10:00,21982.5,22121.5,22121.5,139.0,2024-12-31 10:14:00,22001.0,counterattack_succeeds,-0.1384892086330935,-385.0
2025-01-02,1,2025-01-02 09:55:00,22012.75,21799.5,21799.5,213.25,2025-01-02 10:20:00,21991.75,counterattack_succeeds,-0.1019929660023446,-435.0
2025-01-06,1,2025-01-06 09:50:00,22463.75,22356.5,22356.5,107.25,2025-01-06 09:57:00,22445.0,counterattack_succeeds,-0.1818181818181818,-390.0
2025-01-07,-1,2025-01-07 10:05:00,22236.5,22439.0,22439.0,202.5,2025-01-07 15:59:00,21992.0,close,1.2037037037037035,4875.0
2025-01-08,1,2025-01-08 10:05:00,22020.5,21922.75,21922.75,97.75,2025-01-08 10:11:00,21942.25,counterattack_succeeds,-0.8081841432225064,-1580.0
2025-01-10,-1,2025-01-10 09:50:00,21668.0,21830.25,21702.5,162.25,2025-01-10 10:38:00,21702.5,stop,-0.2172573189522342,-705.0
2025-01-13,1,2025-01-13 09:55:00,21441.5,21335.0,21335.0,106.5,2025-01-13 10:15:00,21406.5,counterattack_succeeds,-0.3356807511737089,-715.0
2025-01-14,-1,2025-01-14 09:55:00,21639.25,21762.75,21762.75,123.5,2025-01-14 10:04:00,21656.75,counterattack_succeeds,-0.1477732793522267,-365.0
2025-01-15,1,2025-01-15 09:50:00,21977.25,21819.75,21819.75,157.5,2025-01-15 09:56:00,21932.5,counterattack_succeeds,-0.2888888888888888,-910.0
2025-01-16,-1,2025-01-16 09:50:00,22018.5,22131.0,22059.0,112.5,2025-01-16 10:59:00,22059.0,stop,-0.3666666666666666,-825.0
2025-01-20,-1,2025-01-20 10:25:00,22324.75,22411.75,22411.75,87.0,2025-01-20 11:31:00,22348.0,counterattack_succeeds,-0.2758620689655172,-480.0
2025-01-21,-1,2025-01-21 09:55:00,22215.5,22351.25,22351.25,135.75,2025-01-21 10:00:00,22263.75,counterattack_succeeds,-0.3609576427255985,-980.0
2025-01-22,1,2025-01-22 09:50:00,22619.75,22535.5,22609.0,84.25,2025-01-22 15:59:00,22630.75,close,0.1216617210682492,205.0
2025-01-23,1,2025-01-23 10:35:00,22553.5,22499.0,22545.5,54.5,2025-01-23 11:11:00,22545.5,stop,-0.1605504587155963,-175.0
2025-01-24,1,2025-01-24 09:50:00,22696.75,22632.75,22632.75,64.0,2025-01-24 09:58:00,22682.0,counterattack_succeeds,-0.2421875,-310.0
2025-01-27,1,2025-01-27 10:00:00,21967.0,21742.0,21742.0,225.0,2025-01-27 10:05:00,21910.5,counterattack_succeeds,-0.2544444444444444,-1145.0
2025-01-28,1,2025-01-28 10:05:00,21990.0,21805.75,21946.75,184.25,2025-01-28 15:59:00,22208.5,close,1.181818181818182,4355.0
2025-01-30,1,2025-01-30 09:50:00,22368.75,22229.75,22229.75,139.0,2025-01-30 09:59:00,22298.5,counterattack_succeeds,-0.5107913669064749,-1420.0
2025-01-31,1,2025-01-31 09:55:00,22490.75,22398.0,22461.75,92.75,2025-01-31 13:20:00,22461.75,stop,-0.320754716981132,-595.0
2025-02-03,-1,2025-02-03 10:05:00,21801.5,21947.5,21947.5,146.0,2025-02-03 10:09:00,21823.5,counterattack_succeeds,-0.1558219178082192,-455.0
2025-02-04,1,2025-02-04 09:55:00,22179.75,22038.25,22038.25,141.5,2025-02-04 15:59:00,22301.25,close,0.8533568904593639,2415.0
2025-02-06,1,2025-02-06 10:10:00,22451.75,22371.25,22411.25,80.5,2025-02-06 10:39:00,22411.25,stop,-0.5124223602484472,-825.0
2025-02-07,-1,2025-02-07 10:05:00,22385.75,22601.0,22601.0,215.25,2025-02-07 15:59:00,22221.25,close,0.7607433217189314,3275.0
2025-02-10,1,2025-02-10 10:05:00,22447.75,22377.0,22377.0,70.75,2025-02-10 15:59:00,22476.75,close,0.3992932862190813,565.0
2025-02-11,1,2025-02-11 10:30:00,22471.5,22333.75,22333.75,137.75,2025-02-11 15:59:00,22424.0,close,-0.3502722323049002,-965.0
2025-02-12,1,2025-02-12 10:00:00,22310.0,22169.25,22169.25,140.75,2025-02-12 10:04:00,22256.5,counterattack_succeeds,-0.3854351687388987,-1085.0
2025-02-13,1,2025-02-13 10:20:00,22606.25,22467.75,22467.75,138.5,2025-02-13 15:59:00,22742.75,close,0.98014440433213,2715.0
2025-02-14,1,2025-02-14 10:10:00,22777.25,22723.0,22723.0,54.25,2025-02-14 10:16:00,22770.0,counterattack_succeeds,-0.1474654377880184,-160.0
2025-02-18,-1,2025-02-18 09:50:00,22815.75,22901.0,22857.75,85.25,2025-02-18 15:57:00,22857.75,stop,-0.501466275659824,-855.0
2025-02-19,-1,2025-02-19 10:00:00,22801.25,22854.5,22854.5,53.25,2025-02-19 10:32:00,22810.75,counterattack_succeeds,-0.1924882629107981,-205.0
2025-02-20,-1,2025-02-20 09:50:00,22772.75,22858.5,22858.5,85.75,2025-02-20 15:59:00,22777.75,close,-0.0670553935860058,-115.0
2025-02-21,-1,2025-02-21 10:25:00,22663.5,22821.0,22821.0,157.5,2025-02-21 15:59:00,22315.0,close,2.207936507936508,6955.0
2025-02-24,-1,2025-02-24 09:55:00,22245.25,22434.75,22434.75,189.5,2025-02-24 15:59:00,22054.5,close,1.0026385224274406,3800.0
2025-02-25,-1,2025-02-25 09:55:00,21870.25,22030.5,22030.5,160.25,2025-02-25 15:59:00,21782.75,close,0.5413416536661466,1735.0
2025-02-26,1,2025-02-26 09:50:00,21910.0,21822.0,21893.0,88.0,2025-02-26 12:52:00,21893.0,stop,-0.2017045454545454,-355.0
2025-02-27,-1,2025-02-27 09:55:00,21706.0,22014.0,22014.0,308.0,2025-02-27 15:59:00,21241.25,close,1.5064935064935066,9280.0
2025-02-28,1,2025-02-28 10:15:00,21325.5,21093.5,21093.5,232.0,2025-02-28 10:20:00,21273.0,counterattack_succeeds,-0.2295258620689655,-1065.0
2025-03-03,-1,2025-03-03 09:55:00,21541.0,21754.0,21754.0,213.0,2025-03-03 10:30:00,21591.0,counterattack_succeeds,-0.238262910798122,-1015.0
2025-03-04,-1,2025-03-04 10:00:00,20863.5,21063.0,20896.5,199.5,2025-03-04 11:43:00,20896.5,stop,-0.169172932330827,-675.0
2025-03-06,1,2025-03-06 10:05:00,20992.0,20861.25,20861.25,130.75,2025-03-06 12:03:00,20861.25,stop,-1.005736137667304,-2630.0
2025-03-07,1,2025-03-07 09:50:00,20827.5,20656.75,20656.75,170.75,2025-03-07 09:57:00,20811.0,counterattack_succeeds,-0.1010248901903367,-345.0
2025-03-10,-1,2025-03-10 09:55:00,20399.0,20537.5,20461.0,138.5,2025-03-10 15:59:00,20093.0,close,2.203971119133574,6105.0
2025-03-11,-1,2025-03-11 10:05:00,20017.5,20185.75,20185.75,168.25,2025-03-11 10:10:00,20159.0,counterattack_succeeds,-0.8454680534918276,-2845.0
2025-03-12,-1,2025-03-12 10:15:00,20276.0,20410.75,20410.75,134.75,2025-03-12 15:59:00,20242.0,close,0.2467532467532467,665.0
2025-03-13,-1,2025-03-13 09:55:00,20037.25,20210.0,20210.0,172.75,2025-03-13 10:15:00,20110.5,counterattack_succeeds,-0.4283646888567294,-1480.0
2025-03-18,-1,2025-03-18 10:00:00,20100.25,20327.5,20327.5,227.25,2025-03-18 10:34:00,20136.5,counterattack_succeeds,-0.1628162816281628,-740.0
2025-03-19,1,2025-03-19 09:55:00,20260.75,20133.5,20133.5,127.25,2025-03-19 10:47:00,20241.25,counterattack_succeeds,-0.1591355599214145,-405.0
2025-03-20,1,2025-03-20 09:50:00,20335.75,20183.25,20183.25,152.5,2025-03-20 09:56:00,20329.5,counterattack_succeeds,-0.0459016393442622,-140.0
2025-03-21,1,2025-03-21 10:15:00,20144.5,20034.75,20123.25,109.75,2025-03-21 10:42:00,20123.25,stop,-0.2004555808656036,-440.0
2025-03-24,1,2025-03-24 09:50:00,20741.25,20656.5,20656.5,84.75,2025-03-24 10:10:00,20709.0,counterattack_succeeds,-0.3893805309734513,-660.0
2025-03-25,1,2025-03-25 10:30:00,20880.75,20796.25,20796.25,84.5,2025-03-25 10:34:00,20852.5,counterattack_succeeds,-0.3431952662721893,-580.0
2025-03-26,-1,2025-03-26 09:50:00,20826.75,20902.25,20902.25,75.5,2025-03-26 15:59:00,20539.5,close,3.794701986754967,5730.0
2025-03-27,1,2025-03-27 10:30:00,20547.75,20364.5,20364.5,183.25,2025-03-27 15:59:00,20421.75,close,-0.6916780354706685,-2535.0
2025-03-28,-1,2025-03-28 10:10:00,20185.5,20368.75,20368.75,183.25,2025-03-28 15:59:00,19888.25,close,1.6180081855388813,5930.0
2025-04-01,1,2025-04-01 09:50:00,19869.75,19765.5,19765.5,104.25,2025-04-01 09:53:00,19849.25,counterattack_succeeds,-0.2038369304556355,-425.0
2025-04-02,1,2025-04-02 09:50:00,19994.5,19743.75,19743.75,250.75,2025-04-02 09:55:00,19957.75,counterattack_succeeds,-0.1495513459621136,-750.0
2025-04-03,-1,2025-04-03 10:35:00,19319.75,19501.5,19501.5,181.75,2025-04-03 15:59:00,19113.5,close,1.1306740027510316,4110.0
2025-04-04,-1,2025-04-04 10:15:00,18427.5,18676.0,18499.0,248.5,2025-04-04 11:12:00,18499.0,stop,-0.2907444668008048,-1445.0
2025-04-07,1,2025-04-07 09:55:00,17547.0,17100.75,17100.75,446.25,2025-04-07 15:59:00,17986.0,close,0.9820728291316526,8765.0
2025-04-08,1,2025-04-08 09:55:00,18641.75,18486.5,18611.25,155.25,2025-04-08 10:54:00,18611.25,stop,-0.2012882447665056,-625.0
2025-04-10,-1,2025-04-10 10:00:00,19088.5,19298.75,19298.75,210.25,2025-04-10 10:06:00,19114.75,counterattack_succeeds,-0.1284185493460166,-540.0
2025-04-11,1,2025-04-11 10:10:00,19013.25,18778.5,18778.5,234.75,2025-04-11 10:18:00,18903.5,counterattack_succeeds,-0.470713525026624,-2210.0
2025-04-16,-1,2025-04-16 09:55:00,18980.75,19106.75,19106.75,126.0,2025-04-16 09:58:00,19001.5,counterattack_succeeds,-0.1706349206349206,-430.0
2025-04-17,-1,2025-04-17 10:25:00,18785.75,18936.75,18936.75,151.0,2025-04-17 11:07:00,18816.75,counterattack_succeeds,-0.2102649006622516,-635.0
2025-04-21,-1,2025-04-21 09:55:00,18482.25,18592.25,18592.25,110.0,2025-04-21 15:59:00,18349.5,close,1.2,2640.0
2025-04-22,1,2025-04-22 09:50:00,18668.75,18527.75,18527.75,141.0,2025-04-22 09:53:00,18633.0,counterattack_succeeds,-0.2588652482269503,-730.0
2025-04-23,1,2025-04-23 10:35:00,19562.25,19343.75,19343.75,218.5,2025-04-23 10:42:00,19536.5,counterattack_succeeds,-0.1212814645308924,-530.0
2025-04-24,1,2025-04-24 09:50:00,19408.5,19273.75,19273.75,134.75,2025-04-24 15:59:00,19747.0,close,2.5064935064935066,6755.0
2025-04-25,1,2025-04-25 10:10:00,19803.25,19683.25,19683.25,120.0,2025-04-25 10:22:00,19732.5,counterattack_succeeds,-0.5958333333333333,-1430.0
2025-04-28,-1,2025-04-28 10:00:00,19891.75,20026.5,20026.5,134.75,2025-04-28 10:04:00,19918.25,counterattack_succeeds,-0.2022263450834879,-545.0
2025-04-29,1,2025-04-29 09:50:00,19942.5,19831.0,19893.5,111.5,2025-04-29 15:59:00,20072.75,close,1.1614349775784754,2590.0
2025-04-30,-1,2025-04-30 10:00:00,19547.75,19731.75,19731.75,184.0,2025-04-30 10:07:00,19619.75,counterattack_succeeds,-0.3953804347826087,-1455.0
2025-05-01,-1,2025-05-01 10:00:00,20304.25,20418.0,20418.0,113.75,2025-05-01 10:06:00,20370.5,counterattack_succeeds,-0.589010989010989,-1340.0
2025-05-02,1,2025-05-02 10:10:00,20558.0,20458.25,20539.75,99.75,2025-05-02 15:59:00,20613.75,close,0.5513784461152882,1100.0
2025-05-05,1,2025-05-05 10:20:00,20512.25,20412.5,20412.5,99.75,2025-05-05 10:29:00,20474.0,counterattack_succeeds,-0.3909774436090225,-780.0
2025-05-06,-1,2025-05-06 09:55:00,20180.75,20291.25,20210.5,110.5,2025-05-06 10:01:00,20210.5,stop,-0.2760180995475113,-610.0
2025-05-07,1,2025-05-07 10:00:00,20364.0,20293.25,20293.25,70.75,2025-05-07 10:23:00,20357.0,counterattack_succeeds,-0.1095406360424028,-155.0
2025-05-08,-1,2025-05-08 09:50:00,20504.0,20601.25,20601.25,97.25,2025-05-08 09:57:00,20533.5,counterattack_succeeds,-0.3110539845758355,-605.0
2025-05-09,-1,2025-05-09 10:20:00,20632.25,20707.0,20707.0,74.75,2025-05-09 15:59:00,20563.5,close,0.9096989966555185,1360.0
2025-05-12,-1,2025-05-12 10:30:00,21169.0,21349.5,21349.5,180.5,2025-05-12 10:40:00,21173.5,counterattack_succeeds,-0.0290858725761772,-105.0
2025-05-13,1,2025-05-13 09:55:00,21537.0,21400.0,21400.0,137.0,2025-05-13 15:59:00,21698.0,close,1.1697080291970805,3205.0
2025-05-15,-1,2025-05-15 09:50:00,21695.0,21766.5,21766.5,71.5,2025-05-15 09:53:00,21720.25,counterattack_succeeds,-0.3636363636363636,-520.0
2025-05-19,1,2025-05-19 09:50:00,21789.25,21629.5,21629.5,159.75,2025-05-19 15:59:00,21950.5,close,1.0046948356807512,3210.0
2025-05-20,-1,2025-05-20 09:50:00,21802.5,21867.0,21867.0,64.5,2025-05-20 09:53:00,21840.75,counterattack_succeeds,-0.6046511627906976,-780.0
2025-05-21,1,2025-05-21 09:50:00,21809.75,21704.25,21789.75,105.5,2025-05-21 13:18:00,21789.75,stop,-0.1966824644549763,-415.0
2025-05-22,1,2025-05-22 09:55:00,21664.0,21541.0,21637.5,123.0,2025-05-22 10:38:00,21637.5,stop,-0.2215447154471544,-545.0
2025-05-23,1,2025-05-23 10:15:00,21397.0,21249.75,21249.75,147.25,2025-05-23 10:20:00,21361.75,counterattack_succeeds,-0.2444821731748726,-720.0
2025-05-26,-1,2025-05-26 10:35:00,21674.75,21735.0,21735.0,60.25,2025-05-26 12:59:00,21710.75,close,-0.6099585062240664,-735.0
2025-05-27,1,2025-05-27 10:00:00,21720.0,21620.0,21620.0,100.0,2025-05-27 15:59:00,21893.75,close,1.73,3460.0
2025-05-28,-1,2025-05-28 09:50:00,21910.5,21994.75,21994.75,84.25,2025-05-28 09:53:00,21925.75,counterattack_succeeds,-0.1899109792284866,-320.0
2025-05-29,-1,2025-05-29 09:50:00,21918.5,22107.0,22107.0,188.5,2025-05-29 09:54:00,21970.0,counterattack_succeeds,-0.2771883289124668,-1045.0
2025-05-30,-1,2025-05-30 10:00:00,21684.75,21817.75,21817.75,133.0,2025-05-30 10:05:00,21750.0,counterattack_succeeds,-0.4962406015037593,-1320.0
2025-06-03,1,2025-06-03 10:30:00,22048.5,21937.0,22011.25,111.5,2025-06-03 15:59:00,22131.75,close,0.7399103139013453,1650.0
2025-06-04,-1,2025-06-04 10:05:00,22121.5,22220.5,22220.5,99.0,2025-06-04 10:16:00,22159.0,counterattack_succeeds,-0.3863636363636363,-765.0
2025-06-05,-1,2025-06-05 10:10:00,22133.5,22267.75,22267.75,134.25,2025-06-05 10:21:00,22162.5,counterattack_succeeds,-0.2216014897579143,-595.0
2025-06-06,1,2025-06-06 09:50:00,22285.0,22195.5,22195.5,89.5,2025-06-06 09:55:00,22265.25,counterattack_succeeds,-0.2290502793296089,-410.0
2025-06-09,1,2025-06-09 10:10:00,22250.0,22178.0,22240.25,72.0,2025-06-09 15:59:00,22245.75,close,-0.0694444444444444,-100.0
2025-06-11,1,2025-06-11 10:25:00,22458.0,22386.25,22386.25,71.75,2025-06-11 11:10:00,22426.5,counterattack_succeeds,-0.4494773519163763,-645.0
2025-06-12,1,2025-06-12 10:10:00,22318.25,22245.75,22245.75,72.5,2025-06-12 15:59:00,22363.75,close,0.6172413793103448,895.0
2025-06-13,-1,2025-06-13 10:30:00,22062.0,22224.5,22224.5,162.5,2025-06-13 10:36:00,22110.0,counterattack_succeeds,-0.3,-975.0
2025-06-16,1,2025-06-16 10:05:00,22386.5,22229.5,22229.5,157.0,2025-06-16 15:59:00,22392.0,close,0.0302547770700636,95.0
2025-06-17,1,2025-06-17 10:15:00,22337.0,22244.5,22244.5,92.5,2025-06-17 10:19:00,22325.0,counterattack_succeeds,-0.1378378378378378,-255.0
2025-06-18,1,2025-06-18 09:50:00,22218.25,22141.75,22141.75,76.5,2025-06-18 10:01:00,22202.75,counterattack_succeeds,-0.2124183006535947,-325.0
2025-06-19,-1,2025-06-19 09:50:00,21895.0,22002.25,22002.25,107.25,2025-06-19 10:16:00,21928.5,counterattack_succeeds,-0.3193473193473193,-685.0
2025-06-20,-1,2025-06-20 10:00:00,22233.75,22346.0,22346.0,112.25,2025-06-20 15:59:00,22058.5,close,1.55456570155902,3490.0
2025-06-23,1,2025-06-23 09:55:00,22138.5,21974.0,21974.0,164.5,2025-06-23 12:37:00,21974.0,stop,-1.0045592705167172,-3305.0
2025-06-25,-1,2025-06-25 10:15:00,22690.25,22763.75,22763.75,73.5,2025-06-25 10:26:00,22709.0,counterattack_succeeds,-0.2653061224489796,-390.0
2025-06-26,1,2025-06-26 10:25:00,22786.75,22710.5,22779.5,76.25,2025-06-26 10:41:00,22779.5,stop,-0.1049180327868852,-160.0
2025-06-27,1,2025-06-27 10:00:00,22980.0,22900.75,22900.75,79.25,2025-06-27 14:19:00,22900.75,stop,-1.0094637223974765,-1600.0
2025-07-01,1,2025-07-01 10:15:00,23044.5,22995.5,22995.5,49.0,2025-07-01 10:21:00,23031.5,counterattack_succeeds,-0.2806122448979591,-275.0
2025-07-02,1,2025-07-02 09:55:00,22941.25,22866.75,22918.25,74.5,2025-07-02 15:59:00,23060.0,close,1.5838926174496644,2360.0
2025-07-03,1,2025-07-03 09:55:00,23209.25,23145.75,23145.75,63.5,2025-07-03 13:14:00,23274.5,close,1.015748031496063,1290.0
2025-07-04,1,2025-07-04 09:55:00,23145.5,23103.5,23114.75,42.0,2025-07-04 12:44:00,23114.75,stop,-0.75,-630.0
2025-07-08,-1,2025-07-08 10:00:00,23097.5,23159.0,23159.0,61.5,2025-07-08 10:17:00,23110.25,counterattack_succeeds,-0.2195121951219512,-270.0
2025-07-09,1,2025-07-09 09:50:00,23301.5,23193.5,23193.5,108.0,2025-07-09 10:28:00,23269.25,counterattack_succeeds,-0.3055555555555556,-660.0
2025-07-10,-1,2025-07-10 09:50:00,23209.0,23305.5,23305.5,96.5,2025-07-10 15:59:00,23230.75,close,-0.233160621761658,-450.0
2025-07-11,1,2025-07-11 10:00:00,23179.25,23086.5,23161.5,92.75,2025-07-11 10:09:00,23161.5,stop,-0.1994609164420485,-370.0
2025-07-16,-1,2025-07-16 09:55:00,23181.25,23305.0,23305.0,123.75,2025-07-16 10:23:00,23220.0,counterattack_succeeds,-0.3191919191919192,-790.0
2025-07-17,1,2025-07-17 09:50:00,23351.5,23281.25,23330.5,70.25,2025-07-17 15:59:00,23473.25,close,1.7224199288256228,2420.0
2025-07-18,-1,2025-07-18 10:15:00,23445.75,23525.5,23525.5,79.75,2025-07-18 15:59:00,23442.0,close,0.0376175548589341,60.0
2025-07-21,1,2025-07-21 09:50:00,23593.75,23470.75,23470.75,123.0,2025-07-21 15:59:00,23560.25,close,-0.2784552845528455,-685.0
2025-07-22,-1,2025-07-22 09:50:00,23428.5,23565.25,23565.25,136.75,2025-07-22 15:59:00,23437.5,close,-0.0712979890310786,-195.0
2025-07-23,-1,2025-07-23 10:00:00,23381.0,23479.25,23479.25,98.25,2025-07-23 10:30:00,23408.5,counterattack_succeeds,-0.2875318066157761,-565.0
2025-07-25,1,2025-07-25 09:50:00,23599.75,23546.25,23588.5,53.5,2025-07-25 15:59:00,23638.25,close,0.705607476635514,755.0
2025-07-28,1,2025-07-28 10:00:00,23735.75,23680.25,23680.25,55.5,2025-07-28 10:12:00,23719.0,counterattack_succeeds,-0.3153153153153153,-350.0
2025-07-29,-1,2025-07-29 09:50:00,23805.5,23868.0,23809.25,62.5,2025-07-29 15:59:00,23672.25,close,2.12,2650.0
2025-07-30,1,2025-07-30 10:25:00,23730.75,23666.25,23666.25,64.5,2025-07-30 10:30:00,23719.5,counterattack_succeeds,-0.1860465116279069,-240.0
2025-08-01,-1,2025-08-01 09:50:00,23081.25,23311.25,23311.25,230.0,2025-08-01 10:17:00,23159.5,counterattack_succeeds,-0.3434782608695652,-1580.0
2025-08-04,1,2025-08-04 09:50:00,23432.5,23304.25,23304.25,128.25,2025-08-04 11:01:00,23411.5,counterattack_succeeds,-0.1695906432748538,-435.0
2025-08-05,1,2025-08-05 09:50:00,23596.75,23519.0,23519.0,77.75,2025-08-05 10:05:00,23542.75,counterattack_succeeds,-0.7041800643086816,-1095.0
2025-08-06,1,2025-08-06 10:05:00,23485.0,23364.0,23364.0,121.0,2025-08-06 10:15:00,23435.25,counterattack_succeeds,-0.4173553719008264,-1010.0
2025-08-07,1,2025-08-07 10:00:00,23869.5,23797.5,23797.5,72.0,2025-08-07 10:06:00,23842.5,counterattack_succeeds,-0.3854166666666667,-555.0
2025-08-08,1,2025-08-08 09:50:00,23843.25,23745.5,23828.5,97.75,2025-08-08 11:40:00,23828.5,stop,-0.1585677749360614,-310.0
2025-08-11,1,2025-08-11 10:00:00,23960.25,23896.25,23896.25,64.0,2025-08-11 10:04:00,23950.5,counterattack_succeeds,-0.1640625,-210.0
2025-08-12,-1,2025-08-12 10:00:00,23869.25,24023.75,24023.75,154.5,2025-08-12 10:15:00,23937.25,counterattack_succeeds,-0.4449838187702265,-1375.0
2025-08-13,-1,2025-08-13 10:00:00,24232.75,24284.0,24284.0,51.25,2025-08-13 15:59:00,24158.5,close,1.4341463414634146,1470.0
2025-08-14,1,2025-08-14 10:20:00,24161.25,24056.75,24056.75,104.5,2025-08-14 11:24:00,24130.5,counterattack_succeeds,-0.3014354066985646,-630.0
2025-08-15,-1,2025-08-15 09:50:00,23999.5,24126.5,24126.5,127.0,2025-08-15 10:05:00,24069.5,counterattack_succeeds,-0.5570866141732284,-1415.0
2025-08-18,-1,2025-08-18 09:55:00,23973.25,24032.75,24032.75,59.5,2025-08-18 10:04:00,23996.25,counterattack_succeeds,-0.3991596638655462,-475.0
2025-08-19,-1,2025-08-19 09:50:00,23866.25,23986.0,23986.0,119.75,2025-08-19 09:54:00,23905.75,counterattack_succeeds,-0.336116910229645,-805.0
2025-08-20,-1,2025-08-20 09:50:00,23480.5,23647.5,23647.5,167.0,2025-08-20 15:59:00,23540.25,close,-0.3622754491017964,-1210.0
2025-08-21,-1,2025-08-21 10:00:00,23400.0,23505.75,23505.75,105.75,2025-08-21 10:03:00,23473.25,counterattack_succeeds,-0.6997635933806147,-1480.0
2025-08-22,1,2025-08-22 10:05:00,23701.5,23421.0,23421.0,280.5,2025-08-22 15:59:00,23780.5,close,0.2789661319073084,1565.0
2025-08-25,1,2025-08-25 10:00:00,23734.5,23658.75,23720.5,75.75,2025-08-25 15:59:00,23720.5,stop,-0.1947194719471947,-295.0
2025-08-26,-1,2025-08-26 09:50:00,23659.25,23734.0,23734.0,74.75,2025-08-26 09:54:00,23710.0,counterattack_succeeds,-0.6889632107023411,-1030.0
2025-08-27,-1,2025-08-27 09:50:00,23715.0,23780.75,23780.75,65.75,2025-08-27 09:54:00,23737.25,counterattack_succeeds,-0.3498098859315589,-460.0
2025-08-28,-1,2025-08-28 09:55:00,23830.75,23957.75,23957.75,127.0,2025-08-28 10:07:00,23874.5,counterattack_succeeds,-0.3503937007874015,-890.0
2025-08-29,-1,2025-08-29 09:50:00,23758.5,23883.5,23883.5,125.0,2025-08-29 15:59:00,23688.5,close,0.554,1385.0
2025-09-01,1,2025-09-01 10:30:00,23700.5,23657.25,23695.0,43.25,2025-09-01 12:59:00,23717.75,close,0.3815028901734104,330.0
2025-09-02,1,2025-09-02 09:50:00,23414.25,23240.75,23240.75,173.5,2025-09-02 10:49:00,23363.0,counterattack_succeeds,-0.2997118155619596,-1040.0
2025-09-03,1,2025-09-03 10:20:00,23657.75,23587.25,23587.25,70.5,2025-09-03 10:30:00,23649.0,counterattack_succeeds,-0.1347517730496454,-190.0
2025-09-04,-1,2025-09-04 10:05:00,23648.0,23763.75,23763.75,115.75,2025-09-04 10:13:00,23681.5,counterattack_succeeds,-0.2958963282937365,-685.0
2025-09-05,-1,2025-09-05 10:10:00,24012.5,24117.5,24117.5,105.0,2025-09-05 15:59:00,23906.75,close,1.0,2100.0
2025-09-08,1,2025-09-08 10:30:00,24078.0,23987.25,24059.5,90.75,2025-09-08 11:46:00,24059.5,stop,-0.2121212121212121,-385.0
2025-09-09,-1,2025-09-09 09:55:00,24023.0,24073.25,24052.25,50.25,2025-09-09 10:10:00,24052.25,stop,-0.5970149253731343,-600.0
2025-09-10,-1,2025-09-10 09:55:00,24131.5,24216.0,24216.0,84.5,2025-09-10 09:58:00,24148.75,counterattack_succeeds,-0.2130177514792899,-360.0
2025-09-11,1,2025-09-11 10:35:00,24213.25,24126.5,24211.75,86.75,2025-09-11 10:47:00,24211.75,stop,-0.0259365994236311,-45.0
2025-09-12,1,2025-09-12 10:25:00,24286.5,24217.0,24280.0,69.5,2025-09-12 15:59:00,24326.0,close,0.5575539568345323,775.0
2025-09-15,1,2025-09-15 09:50:00,24687.0,24629.0,24684.5,58.0,2025-09-15 15:59:00,24769.5,close,1.4094827586206895,1635.0
2025-09-16,-1,2025-09-16 09:55:00,24754.0,24816.75,24816.75,62.75,2025-09-16 10:18:00,24768.25,counterattack_succeeds,-0.2390438247011952,-300.0
2025-09-17,-1,2025-09-17 10:30:00,24656.25,24757.0,24757.0,100.75,2025-09-17 15:27:00,24757.0,stop,-1.0074441687344913,-2030.0
2025-09-18,1,2025-09-18 10:05:00,24938.5,24840.0,24840.0,98.5,2025-09-18 15:59:00,24914.75,close,-0.248730964467005,-490.0
2025-09-19,1,2025-09-19 10:10:00,25003.25,24953.75,24953.75,49.5,2025-09-19 10:16:00,24995.5,counterattack_succeeds,-0.1717171717171717,-170.0
2025-09-22,1,2025-09-22 09:55:00,25093.5,25030.5,25071.25,63.0,2025-09-22 15:59:00,25215.0,close,1.9166666666666667,2415.0
2025-09-23,-1,2025-09-23 10:25:00,25152.25,25226.0,25226.0,73.75,2025-09-23 10:28:00,25172.25,counterattack_succeeds,-0.2813559322033898,-415.0
2025-09-24,-1,2025-09-24 09:50:00,25021.75,25115.5,25115.5,93.75,2025-09-24 10:04:00,25044.75,counterattack_succeeds,-0.2533333333333333,-475.0
2025-09-25,1,2025-09-25 10:20:00,24821.75,24638.75,24638.75,183.0,2025-09-25 15:59:00,24848.5,close,0.1420765027322404,520.0
2025-09-26,-1,2025-09-26 10:25:00,24787.25,24928.75,24928.75,141.5,2025-09-26 10:39:00,24822.0,counterattack_succeeds,-0.2508833922261484,-710.0
2025-09-29,1,2025-09-29 09:50:00,25163.5,25064.5,25064.5,99.0,2025-09-29 11:12:00,25122.25,counterattack_succeeds,-0.4242424242424242,-840.0
2025-09-30,-1,2025-09-30 09:55:00,24951.0,25047.25,25047.25,96.25,2025-09-30 09:58:00,24984.25,counterattack_succeeds,-0.3532467532467532,-680.0
2025-10-01,-1,2025-10-01 09:50:00,24953.0,25057.75,25057.75,104.75,2025-10-01 09:54:00,24990.75,counterattack_succeeds,-0.3675417661097852,-770.0
2025-10-03,-1,2025-10-03 10:00:00,25322.0,25381.75,25345.0,59.75,2025-10-03 11:15:00,25345.0,stop,-0.3974895397489539,-475.0
2025-10-07,-1,2025-10-07 10:30:00,25430.0,25479.5,25447.5,49.5,2025-10-07 15:59:00,25261.5,close,3.388888888888889,3355.0
2025-10-08,1,2025-10-08 09:50:00,25378.0,25290.25,25359.25,87.75,2025-10-08 15:59:00,25546.25,close,1.9088319088319088,3350.0
2025-10-09,-1,2025-10-09 10:30:00,25468.5,25551.0,25551.0,82.5,2025-10-09 11:01:00,25481.75,counterattack_succeeds,-0.1696969696969697,-280.0
2025-10-13,1,2025-10-13 10:00:00,25103.5,24940.75,24940.75,162.75,2025-10-13 10:22:00,25054.75,counterattack_succeeds,-0.304147465437788,-990.0
2025-10-14,1,2025-10-14 10:25:00,24904.25,24647.0,24647.0,257.25,2025-10-14 15:59:00,24973.5,close,0.2662779397473275,1370.0
2025-10-15,1,2025-10-15 10:00:00,25230.0,25136.75,25136.75,93.25,2025-10-15 11:49:00,25136.75,stop,-1.0080428954423593,-1880.0
2025-10-16,1,2025-10-16 10:35:00,25325.5,25254.25,25254.25,71.25,2025-10-16 11:05:00,25319.5,counterattack_succeeds,-0.0947368421052631,-135.0
2025-10-17,1,2025-10-17 09:55:00,25065.25,24888.75,24888.75,176.5,2025-10-17 10:01:00,24999.5,counterattack_succeeds,-0.376770538243626,-1330.0
2025-10-20,1,2025-10-20 10:10:00,25464.75,25331.0,25331.0,133.75,2025-10-20 10:18:00,25435.0,counterattack_succeeds,-0.22803738317757,-610.0
2025-10-21,-1,2025-10-21 10:30:00,25437.0,25520.75,25520.75,83.75,2025-10-21 10:36:00,25457.0,counterattack_succeeds,-0.2477611940298507,-415.0
2025-10-22,1,2025-10-22 09:55:00,25496.75,25388.5,25388.5,108.25,2025-10-22 10:03:00,25469.5,counterattack_succeeds,-0.2586605080831409,-560.0
2025-10-23,1,2025-10-23 09:50:00,25354.0,25215.25,25215.25,138.75,2025-10-23 15:59:00,25469.25,close,0.8252252252252252,2290.0
2025-10-27,1,2025-10-27 10:05:00,26082.75,26012.75,26012.75,70.0,2025-10-27 10:11:00,26068.5,counterattack_succeeds,-0.2142857142857142,-300.0
2025-10-28,-1,2025-10-28 09:55:00,26250.25,26311.0,26301.75,60.75,2025-10-28 12:09:00,26301.75,stop,-0.8600823045267489,-1045.0
2025-10-29,1,2025-10-29 10:00:00,26535.25,26471.0,26471.0,64.25,2025-10-29 10:05:00,26504.5,counterattack_succeeds,-0.490272373540856,-630.0
2025-10-30,1,2025-10-30 09:55:00,26349.25,26158.5,26158.5,190.75,2025-10-30 10:09:00,26317.0,counterattack_succeeds,-0.1730013106159895,-660.0
2025-10-31,-1,2025-10-31 10:05:00,26281.0,26415.75,26415.75,134.75,2025-10-31 10:09:00,26329.5,counterattack_succeeds,-0.3654916512059369,-985.0
2025-11-03,-1,2025-11-03 10:05:00,26327.25,26482.25,26372.0,155.0,2025-11-03 12:51:00,26372.0,stop,-0.2935483870967741,-910.0
2025-11-04,1,2025-11-04 09:55:00,26068.75,25879.25,25879.25,189.5,2025-11-04 10:57:00,25990.25,counterattack_succeeds,-0.4182058047493404,-1585.0
2025-11-05,1,2025-11-05 09:50:00,25824.5,25704.25,25704.25,120.25,2025-11-05 15:59:00,25957.25,close,1.0977130977130978,2640.0
2025-11-06,-1,2025-11-06 09:55:00,25772.0,25902.0,25902.0,130.0,2025-11-06 15:59:00,25474.0,close,2.2865384615384614,5945.0
2025-11-10,1,2025-11-10 10:25:00,25870.75,25741.5,25852.5,129.25,2025-11-10 10:38:00,25852.5,stop,-0.1470019342359768,-380.0
2025-11-11,-1,2025-11-11 09:50:00,25799.5,25862.25,25862.25,62.75,2025-11-11 09:57:00,25824.0,counterattack_succeeds,-0.4023904382470119,-505.0
2025-11-12,-1,2025-11-12 09:50:00,25794.75,25997.0,25876.25,202.25,2025-11-12 15:59:00,25841.5,close,-0.2348578491965389,-950.0
2025-11-14,1,2025-11-14 09:50:00,25111.75,24842.25,24842.25,269.5,2025-11-14 15:59:00,25322.0,close,0.7773654916512059,4190.0
2025-11-17,1,2025-11-17 09:50:00,25435.0,25171.25,25171.25,263.75,2025-11-17 10:03:00,25390.75,counterattack_succeeds,-0.1706161137440758,-900.0
2025-11-18,-1,2025-11-18 09:55:00,24791.0,25048.25,25048.25,257.25,2025-11-18 15:59:00,24801.0,close,-0.0417881438289601,-215.0
2025-11-19,1,2025-11-19 09:55:00,25056.25,24788.75,24788.75,267.5,2025-11-19 10:58:00,24973.75,counterattack_succeeds,-0.311214953271028,-1665.0
2025-11-21,1,2025-11-21 09:55:00,24496.5,24369.25,24369.25,127.25,2025-11-21 10:00:00,24390.25,counterattack_succeeds,-0.8408644400785854,-2140.0
2025-11-24,1,2025-11-24 10:05:00,24950.75,24733.0,24733.0,217.75,2025-11-24 10:12:00,24899.0,counterattack_succeeds,-0.2411021814006888,-1050.0
2025-11-25,-1,2025-11-25 09:50:00,24847.5,25095.75,25095.75,248.25,2025-11-25 09:53:00,24936.0,counterattack_succeeds,-0.3595166163141994,-1785.0
2025-11-26,-1,2025-11-26 10:00:00,25383.25,25486.75,25486.75,103.5,2025-11-26 10:09:00,25429.25,counterattack_succeeds,-0.4516908212560386,-935.0
2025-12-01,1,2025-12-01 09:55:00,25562.25,25425.5,25425.5,136.75,2025-12-01 10:31:00,25529.0,counterattack_succeeds,-0.2486288848263254,-680.0
2025-12-02,1,2025-12-02 10:05:00,25851.75,25687.5,25687.5,164.25,2025-12-02 10:21:00,25825.0,counterattack_succeeds,-0.167427701674277,-550.0
2025-12-03,1,2025-12-03 10:05:00,25788.0,25669.25,25669.25,118.75,2025-12-03 10:10:00,25729.5,counterattack_succeeds,-0.4989473684210526,-1185.0
2025-12-05,1,2025-12-05 09:55:00,26011.5,25889.75,25984.0,121.75,2025-12-05 10:01:00,25984.0,stop,-0.2320328542094455,-565.0
2025-12-08,-1,2025-12-08 09:50:00,25975.25,26077.0,25997.25,101.75,2025-12-08 15:59:00,25885.0,close,0.8796068796068796,1790.0
2025-12-11,-1,2025-12-11 09:50:00,25702.5,25866.5,25866.5,164.0,2025-12-11 10:13:00,25777.0,counterattack_succeeds,-0.4588414634146341,-1505.0
2025-12-12,-1,2025-12-12 09:50:00,25723.75,25835.75,25835.75,112.0,2025-12-12 09:53:00,25766.75,counterattack_succeeds,-0.390625,-875.0
2025-12-15,-1,2025-12-15 09:55:00,25729.75,25884.5,25884.5,154.75,2025-12-15 15:59:00,25551.25,close,1.148626817447496,3555.0
2025-12-16,1,2025-12-16 10:00:00,25611.0,25426.25,25426.25,184.75,2025-12-16 10:03:00,25563.75,counterattack_succeeds,-0.2598105548037889,-960.0
2025-12-17,-1,2025-12-17 10:35:00,25473.75,25664.25,25664.25,190.5,2025-12-17 15:59:00,25108.0,close,1.916010498687664,7300.0
2025-12-18,1,2025-12-18 10:35:00,25580.5,25389.25,25389.25,191.25,2025-12-18 15:59:00,25468.0,close,-0.592156862745098,-2265.0
2025-12-19,1,2025-12-19 10:00:00,25775.25,25573.5,25573.5,201.75,2025-12-19 10:08:00,25754.0,counterattack_succeeds,-0.1090458488228005,-440.0
2025-12-23,-1,2025-12-23 10:05:00,25854.25,25954.5,25954.5,100.25,2025-12-23 10:10:00,25874.0,counterattack_succeeds,-0.2044887780548628,-410.0
2025-12-26,-1,2025-12-26 10:15:00,26058.75,26148.0,26148.0,89.25,2025-12-26 10:20:00,26082.25,counterattack_succeeds,-0.2717086834733893,-485.0
2025-12-30,1,2025-12-30 09:50:00,25953.25,25898.25,25898.25,55.0,2025-12-30 10:10:00,25937.5,counterattack_succeeds,-0.3,-330.0
2025-12-31,-1,2025-12-31 10:00:00,25822.75,25908.5,25908.5,85.75,2025-12-31 10:05:00,25827.25,counterattack_succeeds,-0.0612244897959183,-105.0
2026-01-02,1,2026-01-02 09:50:00,25971.5,25854.75,25854.75,116.75,2026-01-02 10:08:00,25925.5,counterattack_succeeds,-0.4004282655246253,-935.0
2026-01-06,1,2026-01-06 09:50:00,25926.75,25824.5,25824.5,102.25,2026-01-06 11:05:00,25878.5,counterattack_succeeds,-0.4792176039119804,-980.0
2026-01-07,1,2026-01-07 10:35:00,26098.5,25987.5,25987.5,111.0,2026-01-07 10:39:00,26049.0,counterattack_succeeds,-0.4527027027027027,-1005.0
2026-01-08,-1,2026-01-08 10:00:00,25820.25,26019.5,26019.5,199.25,2026-01-08 10:06:00,25854.75,counterattack_succeeds,-0.1769134253450439,-705.0
2026-01-09,-1,2026-01-09 10:10:00,25859.75,26006.75,26006.75,147.0,2026-01-09 10:13:00,25940.5,counterattack_succeeds,-0.5544217687074829,-1630.0
2026-01-12,1,2026-01-12 10:15:00,26122.5,25960.0,25960.0,162.5,2026-01-12 10:34:00,26096.75,counterattack_succeeds,-0.163076923076923,-530.0
2026-01-13,-1,2026-01-13 10:20:00,26099.25,26259.25,26259.25,160.0,2026-01-13 15:59:00,26120.25,close,-0.1359375,-435.0
2026-01-14,-1,2026-01-14 10:00:00,25802.75,26006.75,26006.75,204.0,2026-01-14 10:15:00,25891.25,counterattack_succeeds,-0.4375,-1785.0
2026-01-16,-1,2026-01-16 09:55:00,26002.0,26107.5,26107.5,105.5,2026-01-16 15:59:00,25901.0,close,0.9502369668246444,2005.0
2026-01-19,1,2026-01-19 10:00:00,25532.5,25456.75,25503.5,75.75,2026-01-19 12:59:00,25614.75,close,1.0759075907590758,1630.0
2026-01-20,1,2026-01-20 10:30:00,25578.25,25450.25,25564.25,128.0,2026-01-20 10:49:00,25564.25,stop,-0.115234375,-295.0
2026-01-21,1,2026-01-21 09:50:00,25452.75,25344.0,25344.0,108.75,2026-01-21 15:59:00,25688.0,close,2.15632183908046,4690.0
2026-01-22,-1,2026-01-22 09:50:00,25791.0,25948.25,25948.25,157.25,2026-01-22 10:35:00,25839.5,counterattack_succeeds,-0.3131955484896661,-985.0
2026-01-23,1,2026-01-23 10:00:00,25884.5,25779.0,25779.0,105.5,2026-01-23 15:59:00,25951.5,close,0.6279620853080569,1325.0
2026-01-26,1,2026-01-26 10:20:00,26087.75,25920.75,25920.75,167.0,2026-01-26 15:59:00,26061.5,close,-0.1616766467065868,-540.0
2026-01-27,1,2026-01-27 09:55:00,26254.0,26133.75,26133.75,120.25,2026-01-27 15:59:00,26292.5,close,0.3139293139293139,755.0
2026-01-28,-1,2026-01-28 10:35:00,26412.25,26512.5,26512.5,100.25,2026-01-28 10:39:00,26440.5,counterattack_succeeds,-0.2892768079800499,-580.0
2026-01-29,-1,2026-01-29 09:55:00,26157.25,26391.5,26169.0,234.25,2026-01-29 15:50:00,26169.0,stop,-0.0533617929562433,-250.0
2026-01-30,-1,2026-01-30 10:30:00,26010.5,26156.5,26156.5,146.0,2026-01-30 10:36:00,26099.5,counterattack_succeeds,-0.6147260273972602,-1795.0
2026-02-02,1,2026-02-02 09:55:00,25992.25,25756.25,25756.25,236.0,2026-02-02 09:59:00,25948.5,counterattack_succeeds,-0.1885593220338983,-890.0
2026-02-03,-1,2026-02-03 09:55:00,25936.25,26168.75,25945.0,232.5,2026-02-03 15:59:00,25662.0,close,1.1763440860215053,5470.0
2026-02-04,-1,2026-02-04 10:00:00,25410.75,25606.5,25606.5,195.75,2026-02-04 10:10:00,25456.5,counterattack_succeeds,-0.2375478927203065,-930.0
2026-02-05,-1,2026-02-05 10:15:00,24775.5,25152.5,25152.5,377.0,2026-02-05 10:40:00,24881.25,counterattack_succeeds,-0.2824933687002652,-2130.0
2026-02-09,1,2026-02-09 10:05:00,25380.0,25172.0,25172.0,208.0,2026-02-09 15:59:00,25554.25,close,0.8341346153846154,3470.0
2026-02-10,1,2026-02-10 10:10:00,25651.75,25481.75,25481.75,170.0,2026-02-10 10:14:00,25582.0,counterattack_succeeds,-0.4147058823529412,-1410.0
2026-02-11,-1,2026-02-11 10:00:00,25523.0,25681.75,25559.75,158.75,2026-02-11 14:24:00,25559.75,stop,-0.2362204724409448,-750.0
2026-02-12,-1,2026-02-12 09:50:00,25467.75,25609.0,25609.0,141.25,2026-02-12 15:59:00,24980.0,close,3.447787610619469,9740.0
2026-02-13,1,2026-02-13 10:30:00,25065.25,24795.25,24795.25,270.0,2026-02-13 10:47:00,24955.25,counterattack_succeeds,-0.4101851851851852,-2215.0
2026-02-16,1,2026-02-16 10:05:00,25004.25,24928.0,24928.0,76.25,2026-02-16 10:11:00,24987.5,counterattack_succeeds,-0.2295081967213114,-350.0
2026-02-17,-1,2026-02-17 09:55:00,24748.25,25032.25,25032.25,284.0,2026-02-17 10:19:00,24834.5,counterattack_succeeds,-0.306338028169014,-1740.0
2026-02-18,1,2026-02-18 09:55:00,25103.5,24968.5,24968.5,135.0,2026-02-18 15:59:00,25174.0,close,0.5166666666666667,1395.0
2026-02-19,1,2026-02-19 10:10:00,25110.75,24979.5,25079.25,131.25,2026-02-19 10:21:00,25079.25,stop,-0.2457142857142857,-645.0
2026-02-20,1,2026-02-20 10:25:00,25224.0,24895.0,24895.0,329.0,2026-02-20 10:33:00,25151.25,counterattack_succeeds,-0.2234042553191489,-1470.0
2026-02-23,-1,2026-02-23 10:05:00,25083.0,25256.5,25256.5,173.5,2026-02-23 10:11:00,25116.5,counterattack_succeeds,-0.1974063400576368,-685.0
2026-02-24,1,2026-02-24 09:50:00,25160.0,24911.0,24911.0,249.0,2026-02-24 09:56:00,25097.25,counterattack_succeeds,-0.2550200803212851,-1270.0
2026-02-25,1,2026-02-25 09:50:00,25536.0,25373.25,25373.25,162.75,2026-02-25 10:56:00,25485.75,counterattack_succeeds,-0.3133640552995391,-1020.0
2026-02-26,-1,2026-02-26 10:10:00,25362.25,25558.5,25558.5,196.25,2026-02-26 15:59:00,25299.5,close,0.3159235668789809,1240.0
2026-02-27,1,2026-02-27 09:50:00,25143.25,24998.5,25066.5,144.75,2026-02-27 15:59:00,25215.0,close,0.4905008635578584,1420.0
2026-03-02,1,2026-03-02 09:50:00,25108.75,24821.5,24821.5,287.25,2026-03-02 09:53:00,25052.5,counterattack_succeeds,-0.1984334203655352,-1140.0
2026-03-03,-1,2026-03-03 10:00:00,24705.5,24877.75,24779.0,172.25,2026-03-03 11:06:00,24779.0,stop,-0.4310595065312046,-1485.0
2026-03-04,1,2026-03-04 10:10:00,25211.5,25053.75,25174.0,157.75,2026-03-04 15:59:00,25336.5,close,0.7876386687797148,2485.0
2026-03-05,1,2026-03-05 09:55:00,25358.75,25201.75,25336.5,157.0,2026-03-05 10:17:00,25336.5,stop,-0.1464968152866242,-460.0
2026-03-06,1,2026-03-06 10:05:00,24981.75,24825.25,24825.25,156.5,2026-03-06 10:09:00,24935.5,counterattack_succeeds,-0.3003194888178914,-940.0
2026-03-10,-1,2026-03-10 10:10:00,25118.25,25298.25,25298.25,180.0,2026-03-10 10:21:00,25186.5,counterattack_succeeds,-0.3833333333333333,-1380.0
2026-03-11,-1,2026-03-11 10:25:00,25236.25,25332.0,25269.5,95.75,2026-03-11 10:48:00,25269.5,stop,-0.3550913838120104,-680.0
2026-03-12,-1,2026-03-12 09:55:00,24885.0,25051.0,24964.0,166.0,2026-03-12 15:59:00,24771.75,close,0.677710843373494,2250.0
2026-03-13,1,2026-03-13 09:55:00,25004.75,24827.0,24827.0,177.75,2026-03-13 10:00:00,24945.5,counterattack_succeeds,-0.3375527426160337,-1200.0
2026-03-16,1,2026-03-16 10:00:00,24950.0,24837.5,24912.5,112.5,2026-03-16 10:30:00,24912.5,stop,-0.34,-765.0
2026-03-17,1,2026-03-17 09:50:00,25114.75,24965.0,24965.0,149.75,2026-03-17 10:03:00,25064.5,counterattack_succeeds,-0.340567612687813,-1020.0
2026-03-18,-1,2026-03-18 10:15:00,24896.25,24990.75,24926.5,94.5,2026-03-18 11:07:00,24926.5,stop,-0.328042328042328,-620.0
2026-03-19,1,2026-03-19 09:55:00,24516.0,24327.75,24327.75,188.25,2026-03-19 10:22:00,24449.0,counterattack_succeeds,-0.3598937583001328,-1355.0
2026-03-20,-1,2026-03-20 09:55:00,24364.25,24492.25,24492.25,128.0,2026-03-20 15:59:00,24114.5,close,1.9453125,4980.0
2026-03-23,1,2026-03-23 09:50:00,24577.5,24433.5,24433.5,144.0,2026-03-23 09:56:00,24558.5,counterattack_succeeds,-0.1371527777777778,-395.0
2026-03-25,-1,2026-03-25 09:50:00,24420.0,24527.0,24527.0,107.0,2026-03-25 10:13:00,24439.0,counterattack_succeeds,-0.1845794392523364,-395.0
2026-03-26,1,2026-03-26 09:55:00,24232.25,24065.0,24065.0,167.25,2026-03-26 09:59:00,24158.5,counterattack_succeeds,-0.445440956651719,-1490.0
2026-03-27,-1,2026-03-27 09:55:00,23526.75,23665.0,23665.0,138.25,2026-03-27 10:16:00,23539.0,counterattack_succeeds,-0.0940325497287522,-260.0
2026-03-30,-1,2026-03-30 09:50:00,23360.0,23539.25,23383.75,179.25,2026-03-30 11:00:00,23383.75,stop,-0.1366806136680613,-490.0
2026-03-31,1,2026-03-31 09:50:00,23531.75,23379.75,23379.75,152.0,2026-03-31 10:49:00,23458.0,counterattack_succeeds,-0.4901315789473684,-1490.0
2026-04-02,1,2026-04-02 09:55:00,23846.75,23679.0,23679.0,167.75,2026-04-02 15:59:00,24221.75,close,2.2309985096870344,7485.0
2026-04-06,1,2026-04-06 10:00:00,24412.0,24246.75,24246.75,165.25,2026-04-06 10:04:00,24333.25,counterattack_succeeds,-0.481089258698941,-1590.0
2026-04-07,-1,2026-04-07 09:50:00,24168.5,24309.0,24309.0,140.5,2026-04-07 09:55:00,24199.25,counterattack_succeeds,-0.2241992882562277,-630.0
2026-04-08,-1,2026-04-08 09:55:00,25081.5,25250.75,25106.0,169.25,2026-04-08 12:03:00,25106.0,stop,-0.1491875923190546,-505.0
2026-04-09,-1,2026-04-09 10:20:00,24990.25,25110.0,25110.0,119.75,2026-04-09 10:54:00,25039.0,counterattack_succeeds,-0.4133611691022965,-990.0
2026-04-10,-1,2026-04-10 10:05:00,25291.25,25370.25,25303.5,79.0,2026-04-10 10:13:00,25303.5,stop,-0.1645569620253164,-260.0
2026-04-13,1,2026-04-13 09:50:00,25272.5,25175.0,25229.75,97.5,2026-04-13 15:59:00,25538.75,close,2.723076923076923,5310.0
2026-04-14,1,2026-04-14 10:10:00,25759.5,25657.0,25745.0,102.5,2026-04-14 15:59:00,26001.75,close,2.3560975609756096,4830.0
2026-04-15,1,2026-04-15 10:00:00,26070.25,25983.25,26049.5,87.0,2026-04-15 15:59:00,26365.25,close,3.382183908045977,5885.0
2026-04-16,-1,2026-04-16 09:55:00,26283.5,26454.25,26454.25,170.75,2026-04-16 10:08:00,26355.75,counterattack_succeeds,-0.4275256222547584,-1460.0
2026-04-17,1,2026-04-17 10:05:00,26751.25,26630.5,26715.5,120.75,2026-04-17 15:59:00,26828.75,close,0.6356107660455487,1535.0
2026-04-20,-1,2026-04-20 10:30:00,26731.0,26828.75,26741.25,97.75,2026-04-20 14:24:00,26741.25,stop,-0.1125319693094629,-220.0
2026-04-21,1,2026-04-21 10:00:00,26839.75,26727.75,26822.0,112.0,2026-04-21 10:23:00,26822.0,stop,-0.1651785714285714,-370.0
2026-04-22,1,2026-04-22 10:15:00,26924.25,26814.5,26814.5,109.75,2026-04-22 15:59:00,27080.5,close,1.4168564920273348,3110.0
2026-04-24,-1,2026-04-24 09:55:00,27174.0,27261.0,27261.0,87.0,2026-04-24 09:58:00,27180.25,counterattack_succeeds,-0.0804597701149425,-140.0
2026-04-27,-1,2026-04-27 09:50:00,27352.0,27436.0,27436.0,84.0,2026-04-27 09:55:00,27379.75,counterattack_succeeds,-0.3392857142857143,-570.0
2026-04-29,1,2026-04-29 09:55:00,27227.25,27125.25,27125.25,102.0,2026-04-29 10:01:00,27201.75,counterattack_succeeds,-0.2573529411764705,-525.0
2026-04-30,-1,2026-04-30 09:55:00,27244.75,27492.5,27492.5,247.75,2026-04-30 10:02:00,27280.25,counterattack_succeeds,-0.1463168516649848,-725.0
2026-05-01,1,2026-05-01 10:00:00,27874.5,27618.75,27618.75,255.75,2026-05-01 10:37:00,27775.25,counterattack_succeeds,-0.3910068426197458,-2000.0
2026-05-04,1,2026-05-04 10:15:00,27893.75,27809.25,27809.25,84.5,2026-05-04 10:30:00,27871.75,counterattack_succeeds,-0.2692307692307692,-455.0
2026-05-05,1,2026-05-05 10:25:00,28109.0,27972.0,27972.0,137.0,2026-05-05 10:48:00,28080.0,counterattack_succeeds,-0.2171532846715328,-595.0
2026-05-06,1,2026-05-06 10:35:00,28486.5,28337.0,28476.25,149.5,2026-05-06 15:59:00,28711.75,close,1.5016722408026757,4490.0
2026-05-07,1,2026-05-07 09:55:00,28788.5,28721.75,28721.75,66.75,2026-05-07 09:59:00,28782.0,counterattack_succeeds,-0.1086142322097378,-145.0
2026-05-08,1,2026-05-08 09:50:00,29067.5,28860.5,28860.5,207.0,2026-05-08 15:59:00,29340.75,close,1.316425120772947,5450.0
2026-05-12,-1,2026-05-12 10:00:00,29130.0,29286.75,29286.75,156.75,2026-05-12 10:15:00,29192.75,counterattack_succeeds,-0.405103668261563,-1270.0
2026-05-13,-1,2026-05-13 09:50:00,29136.75,29289.5,29289.5,152.75,2026-05-13 09:54:00,29194.5,counterattack_succeeds,-0.3829787234042553,-1170.0
2026-05-14,1,2026-05-14 09:50:00,29667.0,29459.5,29459.5,207.5,2026-05-14 09:55:00,29610.0,counterattack_succeeds,-0.2783132530120482,-1155.0
2026-05-15,-1,2026-05-15 10:00:00,29145.0,29292.0,29292.0,147.0,2026-05-15 10:03:00,29206.5,counterattack_succeeds,-0.423469387755102,-1245.0
2026-05-18,-1,2026-05-18 10:30:00,29155.0,29357.25,29176.75,202.25,2026-05-18 15:59:00,29099.75,close,0.2694684796044499,1090.0
2026-05-19,-1,2026-05-19 10:10:00,28793.5,29069.0,28861.0,275.5,2026-05-19 11:42:00,28861.0,stop,-0.2477313974591651,-1365.0
2026-05-20,1,2026-05-20 10:20:00,29169.25,29024.25,29024.25,145.0,2026-05-20 10:25:00,29144.25,counterattack_succeeds,-0.1775862068965517,-515.0
2026-05-21,1,2026-05-21 09:55:00,29295.25,29175.0,29244.25,120.25,2026-05-21 10:15:00,29244.25,stop,-0.4303534303534304,-1035.0
2026-05-25,1,2026-05-25 09:55:00,29992.0,29940.75,29940.75,51.25,2026-05-25 10:07:00,29975.25,counterattack_succeeds,-0.3414634146341463,-350.0
2026-05-26,1,2026-05-26 09:50:00,29974.75,29827.75,29827.75,147.0,2026-05-26 09:54:00,29931.0,counterattack_succeeds,-0.3027210884353741,-890.0
2026-05-27,-1,2026-05-27 10:25:00,29967.0,30193.0,30193.0,226.0,2026-05-27 10:39:00,29993.25,counterattack_succeeds,-0.1194690265486725,-540.0
2026-05-28,1,2026-05-28 10:15:00,30162.0,29944.25,29944.25,217.75,2026-05-28 10:23:00,30096.25,counterattack_succeeds,-0.3053960964408725,-1330.0
2026-05-29,1,2026-05-29 09:50:00,30487.25,30365.75,30365.75,121.5,2026-05-29 10:11:00,30457.0,counterattack_succeeds,-0.2551440329218107,-620.0
2026-06-02,1,2026-06-02 10:00:00,30604.0,30424.75,30424.75,179.25,2026-06-02 10:27:00,30554.0,counterattack_succeeds,-0.2831241283124128,-1015.0
2026-06-03,-1,2026-06-03 09:50:00,30525.0,30808.75,30808.75,283.75,2026-06-03 10:12:00,30658.75,counterattack_succeeds,-0.4740088105726872,-2690.0
2026-06-04,-1,2026-06-04 10:05:00,30198.25,30365.5,30365.5,167.25,2026-06-04 10:11:00,30233.5,counterattack_succeeds,-0.2152466367713004,-720.0
2026-06-05,-1,2026-06-05 09:50:00,29858.5,30101.5,30101.5,243.0,2026-06-05 10:20:00,29941.5,counterattack_succeeds,-0.3446502057613169,-1675.0
2026-06-08,-1,2026-06-08 10:00:00,29351.25,29585.0,29585.0,233.75,2026-06-08 10:07:00,29430.75,counterattack_succeeds,-0.3433155080213904,-1605.0
2026-06-09,1,2026-06-09 09:50:00,29845.25,29634.25,29634.25,211.0,2026-06-09 09:55:00,29731.5,counterattack_succeeds,-0.542654028436019,-2290.0
2026-06-10,1,2026-06-10 10:25:00,29218.5,28773.5,28773.5,445.0,2026-06-10 10:45:00,29084.75,counterattack_succeeds,-0.302247191011236,-2690.0
2026-06-11,1,2026-06-11 09:55:00,28968.75,28651.75,28651.75,317.0,2026-06-11 10:17:00,28783.0,counterattack_succeeds,-0.5883280757097792,-3730.0
2026-06-12,1,2026-06-12 10:10:00,29579.25,29264.5,29488.0,314.75,2026-06-12 10:41:00,29488.0,stop,-0.2922954725972994,-1840.0
2026-06-15,1,2026-06-15 09:50:00,30781.25,30604.75,30604.75,176.5,2026-06-15 09:59:00,30727.25,counterattack_succeeds,-0.3101983002832861,-1095.0
2026-06-16,-1,2026-06-16 10:20:00,30739.75,30860.5,30771.0,120.75,2026-06-16 15:59:00,30310.0,close,3.5527950310559007,8580.0
2026-06-17,-1,2026-06-17 10:00:00,30346.0,30527.75,30527.75,181.75,2026-06-17 10:08:00,30402.5,counterattack_succeeds,-0.3149931224209078,-1145.0
2026-06-22,1,2026-06-22 10:00:00,30936.25,30756.75,30756.75,179.5,2026-06-22 10:12:00,30921.25,counterattack_succeeds,-0.0877437325905292,-315.0
2026-06-23,1,2026-06-23 09:55:00,29875.75,29616.5,29616.5,259.25,2026-06-23 11:06:00,29787.75,counterattack_succeeds,-0.3423336547733848,-1775.0
2026-06-24,-1,2026-06-24 10:20:00,29582.5,29841.5,29841.5,259.0,2026-06-24 10:28:00,29712.5,counterattack_succeeds,-0.5048262548262549,-2615.0
2026-06-25,-1,2026-06-25 09:55:00,29421.75,30193.0,30193.0,771.25,2026-06-25 10:53:00,29766.25,counterattack_succeeds,-0.4476499189627228,-6905.0
2026-06-26,1,2026-06-26 10:00:00,29444.0,29181.5,29181.5,262.5,2026-06-26 15:59:00,29312.25,close,-0.5047619047619047,-2650.0
2026-06-29,-1,2026-06-29 10:05:00,29543.75,29795.0,29795.0,251.25,2026-06-29 10:31:00,29574.25,counterattack_succeeds,-0.1243781094527363,-625.0
2026-06-30,1,2026-06-30 09:55:00,30293.75,30033.0,30033.0,260.75,2026-06-30 15:59:00,30513.75,close,0.840843720038351,4385.0
