date,netR,net_dollars,risk_pts,dir,reason,entry_time,entry,stop,target,exit_time,exit,pts,strategy
2016-01-04,-1.0214285714285714,-715.0,35.0,-1,stop,,,,,,,,
2016-01-05,0.7078651685393258,315.0,22.25,-1,close,,,,,,,,
2016-01-06,0.1848739495798319,110.0,29.75,1,close,,,,,,,,
2016-01-08,-1.024390243902439,-630.0,30.75,1,stop,,,,,,,,
2016-01-11,-0.0661157024793388,-40.0,30.25,-1,close,,,,,,,,
2016-01-13,5.980392156862745,3050.0,25.5,-1,close,,,,,,,,
2016-01-14,-1.0163934426229508,-930.0,45.75,-1,stop,,,,,,,,
2016-01-20,-1.0202702702702702,-755.0,37.0,-1,stop,,,,,,,,
2016-01-21,-1.0162162162162165,-940.0,46.25,-1,stop,,,,,,,,
2016-01-22,1.0947368421052632,520.0,23.75,1,close,,,,,,,,
2016-01-25,-1.042857142857143,-365.0,17.5,1,stop,,,,,,,,
2016-01-26,-1.02,-765.0,37.5,-1,stop,,,,,,,,
2016-01-27,-1.03,-515.0,25.0,-1,stop,,,,,,,,
2016-01-28,-0.6527777777777778,-470.0,36.0,-1,close,,,,,,,,
2016-01-29,0.8848167539267016,845.0,47.75,1,close,,,,,,,,
2016-02-01,-1.0288461538461535,-535.0,26.0,-1,stop,,,,,,,,
2016-02-03,0.3146853146853147,225.0,35.75,-1,close,,,,,,,,
2016-02-04,-0.0276243093922651,-25.0,45.25,1,close,,,,,,,,
2016-02-05,1.7230769230769232,1680.0,48.75,-1,close,,,,,,,,
2016-02-08,-1.020408163265306,-750.0,36.75,-1,stop,,,,,,,,
2016-02-09,-0.3905723905723905,-580.0,74.25,1,close,,,,,,,,
2016-02-10,-1.0215827338129495,-710.0,34.75,1,stop,,,,,,,,
2016-02-11,-1.0252100840336134,-610.0,29.75,1,stop,,,,,,,,
2016-02-12,-1.0260869565217392,-590.0,28.75,-1,stop,,,,,,,,
2016-02-15,-0.26,-65.0,12.5,1,close,,,,,,,,
2016-02-16,-1.0333333333333334,-465.0,22.5,-1,stop,,,,,,,,
2016-02-17,2.075268817204301,965.0,23.25,1,close,,,,,,,,
2016-02-18,0.8270676691729323,550.0,33.25,-1,close,,,,,,,,
2016-02-19,0.1045751633986928,80.0,38.25,1,close,,,,,,,,
2016-02-22,0.3956043956043956,180.0,22.75,1,close,,,,,,,,
2016-02-23,1.2916666666666667,620.0,24.0,-1,close,,,,,,,,
2016-02-24,-1.0410958904109588,-380.0,18.25,-1,stop,,,,,,,,
2016-02-25,-1.0212765957446808,-720.0,35.25,-1,stop,,,,,,,,
2016-02-26,0.8674698795180723,360.0,20.75,-1,close,,,,,,,,
2016-02-29,-1.0333333333333334,-465.0,22.5,1,stop,,,,,,,,
2016-03-01,3.104761904761905,1630.0,26.25,1,close,,,,,,,,
2016-03-02,-1.0410958904109588,-380.0,18.25,-1,stop,,,,,,,,
2016-03-03,-0.803921568627451,-410.0,25.5,-1,close,,,,,,,,
2016-03-04,-1.023076923076923,-665.0,32.5,-1,stop,,,,,,,,
2016-03-07,-1.0434782608695652,-360.0,17.25,-1,stop,,,,,,,,
2016-03-08,-1.0326086956521738,-475.0,23.0,1,stop,,,,,,,,
2016-03-10,-1.0232558139534884,-660.0,32.25,1,stop,,,,,,,,
2016-03-11,-1.0461538461538462,-340.0,16.25,1,stop,,,,,,,,
2016-03-14,0.55,165.0,15.0,1,close,,,,,,,,
2016-03-15,-1.0405405405405406,-385.0,18.5,-1,stop,,,,,,,,
2016-03-16,2.3559322033898304,695.0,14.75,1,close,,,,,,,,
2016-03-17,-1.0333333333333334,-465.0,22.5,-1,stop,,,,,,,,
2016-03-18,-1.0275229357798166,-560.0,27.25,-1,stop,,,,,,,,
2016-03-22,1.375,440.0,16.0,1,close,,,,,,,,
2016-03-24,0.8870967741935484,275.0,15.5,1,close,,,,,,,,
2016-03-28,-0.3148148148148148,-170.0,27.0,-1,close,,,,,,,,
2016-03-29,3.7714285714285714,1320.0,17.5,1,close,,,,,,,,
2016-03-30,-1.0309278350515465,-500.0,24.25,1,stop,,,,,,,,
2016-03-31,-1.0625,-255.0,12.0,1,stop,,,,,,,,
2016-04-01,3.25,1235.0,19.0,1,close,,,,,,,,
2016-04-04,-1.0714285714285714,-225.0,10.5,1,stop,,,,,,,,
2016-04-05,-1.0405405405405406,-385.0,18.5,1,stop,,,,,,,,
2016-04-06,4.269230769230769,1110.0,13.0,1,close,,,,,,,,
2016-04-07,1.838235294117647,625.0,17.0,-1,close,,,,,,,,
2016-04-08,-1.0576923076923077,-275.0,13.0,1,stop,,,,,,,,
2016-04-11,-1.0277777777777777,-555.0,27.0,1,stop,,,,,,,,
2016-04-12,-1.0357142857142858,-435.0,21.0,-1,stop,,,,,,,,
2016-04-13,0.1176470588235294,60.0,25.5,1,close,,,,,,,,
2016-04-14,-1.0545454545454545,-290.0,13.75,-1,stop,,,,,,,,
2016-04-18,1.5901639344262295,485.0,15.25,1,close,,,,,,,,
2016-04-19,0.0827067669172932,55.0,33.25,-1,close,,,,,,,,
2016-04-20,-0.2150537634408602,-100.0,23.25,1,close,,,,,,,,
2016-04-21,-1.0405405405405406,-385.0,18.5,-1,stop,,,,,,,,
2016-04-22,-0.1736111111111111,-125.0,36.0,-1,close,,,,,,,,
2016-04-26,-1.0508474576271187,-310.0,14.75,1,stop,,,,,,,,
2016-04-27,-1.032258064516129,-480.0,23.25,-1,stop,,,,,,,,
2016-04-28,-1.0434782608695652,-360.0,17.25,1,stop,,,,,,,,
2016-04-29,0.2647058823529412,135.0,25.5,-1,close,,,,,,,,
2016-05-02,1.368421052631579,520.0,19.0,1,close,,,,,,,,
2016-05-03,-1.0375,-415.0,20.0,-1,stop,,,,,,,,
2016-05-04,-1.0526315789473684,-300.0,14.25,1,stop,,,,,,,,
2016-05-05,-1.0491803278688523,-320.0,15.25,-1,stop,,,,,,,,
2016-05-09,-0.5339805825242718,-275.0,25.75,1,close,,,,,,,,
2016-05-10,2.1343283582089554,715.0,16.75,1,close,,,,,,,,
2016-05-11,-1.0545454545454545,-290.0,13.75,1,stop,,,,,,,,
2016-05-12,0.1709401709401709,100.0,29.25,-1,close,,,,,,,,
2016-05-16,2.4098360655737703,735.0,15.25,1,close,,,,,,,,
2016-05-17,1.5445544554455446,780.0,25.25,-1,close,,,,,,,,
2016-05-18,-1.046875,-335.0,16.0,1,stop,,,,,,,,
2016-05-19,-0.2560975609756097,-105.0,20.5,-1,close,,,,,,,,
2016-05-20,0.4767441860465116,205.0,21.5,1,close,,,,,,,,
2016-05-24,2.2098765432098766,895.0,20.25,1,close,,,,,,,,
2016-05-25,0.4754098360655737,145.0,15.25,1,close,,,,,,,,
2016-05-26,-1.0483870967741935,-325.0,15.5,-1,stop,,,,,,,,
2016-05-27,1.25,225.0,9.0,1,close,,,,,,,,
2016-05-31,-1.096774193548387,-170.0,7.75,1,stop,,,,,,,,
2016-06-01,0.6097560975609756,125.0,10.25,1,close,,,,,,,,
2016-06-02,-1.0365853658536586,-425.0,20.5,-1,stop,,,,,,,,
2016-06-03,-0.25,-95.0,19.0,-1,close,,,,,,,,
2016-06-06,-1.0731707317073171,-220.0,10.25,1,stop,,,,,,,,
2016-06-07,-1.0857142857142856,-190.0,8.75,1,stop,,,,,,,,
2016-06-08,-0.3478260869565217,-80.0,11.5,-1,close,,,,,,,,
2016-06-09,-1.0454545454545454,-345.0,16.5,1,stop,,,,,,,,
2016-06-10,-1.0714285714285714,-225.0,10.5,-1,stop,,,,,,,,
2016-06-13,-1.0555555555555556,-285.0,13.5,1,stop,,,,,,,,
2016-06-15,-1.0612244897959184,-260.0,12.25,-1,stop,,,,,,,,
2016-06-16,-1.0461538461538462,-340.0,16.25,-1,stop,,,,,,,,
2016-06-17,0.5398230088495575,305.0,28.25,-1,close,,,,,,,,
2016-06-20,-1.0410958904109588,-380.0,18.25,1,stop,,,,,,,,
2016-06-22,-1.1111111111111112,-150.0,6.75,-1,stop,,,,,,,,
2016-06-23,-1.0365853658536586,-425.0,20.5,-1,stop,,,,,,,,
2016-06-24,-1.0099667774086378,-1520.0,75.25,1,stop,,,,,,,,
2016-06-27,0.436241610738255,325.0,37.25,-1,close,,,,,,,,
2016-06-28,0.9791666666666666,470.0,24.0,1,close,,,,,,,,
2016-06-29,1.7076923076923076,555.0,16.25,1,close,,,,,,,,
2016-06-30,-1.046875,-335.0,16.0,-1,stop,,,,,,,,
2016-07-01,-0.0490196078431372,-25.0,25.5,1,close,,,,,,,,
2016-07-04,-1.1578947368421053,-110.0,4.75,-1,stop,,,,,,,,
2016-07-05,-0.5287356321839081,-230.0,21.75,-1,close,,,,,,,,
2016-07-06,1.1603053435114503,760.0,32.75,1,close,,,,,,,,
2016-07-07,-1.0526315789473684,-300.0,14.25,1,stop,,,,,,,,
2016-07-08,1.0192307692307692,530.0,26.0,1,close,,,,,,,,
2016-07-12,-0.1372549019607843,-35.0,12.75,-1,close,,,,,,,,
2016-07-14,-1.069767441860465,-230.0,10.75,-1,stop,,,,,,,,
2016-07-15,0.0779220779220779,30.0,19.25,-1,close,,,,,,,,
2016-07-18,2.111111111111111,380.0,9.0,1,close,,,,,,,,
2016-07-19,-0.282051282051282,-110.0,19.5,-1,close,,,,,,,,
2016-07-20,2.261904761904762,475.0,10.5,1,close,,,,,,,,
2016-07-22,0.367816091954023,160.0,21.75,1,close,,,,,,,,
2016-07-25,-0.9791666666666666,-235.0,12.0,-1,close,,,,,,,,
2016-07-26,-1.0410958904109588,-380.0,18.25,1,stop,,,,,,,,
2016-07-29,-1.035294117647059,-440.0,21.25,-1,stop,,,,,,,,
2016-08-01,1.018867924528302,270.0,13.25,1,close,,,,,,,,
2016-08-02,0.065040650406504,40.0,30.75,-1,close,,,,,,,,
2016-08-03,0.3134328358208955,105.0,16.75,1,close,,,,,,,,
2016-08-04,-1.0666666666666669,-240.0,11.25,-1,stop,,,,,,,,
2016-08-05,0.2352941176470588,100.0,21.25,1,close,,,,,,,,
2016-08-08,-0.25,-55.0,11.0,-1,close,,,,,,,,
2016-08-09,-0.3333333333333333,-100.0,15.0,1,close,,,,,,,,
2016-08-10,0.3125,75.0,12.0,-1,close,,,,,,,,
2016-08-11,-0.5061728395061729,-205.0,20.25,-1,close,,,,,,,,
2016-08-15,-0.0303030303030303,-10.0,16.5,1,close,,,,,,,,
2016-08-17,-1.0379746835443038,-410.0,19.75,-1,stop,,,,,,,,
2016-08-18,-1.0483870967741935,-325.0,15.5,1,stop,,,,,,,,
2016-08-19,-1.0508474576271187,-310.0,14.75,-1,stop,,,,,,,,
2016-08-22,0.6444444444444445,145.0,11.25,1,close,,,,,,,,
2016-08-23,-1.0810810810810811,-200.0,9.25,1,stop,,,,,,,,
2016-08-24,2.463414634146341,505.0,10.25,-1,close,,,,,,,,
2016-08-25,-0.4696969696969697,-155.0,16.5,1,close,,,,,,,,
2016-08-26,-1.0238095238095235,-645.0,31.5,1,stop,,,,,,,,
2016-08-30,0.1066666666666666,40.0,18.75,-1,close,,,,,,,,
2016-09-01,-1.046875,-335.0,16.0,-1,stop,,,,,,,,
2016-09-02,-1.05,-315.0,15.0,1,stop,,,,,,,,
2016-09-05,-0.9565217391304348,-110.0,5.75,-1,close,,,,,,,,
2016-09-06,-1.0535714285714286,-295.0,14.0,1,stop,,,,,,,,
2016-09-08,-0.1304347826086956,-45.0,17.25,-1,close,,,,,,,,
2016-09-12,1.6385542168674698,1360.0,41.5,1,close,,,,,,,,
2016-09-13,0.2596153846153846,135.0,26.0,-1,close,,,,,,,,
2016-09-14,-0.24,-120.0,25.0,1,close,,,,,,,,
2016-09-15,1.2727272727272727,840.0,33.0,1,close,,,,,,,,
2016-09-16,-1.0333333333333334,-465.0,22.5,-1,stop,,,,,,,,
2016-09-19,-1.0508474576271187,-310.0,14.75,1,stop,,,,,,,,
2016-09-20,-1.0517241379310345,-305.0,14.5,1,stop,,,,,,,,
2016-09-21,-1.075,-215.0,10.0,1,stop,,,,,,,,
2016-09-22,0.3555555555555555,80.0,11.25,1,close,,,,,,,,
2016-09-23,1.318181818181818,290.0,11.0,-1,close,,,,,,,,
2016-09-26,-1.042857142857143,-365.0,17.5,1,stop,,,,,,,,
2016-09-27,1.28125,615.0,24.0,1,close,,,,,,,,
2016-09-29,0.8194444444444444,295.0,18.0,-1,close,,,,,,,,
2016-10-03,-1.0612244897959184,-260.0,12.25,-1,stop,,,,,,,,
2016-10-04,-1.069767441860465,-230.0,10.75,1,stop,,,,,,,,
2016-10-05,-0.3529411764705882,-60.0,8.5,1,close,,,,,,,,
2016-10-06,-1.05,-315.0,15.0,-1,stop,,,,,,,,
2016-10-07,-0.2321428571428571,-130.0,28.0,-1,close,,,,,,,,
2016-10-10,-0.5084745762711864,-150.0,14.75,1,close,,,,,,,,
2016-10-11,3.149253731343284,1055.0,16.75,-1,close,,,,,,,,
2016-10-13,-1.0297029702970295,-520.0,25.25,-1,stop,,,,,,,,
2016-10-14,-1.037037037037037,-420.0,20.25,1,stop,,,,,,,,
2016-10-17,-1.0394736842105263,-395.0,19.0,-1,stop,,,,,,,,
2016-10-18,-1.0416666666666667,-375.0,18.0,-1,stop,,,,,,,,
2016-10-19,-1.069767441860465,-230.0,10.75,1,stop,,,,,,,,
2016-10-20,-1.0272727272727271,-565.0,27.5,1,stop,,,,,,,,
2016-10-24,1.2916666666666667,310.0,12.0,1,close,,,,,,,,
2016-10-27,2.169491525423729,640.0,14.75,-1,close,,,,,,,,
2016-10-28,-1.024590163934426,-625.0,30.5,1,stop,,,,,,,,
2016-10-31,0.7755102040816326,190.0,12.25,-1,close,,,,,,,,
2016-11-01,1.1162790697674418,480.0,21.5,-1,close,,,,,,,,
2016-11-03,2.0,710.0,17.75,-1,close,,,,,,,,
2016-11-07,1.9,570.0,15.0,1,close,,,,,,,,
2016-11-08,-1.0555555555555556,-285.0,13.5,-1,stop,,,,,,,,
2016-11-10,2.210526315789474,1470.0,33.25,-1,close,,,,,,,,
2016-11-11,-1.0234375,-655.0,32.0,1,stop,,,,,,,,
2016-11-14,0.3086419753086419,250.0,40.5,-1,close,,,,,,,,
2016-11-15,0.0422535211267605,30.0,35.5,1,close,,,,,,,,
2016-11-16,0.2515723270440251,200.0,39.75,1,close,,,,,,,,
2016-11-17,1.146067415730337,510.0,22.25,1,close,,,,,,,,
2016-11-18,0.8055555555555556,290.0,18.0,-1,close,,,,,,,,
2016-11-21,0.5480769230769231,285.0,26.0,1,close,,,,,,,,
2016-11-22,-1.0666666666666669,-240.0,11.25,1,stop,,,,,,,,
2016-11-24,3.5,210.0,3.0,1,close,,,,,,,,
2016-11-25,0.6666666666666666,140.0,10.5,1,close,,,,,,,,
2016-11-28,-0.76,-190.0,12.5,1,close,,,,,,,,
2016-11-29,-1.044776119402985,-350.0,16.75,-1,stop,,,,,,,,
2016-11-30,3.0597014925373136,1025.0,16.75,-1,close,,,,,,,,
2016-12-01,1.5390625,985.0,32.0,-1,close,,,,,,,,
2016-12-02,-0.4729729729729729,-350.0,37.0,-1,close,,,,,,,,
2016-12-05,0.1694915254237288,100.0,29.5,1,close,,,,,,,,
2016-12-06,-1.03,-515.0,25.0,1,stop,,,,,,,,
2016-12-07,-1.0454545454545454,-345.0,16.5,-1,stop,,,,,,,,
2016-12-09,0.375,105.0,14.0,1,close,,,,,,,,
2016-12-12,-1.0555555555555556,-285.0,13.5,1,stop,,,,,,,,
2016-12-13,-0.0865384615384615,-90.0,52.0,1,close,,,,,,,,
2016-12-16,1.0416666666666667,375.0,18.0,-1,close,,,,,,,,
2016-12-19,-0.0909090909090909,-45.0,24.75,1,close,,,,,,,,
2016-12-27,-0.56875,-455.0,40.0,1,close,,,,,,,,
2016-12-28,0.9636363636363636,530.0,27.5,-1,close,,,,,,,,
2016-12-29,-0.0684931506849315,-25.0,18.25,-1,close,,,,,,,,
2016-12-30,1.6666666666666667,750.0,22.5,-1,close,,,,,,,,
2017-01-03,-1.0192307692307692,-795.0,39.0,1,stop,,,,,,,,
2017-01-06,1.02,510.0,25.0,1,close,,,,,,,,
2017-01-09,0.087719298245614,25.0,14.25,1,close,,,,,,,,
2017-01-12,-1.0267857142857142,-575.0,28.0,-1,stop,,,,,,,,
2017-01-13,-0.0806451612903225,-25.0,15.5,1,close,,,,,,,,
2017-01-16,0.0,0.0,3.25,-1,close,,,,,,,,
2017-01-19,-1.05,-315.0,15.0,1,stop,,,,,,,,
2017-01-23,-0.651685393258427,-290.0,22.25,-1,close,,,,,,,,
2017-01-24,-1.0588235294117647,-270.0,12.75,-1,stop,,,,,,,,
2017-01-25,1.3,260.0,10.0,1,close,,,,,,,,
2017-01-26,-0.2075471698113207,-55.0,13.25,-1,close,,,,,,,,
2017-01-27,-0.7076923076923077,-230.0,16.25,-1,close,,,,,,,,
2017-01-30,-0.5396825396825397,-510.0,47.25,-1,close,,,,,,,,
2017-01-31,-1.046875,-335.0,16.0,-1,stop,,,,,,,,
2017-02-01,-0.12,-30.0,12.5,-1,close,,,,,,,,
2017-02-02,-0.1818181818181818,-80.0,22.0,1,close,,,,,,,,
2017-02-06,1.0,190.0,9.5,1,close,,,,,,,,
2017-02-07,-0.2295081967213114,-70.0,15.25,1,close,,,,,,,,
2017-02-08,-1.065217391304348,-245.0,11.5,-1,stop,,,,,,,,
2017-02-09,0.3829787234042553,90.0,11.75,1,close,,,,,,,,
2017-02-10,-1.069767441860465,-230.0,10.75,-1,stop,,,,,,,,
2017-02-13,0.6944444444444444,125.0,9.0,1,close,,,,,,,,
2017-02-14,-1.075,-215.0,10.0,-1,stop,,,,,,,,
2017-02-15,2.4186046511627906,520.0,10.75,1,close,,,,,,,,
2017-02-16,-0.0769230769230769,-25.0,16.25,-1,close,,,,,,,,
2017-02-17,1.44,360.0,12.5,1,close,,,,,,,,
2017-02-21,0.5869565217391305,135.0,11.5,1,close,,,,,,,,
2017-02-23,0.0392156862745098,20.0,25.5,-1,close,,,,,,,,
2017-02-24,1.4406779661016949,425.0,14.75,1,close,,,,,,,,
2017-02-27,0.9411764705882352,240.0,12.75,1,close,,,,,,,,
2017-02-28,0.75,150.0,10.0,-1,close,,,,,,,,
2017-03-01,1.0149253731343284,340.0,16.75,1,close,,,,,,,,
2017-03-02,1.163265306122449,285.0,12.25,-1,close,,,,,,,,
2017-03-03,-1.05,-315.0,15.0,-1,stop,,,,,,,,
2017-03-06,-1.0405405405405406,-385.0,18.5,-1,stop,,,,,,,,
2017-03-07,-1.05,-315.0,15.0,1,stop,,,,,,,,
2017-03-08,-0.4358974358974359,-170.0,19.5,1,close,,,,,,,,
2017-03-09,-1.044776119402985,-350.0,16.75,1,stop,,,,,,,,
2017-03-13,-1.0769230769230769,-210.0,9.75,-1,stop,,,,,,,,
2017-03-14,-0.6129032258064516,-95.0,7.75,-1,close,,,,,,,,
2017-03-15,-1.0517241379310345,-305.0,14.5,-1,stop,,,,,,,,
2017-03-16,0.6285714285714286,110.0,8.75,-1,close,,,,,,,,
2017-03-17,-1.088235294117647,-185.0,8.5,1,stop,,,,,,,,
2017-03-20,-1.1153846153846154,-145.0,6.5,1,stop,,,,,,,,
2017-03-21,6.473684210526316,1845.0,14.25,-1,close,,,,,,,,
2017-03-24,-1.0384615384615383,-405.0,19.5,1,stop,,,,,,,,
2017-03-27,2.3142857142857145,810.0,17.5,1,close,,,,,,,,
2017-03-29,0.7540983606557377,230.0,15.25,1,close,,,,,,,,
2017-03-30,0.0754716981132075,20.0,13.25,1,close,,,,,,,,
2017-03-31,-0.2553191489361702,-60.0,11.75,1,close,,,,,,,,
2017-04-05,-1.0434782608695652,-360.0,17.25,1,stop,,,,,,,,
2017-04-06,-1.0375,-415.0,20.0,-1,stop,,,,,,,,
2017-04-07,-1.03,-515.0,25.0,-1,stop,,,,,,,,
2017-04-11,-0.2556390977443609,-170.0,33.25,-1,close,,,,,,,,
2017-04-13,-1.0333333333333334,-465.0,22.5,1,stop,,,,,,,,
2017-04-17,1.0677966101694916,315.0,14.75,1,close,,,,,,,,
2017-04-18,-1.0272727272727271,-565.0,27.5,1,stop,,,,,,,,
2017-04-19,-1.0491803278688523,-320.0,15.25,1,stop,,,,,,,,
2017-04-21,-1.0517241379310345,-305.0,14.5,-1,stop,,,,,,,,
2017-04-24,0.1666666666666666,40.0,12.0,1,close,,,,,,,,
2017-04-25,1.9166666666666667,345.0,9.0,1,close,,,,,,,,
2017-04-26,0.2777777777777778,100.0,18.0,-1,close,,,,,,,,
2017-04-27,1.2820512820512822,250.0,9.75,1,close,,,,,,,,
2017-04-28,-0.0476190476190476,-15.0,15.75,-1,close,,,,,,,,
2017-05-01,2.1,420.0,10.0,1,close,,,,,,,,
2017-05-02,-1.0588235294117647,-270.0,12.75,-1,stop,,,,,,,,
2017-05-03,-0.5857142857142857,-205.0,17.5,-1,close,,,,,,,,
2017-05-04,-1.0344827586206895,-450.0,21.75,-1,stop,,,,,,,,
2017-05-05,-1.0535714285714286,-295.0,14.0,-1,stop,,,,,,,,
2017-05-08,-1.0576923076923077,-275.0,13.0,-1,stop,,,,,,,,
2017-05-09,0.0508474576271186,15.0,14.75,1,close,,,,,,,,
2017-05-10,-1.046875,-335.0,16.0,-1,stop,,,,,,,,
2017-05-11,-1.0638297872340423,-250.0,11.75,-1,stop,,,,,,,,
2017-05-12,-1.0810810810810811,-200.0,9.25,-1,stop,,,,,,,,
2017-05-15,0.2424242424242424,80.0,16.5,1,close,,,,,,,,
2017-05-16,-1.0789473684210529,-205.0,9.5,1,stop,,,,,,,,
2017-05-17,4.641025641025641,1810.0,19.5,-1,close,,,,,,,,
2017-05-18,0.1538461538461538,150.0,48.75,1,close,,,,,,,,
2017-05-22,0.8395061728395061,340.0,20.25,1,close,,,,,,,,
2017-05-23,-0.4698795180722891,-195.0,20.75,-1,close,,,,,,,,
2017-05-25,1.5,465.0,15.5,1,close,,,,,,,,
2017-05-26,0.2857142857142857,70.0,12.25,1,close,,,,,,,,
2017-05-29,0.3333333333333333,25.0,3.75,-1,close,,,,,,,,
2017-05-31,0.373134328358209,125.0,16.75,-1,close,,,,,,,,
2017-06-01,-1.0566037735849056,-280.0,13.25,1,stop,,,,,,,,
2017-06-02,1.7341772151898731,685.0,19.75,1,close,,,,,,,,
2017-06-05,-0.4814814814814814,-130.0,13.5,1,close,,,,,,,,
2017-06-06,-1.0410958904109588,-380.0,18.25,1,stop,,,,,,,,
2017-06-07,-1.0566037735849056,-280.0,13.25,-1,stop,,,,,,,,
2017-06-08,-0.6320754716981132,-335.0,26.5,-1,close,,,,,,,,
2017-06-09,-1.042857142857143,-365.0,17.5,1,stop,,,,,,,,
2017-06-15,-1.017751479289941,-860.0,42.25,-1,stop,,,,,,,,
2017-06-16,-0.2666666666666666,-160.0,30.0,-1,close,,,,,,,,
2017-06-19,0.2993197278911564,220.0,36.75,1,close,,,,,,,,
2017-06-21,1.84375,590.0,16.0,1,close,,,,,,,,
2017-06-26,2.75,1045.0,19.0,-1,close,,,,,,,,
2017-06-28,-1.0225563909774436,-680.0,33.25,-1,stop,,,,,,,,
2017-06-29,0.3990825688073394,435.0,54.5,-1,close,,,,,,,,
2017-06-30,0.1074380165289256,65.0,30.25,-1,close,,,,,,,,
2017-07-03,2.5526315789473686,1455.0,28.5,-1,close,,,,,,,,
2017-07-04,-1.09375,-175.0,8.0,1,stop,,,,,,,,
2017-07-05,-1.0229007633587786,-670.0,32.75,-1,stop,,,,,,,,
2017-07-06,-1.0227272727272727,-675.0,33.0,-1,stop,,,,,,,,
2017-07-07,0.8505747126436781,370.0,21.75,1,close,,,,,,,,
2017-07-10,-1.02803738317757,-550.0,26.75,-1,stop,,,,,,,,
2017-07-11,-1.0491803278688523,-320.0,15.25,1,stop,,,,,,,,
2017-07-13,-1.0441176470588236,-355.0,17.0,1,stop,,,,,,,,
2017-07-17,-1.0535714285714286,-295.0,14.0,1,stop,,,,,,,,
2017-07-18,2.2266666666666666,835.0,18.75,1,close,,,,,,,,
2017-07-20,-0.4102564102564102,-160.0,19.5,-1,close,,,,,,,,
2017-07-21,-1.0508474576271187,-310.0,14.75,1,stop,,,,,,,,
2017-07-24,-1.0714285714285714,-225.0,10.5,1,stop,,,,,,,,
2017-07-25,-0.1216216216216216,-45.0,18.5,1,close,,,,,,,,
2017-07-26,-1.0666666666666669,-240.0,11.25,1,stop,,,,,,,,
2017-07-31,2.125,680.0,16.0,-1,close,,,,,,,,
2017-08-01,-0.58,-290.0,25.0,-1,close,,,,,,,,
2017-08-02,-0.1142857142857142,-60.0,26.25,-1,close,,,,,,,,
2017-08-03,0.1538461538461538,80.0,26.0,-1,close,,,,,,,,
2017-08-04,-1.0333333333333334,-465.0,22.5,-1,stop,,,,,,,,
2017-08-07,1.3962264150943395,370.0,13.25,1,close,,,,,,,,
2017-08-08,-1.0483870967741935,-325.0,15.5,1,stop,,,,,,,,
2017-08-09,1.0091743119266054,550.0,27.25,1,close,,,,,,,,
2017-08-10,3.552941176470588,1510.0,21.25,-1,close,,,,,,,,
2017-08-11,0.2142857142857142,150.0,35.0,1,close,,,,,,,,
2017-08-14,0.475,190.0,20.0,1,close,,,,,,,,
2017-08-17,6.648148148148148,1795.0,13.5,-1,close,,,,,,,,
2017-08-18,-1.0272727272727271,-565.0,27.5,-1,stop,,,,,,,,
2017-08-21,-0.2087912087912088,-95.0,22.75,-1,close,,,,,,,,
2017-08-22,1.146788990825688,625.0,27.25,1,close,,,,,,,,
2017-08-23,-0.3333333333333333,-125.0,18.75,1,close,,,,,,,,
2017-08-24,0.4,210.0,26.25,-1,close,,,,,,,,
2017-08-25,-1.0454545454545454,-345.0,16.5,1,stop,,,,,,,,
2017-08-28,-1.0441176470588236,-355.0,17.0,-1,stop,,,,,,,,
2017-08-29,1.1283783783783785,835.0,37.0,1,close,,,,,,,,
2017-08-30,1.696078431372549,865.0,25.5,1,close,,,,,,,,
2017-08-31,0.5526315789473685,315.0,28.5,1,close,,,,,,,,
2017-09-01,-0.1565217391304348,-90.0,28.75,-1,close,,,,,,,,
2017-09-04,1.1428571428571428,160.0,7.0,1,close,,,,,,,,
2017-09-06,-1.032258064516129,-480.0,23.25,-1,stop,,,,,,,,
2017-09-07,-1.0394736842105263,-395.0,19.0,-1,stop,,,,,,,,
2017-09-08,2.098360655737705,640.0,15.25,-1,close,,,,,,,,
2017-09-11,-0.2454545454545454,-135.0,27.5,1,close,,,,,,,,
2017-09-12,-0.5769230769230769,-225.0,19.5,-1,close,,,,,,,,
2017-09-13,-1.0638297872340423,-250.0,11.75,-1,stop,,,,,,,,
2017-09-15,0.828125,265.0,16.0,1,close,,,,,,,,
2017-09-18,-1.0389610389610389,-400.0,19.25,1,stop,,,,,,,,
2017-09-21,-0.0222222222222222,-15.0,33.75,-1,close,,,,,,,,
2017-09-22,-1.032258064516129,-480.0,23.25,1,stop,,,,,,,,
2017-09-27,-1.0344827586206895,-450.0,21.75,-1,stop,,,,,,,,
2017-09-28,-0.0196078431372549,-10.0,25.5,1,close,,,,,,,,
2017-09-29,-1.0526315789473684,-300.0,14.25,-1,stop,,,,,,,,
2017-10-02,-1.05,-315.0,15.0,1,stop,,,,,,,,
2017-10-03,-1.044776119402985,-350.0,16.75,1,stop,,,,,,,,
2017-10-06,0.3417721518987341,135.0,19.75,1,close,,,,,,,,
2017-10-09,-1.0576923076923077,-275.0,13.0,1,stop,,,,,,,,
2017-10-10,0.2537313432835821,85.0,16.75,-1,close,,,,,,,,
2017-10-11,-1.0588235294117647,-270.0,12.75,-1,stop,,,,,,,,
2017-10-12,-1.0526315789473684,-300.0,14.25,1,stop,,,,,,,,
2017-10-13,-0.5319148936170213,-125.0,11.75,1,close,,,,,,,,
2017-10-16,-0.8936170212765957,-210.0,11.75,-1,close,,,,,,,,
2017-10-17,-1.075,-215.0,10.0,-1,stop,,,,,,,,
2017-10-18,-0.2253521126760563,-80.0,17.75,-1,close,,,,,,,,
2017-10-19,-1.0258620689655171,-595.0,29.0,-1,stop,,,,,,,,
2017-10-23,2.8181818181818183,775.0,13.75,-1,close,,,,,,,,
2017-10-25,0.3695652173913043,170.0,23.0,-1,close,,,,,,,,
2017-10-26,-1.0315789473684212,-490.0,23.75,-1,stop,,,,,,,,
2017-10-27,2.0636363636363635,1135.0,27.5,1,close,,,,,,,,
2017-10-30,-1.0263157894736843,-585.0,28.5,1,stop,,,,,,,,
2017-10-31,-1.046875,-335.0,16.0,-1,stop,,,,,,,,
2017-11-01,0.9344262295081968,285.0,15.25,-1,close,,,,,,,,
2017-11-02,-1.0476190476190477,-330.0,15.75,1,stop,,,,,,,,
2017-11-03,-1.0315789473684212,-490.0,23.75,-1,stop,,,,,,,,
2017-11-06,0.0396039603960396,20.0,25.25,1,close,,,,,,,,
2017-11-07,-1.044776119402985,-350.0,16.75,1,stop,,,,,,,,
2017-11-09,-1.027027027027027,-570.0,27.75,-1,stop,,,,,,,,
2017-11-13,0.8235294117647058,280.0,17.0,1,close,,,,,,,,
2017-11-14,-1.0220588235294117,-695.0,34.0,-1,stop,,,,,,,,
2017-11-16,1.4375,575.0,20.0,1,close,,,,,,,,
2017-11-17,1.1428571428571428,320.0,14.0,-1,close,,,,,,,,
2017-11-20,0.0909090909090909,25.0,13.75,-1,close,,,,,,,,
2017-11-21,0.3931623931623931,230.0,29.25,1,close,,,,,,,,
2017-11-23,0.1052631578947368,10.0,4.75,-1,close,,,,,,,,
2017-11-24,1.7741935483870968,275.0,7.75,1,close,,,,,,,,
2017-11-27,-1.0491803278688523,-320.0,15.25,1,stop,,,,,,,,
2017-11-28,-1.0638297872340423,-250.0,11.75,-1,stop,,,,,,,,
2017-11-29,1.985611510791367,1380.0,34.75,-1,close,,,,,,,,
2017-12-01,-1.0182926829268293,-835.0,41.0,1,stop,,,,,,,,
2017-12-04,2.7265625,1745.0,32.0,-1,close,,,,,,,,
2017-12-05,-0.6327868852459017,-965.0,76.25,1,close,,,,,,,,
2017-12-13,0.3225806451612903,100.0,15.5,-1,close,,,,,,,,
2017-12-14,-1.0441176470588236,-355.0,17.0,1,stop,,,,,,,,
2017-12-15,2.08,780.0,18.75,1,close,,,,,,,,
2017-12-18,0.131578947368421,50.0,19.0,1,close,,,,,,,,
2017-12-19,0.0991735537190082,60.0,30.25,-1,close,,,,,,,,
2017-12-20,-0.3166666666666666,-285.0,45.0,-1,close,,,,,,,,
2017-12-21,-1.0333333333333334,-465.0,22.5,-1,stop,,,,,,,,
2017-12-26,-1.0309278350515465,-500.0,24.25,-1,stop,,,,,,,,
2017-12-27,-1.0384615384615383,-405.0,19.5,1,stop,,,,,,,,
2017-12-28,0.1666666666666666,50.0,15.0,-1,close,,,,,,,,
2017-12-29,1.3950617283950617,565.0,20.25,-1,close,,,,,,,,
2018-01-02,1.2117647058823529,1030.0,42.5,1,close,,,,,,,,
2018-01-03,0.9741379310344828,565.0,29.0,1,close,,,,,,,,
2018-01-05,1.5555555555555556,560.0,18.0,1,close,,,,,,,,
2018-01-08,0.8771929824561403,250.0,14.25,1,close,,,,,,,,
2018-01-10,-1.023076923076923,-665.0,32.5,-1,stop,,,,,,,,
2018-01-12,0.6577181208053692,490.0,37.25,1,close,,,,,,,,
2018-01-15,-1.1,-165.0,7.5,1,stop,,,,,,,,
2018-01-18,-1.032967032967033,-470.0,22.75,-1,stop,,,,,,,,
2018-01-19,-0.4642857142857143,-195.0,21.0,-1,close,,,,,,,,
2018-01-22,1.7666666666666666,1060.0,30.0,1,close,,,,,,,,
2018-01-23,0.6853932584269663,305.0,22.25,1,close,,,,,,,,
2018-01-24,-1.0285714285714285,-540.0,26.25,1,stop,,,,,,,,
2018-01-25,0.6511627906976745,420.0,32.25,-1,close,,,,,,,,
2018-01-31,0.3580246913580246,145.0,20.25,-1,close,,,,,,,,
2018-02-01,-1.016304347826087,-935.0,46.0,1,stop,,,,,,,,
2018-02-02,2.977099236641221,1950.0,32.75,-1,close,,,,,,,,
2018-02-05,-1.01171875,-1295.0,64.0,1,stop,,,,,,,,
2018-02-06,0.3333333333333333,1460.0,219.0,1,close,,,,,,,,
2018-02-07,-1.0128205128205128,-1185.0,58.5,1,stop,,,,,,,,
2018-02-08,4.312775330396476,4895.0,56.75,-1,close,,,,,,,,
2018-02-12,-1.0118110236220472,-1285.0,63.5,-1,stop,,,,,,,,
2018-02-13,0.7362637362637363,670.0,45.5,1,close,,,,,,,,
2018-02-14,1.4296296296296296,1930.0,67.5,1,close,,,,,,,,
2018-02-15,-1.0148514851485149,-1025.0,50.5,1,stop,,,,,,,,
2018-02-16,-1.022222222222222,-690.0,33.75,1,stop,,,,,,,,
2018-02-19,-0.0526315789473684,-30.0,28.5,-1,close,,,,,,,,
2018-02-20,-0.2131979695431472,-210.0,49.25,1,close,,,,,,,,
2018-02-21,-1.03125,-495.0,24.0,1,stop,,,,,,,,
2018-02-27,-1.0265486725663715,-580.0,28.25,-1,stop,,,,,,,,
2018-02-28,-1.024793388429752,-620.0,30.25,1,stop,,,,,,,,
2018-03-01,-1.008955223880597,-1690.0,83.75,-1,stop,,,,,,,,
2018-03-05,-1.0215827338129495,-710.0,34.75,-1,stop,,,,,,,,
2018-03-06,-1.0275229357798166,-560.0,27.25,1,stop,,,,,,,,
2018-03-08,-1.032258064516129,-480.0,23.25,-1,stop,,,,,,,,
2018-03-09,3.0434782608695654,1400.0,23.0,1,close,,,,,,,,
2018-03-12,-1.0260869565217392,-590.0,28.75,1,stop,,,,,,,,
2018-03-14,0.2785714285714286,195.0,35.0,-1,close,,,,,,,,
2018-03-15,-1.0217391304347827,-705.0,34.5,-1,stop,,,,,,,,
2018-03-19,1.6641221374045805,1090.0,32.75,-1,close,,,,,,,,
2018-03-21,-1.0405405405405406,-385.0,18.5,1,stop,,,,,,,,
2018-03-22,-1.018181818181818,-840.0,41.25,1,stop,,,,,,,,
2018-03-26,-1.024590163934426,-625.0,30.5,-1,stop,,,,,,,,
2018-03-27,5.559523809523809,4670.0,42.0,-1,close,,,,,,,,
2018-03-28,-1.006993006993007,-2160.0,107.25,1,stop,,,,,,,,
2018-03-29,-1.0113636363636365,-1335.0,66.0,-1,stop,,,,,,,,
2018-04-02,2.167441860465116,2330.0,53.75,-1,close,,,,,,,,
2018-04-03,-1.0202702702702702,-755.0,37.0,-1,stop,,,,,,,,
2018-04-05,-0.1311475409836065,-120.0,45.75,-1,close,,,,,,,,
2018-04-06,-1.0103448275862068,-1465.0,72.5,1,stop,,,,,,,,
2018-04-09,-1.0212765957446808,-720.0,35.25,1,stop,,,,,,,,
2018-04-10,-1.0144230769230769,-1055.0,52.0,-1,stop,,,,,,,,
2018-04-11,-1.020408163265306,-750.0,36.75,1,stop,,,,,,,,
2018-04-12,-0.1489361702127659,-140.0,47.0,1,close,,,,,,,,
2018-04-13,1.809090909090909,995.0,27.5,-1,close,,,,,,,,
2018-04-17,1.7007874015748032,1080.0,31.75,1,close,,,,,,,,
2018-04-18,-1.0173410404624277,-880.0,43.25,-1,stop,,,,,,,,
2018-04-19,-1.0319148936170213,-485.0,23.5,1,stop,,,,,,,,
2018-04-20,1.1016949152542372,975.0,44.25,-1,close,,,,,,,,
2018-04-23,-1.0178571428571428,-855.0,42.0,-1,stop,,,,,,,,
2018-04-24,3.735099337748344,2820.0,37.75,-1,close,,,,,,,,
2018-04-25,-1.0090634441087614,-1670.0,82.75,-1,stop,,,,,,,,
2018-04-26,0.438423645320197,445.0,50.75,1,close,,,,,,,,
2018-04-27,0.4612403100775193,595.0,64.5,-1,close,,,,,,,,
2018-04-30,-1.024,-640.0,31.25,1,stop,,,,,,,,
2018-05-01,1.8972602739726028,1385.0,36.5,1,close,,,,,,,,
2018-05-03,-1.0217391304347827,-705.0,34.5,1,stop,,,,,,,,
2018-05-04,2.676136363636364,2355.0,44.0,1,close,,,,,,,,
2018-05-08,-1.0263157894736843,-585.0,28.5,-1,stop,,,,,,,,
2018-05-10,1.4175824175824177,645.0,22.75,1,close,,,,,,,,
2018-05-14,-1.0241935483870968,-635.0,31.0,1,stop,,,,,,,,
2018-05-15,-0.543778801843318,-590.0,54.25,-1,close,,,,,,,,
2018-05-16,1.5873015873015872,500.0,15.75,1,close,,,,,,,,
2018-05-17,-1.0357142857142858,-435.0,21.0,1,stop,,,,,,,,
2018-05-22,1.957142857142857,685.0,17.5,-1,close,,,,,,,,
2018-05-23,1.8176100628930816,1445.0,39.75,1,close,,,,,,,,
2018-05-24,-1.0193548387096774,-790.0,38.75,-1,stop,,,,,,,,
2018-05-25,-0.1326530612244898,-65.0,24.5,1,close,,,,,,,,
2018-05-28,1.024390243902439,210.0,10.25,1,close,,,,,,,,
2018-05-29,-1.0238095238095235,-645.0,31.5,1,stop,,,,,,,,
2018-05-30,-1.0483870967741935,-325.0,15.5,-1,stop,,,,,,,,
2018-06-01,1.7256637168141593,975.0,28.25,1,close,,,,,,,,
2018-06-05,-1.0416666666666667,-375.0,18.0,1,stop,,,,,,,,
2018-06-06,-1.02803738317757,-550.0,26.75,-1,stop,,,,,,,,
2018-06-07,0.8473282442748091,555.0,32.75,-1,close,,,,,,,,
2018-06-08,-1.0333333333333334,-465.0,22.5,1,stop,,,,,,,,
2018-06-12,-1.0461538461538462,-340.0,16.25,-1,stop,,,,,,,,
2018-06-13,-1.0454545454545454,-345.0,16.5,1,stop,,,,,,,,
2018-06-14,0.6186440677966102,365.0,29.5,1,close,,,,,,,,
2018-06-18,1.0714285714285714,675.0,31.5,1,close,,,,,,,,
2018-06-19,-1.0172413793103448,-885.0,43.5,-1,stop,,,,,,,,
2018-06-21,1.6742424242424243,1105.0,33.0,-1,close,,,,,,,,
2018-06-22,0.0362694300518134,35.0,48.25,-1,close,,,,,,,,
2018-06-25,1.076555023923445,1125.0,52.25,-1,close,,,,,,,,
2018-06-27,-1.0275229357798166,-560.0,27.25,1,stop,,,,,,,,
2018-06-28,-1.018987341772152,-805.0,39.5,-1,stop,,,,,,,,
2018-07-02,2.047058823529412,1740.0,42.5,1,close,,,,,,,,
2018-07-04,-0.711864406779661,-210.0,14.75,-1,close,,,,,,,,
2018-07-05,-1.0238095238095235,-645.0,31.5,-1,stop,,,,,,,,
2018-07-09,-1.0309278350515465,-500.0,24.25,-1,stop,,,,,,,,
2018-07-10,-1.044776119402985,-350.0,16.75,-1,stop,,,,,,,,
2018-07-11,-0.3780487804878049,-310.0,41.0,1,close,,,,,,,,
2018-07-12,2.9690721649484537,1440.0,24.25,1,close,,,,,,,,
2018-07-13,-1.032967032967033,-470.0,22.75,-1,stop,,,,,,,,
2018-07-16,0.2551020408163265,125.0,24.5,-1,close,,,,,,,,
2018-07-17,2.0179640718562872,1685.0,41.75,1,close,,,,,,,,
2018-07-18,-0.3609022556390977,-240.0,33.25,-1,close,,,,,,,,
2018-07-19,0.0393700787401574,25.0,31.75,-1,close,,,,,,,,
2018-07-20,-1.0410958904109588,-380.0,18.25,1,stop,,,,,,,,
2018-07-25,3.389473684210526,1610.0,23.75,1,close,,,,,,,,
2018-07-26,-1.0288461538461535,-535.0,26.0,-1,stop,,,,,,,,
2018-07-27,1.7813953488372094,1915.0,53.75,-1,close,,,,,,,,
2018-07-30,0.0801033591731266,155.0,96.75,-1,close,,,,,,,,
2018-07-31,-1.0110294117647058,-1375.0,68.0,-1,stop,,,,,,,,
2018-08-01,-1.0196078431372548,-780.0,38.25,1,stop,,,,,,,,
2018-08-02,2.961783439490446,2325.0,39.25,1,close,,,,,,,,
2018-08-03,0.0620155038759689,40.0,32.25,1,close,,,,,,,,
2018-08-06,1.744186046511628,750.0,21.5,1,close,,,,,,,,
2018-08-07,-0.5348837209302325,-345.0,32.25,-1,close,,,,,,,,
2018-08-08,0.2522522522522522,140.0,27.75,1,close,,,,,,,,
2018-08-09,-0.6534653465346535,-330.0,25.25,1,close,,,,,,,,
2018-08-13,-1.0267857142857142,-575.0,28.0,1,stop,,,,,,,,
2018-08-14,-1.0254237288135593,-605.0,29.5,-1,stop,,,,,,,,
2018-08-15,0.9444444444444444,510.0,27.0,-1,close,,,,,,,,
2018-08-17,-1.018987341772152,-805.0,39.5,-1,stop,,,,,,,,
2018-08-20,-0.3202614379084967,-245.0,38.25,-1,close,,,,,,,,
2018-08-21,-0.7272727272727273,-440.0,30.25,1,close,,,,,,,,
2018-08-23,-1.018987341772152,-805.0,39.5,1,stop,,,,,,,,
2018-08-24,1.0,465.0,23.25,1,close,,,,,,,,
2018-08-27,1.0625,510.0,24.0,1,close,,,,,,,,
2018-08-28,-0.1463414634146341,-60.0,20.5,-1,close,,,,,,,,
2018-08-29,1.6724137931034482,970.0,29.0,1,close,,,,,,,,
2018-08-30,-1.03125,-495.0,24.0,1,stop,,,,,,,,
2018-08-31,-1.0267857142857142,-575.0,28.0,1,stop,,,,,,,,
2018-09-03,0.8148148148148148,110.0,6.75,1,close,,,,,,,,
2018-09-05,1.4857142857142858,1040.0,35.0,-1,close,,,,,,,,
2018-09-06,0.1933085501858736,260.0,67.25,-1,close,,,,,,,,
2018-09-07,-0.1161290322580645,-90.0,38.75,1,close,,,,,,,,
2018-09-10,-0.5142857142857142,-450.0,43.75,-1,close,,,,,,,,
2018-09-11,0.5035211267605634,715.0,71.0,1,close,,,,,,,,
2018-09-12,-0.5862068965517241,-425.0,36.25,-1,close,,,,,,,,
2018-09-17,0.9852216748768472,1000.0,50.75,-1,close,,,,,,,,
2018-09-18,0.0627802690582959,70.0,55.75,1,close,,,,,,,,
2018-09-19,-0.5192307692307693,-540.0,52.0,-1,close,,,,,,,,
2018-09-20,0.0494505494505494,45.0,45.5,1,close,,,,,,,,
2018-09-21,2.5058823529411764,1065.0,21.25,-1,close,,,,,,,,
2018-09-24,1.3463687150837989,1205.0,44.75,1,close,,,,,,,,
2018-09-26,-1.02803738317757,-550.0,26.75,1,stop,,,,,,,,
2018-09-27,-0.2063492063492063,-195.0,47.25,1,close,,,,,,,,
2018-09-28,-1.03125,-495.0,24.0,-1,stop,,,,,,,,
2018-10-01,-1.0232558139534884,-660.0,32.25,1,stop,,,,,,,,
2018-10-02,-0.5875706214689266,-520.0,44.25,1,close,,,,,,,,
2018-10-03,-1.0285714285714285,-540.0,26.25,1,stop,,,,,,,,
2018-10-04,0.6713780918727915,950.0,70.75,-1,close,,,,,,,,
2018-10-05,1.085308056872038,1145.0,52.75,-1,close,,,,,,,,
2018-10-08,-1.0125,-1215.0,60.0,1,stop,,,,,,,,
2018-10-09,-0.4782608695652174,-605.0,63.25,1,close,,,,,,,,
2018-10-10,3.494071146245059,4420.0,63.25,-1,close,,,,,,,,
2018-10-11,-1.0083102493074791,-1820.0,90.25,1,stop,,,,,,,,
2018-10-15,-1.0096153846153846,-1575.0,78.0,-1,stop,,,,,,,,
2018-10-16,-1.0194805194805194,-785.0,38.5,1,stop,,,,,,,,
2018-10-17,-0.5144694533762058,-800.0,77.75,-1,close,,,,,,,,
2018-10-18,1.5601851851851851,1685.0,54.0,-1,close,,,,,,,,
2018-10-19,-1.0112781954887218,-1345.0,66.5,1,stop,,,,,,,,
2018-10-22,-1.0125,-1215.0,60.0,-1,stop,,,,,,,,
2018-10-23,-1.009433962264151,-1605.0,79.5,-1,stop,,,,,,,,
2018-10-24,5.8860103626943,5680.0,48.25,-1,close,,,,,,,,
2018-10-25,0.9842271293375394,1560.0,79.25,1,close,,,,,,,,
2018-10-26,-1.0071942446043165,-2100.0,104.25,1,stop,,,,,,,,
2018-10-29,-1.0138248847926268,-1100.0,54.25,1,stop,,,,,,,,
2018-10-30,0.326271186440678,770.0,118.0,1,close,,,,,,,,
2018-10-31,-0.179372197309417,-200.0,55.75,1,close,,,,,,,,
2018-11-01,-1.0127118644067796,-1195.0,59.0,-1,stop,,,,,,,,
2018-11-02,0.6810631229235881,1025.0,75.25,-1,close,,,,,,,,
2018-11-05,-0.7047872340425532,-1325.0,94.0,-1,close,,,,,,,,
2018-11-06,-1.0086705202312138,-1745.0,86.5,1,stop,,,,,,,,
2018-11-07,1.7155963302752293,1870.0,54.5,1,close,,,,,,,,
2018-11-08,-1.0182926829268293,-835.0,41.0,1,stop,,,,,,,,
2018-11-09,0.3285714285714285,345.0,52.5,-1,close,,,,,,,,
2018-11-12,0.7642487046632125,1475.0,96.5,-1,close,,,,,,,,
2018-11-13,-1.0126582278481011,-1200.0,59.25,-1,stop,,,,,,,,
2018-11-14,2.575949367088608,2035.0,39.5,-1,close,,,,,,,,
2018-11-16,0.4129353233830846,415.0,50.25,1,close,,,,,,,,
2018-11-19,2.495614035087719,2845.0,57.0,-1,close,,,,,,,,
2018-11-20,-1.0073891625615763,-2045.0,101.5,-1,stop,,,,,,,,
2018-11-22,2.325,465.0,10.0,-1,close,,,,,,,,
2018-11-26,-1.0174418604651163,-875.0,43.0,1,stop,,,,,,,,
2018-11-27,0.4090909090909091,540.0,66.0,1,close,,,,,,,,
2018-11-28,-1.0241935483870968,-635.0,31.0,-1,stop,,,,,,,,
2018-11-29,-1.018867924528302,-810.0,39.75,-1,stop,,,,,,,,
2018-12-03,-0.1741293532338308,-175.0,50.25,-1,close,,,,,,,,
2018-12-04,-1.0238095238095235,-645.0,31.5,-1,stop,,,,,,,,
2018-12-07,2.4166666666666665,3335.0,69.0,-1,close,,,,,,,,
2018-12-10,-1.009933774834437,-1525.0,75.5,-1,stop,,,,,,,,
2018-12-11,1.0755813953488371,925.0,43.0,-1,close,,,,,,,,
2018-12-12,-1.030612244897959,-505.0,24.5,1,stop,,,,,,,,
2018-12-13,-1.0151515151515151,-1005.0,49.5,-1,stop,,,,,,,,
2018-12-14,-1.0151515151515151,-1005.0,49.5,1,stop,,,,,,,,
2018-12-19,-1.012396694214876,-1225.0,60.5,1,stop,,,,,,,,
2018-12-20,-1.010135135135135,-1495.0,74.0,1,stop,,,,,,,,
2018-12-21,-1.0131004366812226,-1160.0,57.25,-1,stop,,,,,,,,
2018-12-24,-1.0070754716981132,-2135.0,106.0,-1,stop,,,,,,,,
2018-12-26,-1.0082872928176796,-1825.0,90.5,-1,stop,,,,,,,,
2018-12-27,-1.0102739726027397,-1475.0,73.0,-1,stop,,,,,,,,
2018-12-28,-1.0114503816793894,-1325.0,65.5,-1,stop,,,,,,,,
2018-12-31,-0.2179487179487179,-170.0,39.0,-1,close,,,,,,,,
2019-01-02,2.185714285714285,2295.0,52.5,1,close,,,,,,,,
2019-01-03,1.697674418604651,1825.0,53.75,-1,close,,,,,,,,
2019-01-04,1.9097744360902256,2540.0,66.5,1,close,,,,,,,,
2019-01-08,-0.2735042735042735,-160.0,29.25,-1,close,,,,,,,,
2019-01-09,-1.0180722891566265,-845.0,41.5,1,stop,,,,,,,,
2019-01-10,-1.024590163934426,-625.0,30.5,-1,stop,,,,,,,,
2019-01-11,-1.0267857142857142,-575.0,28.0,1,stop,,,,,,,,
2019-01-14,-0.1478873239436619,-105.0,35.5,1,close,,,,,,,,
2019-01-15,0.5309090909090909,730.0,68.75,1,close,,,,,,,,
2019-01-16,-1.01875,-815.0,40.0,1,stop,,,,,,,,
2019-01-17,1.0727272727272728,885.0,41.25,1,close,,,,,,,,
2019-01-18,-1.019736842105263,-775.0,38.0,-1,stop,,,,,,,,
2019-01-22,2.36734693877551,1160.0,24.5,-1,close,,,,,,,,
2019-01-23,-1.0275229357798166,-560.0,27.25,1,stop,,,,,,,,
2019-01-24,-1.0218978102189782,-700.0,34.25,1,stop,,,,,,,,
2019-01-25,0.8376068376068376,490.0,29.25,1,close,,,,,,,,
2019-01-28,-1.0182926829268293,-835.0,41.0,-1,stop,,,,,,,,
2019-01-29,0.993006993006993,710.0,35.75,-1,close,,,,,,,,
2019-01-30,-1.0277777777777777,-555.0,27.0,-1,stop,,,,,,,,
2019-01-31,2.3902439024390243,980.0,20.5,1,close,,,,,,,,
2019-02-01,-1.017751479289941,-860.0,42.25,1,stop,,,,,,,,
2019-02-04,1.848,1155.0,31.25,1,close,,,,,,,,
2019-02-05,0.2628571428571428,230.0,43.75,1,close,,,,,,,,
2019-02-06,0.0681818181818181,45.0,33.0,-1,close,,,,,,,,
2019-02-07,-1.0234375,-655.0,32.0,1,stop,,,,,,,,
2019-02-08,-1.0234375,-655.0,32.0,-1,stop,,,,,,,,
2019-02-11,0.3129251700680272,230.0,36.75,-1,close,,,,,,,,
2019-02-12,0.7364864864864865,545.0,37.0,1,close,,,,,,,,
2019-02-14,0.5,370.0,37.0,1,close,,,,,,,,
2019-02-15,-0.4482758620689655,-390.0,43.5,-1,close,,,,,,,,
2019-02-18,1.0625,170.0,8.0,1,close,,,,,,,,
2019-02-19,0.125,80.0,32.0,1,close,,,,,,,,
2019-02-20,-1.0333333333333334,-465.0,22.5,1,stop,,,,,,,,
2019-02-21,-1.0157068062827226,-970.0,47.75,-1,stop,,,,,,,,
2019-02-22,0.7912087912087912,360.0,22.75,1,close,,,,,,,,
2019-02-26,-0.0864197530864197,-70.0,40.5,1,close,,,,,,,,
2019-02-27,-1.0260869565217392,-590.0,28.75,-1,stop,,,,,,,,
2019-02-28,-1.024793388429752,-620.0,30.25,-1,stop,,,,,,,,
2019-03-01,-1.0340909090909092,-455.0,22.0,-1,stop,,,,,,,,
2019-03-05,-1.024590163934426,-625.0,30.5,-1,stop,,,,,,,,
2019-03-06,1.7397260273972603,635.0,18.25,-1,close,,,,,,,,
2019-03-07,0.6171428571428571,540.0,43.75,-1,close,,,,,,,,
2019-03-08,-1.0260869565217392,-590.0,28.75,1,stop,,,,,,,,
2019-03-11,1.7045454545454546,1500.0,44.0,1,close,,,,,,,,
2019-03-13,0.1797752808988764,80.0,22.25,1,close,,,,,,,,
2019-03-15,0.3046875,195.0,32.0,1,close,,,,,,,,
2019-03-18,-1.032967032967033,-470.0,22.75,1,stop,,,,,,,,
2019-03-21,1.7170731707317073,1760.0,51.25,1,close,,,,,,,,
2019-03-22,2.511363636363636,2210.0,44.0,-1,close,,,,,,,,
2019-03-25,-0.6307692307692307,-820.0,65.0,-1,close,,,,,,,,
2019-03-26,-1.0180722891566265,-845.0,41.5,1,stop,,,,,,,,
2019-03-27,0.8904109589041096,650.0,36.5,-1,close,,,,,,,,
2019-03-28,-1.0157894736842106,-965.0,47.5,1,stop,,,,,,,,
2019-03-29,-1.0263157894736843,-585.0,28.5,-1,stop,,,,,,,,
2019-04-01,-1.0258620689655171,-595.0,29.0,-1,stop,,,,,,,,
2019-04-02,-1.0344827586206895,-450.0,21.75,1,stop,,,,,,,,
2019-04-03,-1.0476190476190477,-330.0,15.75,1,stop,,,,,,,,
2019-04-04,-0.2464788732394366,-175.0,35.5,-1,close,,,,,,,,
2019-04-05,0.0823529411764705,35.0,21.25,1,close,,,,,,,,
2019-04-09,-1.0272727272727271,-565.0,27.5,1,stop,,,,,,,,
2019-04-11,-0.0461538461538461,-30.0,32.5,-1,close,,,,,,,,
2019-04-15,-0.3695652173913043,-85.0,11.5,-1,close,,,,,,,,
2019-04-16,-1.0410958904109588,-380.0,18.25,1,stop,,,,,,,,
2019-04-17,-0.0863309352517985,-60.0,34.75,-1,close,,,,,,,,
2019-04-18,-0.7391304347826086,-340.0,23.0,-1,close,,,,,,,,
2019-04-22,1.3653846153846154,710.0,26.0,1,close,,,,,,,,
2019-04-23,1.5357142857142858,1075.0,35.0,1,close,,,,,,,,
2019-04-25,-0.4107142857142857,-460.0,56.0,-1,close,,,,,,,,
2019-04-26,-1.0145631067961165,-1045.0,51.5,-1,stop,,,,,,,,
2019-04-29,-1.0441176470588236,-355.0,17.0,-1,stop,,,,,,,,
2019-05-01,-1.0348837209302326,-445.0,21.5,1,stop,,,,,,,,
2019-05-02,-1.0205479452054795,-745.0,36.5,1,stop,,,,,,,,
2019-05-03,2.392857142857143,1005.0,21.0,1,close,,,,,,,,
2019-05-06,0.7541528239202658,1135.0,75.25,1,close,,,,,,,,
2019-05-07,1.2471264367816093,1085.0,43.5,-1,close,,,,,,,,
2019-05-09,-1.0118577075098814,-1280.0,63.25,-1,stop,,,,,,,,
2019-05-10,-1.024390243902439,-630.0,30.75,-1,stop,,,,,,,,
2019-05-13,0.8333333333333334,1000.0,60.0,-1,close,,,,,,,,
2019-05-14,-1.0179640718562877,-850.0,41.75,-1,stop,,,,,,,,
2019-05-15,2.3812154696132595,2155.0,45.25,1,close,,,,,,,,
2019-05-16,0.5285714285714286,555.0,52.5,1,close,,,,,,,,
2019-05-17,-1.015384615384615,-990.0,48.75,1,stop,,,,,,,,
2019-05-21,-1.032967032967033,-470.0,22.75,-1,stop,,,,,,,,
2019-05-22,-1.024390243902439,-630.0,30.75,1,stop,,,,,,,,
2019-05-23,-0.112781954887218,-75.0,33.25,-1,close,,,,,,,,
2019-05-24,0.8311688311688312,640.0,38.5,-1,close,,,,,,,,
2019-05-29,-1.0175438596491229,-870.0,42.75,1,stop,,,,,,,,
2019-05-30,-1.0272727272727271,-565.0,27.5,1,stop,,,,,,,,
2019-06-03,1.561181434599156,1850.0,59.25,-1,close,,,,,,,,
2019-06-04,2.106145251396648,1885.0,44.75,1,close,,,,,,,,
2019-06-05,-0.6736842105263158,-640.0,47.5,-1,close,,,,,,,,
2019-06-06,-1.0198675496688745,-770.0,37.75,-1,stop,,,,,,,,
2019-06-07,0.7845528455284553,965.0,61.5,1,close,,,,,,,,
2019-06-10,-0.3717948717948718,-435.0,58.5,1,close,,,,,,,,
2019-06-12,-0.0636942675159235,-50.0,39.25,-1,close,,,,,,,,
2019-06-17,-0.0569620253164556,-45.0,39.5,1,close,,,,,,,,
2019-06-18,-0.4728434504792332,-740.0,78.25,1,close,,,,,,,,
2019-06-20,0.2786885245901639,170.0,30.5,-1,close,,,,,,,,
2019-06-24,0.4761904761904761,150.0,15.75,-1,close,,,,,,,,
2019-06-25,2.48,1860.0,37.5,-1,close,,,,,,,,
2019-06-28,-0.5259259259259259,-355.0,33.75,-1,close,,,,,,,,
2019-07-01,0.9310344827586208,540.0,29.0,-1,close,,,,,,,,
2019-07-02,-1.0348837209302326,-445.0,21.5,1,stop,,,,,,,,
2019-07-03,1.5731707317073171,645.0,20.5,1,close,,,,,,,,
2019-07-04,-1.1363636363636365,-125.0,5.5,-1,stop,,,,,,,,
2019-07-05,-1.0229007633587786,-670.0,32.75,-1,stop,,,,,,,,
2019-07-09,1.0613496932515338,865.0,40.75,1,close,,,,,,,,
2019-07-10,-1.0140845070422535,-1080.0,53.25,1,stop,,,,,,,,
2019-07-12,-1.036144578313253,-430.0,20.75,1,stop,,,,,,,,
2019-07-15,-1.0379746835443038,-410.0,19.75,-1,stop,,,,,,,,
2019-07-16,-1.0535714285714286,-295.0,14.0,1,stop,,,,,,,,
2019-07-19,3.0847457627118646,1820.0,29.5,-1,close,,,,,,,,
2019-07-22,0.5964912280701754,340.0,28.5,1,close,,,,,,,,
2019-07-23,-1.024390243902439,-630.0,30.75,-1,stop,,,,,,,,
2019-07-24,1.746031746031746,1100.0,31.5,1,close,,,,,,,,
2019-07-25,0.3018867924528302,240.0,39.75,-1,close,,,,,,,,
2019-07-29,-0.5463917525773195,-530.0,48.5,-1,close,,,,,,,,
2019-07-30,-0.1698113207547169,-135.0,39.75,1,close,,,,,,,,
2019-08-01,-1.0122448979591836,-1240.0,61.25,1,stop,,,,,,,,
2019-08-02,0.5609756097560976,460.0,41.0,-1,close,,,,,,,,
2019-08-05,1.2122641509433962,1285.0,53.0,-1,close,,,,,,,,
2019-08-06,-1.0176470588235291,-865.0,42.5,-1,stop,,,,,,,,
2019-08-07,-1.0129870129870129,-1170.0,57.75,-1,stop,,,,,,,,
2019-08-08,1.720183486238532,1875.0,54.5,1,close,,,,,,,,
2019-08-09,0.5089820359281437,425.0,41.75,-1,close,,,,,,,,
2019-08-13,0.0611353711790393,210.0,171.75,1,close,,,,,,,,
2019-08-14,2.0402298850574714,1775.0,43.5,-1,close,,,,,,,,
2019-08-16,0.4099378881987577,330.0,40.25,1,close,,,,,,,,
2019-08-19,-1.0206896551724138,-740.0,36.25,-1,stop,,,,,,,,
2019-08-22,0.9256198347107438,560.0,30.25,-1,close,,,,,,,,
2019-08-23,-1.0212765957446808,-720.0,35.25,-1,stop,,,,,,,,
2019-08-26,-1.02,-765.0,37.5,-1,stop,,,,,,,,
2019-08-28,0.38671875,495.0,64.0,1,close,,,,,,,,
2019-08-29,-1.0206896551724138,-740.0,36.25,1,stop,,,,,,,,
2019-08-30,1.5106382978723405,710.0,23.5,-1,close,,,,,,,,
2019-09-03,-1.016304347826087,-935.0,46.0,1,stop,,,,,,,,
2019-09-04,-1.0344827586206895,-450.0,21.75,-1,stop,,,,,,,,
2019-09-05,0.5093167701863354,410.0,40.25,1,close,,,,,,,,
2019-09-09,0.4263565891472868,275.0,32.25,-1,close,,,,,,,,
2019-09-10,-1.0141509433962264,-1075.0,53.0,-1,stop,,,,,,,,
2019-09-11,0.4398148148148148,475.0,54.0,1,close,,,,,,,,
2019-09-12,-1.0178571428571428,-855.0,42.0,1,stop,,,,,,,,
2019-09-13,-1.0260869565217392,-590.0,28.75,1,stop,,,,,,,,
2019-09-16,-1.0232558139534884,-660.0,32.25,1,stop,,,,,,,,
2019-09-23,-1.028301886792453,-545.0,26.5,1,stop,,,,,,,,
2019-09-24,3.07843137254902,2355.0,38.25,-1,close,,,,,,,,
2019-09-25,-1.0285714285714285,-540.0,26.25,-1,stop,,,,,,,,
2019-09-26,-1.0147058823529411,-1035.0,51.0,-1,stop,,,,,,,,
2019-09-27,1.403225806451613,1305.0,46.5,-1,close,,,,,,,,
2019-09-30,0.6814814814814815,460.0,33.75,1,close,,,,,,,,
2019-10-01,-1.0165745856353592,-920.0,45.25,1,stop,,,,,,,,
2019-10-02,0.7551020408163265,740.0,49.0,-1,close,,,,,,,,
2019-10-03,-1.0087719298245614,-1725.0,85.5,-1,stop,,,,,,,,
2019-10-04,1.3146853146853146,940.0,35.75,1,close,,,,,,,,
2019-10-07,-0.7424242424242424,-490.0,33.0,1,close,,,,,,,,
2019-10-08,-1.0192307692307692,-795.0,39.0,-1,stop,,,,,,,,
2019-10-09,-1.0260869565217392,-590.0,28.75,-1,stop,,,,,,,,
2019-10-10,0.8321167883211679,570.0,34.25,1,close,,,,,,,,
2019-10-11,-1.01875,-815.0,40.0,1,stop,,,,,,,,
2019-10-14,-0.5205479452054794,-380.0,36.5,1,close,,,,,,,,
2019-10-15,1.647540983606557,1005.0,30.5,1,close,,,,,,,,
2019-10-16,-1.030612244897959,-505.0,24.5,-1,stop,,,,,,,,
2019-10-17,0.46,230.0,25.0,-1,close,,,,,,,,
2019-10-18,3.859375,1235.0,16.0,-1,close,,,,,,,,
2019-10-21,-1.0275229357798166,-560.0,27.25,-1,stop,,,,,,,,
2019-10-22,3.879518072289157,1610.0,20.75,-1,close,,,,,,,,
2019-10-24,-1.03,-515.0,25.0,-1,stop,,,,,,,,
2019-10-25,2.623931623931624,1535.0,29.25,1,close,,,,,,,,
2019-10-28,0.4482758620689655,260.0,29.0,1,close,,,,,,,,
2019-10-29,0.84375,540.0,32.0,-1,close,,,,,,,,
2019-10-31,-0.4825870646766169,-485.0,50.25,-1,close,,,,,,,,
2019-11-01,-1.0272727272727271,-565.0,27.5,1,stop,,,,,,,,
2019-11-04,-0.1684210526315789,-80.0,23.75,-1,close,,,,,,,,
2019-11-05,-1.028301886792453,-545.0,26.5,-1,stop,,,,,,,,
2019-11-06,-0.64,-320.0,25.0,-1,close,,,,,,,,
2019-11-07,-1.024590163934426,-625.0,30.5,1,stop,,,,,,,,
2019-11-11,1.2105263157894737,460.0,19.0,1,close,,,,,,,,
2019-11-12,-1.036144578313253,-430.0,20.75,1,stop,,,,,,,,
2019-11-14,-1.0288461538461535,-535.0,26.0,1,stop,,,,,,,,
2019-11-15,-1.027027027027027,-570.0,27.75,-1,stop,,,,,,,,
2019-11-19,-0.1397849462365591,-65.0,23.25,-1,close,,,,,,,,
2019-11-20,-1.0476190476190477,-330.0,15.75,1,stop,,,,,,,,
2019-11-21,-1.0260869565217392,-590.0,28.75,-1,stop,,,,,,,,
2019-11-22,-0.0989010989010989,-45.0,22.75,-1,close,,,,,,,,
2019-11-25,0.6329113924050633,500.0,39.5,1,close,,,,,,,,
2019-11-26,0.2424242424242424,80.0,16.5,1,close,,,,,,,,
2019-11-27,2.189655172413793,635.0,14.5,1,close,,,,,,,,
2019-11-29,-1.0454545454545454,-345.0,16.5,1,stop,,,,,,,,
2019-12-02,0.3379310344827586,490.0,72.5,-1,close,,,,,,,,
2019-12-03,-1.0154639175257731,-985.0,48.5,-1,stop,,,,,,,,
2019-12-05,-0.6968085106382979,-655.0,47.0,-1,close,,,,,,,,
2019-12-06,0.5432098765432098,220.0,20.25,1,close,,,,,,,,
2019-12-10,-0.4264705882352941,-290.0,34.0,1,close,,,,,,,,
2019-12-11,1.3478260869565215,465.0,17.25,1,close,,,,,,,,
2019-12-12,-0.1555555555555555,-315.0,101.25,1,close,,,,,,,,
2019-12-13,0.2515337423312883,205.0,40.75,1,close,,,,,,,,
2019-12-16,0.0727272727272727,40.0,27.5,1,close,,,,,,,,
2019-12-17,-0.3063063063063063,-170.0,27.75,-1,close,,,,,,,,
2019-12-18,-1.046875,-335.0,16.0,-1,stop,,,,,,,,
2019-12-19,1.548780487804878,635.0,20.5,1,close,,,,,,,,
2019-12-20,-1.0288461538461535,-535.0,26.0,-1,stop,,,,,,,,
2019-12-23,-1.0555555555555556,-285.0,13.5,-1,stop,,,,,,,,
2019-12-24,-0.8163265306122449,-400.0,24.5,-1,close,,,,,,,,
2019-12-26,2.207792207792208,850.0,19.25,1,close,,,,,,,,
2019-12-27,0.8705882352941177,370.0,21.25,-1,close,,,,,,,,
2019-12-30,-0.28023598820059,-475.0,84.75,-1,close,,,,,,,,
2020-01-06,1.4363636363636365,1580.0,55.0,1,close,,,,,,,,
2020-01-08,1.1103896103896105,855.0,38.5,1,close,,,,,,,,
2020-01-13,1.7226890756302522,1025.0,29.75,1,close,,,,,,,,
2020-01-14,-1.0164835164835164,-925.0,45.5,-1,stop,,,,,,,,
2020-01-15,-1.023076923076923,-665.0,32.5,1,stop,,,,,,,,
2020-01-16,-1.0258620689655171,-595.0,29.0,1,stop,,,,,,,,
2020-01-21,-0.0265486725663716,-15.0,28.25,1,close,,,,,,,,
2020-01-22,-1.0238095238095235,-645.0,31.5,1,stop,,,,,,,,
2020-01-23,0.4754901960784313,485.0,51.0,1,close,,,,,,,,
2020-01-24,4.346938775510204,2130.0,24.5,-1,close,,,,,,,,
2020-01-27,-0.4488188976377952,-570.0,63.5,1,close,,,,,,,,
2020-01-28,0.9846153846153848,960.0,48.75,1,close,,,,,,,,
2020-01-29,0.2597402597402597,200.0,38.5,-1,close,,,,,,,,
2020-01-31,1.3098159509202454,2135.0,81.5,-1,close,,,,,,,,
2020-02-03,0.3321678321678322,475.0,71.5,1,close,,,,,,,,
2020-02-04,1.5166666666666666,1365.0,45.0,1,close,,,,,,,,
2020-02-05,-0.0685714285714285,-120.0,87.5,-1,close,,,,,,,,
2020-02-06,0.7391304347826086,765.0,51.75,1,close,,,,,,,,
2020-02-10,1.4808510638297872,1740.0,58.75,1,close,,,,,,,,
2020-02-11,-1.0151515151515151,-1005.0,49.5,1,stop,,,,,,,,
2020-02-12,-1.0225563909774436,-680.0,33.25,-1,stop,,,,,,,,
2020-02-13,0.2682926829268293,275.0,51.25,1,close,,,,,,,,
2020-02-14,-1.01875,-815.0,40.0,-1,stop,,,,,,,,
2020-02-18,0.4578313253012048,380.0,41.5,1,close,,,,,,,,
2020-02-19,0.3028169014084507,215.0,35.5,1,close,,,,,,,,
2020-02-21,0.2505133470225872,610.0,121.75,-1,close,,,,,,,,
2020-02-24,-0.7108843537414966,-2090.0,147.0,1,close,,,,,,,,
2020-02-25,2.7816711590296497,5160.0,92.75,-1,close,,,,,,,,
2020-02-27,-1.0079787234042554,-1895.0,94.0,-1,stop,,,,,,,,
2020-03-02,-1.0056925996204933,-2650.0,131.75,-1,stop,,,,,,,,
2020-03-03,-1.0053956834532374,-2795.0,139.0,-1,stop,,,,,,,,
2020-03-04,-1.006787330316742,-2225.0,110.5,-1,stop,,,,,,,,
2020-03-05,-1.008219178082192,-1840.0,91.25,1,stop,,,,,,,,
2020-03-06,-1.008955223880597,-1690.0,83.75,1,stop,,,,,,,,
2020-03-13,-1.0028735632183907,-5235.0,261.0,-1,stop,,,,,,,,
2020-03-17,-1.00271985494107,-5530.0,275.75,-1,stop,,,,,,,,
2020-03-18,-1.0028462998102468,-5285.0,263.5,1,stop,,,,,,,,
2020-03-19,0.1944444444444444,840.0,216.0,1,close,,,,,,,,
2020-03-23,-1.0038461538461538,-3915.0,195.0,1,stop,,,,,,,,
2020-03-25,-1.0032292787944026,-4660.0,232.25,-1,stop,,,,,,,,
2020-03-26,1.336092715231788,4035.0,151.0,1,close,,,,,,,,
2020-03-30,1.486842105263158,2825.0,95.0,1,close,,,,,,,,
2020-03-31,-1.0127118644067796,-1195.0,59.0,-1,stop,,,,,,,,
2020-04-06,2.2148541114058355,4175.0,94.25,1,close,,,,,,,,
2020-04-07,1.0643863179074446,2645.0,124.25,-1,close,,,,,,,,
2020-04-08,-1.012396694214876,-1225.0,60.5,-1,stop,,,,,,,,
2020-04-09,-0.0545023696682464,-115.0,105.5,-1,close,,,,,,,,
2020-04-13,-1.0111940298507462,-1355.0,67.0,-1,stop,,,,,,,,
2020-04-14,1.1431980906921242,2395.0,104.75,1,close,,,,,,,,
2020-04-16,-1.013574660633484,-1120.0,55.25,-1,stop,,,,,,,,
2020-04-21,1.0057692307692307,2615.0,130.0,-1,close,,,,,,,,
2020-04-22,-1.0131004366812226,-1160.0,57.25,-1,stop,,,,,,,,
2020-04-23,-1.008823529411765,-1715.0,85.0,1,stop,,,,,,,,
2020-04-24,-1.00990099009901,-1530.0,75.75,-1,stop,,,,,,,,
2020-04-27,-1.0162162162162165,-940.0,46.25,1,stop,,,,,,,,
2020-04-28,2.145214521452145,3250.0,75.75,-1,close,,,,,,,,
2020-04-29,1.2615384615384615,1640.0,65.0,1,close,,,,,,,,
2020-05-01,-1.00990099009901,-1530.0,75.75,1,stop,,,,,,,,
2020-05-04,1.5265151515151516,2015.0,66.0,1,close,,,,,,,,
2020-05-05,-1.0140845070422535,-1080.0,53.25,1,stop,,,,,,,,
2020-05-06,-1.01171875,-1295.0,64.0,-1,stop,,,,,,,,
2020-05-07,-1.0129870129870129,-1170.0,57.75,-1,stop,,,,,,,,
2020-05-08,0.5121951219512195,630.0,61.5,1,close,,,,,,,,
2020-05-11,0.9680851063829788,1365.0,70.5,1,close,,,,,,,,
2020-05-12,1.417910447761194,2850.0,100.5,-1,close,,,,,,,,
2020-05-13,-1.0068649885583525,-2200.0,109.25,1,stop,,,,,,,,
2020-05-14,-1.0095238095238095,-1590.0,78.75,-1,stop,,,,,,,,
2020-05-15,1.4861538461538462,2415.0,81.25,1,close,,,,,,,,
2020-05-18,-1.0172413793103448,-885.0,43.5,-1,stop,,,,,,,,
2020-05-19,-1.0129870129870129,-1170.0,57.75,1,stop,,,,,,,,
2020-05-20,0.3080168776371308,365.0,59.25,1,close,,,,,,,,
2020-05-21,0.8526315789473684,1215.0,71.25,-1,close,,,,,,,,
2020-05-22,0.3983739837398374,490.0,61.5,1,close,,,,,,,,
2020-05-26,1.8924302788844625,2375.0,62.75,-1,close,,,,,,,,
2020-05-27,-1.0082872928176796,-1825.0,90.5,-1,stop,,,,,,,,
2020-05-28,-0.6418732782369146,-1165.0,90.75,1,close,,,,,,,,
2020-05-29,-1.0149253731343284,-1020.0,50.25,-1,stop,,,,,,,,
2020-06-01,0.4244897959183673,520.0,61.25,1,close,,,,,,,,
2020-06-02,-1.0208333333333333,-735.0,36.0,-1,stop,,,,,,,,
2020-06-03,-1.0161290322580645,-945.0,46.5,1,stop,,,,,,,,
2020-06-04,-1.0136986301369864,-1110.0,54.75,1,stop,,,,,,,,
2020-06-08,-1.015228426395939,-1000.0,49.25,-1,stop,,,,,,,,
2020-06-09,1.0841121495327102,1160.0,53.5,1,close,,,,,,,,
2020-06-10,-1.0165745856353592,-920.0,45.25,1,stop,,,,,,,,
2020-06-11,-1.0085227272727273,-1775.0,88.0,1,stop,,,,,,,,
2020-06-12,1.5408163265306123,2265.0,73.5,-1,close,,,,,,,,
2020-06-15,1.5973451327433628,3610.0,113.0,1,close,,,,,,,,
2020-06-17,-1.0158730158730158,-960.0,47.25,-1,stop,,,,,,,,
2020-06-18,-1.0157894736842106,-965.0,47.5,1,stop,,,,,,,,
2020-06-19,-1.0256410256410255,-600.0,29.25,1,stop,,,,,,,,
2020-06-22,2.0273224043715845,1855.0,45.75,1,close,,,,,,,,
2020-06-23,-0.2193877551020408,-215.0,49.0,1,close,,,,,,,,
2020-06-24,1.5646067415730338,2785.0,89.0,-1,close,,,,,,,,
2020-06-25,-1.0059171597633136,-2550.0,126.75,-1,stop,,,,,,,,
2020-06-26,1.4730077120822622,2865.0,97.25,-1,close,,,,,,,,
2020-06-30,1.085164835164835,1975.0,91.0,1,close,,,,,,,,
2020-07-01,1.1235059760956174,1410.0,62.75,1,close,,,,,,,,
2020-07-02,0.6129032258064516,570.0,46.5,-1,close,,,,,,,,
2020-07-06,1.4321608040201006,1425.0,49.75,1,close,,,,,,,,
2020-07-07,-1.0107913669064748,-1405.0,69.5,1,stop,,,,,,,,
2020-07-08,-1.0122448979591836,-1240.0,61.25,1,stop,,,,,,,,
2020-07-09,-1.012448132780083,-1220.0,60.25,-1,stop,,,,,,,,
2020-07-10,-1.0066815144766148,-2260.0,112.25,-1,stop,,,,,,,,
2020-07-13,-1.010752688172043,-1410.0,69.75,1,stop,,,,,,,,
2020-07-14,-1.0037128712871286,-4055.0,202.0,-1,stop,,,,,,,,
2020-07-16,-1.009375,-1615.0,80.0,-1,stop,,,,,,,,
2020-07-17,-1.0107142857142857,-1415.0,70.0,-1,stop,,,,,,,,
2020-07-20,1.9355555555555557,4355.0,112.5,1,close,,,,,,,,
2020-07-21,0.7745098039215687,1580.0,102.0,-1,close,,,,,,,,
2020-07-22,-1.012,-1265.0,62.5,1,stop,,,,,,,,
2020-07-23,-1.012,-1265.0,62.5,1,stop,,,,,,,,
2020-07-24,0.1142384105960264,345.0,151.0,1,close,,,,,,,,
2020-07-28,-1.008955223880597,-1690.0,83.75,-1,stop,,,,,,,,
2020-07-29,0.4897959183673469,480.0,49.0,1,close,,,,,,,,
2020-07-30,-1.010135135135135,-1495.0,74.0,-1,stop,,,,,,,,
2020-07-31,-0.97265625,-2490.0,128.0,-1,close,,,,,,,,
2020-08-03,-0.1879432624113475,-265.0,70.5,1,close,,,,,,,,
2020-08-04,-1.0100671140939597,-1505.0,74.5,1,stop,,,,,,,,
2020-08-05,0.0693641618497109,60.0,43.25,1,close,,,,,,,,
2020-08-06,-1.015075376884422,-1010.0,49.75,1,stop,,,,,,,,
2020-08-07,-1.0198675496688745,-770.0,37.75,1,stop,,,,,,,,
2020-08-10,0.4782608695652174,440.0,46.0,-1,close,,,,,,,,
2020-08-12,1.5665529010238908,2295.0,73.25,1,close,,,,,,,,
2020-08-14,-0.2408163265306122,-295.0,61.25,-1,close,,,,,,,,
2020-08-17,0.7172413793103448,520.0,36.25,1,close,,,,,,,,
2020-08-18,-1.012931034482759,-1175.0,58.0,-1,stop,,,,,,,,
2020-08-19,-1.011111111111111,-1365.0,67.5,-1,stop,,,,,,,,
2020-08-20,1.5106382978723405,2485.0,82.25,1,close,,,,,,,,
2020-08-21,1.4472049689440991,1165.0,40.25,1,close,,,,,,,,
2020-08-24,-0.0945626477541371,-200.0,105.75,-1,close,,,,,,,,
2020-08-25,1.1875,1520.0,64.0,1,close,,,,,,,,
2020-08-26,4.26797385620915,3265.0,38.25,1,close,,,,,,,,
2020-08-28,-1.01875,-815.0,40.0,-1,stop,,,,,,,,
2020-08-31,0.5823293172690763,725.0,62.25,1,close,,,,,,,,
2020-09-01,0.6085918854415274,1275.0,104.75,1,close,,,,,,,,
2020-09-02,-1.0074812967581048,-2020.0,100.25,-1,stop,,,,,,,,
2020-09-03,2.097359735973597,6355.0,151.5,-1,close,,,,,,,,
2020-09-04,-0.0440860215053763,-205.0,232.5,-1,close,,,,,,,,
2020-09-07,0.6396396396396397,355.0,27.75,1,close,,,,,,,,
2020-09-08,-1.0042492917847026,-3545.0,176.5,1,stop,,,,,,,,
2020-09-09,0.2660714285714285,745.0,140.0,1,close,,,,,,,,
2020-09-10,-1.0101010101010102,-1500.0,74.25,1,stop,,,,,,,,
2020-09-11,0.375886524822695,1060.0,141.0,-1,close,,,,,,,,
2020-09-14,-1.0074812967581048,-2020.0,100.25,1,stop,,,,,,,,
2020-09-15,-1.013157894736842,-1155.0,57.0,1,stop,,,,,,,,
2020-09-16,2.177049180327869,3320.0,76.25,-1,close,,,,,,,,
2020-09-17,-1.006741573033708,-2240.0,111.25,1,stop,,,,,,,,
2020-09-18,1.2789473684210526,2430.0,95.0,-1,close,,,,,,,,
2020-09-21,-1.0058823529411764,-2565.0,127.5,1,stop,,,,,,,,
2020-09-22,-1.0076142131979695,-1985.0,98.5,-1,stop,,,,,,,,
2020-09-23,3.591216216216216,5315.0,74.0,-1,close,,,,,,,,
2020-09-24,0.3107344632768362,825.0,132.75,1,close,,,,,,,,
2020-09-25,2.448795180722892,4065.0,83.0,1,close,,,,,,,,
2020-09-28,-1.0097402597402598,-1555.0,77.0,-1,stop,,,,,,,,
2020-09-30,0.2698961937716263,390.0,72.25,1,close,,,,,,,,
2020-10-01,-1.0141509433962264,-1075.0,53.0,-1,stop,,,,,,,,
2020-10-02,-1.005952380952381,-2535.0,126.0,1,stop,,,,,,,,
2020-10-05,1.5555555555555556,2030.0,65.25,1,close,,,,,,,,
2020-10-06,-1.0136986301369864,-1110.0,54.75,-1,stop,,,,,,,,
2020-10-07,-1.013574660633484,-1120.0,55.25,-1,stop,,,,,,,,
2020-10-08,-0.37890625,-485.0,64.0,-1,close,,,,,,,,
2020-10-09,1.752808988764045,1560.0,44.5,1,close,,,,,,,,
2020-10-14,0.7941952506596306,1505.0,94.75,-1,close,,,,,,,,
2020-10-15,-1.0061475409836065,-2455.0,122.0,1,stop,,,,,,,,
2020-10-16,-1.0120967741935485,-1255.0,62.0,1,stop,,,,,,,,
2020-10-19,3.3784722222222223,4865.0,72.0,-1,close,,,,,,,,
2020-10-20,-1.0104166666666667,-1455.0,72.0,1,stop,,,,,,,,
2020-10-21,-1.0063291139240509,-2385.0,118.5,1,stop,,,,,,,,
2020-10-22,-0.0641891891891891,-95.0,74.0,-1,close,,,,,,,,
2020-10-23,-1.0074257425742574,-2035.0,101.0,-1,stop,,,,,,,,
2020-10-26,-1.0073170731707315,-2065.0,102.5,1,stop,,,,,,,,
2020-10-28,0.8842975206611571,2675.0,151.25,-1,close,,,,,,,,
2020-10-29,1.0297029702970295,1560.0,75.75,1,close,,,,,,,,
2020-10-30,0.628158844765343,1740.0,138.5,-1,close,,,,,,,,
2020-11-02,-1.008264462809917,-1830.0,90.75,1,stop,,,,,,,,
2020-11-03,1.4448818897637796,1835.0,63.5,1,close,,,,,,,,
2020-11-04,0.5235404896421846,1390.0,132.75,1,close,,,,,,,,
2020-11-05,0.1035502958579881,175.0,84.5,1,close,,,,,,,,
2020-11-09,-1.004341534008683,-3470.0,172.75,1,stop,,,,,,,,
2020-11-10,-0.2171945701357466,-720.0,165.75,-1,close,,,,,,,,
2020-11-13,-1.012396694214876,-1225.0,60.5,-1,stop,,,,,,,,
2020-11-16,0.1952380952380952,410.0,105.0,1,close,,,,,,,,
2020-11-17,-1.0095541401273886,-1585.0,78.5,-1,stop,,,,,,,,
2020-11-18,-1.013215859030837,-1150.0,56.75,-1,stop,,,,,,,,
2020-11-19,0.8051948051948052,1240.0,77.0,1,close,,,,,,,,
2020-11-20,-1.0229007633587786,-670.0,32.75,1,stop,,,,,,,,
2020-11-23,-1.015384615384615,-990.0,48.75,1,stop,,,,,,,,
2020-11-25,-1.0148514851485149,-1025.0,50.5,-1,stop,,,,,,,,
2020-11-27,0.2072538860103626,200.0,48.25,1,close,,,,,,,,
2020-11-30,-0.6587837837837838,-975.0,74.0,-1,close,,,,,,,,
2020-12-01,0.4620253164556962,730.0,79.0,1,close,,,,,,,,
2020-12-02,0.4373401534526854,855.0,97.75,1,close,,,,,,,,
2020-12-03,-1.0135135135135136,-1125.0,55.5,1,stop,,,,,,,,
2020-12-04,0.3733905579399141,435.0,58.25,1,close,,,,,,,,
2020-12-07,0.2033898305084746,240.0,59.0,1,close,,,,,,,,
2020-12-08,-1.0130434782608695,-1165.0,57.5,-1,stop,,,,,,,,
2020-12-09,4.12037037037037,4450.0,54.0,-1,close,,,,,,,,
2020-12-10,0.4662576687116564,1140.0,122.25,1,close,,,,,,,,
2020-12-14,-0.6243654822335025,-1230.0,98.5,1,close,,,,,,,,
2020-12-17,-0.6802721088435374,-500.0,36.75,-1,close,,,,,,,,
2020-12-18,-0.1285347043701799,-250.0,97.25,-1,close,,,,,,,,
2020-12-21,-1.0064935064935066,-2325.0,115.5,-1,stop,,,,,,,,
2020-12-22,-1.0157894736842106,-965.0,47.5,1,stop,,,,,,,,
2020-12-28,-1.0133928571428572,-1135.0,56.0,-1,stop,,,,,,,,
2020-12-29,0.2085106382978723,245.0,58.75,-1,close,,,,,,,,
2020-12-30,0.2429906542056074,260.0,53.5,-1,close,,,,,,,,
2021-01-05,0.245575221238938,555.0,113.0,1,close,,,,,,,,
2021-01-06,-0.2917771883289125,-550.0,94.25,1,close,,,,,,,,
2021-01-07,0.7688888888888888,1730.0,112.5,1,close,,,,,,,,
2021-01-08,-1.0080428954423593,-1880.0,93.25,-1,stop,,,,,,,,
2021-01-11,-1.0084985835694051,-1780.0,88.25,1,stop,,,,,,,,
2021-01-12,0.0566801619433198,70.0,61.75,-1,close,,,,,,,,
2021-01-13,0.4320557491289198,620.0,71.75,1,close,,,,,,,,
2021-01-15,0.7959183673469388,1170.0,73.5,-1,close,,,,,,,,
2021-01-18,0.0934579439252336,50.0,26.75,1,close,,,,,,,,
2021-01-19,-1.0147783251231528,-1030.0,50.75,-1,stop,,,,,,,,
2021-01-20,0.912536443148688,1565.0,85.75,1,close,,,,,,,,
2021-01-21,0.3926380368098159,640.0,81.5,1,close,,,,,,,,
2021-01-22,-1.014354066985646,-1060.0,52.25,1,stop,,,,,,,,
2021-01-28,-0.5891891891891892,-1635.0,138.75,1,close,,,,,,,,
2021-01-29,-1.0050251256281406,-3000.0,149.25,1,stop,,,,,,,,
2021-02-01,-1.0072289156626506,-2090.0,103.75,-1,stop,,,,,,,,
2021-02-02,0.4661921708185053,655.0,70.25,1,close,,,,,,,,
2021-02-03,0.7859154929577464,1395.0,88.75,-1,close,,,,,,,,
2021-02-04,-1.008595988538682,-1760.0,87.25,-1,stop,,,,,,,,
2021-02-05,-1.0137614678899085,-1105.0,54.5,-1,stop,,,,,,,,
2021-02-08,-1.0137614678899085,-1105.0,54.5,1,stop,,,,,,,,
2021-02-09,-0.2645502645502645,-250.0,47.25,1,close,,,,,,,,
2021-02-10,0.8818565400843882,1045.0,59.25,-1,close,,,,,,,,
2021-02-11,-1.015228426395939,-1000.0,49.25,-1,stop,,,,,,,,
2021-02-12,1.5609756097560976,1920.0,61.5,1,close,,,,,,,,
2021-02-16,-1.0142857142857142,-1065.0,52.5,1,stop,,,,,,,,
2021-02-17,-1.0100334448160535,-1510.0,74.75,1,stop,,,,,,,,
2021-02-18,-1.0126582278481011,-1200.0,59.25,-1,stop,,,,,,,,
2021-02-22,-1.010909090909091,-1390.0,68.75,1,stop,,,,,,,,
2021-02-23,-1.003076923076923,-4890.0,243.75,-1,stop,,,,,,,,
2021-02-24,-1.0051724137931035,-2915.0,145.0,-1,stop,,,,,,,,
2021-02-25,2.892857142857143,6885.0,119.0,-1,close,,,,,,,,
2021-02-26,-1.0054151624548735,-2785.0,138.5,-1,stop,,,,,,,,
2021-03-01,1.556164383561644,2840.0,91.25,1,close,,,,,,,,
2021-03-02,1.1662971175166297,2630.0,112.75,-1,close,,,,,,,,
2021-03-03,1.509306260575296,4460.0,147.75,-1,close,,,,,,,,
2021-03-04,-1.004991680532446,-3020.0,150.25,-1,stop,,,,,,,,
2021-03-05,-1.004518072289157,-3335.0,166.0,-1,stop,,,,,,,,
2021-03-09,1.7804878048780488,2555.0,71.75,1,close,,,,,,,,
2021-03-10,0.7693877551020408,1885.0,122.5,-1,close,,,,,,,,
2021-03-11,-1.0089285714285714,-1695.0,84.0,-1,stop,,,,,,,,
2021-03-12,-1.0092307692307692,-1640.0,81.25,1,stop,,,,,,,,
2021-03-15,-1.0112781954887218,-1345.0,66.5,1,stop,,,,,,,,
2021-03-16,-1.0098039215686274,-1545.0,76.5,1,stop,,,,,,,,
2021-03-17,0.9490566037735848,2515.0,132.5,1,close,,,,,,,,
2021-03-18,2.0935483870967744,3245.0,77.5,-1,close,,,,,,,,
2021-03-19,-1.00587084148728,-2570.0,127.75,-1,stop,,,,,,,,
2021-03-22,0.6332378223495702,1105.0,87.25,1,close,,,,,,,,
2021-03-24,1.7622549019607845,3595.0,102.0,-1,close,,,,,,,,
2021-03-25,-1.005586592178771,-2700.0,134.25,1,stop,,,,,,,,
2021-03-26,-1.0077120822622108,-1960.0,97.25,1,stop,,,,,,,,
2021-03-29,-1.0089285714285714,-1695.0,84.0,-1,stop,,,,,,,,
2021-03-30,-1.0080213903743316,-1885.0,93.5,-1,stop,,,,,,,,
2021-03-31,0.7466666666666667,1120.0,75.0,1,close,,,,,,,,
2021-04-01,0.1196911196911196,155.0,64.75,1,close,,,,,,,,
2021-04-05,1.5294117647058822,2080.0,68.0,1,close,,,,,,,,
2021-04-06,-0.3768115942028985,-390.0,51.75,1,close,,,,,,,,
2021-04-07,0.5708154506437768,665.0,58.25,1,close,,,,,,,,
2021-04-08,-1.019108280254777,-800.0,39.25,1,stop,,,,,,,,
2021-04-09,1.728,2160.0,62.5,1,close,,,,,,,,
2021-04-12,-1.0161290322580645,-945.0,46.5,-1,stop,,,,,,,,
2021-04-13,0.4104234527687296,630.0,76.75,1,close,,,,,,,,
2021-04-14,1.6853932584269662,2250.0,66.75,-1,close,,,,,,,,
2021-04-15,0.4,530.0,66.25,1,close,,,,,,,,
2021-04-16,-1.0101010101010102,-1500.0,74.25,-1,stop,,,,,,,,
2021-04-19,0.2184873949579832,390.0,89.25,-1,close,,,,,,,,
2021-04-20,-1.013215859030837,-1150.0,56.75,1,stop,,,,,,,,
2021-04-21,1.8651315789473684,2835.0,76.0,1,close,,,,,,,,
2021-04-23,1.7887323943661972,1905.0,53.25,1,close,,,,,,,,
2021-04-26,1.828358208955224,1225.0,33.5,1,close,,,,,,,,
2021-04-27,0.2585551330798479,340.0,65.75,-1,close,,,,,,,,
2021-04-28,-1.0126582278481011,-1200.0,59.25,1,stop,,,,,,,,
2021-04-29,0.2757575757575757,455.0,82.5,-1,close,,,,,,,,
2021-04-30,-1.0111940298507462,-1355.0,67.0,1,stop,,,,,,,,
2021-05-03,-1.0100334448160535,-1510.0,74.75,1,stop,,,,,,,,
2021-05-04,0.2269076305220883,565.0,124.5,-1,close,,,,,,,,
2021-05-05,1.469314079422383,2035.0,69.25,-1,close,,,,,,,,
2021-05-06,-1.007936507936508,-1905.0,94.5,-1,stop,,,,,,,,
2021-05-07,-0.4780058651026393,-815.0,85.25,1,close,,,,,,,,
2021-05-10,1.2214022140221403,3310.0,135.5,-1,close,,,,,,,,
2021-05-11,0.7753001715265866,2260.0,145.75,1,close,,,,,,,,
2021-05-12,0.9487750556792872,2130.0,112.25,-1,close,,,,,,,,
2021-05-13,-1.0095238095238095,-1590.0,78.75,1,stop,,,,,,,,
2021-05-14,1.9829787234042555,2330.0,58.75,1,close,,,,,,,,
2021-05-17,-0.5959885386819485,-1040.0,87.25,-1,close,,,,,,,,
2021-05-18,-1.0107913669064748,-1405.0,69.5,1,stop,,,,,,,,
2021-05-19,1.1221995926680244,2755.0,122.75,1,close,,,,,,,,
2021-05-20,0.6412825651302605,1600.0,124.75,1,close,,,,,,,,
2021-05-21,0.8238636363636364,1450.0,88.0,-1,close,,,,,,,,
2021-05-24,0.4947916666666667,950.0,96.0,1,close,,,,,,,,
2021-05-25,0.086021505376344,120.0,69.75,-1,close,,,,,,,,
2021-05-26,-1.016304347826087,-935.0,46.0,-1,stop,,,,,,,,
2021-05-27,-1.0161290322580645,-945.0,46.5,1,stop,,,,,,,,
2021-05-31,1.020408163265306,250.0,12.25,-1,close,,,,,,,,
2021-06-01,2.283783783783784,1690.0,37.0,-1,close,,,,,,,,
2021-06-02,-1.015384615384615,-990.0,48.75,1,stop,,,,,,,,
2021-06-03,-1.0072815533980584,-2075.0,103.0,-1,stop,,,,,,,,
2021-06-04,0.8501440922190202,1475.0,86.75,1,close,,,,,,,,
2021-06-07,-1.0151515151515151,-1005.0,49.5,-1,stop,,,,,,,,
2021-06-08,0.6640926640926641,860.0,64.75,-1,close,,,,,,,,
2021-06-09,1.0,745.0,37.25,-1,close,,,,,,,,
2021-06-10,0.1276190476190476,335.0,131.25,1,close,,,,,,,,
2021-06-11,-1.023076923076923,-665.0,32.5,1,stop,,,,,,,,
2021-06-14,1.2059800664451827,1815.0,75.25,1,close,,,,,,,,
2021-06-15,0.5833333333333334,630.0,54.0,-1,close,,,,,,,,
2021-06-16,-1.0193548387096774,-790.0,38.75,1,stop,,,,,,,,
2021-06-17,1.5140449438202248,2695.0,89.0,1,close,,,,,,,,
2021-06-23,-1.0145631067961165,-1045.0,51.5,1,stop,,,,,,,,
2021-06-24,-1.0127118644067796,-1195.0,59.0,1,stop,,,,,,,,
2021-06-25,0.0353535353535353,35.0,49.5,-1,close,,,,,,,,
2021-07-02,1.0879120879120878,990.0,45.5,1,close,,,,,,,,
2021-07-06,-1.0155440414507773,-980.0,48.25,1,stop,,,,,,,,
2021-07-07,-0.0061349693251533,-10.0,81.5,-1,close,,,,,,,,
2021-07-08,-1.0075566750629723,-2000.0,99.25,-1,stop,,,,,,,,
2021-07-09,1.3526970954356847,1630.0,60.25,1,close,,,,,,,,
2021-07-12,-0.7163636363636363,-985.0,68.75,-1,close,,,,,,,,
2021-07-13,-1.012931034482759,-1175.0,58.0,1,stop,,,,,,,,
2021-07-14,-1.0135135135135136,-1125.0,55.5,1,stop,,,,,,,,
2021-07-16,1.4778481012658229,2335.0,79.0,-1,close,,,,,,,,
2021-07-19,-1.0076726342710998,-1970.0,97.75,-1,stop,,,,,,,,
2021-07-21,1.1215686274509804,1430.0,63.75,1,close,,,,,,,,
2021-07-22,0.3587786259541984,470.0,65.5,1,close,,,,,,,,
2021-07-23,1.5826771653543308,2010.0,63.5,1,close,,,,,,,,
2021-07-26,0.4055299539170507,440.0,54.25,1,close,,,,,,,,
2021-07-27,1.4224806201550388,1835.0,64.5,-1,close,,,,,,,,
2021-07-28,-0.3202614379084967,-980.0,153.0,1,close,,,,,,,,
2021-07-30,0.0696969696969697,115.0,82.5,1,close,,,,,,,,
2021-08-03,-1.011494252873563,-1320.0,65.25,-1,stop,,,,,,,,
2021-08-04,-1.0168539325842696,-905.0,44.5,-1,stop,,,,,,,,
2021-08-05,0.75,795.0,53.0,1,close,,,,,,,,
2021-08-06,0.1513513513513513,140.0,46.25,-1,close,,,,,,,,
2021-08-10,0.8608695652173913,990.0,57.5,-1,close,,,,,,,,
2021-08-11,0.5604838709677419,695.0,62.0,-1,close,,,,,,,,
2021-08-12,1.1955555555555557,1345.0,56.25,1,close,,,,,,,,
2021-08-13,0.7692307692307693,500.0,32.5,1,close,,,,,,,,
2021-08-16,-1.0202702702702702,-755.0,37.0,-1,stop,,,,,,,,
2021-08-17,-1.0108695652173914,-1395.0,69.0,-1,stop,,,,,,,,
2021-08-18,-1.0137614678899085,-1105.0,54.5,1,stop,,,,,,,,
2021-08-20,0.6644295302013423,990.0,74.5,1,close,,,,,,,,
2021-08-23,1.4794520547945205,2160.0,73.0,1,close,,,,,,,,
2021-08-24,-0.1052631578947368,-100.0,47.5,1,close,,,,,,,,
2021-08-25,-0.15,-120.0,40.0,-1,close,,,,,,,,
2021-08-26,1.2418300653594772,950.0,38.25,-1,close,,,,,,,,
2021-08-27,0.814935064935065,1255.0,77.0,1,close,,,,,,,,
2021-08-30,0.9326599326599326,1385.0,74.25,1,close,,,,,,,,
2021-08-31,-0.6978193146417445,-1120.0,80.25,-1,close,,,,,,,,
2021-09-01,-1.0102389078498293,-1480.0,73.25,1,stop,,,,,,,,
2021-09-02,0.5842105263157895,555.0,47.5,-1,close,,,,,,,,
2021-09-03,0.130057803468208,225.0,86.5,1,close,,,,,,,,
2021-09-06,0.5135135135135135,95.0,9.25,1,close,,,,,,,,
2021-09-07,-1.014218009478673,-1070.0,52.75,-1,stop,,,,,,,,
2021-09-10,3.820652173913044,3515.0,46.0,-1,close,,,,,,,,
2021-09-13,0.0672268907563025,160.0,119.0,-1,close,,,,,,,,
2021-09-14,0.6637168141592921,1125.0,84.75,-1,close,,,,,,,,
2021-09-15,-1.0065217391304349,-2315.0,115.0,-1,stop,,,,,,,,
2021-09-16,-1.0123456790123455,-1230.0,60.75,-1,stop,,,,,,,,
2021-09-17,0.8207282913165266,1465.0,89.25,-1,close,,,,,,,,
2021-09-20,0.134020618556701,325.0,121.25,-1,close,,,,,,,,
2021-09-21,-1.0078947368421052,-1915.0,95.0,1,stop,,,,,,,,
2021-09-22,1.3534136546184738,1685.0,62.25,1,close,,,,,,,,
2021-09-23,0.1758793969849246,350.0,99.5,1,close,,,,,,,,
2021-09-24,1.1637931034482758,1350.0,58.0,1,close,,,,,,,,
2021-09-28,1.2731182795698923,2960.0,116.25,-1,close,,,,,,,,
2021-09-29,-1.009090909090909,-1665.0,82.5,1,stop,,,,,,,,
2021-10-01,-1.005859375,-2575.0,128.0,-1,stop,,,,,,,,
2021-10-04,0.763986013986014,2185.0,143.0,-1,close,,,,,,,,
2021-10-05,1.0576923076923077,1650.0,78.0,1,close,,,,,,,,
2021-10-06,-1.0052447552447552,-2875.0,143.0,-1,stop,,,,,,,,
2021-10-07,-0.7220779220779221,-1390.0,96.25,1,close,,,,,,,,
2021-10-11,-1.005952380952381,-2535.0,126.0,1,stop,,,,,,,,
2021-10-12,0.0866807610993657,205.0,118.25,-1,close,,,,,,,,
2021-10-13,-1.0098684210526316,-1535.0,76.0,-1,stop,,,,,,,,
2021-10-14,0.7590361445783133,1260.0,83.0,1,close,,,,,,,,
2021-10-18,1.816265060240964,3015.0,83.0,1,close,,,,,,,,
2021-10-19,0.822429906542056,880.0,53.5,1,close,,,,,,,,
2021-10-20,-1.0218978102189782,-700.0,34.25,-1,stop,,,,,,,,
2021-10-21,1.5133928571428572,1695.0,56.0,1,close,,,,,,,,
2021-10-22,-1.013574660633484,-1120.0,55.25,-1,stop,,,,,,,,
2021-10-26,-1.0078947368421052,-1915.0,95.0,1,stop,,,,,,,,
2021-10-27,-0.6925373134328359,-1160.0,83.75,1,close,,,,,,,,
2021-10-28,1.231111111111111,1385.0,56.25,1,close,,,,,,,,
2021-10-29,1.6987951807228916,2820.0,83.0,1,close,,,,,,,,
2021-11-01,-1.011764705882353,-1290.0,63.75,-1,stop,,,,,,,,
2021-11-02,0.0182767624020887,35.0,95.75,1,close,,,,,,,,
2021-11-03,-1.0128205128205128,-1185.0,58.5,-1,stop,,,,,,,,
2021-11-04,1.5818181818181818,2175.0,68.75,1,close,,,,,,,,
2021-11-05,0.4659090909090909,615.0,66.0,-1,close,,,,,,,,
2021-11-08,-0.0755395683453237,-105.0,69.5,-1,close,,,,,,,,
2021-11-09,1.6628352490421456,2170.0,65.25,-1,close,,,,,,,,
2021-11-10,-1.007751937984496,-1950.0,96.75,1,stop,,,,,,,,
2021-11-11,0.4170040485829959,515.0,61.75,-1,close,,,,,,,,
2021-11-15,0.2358490566037736,250.0,53.0,-1,close,,,,,,,,
2021-11-17,-1.01875,-815.0,40.0,-1,stop,,,,,,,,
2021-11-18,-1.0127659574468084,-1190.0,58.75,1,stop,,,,,,,,
2021-11-19,-0.1284046692607003,-165.0,64.25,1,close,,,,,,,,
2021-11-22,-1.008174386920981,-1850.0,91.75,1,stop,,,,,,,,
2021-11-23,-1.0061855670103093,-2440.0,121.25,1,stop,,,,,,,,
2021-11-24,1.2252252252252251,2720.0,111.0,1,close,,,,,,,,
2021-11-25,-0.2384615384615384,-155.0,32.5,1,close,,,,,,,,
2021-11-26,1.0666666666666669,2720.0,127.5,-1,close,,,,,,,,
2021-11-29,1.0571428571428572,1850.0,87.5,1,close,,,,,,,,
2021-11-30,-1.010600706713781,-1430.0,70.75,1,stop,,,,,,,,
2021-12-01,-1.0074074074074073,-2040.0,101.25,1,stop,,,,,,,,
2021-12-02,-1.0035502958579885,-4240.0,211.25,1,stop,,,,,,,,
2021-12-03,1.1587301587301588,4015.0,173.25,-1,close,,,,,,,,
2021-12-07,1.6754966887417218,2530.0,75.5,1,close,,,,,,,,
2021-12-08,0.5393258426966292,960.0,89.0,1,close,,,,,,,,
2021-12-09,1.4160919540229886,3080.0,108.75,-1,close,,,,,,,,
2021-12-13,2.262295081967213,3450.0,76.25,-1,close,,,,,,,,
2021-12-15,-1.0077922077922077,-1940.0,96.25,-1,stop,,,,,,,,
2021-12-16,1.7782608695652171,6135.0,172.5,-1,close,,,,,,,,
2021-12-17,-1.0053956834532374,-2795.0,139.0,1,stop,,,,,,,,
2021-12-21,-1.006578947368421,-2295.0,114.0,-1,stop,,,,,,,,
2021-12-22,1.6905444126074498,2950.0,87.25,1,close,,,,,,,,
2021-12-23,0.4194528875379939,690.0,82.25,1,close,,,,,,,,
2021-12-27,0.9070796460176992,2050.0,113.0,1,close,,,,,,,,
2021-12-28,0.276056338028169,490.0,88.75,-1,close,,,,,,,,
2021-12-29,-0.016260162601626,-20.0,61.5,-1,close,,,,,,,,
2021-12-30,-1.0084269662921348,-1795.0,89.0,1,stop,,,,,,,,
2021-12-31,0.9645390070921984,1360.0,70.5,-1,close,,,,,,,,
2022-01-03,-1.0054945054945057,-2745.0,136.5,-1,stop,,,,,,,,
2022-01-04,1.4376590330788803,2825.0,98.25,-1,close,,,,,,,,
2022-01-06,-1.0035756853396902,-4210.0,209.75,-1,stop,,,,,,,,
2022-01-07,0.4614147909967845,1435.0,155.5,-1,close,,,,,,,,
2022-01-10,-1.0059171597633136,-2550.0,126.75,-1,stop,,,,,,,,
2022-01-11,1.4476843910806174,4220.0,145.75,1,close,,,,,,,,
2022-01-12,-1.0069124423963134,-2185.0,108.5,1,stop,,,,,,,,
2022-01-13,5.52542372881356,8150.0,73.75,-1,close,,,,,,,,
2022-01-14,0.2694610778443114,900.0,167.0,1,close,,,,,,,,
2022-01-17,-0.1369294605809128,-165.0,60.25,-1,close,,,,,,,,
2022-01-18,-1.0054945054945057,-2745.0,136.5,1,stop,,,,,,,,
2022-01-19,-1.0068337129840548,-2210.0,109.75,1,stop,,,,,,,,
2022-01-21,-1.0046439628482973,-3245.0,161.5,-1,stop,,,,,,,,
2022-01-24,-1.0033222591362123,-4530.0,225.75,-1,stop,,,,,,,,
2022-01-25,-1.0040053404539386,-3760.0,187.25,-1,stop,,,,,,,,
2022-01-26,-1.0048387096774194,-3115.0,155.0,1,stop,,,,,,,,
2022-01-31,1.4928848641655883,5770.0,193.25,1,close,,,,,,,,
2022-02-01,-1.0038659793814433,-3895.0,194.0,-1,stop,,,,,,,,
2022-02-02,-0.565587734241908,-1660.0,146.75,-1,close,,,,,,,,
2022-02-03,-1.0051457975986278,-2930.0,145.75,1,stop,,,,,,,,
2022-02-04,0.3915492957746478,1390.0,177.5,1,close,,,,,,,,
2022-02-07,-1.0057692307692307,-2615.0,130.0,1,stop,,,,,,,,
2022-02-08,-1.006880733944954,-2195.0,109.0,-1,stop,,,,,,,,
2022-02-09,-1.010989010989011,-1380.0,68.25,-1,stop,,,,,,,,
2022-02-10,-1.004231311706629,-3560.0,177.25,1,stop,,,,,,,,
2022-02-11,3.53880266075388,7980.0,112.75,-1,close,,,,,,,,
2022-02-14,-1.004991680532446,-3020.0,150.25,1,stop,,,,,,,,
2022-02-16,-1.0063157894736845,-2390.0,118.75,-1,stop,,,,,,,,
2022-02-17,4.06949806949807,5270.0,64.75,-1,close,,,,,,,,
2022-02-22,-1.0041551246537397,-3625.0,180.5,1,stop,,,,,,,,
2022-02-23,2.9013035381750467,7790.0,134.25,-1,close,,,,,,,,
2022-02-24,2.2990909090909093,12645.0,275.0,1,close,,,,,,,,
2022-02-25,-1.005181347150259,-2910.0,144.75,-1,stop,,,,,,,,
2022-02-28,-1.0063965884861408,-2360.0,117.25,1,stop,,,,,,,,
2022-03-02,-1.006012024048096,-2510.0,124.75,-1,stop,,,,,,,,
2022-03-03,1.5467196819085487,3890.0,125.75,-1,close,,,,,,,,
2022-03-04,0.0643564356435643,195.0,151.5,-1,close,,,,,,,,
2022-03-07,1.7037484885126966,7045.0,206.75,-1,close,,,,,,,,
2022-03-08,-1.0039318479685453,-3830.0,190.75,-1,stop,,,,,,,,
2022-03-09,0.8623655913978494,2005.0,116.25,1,close,,,,,,,,
2022-03-10,-1.006276150627615,-2405.0,119.5,1,stop,,,,,,,,
2022-03-11,2.48659793814433,6030.0,121.25,-1,close,,,,,,,,
2022-03-14,-1.0055970149253732,-2695.0,134.0,1,stop,,,,,,,,
2022-03-15,1.8695652173913044,4730.0,126.5,1,close,,,,,,,,
2022-03-16,-1.0062111801242235,-2430.0,120.75,1,stop,,,,,,,,
2022-03-17,2.125,4080.0,96.0,1,close,,,,,,,,
2022-03-18,2.6866666666666665,6045.0,112.5,1,close,,,,,,,,
2022-03-21,-0.4341906202723147,-1435.0,165.25,-1,close,,,,,,,,
2022-03-22,0.7837837837837838,2465.0,157.25,1,close,,,,,,,,
2022-03-23,-1.0097402597402598,-1555.0,77.0,-1,stop,,,,,,,,
2022-03-24,-1.0080862533692725,-1870.0,92.75,-1,stop,,,,,,,,
2022-03-29,-1.0079575596816976,-1900.0,94.25,-1,stop,,,,,,,,
2022-03-30,-1.0095846645367412,-1580.0,78.25,1,stop,,,,,,,,
2022-03-31,-1.0068337129840548,-2210.0,109.75,-1,stop,,,,,,,,
2022-04-01,-0.3820960698689956,-875.0,114.5,-1,close,,,,,,,,
2022-04-04,0.977112676056338,2775.0,142.0,1,close,,,,,,,,
2022-04-05,2.800623052959501,4495.0,80.25,-1,close,,,,,,,,
2022-04-06,-1.004267425320057,-3530.0,175.75,-1,stop,,,,,,,,
2022-04-08,-1.00503355704698,-2995.0,149.0,-1,stop,,,,,,,,
2022-04-12,-1.0078947368421052,-1915.0,95.0,1,stop,,,,,,,,
2022-04-13,0.8649068322981367,2785.0,161.0,1,close,,,,,,,,
2022-04-14,1.682509505703422,4425.0,131.5,-1,close,,,,,,,,
2022-04-18,-1.0085470085470083,-1770.0,87.75,-1,stop,,,,,,,,
2022-04-19,1.711469534050179,4775.0,139.5,1,close,,,,,,,,
2022-04-20,0.5156695156695157,1810.0,175.5,-1,close,,,,,,,,
2022-04-21,3.1365313653136533,8500.0,135.5,-1,close,,,,,,,,
2022-04-22,1.4518950437317784,4980.0,171.5,-1,close,,,,,,,,
2022-04-25,-1.0063965884861408,-2360.0,117.25,-1,stop,,,,,,,,
2022-04-26,1.4964639321074964,5290.0,176.75,-1,close,,,,,,,,
2022-04-27,-1.0037593984962403,-4005.0,199.5,-1,stop,,,,,,,,
2022-04-28,-1.003921568627451,-3840.0,191.25,-1,stop,,,,,,,,
2022-04-29,-1.0038216560509554,-3940.0,196.25,1,stop,,,,,,,,
2022-05-02,-1.003118503118503,-4825.0,240.5,1,stop,,,,,,,,
2022-05-03,-1.006122448979592,-2465.0,122.5,1,stop,,,,,,,,
2022-05-04,-1.0105263157894735,-1440.0,71.25,-1,stop,,,,,,,,
2022-05-05,2.865079365079365,7220.0,126.0,-1,close,,,,,,,,
2022-05-06,-1.002982107355865,-5045.0,251.5,-1,stop,,,,,,,,
2022-05-09,0.9536784741144414,3500.0,183.5,-1,close,,,,,,,,
2022-05-10,0.0251256281407035,100.0,199.0,-1,close,,,,,,,,
2022-05-11,-1.002615518744551,-5750.0,286.75,1,stop,,,,,,,,
2022-05-12,-1.0034562211981566,-4355.0,217.0,1,stop,,,,,,,,
2022-05-13,0.551640340218712,2270.0,205.75,1,close,,,,,,,,
2022-05-16,-1.0058823529411764,-2565.0,127.5,-1,stop,,,,,,,,
2022-05-17,-1.0071599045346062,-2110.0,104.75,-1,stop,,,,,,,,
2022-05-18,3.5621890547263684,7160.0,100.5,-1,close,,,,,,,,
2022-05-19,-1.0045454545454546,-3315.0,165.0,-1,stop,,,,,,,,
2022-05-20,0.4711864406779661,1390.0,147.5,-1,close,,,,,,,,
2022-05-23,-1.005639097744361,-2675.0,133.0,1,stop,,,,,,,,
2022-05-24,-0.6150442477876106,-2085.0,169.5,-1,close,,,,,,,,
2022-05-25,0.3223593964334705,1175.0,182.25,1,close,,,,,,,,
2022-05-26,0.8635235732009926,3480.0,201.5,1,close,,,,,,,,
2022-05-27,1.375796178343949,3240.0,117.75,1,close,,,,,,,,
2022-05-31,-1.004178272980501,-3605.0,179.5,-1,stop,,,,,,,,
2022-06-01,-1.0088757396449703,-1705.0,84.5,1,stop,,,,,,,,
2022-06-02,1.5712250712250713,5515.0,175.5,1,close,,,,,,,,
2022-06-06,-1.0077720207253886,-1945.0,96.5,1,stop,,,,,,,,
2022-06-07,1.436734693877551,3520.0,122.5,1,close,,,,,,,,
2022-06-08,-1.0058365758754864,-2585.0,128.5,1,stop,,,,,,,,
2022-06-09,-1.0059642147117296,-2530.0,125.75,1,stop,,,,,,,,
2022-06-10,1.0486815415821502,2585.0,123.25,-1,close,,,,,,,,
2022-06-13,1.0914179104477613,2925.0,134.0,-1,close,,,,,,,,
2022-06-15,-1.0084985835694051,-1780.0,88.25,1,stop,,,,,,,,
2022-06-16,0.5831533477321814,1350.0,115.75,-1,close,,,,,,,,
2022-06-20,-1.0193548387096774,-790.0,38.75,-1,stop,,,,,,,,
2022-06-21,-0.3295269168026101,-1010.0,153.25,1,close,,,,,,,,
2022-06-22,-0.2792207792207792,-860.0,154.0,1,close,,,,,,,,
2022-06-23,-1.0060362173038229,-2500.0,124.25,-1,stop,,,,,,,,
2022-06-24,0.5620253164556962,2220.0,197.5,1,close,,,,,,,,
2022-06-27,-0.0722222222222222,-260.0,180.0,-1,close,,,,,,,,
2022-06-28,2.5760286225402504,7200.0,139.75,-1,close,,,,,,,,
2022-06-29,-0.1259541984732824,-330.0,131.0,1,close,,,,,,,,
2022-06-30,-1.004231311706629,-3560.0,177.25,-1,stop,,,,,,,,
2022-07-01,-1.0056925996204933,-2650.0,131.75,1,stop,,,,,,,,
2022-07-04,-1.024390243902439,-630.0,30.75,-1,stop,,,,,,,,
2022-07-05,2.581395348837209,6105.0,118.25,1,close,,,,,,,,
2022-07-07,0.8531914893617021,2005.0,117.5,1,close,,,,,,,,
2022-07-08,0.2870905587668593,745.0,129.75,1,close,,,,,,,,
2022-07-11,-0.1280409731113956,-500.0,195.25,-1,close,,,,,,,,
2022-07-12,1.188470066518847,2680.0,112.75,-1,close,,,,,,,,
2022-07-13,0.3362068965517241,1170.0,174.0,1,close,,,,,,,,
2022-07-14,-1.0047095761381477,-3200.0,159.25,-1,stop,,,,,,,,
2022-07-15,-1.008219178082192,-1840.0,91.25,-1,stop,,,,,,,,
2022-07-18,-1.0100334448160535,-1510.0,74.75,1,stop,,,,,,,,
2022-07-19,2.1563421828908558,3655.0,84.75,1,close,,,,,,,,
2022-07-20,1.4470588235294115,2460.0,85.0,1,close,,,,,,,,
2022-07-21,-1.0064377682403434,-2345.0,116.5,-1,stop,,,,,,,,
2022-07-22,-1.008174386920981,-1850.0,91.75,1,stop,,,,,,,,
2022-07-25,-0.2651356993736952,-635.0,119.75,-1,close,,,,,,,,
2022-07-26,0.7481840193704601,1545.0,103.25,-1,close,,,,,,,,
2022-07-27,1.905579399141631,4440.0,116.5,1,close,,,,,,,,
2022-07-28,-1.0040214477211795,-3745.0,186.5,-1,stop,,,,,,,,
2022-07-29,0.5,1515.0,151.5,1,close,,,,,,,,
2022-08-01,-0.2796747967479674,-860.0,153.75,1,close,,,,,,,,
2022-08-02,-1.0082417582417582,-1835.0,91.0,-1,stop,,,,,,,,
2022-08-03,1.5325842696629213,3410.0,111.25,1,close,,,,,,,,
2022-08-05,-1.006578947368421,-2295.0,114.0,1,stop,,,,,,,,
2022-08-08,-1.0045045045045045,-3345.0,166.5,1,stop,,,,,,,,
2022-08-09,-0.1014084507042253,-180.0,88.75,-1,close,,,,,,,,
2022-08-10,-1.0077120822622108,-1960.0,97.25,-1,stop,,,,,,,,
2022-08-11,-1.0104529616724738,-1450.0,71.75,1,stop,,,,,,,,
2022-08-12,1.2085427135678393,2405.0,99.5,1,close,,,,,,,,
2022-08-15,0.8466257668711656,1380.0,81.5,1,close,,,,,,,,
2022-08-16,-1.0098039215686274,-1545.0,76.5,-1,stop,,,,,,,,
2022-08-17,-1.0090361445783131,-1675.0,83.0,-1,stop,,,,,,,,
2022-08-19,0.6521739130434783,1275.0,97.75,-1,close,,,,,,,,
2022-08-22,1.3278145695364238,2005.0,75.5,-1,close,,,,,,,,
2022-08-23,-0.6748768472906403,-1370.0,101.5,1,close,,,,,,,,
2022-08-24,0.4304347826086956,495.0,57.5,1,close,,,,,,,,
2022-08-25,1.4741935483870967,2285.0,77.5,1,close,,,,,,,,
2022-08-26,-1.015384615384615,-990.0,48.75,-1,stop,,,,,,,,
2022-08-30,0.4510108864696734,1450.0,160.75,-1,close,,,,,,,,
2022-09-01,-1.0081967213114753,-1845.0,91.5,-1,stop,,,,,,,,
2022-09-06,0.4387254901960784,895.0,102.0,-1,close,,,,,,,,
2022-09-08,0.5613382899628253,1510.0,134.5,1,close,,,,,,,,
2022-09-09,0.5940366972477065,1295.0,109.0,1,close,,,,,,,,
2022-09-12,-1.010909090909091,-1390.0,68.75,1,stop,,,,,,,,
2022-09-13,2.181443298969072,5290.0,121.25,-1,close,,,,,,,,
2022-09-14,-1.007915567282322,-1910.0,94.75,1,stop,,,,,,,,
2022-09-15,-1.008130081300813,-1860.0,92.25,1,stop,,,,,,,,
2022-09-19,1.0687960687960687,2175.0,101.75,1,close,,,,,,,,
2022-09-21,-1.0148514851485149,-1025.0,50.5,1,stop,,,,,,,,
2022-09-23,-0.173076923076923,-405.0,117.0,-1,close,,,,,,,,
2022-09-26,-1.0050251256281406,-3000.0,149.25,1,stop,,,,,,,,
2022-09-27,0.7472118959107806,2010.0,134.5,-1,close,,,,,,,,
2022-09-28,1.716312056737589,3630.0,105.75,1,close,,,,,,,,
2022-09-29,-0.1145833333333333,-440.0,192.0,-1,close,,,,,,,,
2022-10-03,1.1228813559322033,2650.0,118.0,1,close,,,,,,,,
2022-10-04,0.7086092715231788,1070.0,75.5,1,close,,,,,,,,
2022-10-05,-1.0070754716981132,-2135.0,106.0,-1,stop,,,,,,,,
2022-10-06,0.2677304964539007,755.0,141.0,-1,close,,,,,,,,
2022-10-07,1.3752969121140142,2895.0,105.25,-1,close,,,,,,,,
2022-10-10,0.2371794871794871,555.0,117.0,-1,close,,,,,,,,
2022-10-11,-1.0061728395061729,-2445.0,121.5,-1,stop,,,,,,,,
2022-10-13,4.965,9930.0,100.0,1,close,,,,,,,,
2022-10-14,2.368807339449541,6455.0,136.25,-1,close,,,,,,,,
2022-10-17,-0.1303501945525292,-335.0,128.5,1,close,,,,,,,,
2022-10-18,0.7277882797731569,1925.0,132.25,-1,close,,,,,,,,
2022-10-19,-1.006578947368421,-2295.0,114.0,1,stop,,,,,,,,
2022-10-20,-1.0073529411764706,-2055.0,102.0,1,stop,,,,,,,,
2022-10-21,1.5960144927536233,4405.0,138.0,1,close,,,,,,,,
2022-10-24,-1.006,-2515.0,125.0,-1,stop,,,,,,,,
2022-10-25,0.604887983706721,1485.0,122.75,1,close,,,,,,,,
2022-10-26,-0.7657657657657657,-1275.0,83.25,1,close,,,,,,,,
2022-10-27,0.6021505376344086,1680.0,139.5,-1,close,,,,,,,,
2022-10-28,1.161659513590844,4060.0,174.75,1,close,,,,,,,,
2022-10-31,-0.1713483146067415,-305.0,89.0,-1,close,,,,,,,,
2022-11-01,2.23249299719888,3985.0,89.25,-1,close,,,,,,,,
2022-11-02,-1.0100334448160535,-1510.0,74.75,-1,stop,,,,,,,,
2022-11-03,-1.0069444444444444,-2175.0,108.0,-1,stop,,,,,,,,
2022-11-07,-1.0069444444444444,-2175.0,108.0,-1,stop,,,,,,,,
2022-11-08,-1.0101694915254238,-1490.0,73.75,1,stop,,,,,,,,
2022-11-09,-1.0111524163568772,-1360.0,67.25,1,stop,,,,,,,,
2022-11-10,0.9725274725274724,3540.0,182.0,1,close,,,,,,,,
2022-11-11,1.616470588235294,3435.0,106.25,1,close,,,,,,,,
2022-11-15,0.9207317073170732,1510.0,82.0,-1,close,,,,,,,,
2022-11-16,0.233009708737864,360.0,77.25,-1,close,,,,,,,,
2022-11-17,0.4482758620689655,1040.0,116.0,1,close,,,,,,,,
2022-11-18,0.2779097387173396,585.0,105.25,-1,close,,,,,,,,
2022-11-21,0.2073863636363636,365.0,88.0,-1,close,,,,,,,,
2022-11-23,-1.01,-1515.0,75.0,1,stop,,,,,,,,
2022-11-29,-1.0128205128205128,-1185.0,58.5,-1,stop,,,,,,,,
2022-12-01,-1.0089820359281436,-1685.0,83.5,1,stop,,,,,,,,
2022-12-02,0.7113924050632912,1405.0,98.75,1,close,,,,,,,,
2022-12-05,1.011904761904762,1700.0,84.0,-1,close,,,,,,,,
2022-12-06,1.1918735891647856,2640.0,110.75,-1,close,,,,,,,,
2022-12-07,-0.2594936708860759,-615.0,118.5,-1,close,,,,,,,,
2022-12-08,0.3888888888888889,875.0,112.5,1,close,,,,,,,,
2022-12-13,1.110410094637224,3520.0,158.5,-1,close,,,,,,,,
2022-12-14,-1.0074441687344913,-2030.0,100.75,1,stop,,,,,,,,
2022-12-15,1.345622119815668,2920.0,108.5,-1,close,,,,,,,,
2022-12-16,-1.0091743119266054,-1650.0,81.75,1,stop,,,,,,,,
2022-12-19,0.9348441926345608,1650.0,88.25,-1,close,,,,,,,,
2022-12-20,0.0730994152046783,125.0,85.5,1,close,,,,,,,,
2022-12-21,0.7535410764872521,1330.0,88.25,1,close,,,,,,,,
2022-12-22,0.4332552693208431,925.0,106.75,-1,close,,,,,,,,
2022-12-27,0.0725490196078431,185.0,127.5,-1,close,,,,,,,,
2022-12-29,0.4767932489451477,1130.0,118.5,1,close,,,,,,,,
2022-12-30,-1.0090634441087614,-1670.0,82.75,-1,stop,,,,,,,,
2023-01-03,1.1269487750556793,2530.0,112.25,-1,close,,,,,,,,
2023-01-04,-1.0057142857142858,-2640.0,131.25,-1,stop,,,,,,,,
2023-01-09,-1.0091743119266054,-1650.0,81.75,1,stop,,,,,,,,
2023-01-10,-1.0063291139240509,-2385.0,118.5,1,stop,,,,,,,,
2023-01-11,1.7007299270072993,2330.0,68.5,1,close,,,,,,,,
2023-01-12,-1.004,-3765.0,187.5,-1,stop,,,,,,,,
2023-01-13,0.91,1820.0,100.0,1,close,,,,,,,,
2023-01-16,0.7314814814814815,395.0,27.0,-1,close,,,,,,,,
2023-01-17,-0.3201754385964912,-730.0,114.0,1,close,,,,,,,,
2023-01-18,-1.0111940298507462,-1355.0,67.0,1,stop,,,,,,,,
2023-01-19,-1.008571428571429,-1765.0,87.5,-1,stop,,,,,,,,
2023-01-20,3.0449826989619377,4400.0,72.25,1,close,,,,,,,,
2023-01-23,1.3355855855855856,2965.0,111.0,1,close,,,,,,,,
2023-01-24,-1.0069444444444444,-2175.0,108.0,1,stop,,,,,,,,
2023-01-25,-1.0102739726027397,-1475.0,73.0,-1,stop,,,,,,,,
2023-01-26,-1.0073170731707315,-2065.0,102.5,-1,stop,,,,,,,,
2023-01-27,1.0451977401129944,1850.0,88.5,1,close,,,,,,,,
2023-01-30,-1.0125,-1215.0,60.0,1,stop,,,,,,,,
2023-01-31,1.5379310344827586,2230.0,72.5,1,close,,,,,,,,
2023-02-03,-0.6112759643916914,-2060.0,168.5,1,close,,,,,,,,
2023-02-06,-1.0086206896551724,-1755.0,87.0,1,stop,,,,,,,,
2023-02-08,1.92280701754386,2740.0,71.25,-1,close,,,,,,,,
2023-02-09,1.7655172413793103,3840.0,108.75,-1,close,,,,,,,,
2023-02-10,-1.0084745762711864,-1785.0,88.5,-1,stop,,,,,,,,
2023-02-13,0.7597254004576659,1660.0,109.25,1,close,,,,,,,,
2023-02-14,0.5747126436781609,1750.0,152.25,1,close,,,,,,,,
2023-02-15,-1.00990099009901,-1530.0,75.75,1,stop,,,,,,,,
2023-02-16,-1.0089020771513353,-1700.0,84.25,1,stop,,,,,,,,
2023-02-17,-0.7065727699530516,-1505.0,106.5,-1,close,,,,,,,,
2023-02-20,1.425531914893617,335.0,11.75,-1,close,,,,,,,,
2023-02-21,0.9512820512820512,1855.0,97.5,-1,close,,,,,,,,
2023-02-22,-1.0108303249097472,-1400.0,69.25,-1,stop,,,,,,,,
2023-02-23,-0.2392857142857143,-335.0,70.0,-1,close,,,,,,,,
2023-02-24,-0.4046822742474916,-605.0,74.75,-1,close,,,,,,,,
2023-02-27,-1.019736842105263,-775.0,38.0,1,stop,,,,,,,,
2023-02-28,-0.6885813148788927,-995.0,72.25,1,close,,,,,,,,
2023-03-01,-1.0105633802816902,-1435.0,71.0,1,stop,,,,,,,,
2023-03-02,3.074418604651163,3305.0,53.75,1,close,,,,,,,,
2023-03-03,2.6289592760180995,2905.0,55.25,1,close,,,,,,,,
2023-03-06,-1.013574660633484,-1120.0,55.25,1,stop,,,,,,,,
2023-03-07,0.4562737642585551,1200.0,131.5,-1,close,,,,,,,,
2023-03-09,-1.008174386920981,-1850.0,91.75,1,stop,,,,,,,,
2023-03-13,0.5553633217993079,1605.0,144.5,1,close,,,,,,,,
2023-03-14,-1.0080428954423593,-1880.0,93.25,1,stop,,,,,,,,
2023-03-16,2.902912621359224,5980.0,103.0,1,close,,,,,,,,
2023-03-17,-1.0073891625615763,-2045.0,101.5,1,stop,,,,,,,,
2023-03-21,-1.0115830115830116,-1310.0,64.75,-1,stop,,,,,,,,
2023-03-22,-1.0252100840336134,-610.0,29.75,1,stop,,,,,,,,
2023-03-23,-1.0115384615384615,-1315.0,65.0,1,stop,,,,,,,,
2023-03-29,-1.0157894736842106,-965.0,47.5,1,stop,,,,,,,,
2023-03-31,2.2344322344322345,3050.0,68.25,1,close,,,,,,,,
2023-04-03,-1.0120481927710845,-1260.0,62.25,1,stop,,,,,,,,
2023-04-04,-1.0105633802816902,-1435.0,71.0,1,stop,,,,,,,,
2023-04-05,0.8133333333333334,915.0,56.25,-1,close,,,,,,,,
2023-04-06,2.090579710144928,2885.0,69.0,1,close,,,,,,,,
2023-04-10,-1.0111524163568772,-1360.0,67.25,-1,stop,,,,,,,,
2023-04-11,0.0918032786885245,140.0,76.25,-1,close,,,,,,,,
2023-04-13,1.4869281045751634,2275.0,76.5,1,close,,,,,,,,
2023-04-14,-1.0072815533980584,-2075.0,103.0,1,stop,,,,,,,,
2023-04-18,-1.0212765957446808,-720.0,35.25,1,stop,,,,,,,,
2023-04-20,-1.008219178082192,-1840.0,91.25,1,stop,,,,,,,,
2023-04-21,-1.0144927536231885,-1050.0,51.75,-1,stop,,,,,,,,
2023-04-25,4.574324324324325,3385.0,37.0,-1,close,,,,,,,,
2023-04-26,-1.0121457489878545,-1250.0,61.75,1,stop,,,,,,,,
2023-04-27,4.39751552795031,3540.0,40.25,1,close,,,,,,,,
2023-04-28,0.6122994652406417,1145.0,93.5,1,close,,,,,,,,
2023-05-02,1.6391752577319587,1590.0,48.5,-1,close,,,,,,,,
2023-05-03,-1.0151515151515151,-1005.0,49.5,1,stop,,,,,,,,
2023-05-04,-1.0114503816793894,-1325.0,65.5,-1,stop,,,,,,,,
2023-05-05,1.9850187265917605,2650.0,66.75,1,close,,,,,,,,
2023-05-08,-1.015384615384615,-990.0,48.75,-1,stop,,,,,,,,
2023-05-09,-1.020979020979021,-730.0,35.75,1,stop,,,,,,,,
2023-05-12,1.04,910.0,43.75,-1,close,,,,,,,,
2023-05-15,-1.0238095238095235,-645.0,31.5,-1,stop,,,,,,,,
2023-05-16,-0.3321554770318021,-470.0,70.75,1,close,,,,,,,,
2023-05-17,-1.0217391304347827,-705.0,34.5,-1,stop,,,,,,,,
2023-05-18,2.003174603174603,3155.0,78.75,1,close,,,,,,,,
2023-05-19,0.6927710843373494,575.0,41.5,-1,close,,,,,,,,
2023-05-23,-1.0153061224489797,-995.0,49.0,1,stop,,,,,,,,
2023-05-24,-1.012931034482759,-1175.0,58.0,-1,stop,,,,,,,,
2023-05-26,2.898773006134969,4725.0,81.5,1,close,,,,,,,,
2023-05-29,1.4406779661016949,425.0,14.75,1,close,,,,,,,,
2023-05-30,0.3479166666666666,835.0,120.0,-1,close,,,,,,,,
2023-05-31,0.2968197879858657,420.0,70.75,-1,close,,,,,,,,
2023-06-02,-0.4418604651162791,-760.0,86.0,-1,close,,,,,,,,
2023-06-06,0.0641891891891891,95.0,74.0,1,close,,,,,,,,
2023-06-07,2.656,4980.0,93.75,-1,close,,,,,,,,
2023-06-08,1.1746031746031746,1850.0,78.75,1,close,,,,,,,,
2023-06-09,-1.0068493150684932,-2205.0,109.5,1,stop,,,,,,,,
2023-06-12,-1.0158730158730158,-960.0,47.25,-1,stop,,,,,,,,
2023-06-13,-0.6151603498542274,-1055.0,85.75,-1,close,,,,,,,,
2023-06-14,-1.0115830115830116,-1310.0,64.75,1,stop,,,,,,,,
2023-06-15,1.6184538653366582,3245.0,100.25,1,close,,,,,,,,
2023-06-19,-0.3977272727272727,-175.0,22.0,-1,close,,,,,,,,
2023-06-20,-1.0080428954423593,-1880.0,93.25,1,stop,,,,,,,,
2023-06-21,1.776,2220.0,62.5,-1,close,,,,,,,,
2023-06-22,1.3419811320754718,2845.0,106.0,1,close,,,,,,,,
2023-06-23,-1.0078534031413613,-1925.0,95.5,-1,stop,,,,,,,,
2023-06-26,-1.0075376884422111,-2005.0,99.5,1,stop,,,,,,,,
2023-06-28,0.2780898876404494,495.0,89.0,1,close,,,,,,,,
2023-06-29,-0.521865889212828,-895.0,85.75,-1,close,,,,,,,,
2023-06-30,0.0337078651685393,60.0,89.0,1,close,,,,,,,,
2023-07-04,2.76,345.0,6.25,-1,close,,,,,,,,
2023-07-05,-0.4157549234135667,-950.0,114.25,1,close,,,,,,,,
2023-07-06,-1.0097402597402598,-1555.0,77.0,-1,stop,,,,,,,,
2023-07-07,-1.012605042016807,-1205.0,59.5,1,stop,,,,,,,,
2023-07-10,-0.7467362924281984,-1430.0,95.75,-1,close,,,,,,,,
2023-07-11,-1.007462686567164,-2025.0,100.5,-1,stop,,,,,,,,
2023-07-12,-1.017751479289941,-860.0,42.25,1,stop,,,,,,,,
2023-07-13,1.2619926199261993,1710.0,67.75,1,close,,,,,,,,
2023-07-14,-1.008849557522124,-1710.0,84.75,1,stop,,,,,,,,
2023-07-17,-1.012396694214876,-1225.0,60.5,-1,stop,,,,,,,,
2023-07-20,3.323843416370107,4670.0,70.25,-1,close,,,,,,,,
2023-07-21,1.400662251655629,2115.0,75.5,-1,close,,,,,,,,
2023-07-24,-0.0954356846473029,-115.0,60.25,-1,close,,,,,,,,
2023-07-25,0.3695652173913043,425.0,57.5,1,close,,,,,,,,
2023-07-27,3.33003300330033,5045.0,75.75,-1,close,,,,,,,,
2023-07-28,0.5614035087719298,960.0,85.5,1,close,,,,,,,,
2023-08-01,-1.0154639175257731,-985.0,48.5,-1,stop,,,,,,,,
2023-08-02,0.7699115044247787,1740.0,113.0,-1,close,,,,,,,,
2023-08-03,-0.07580174927113703,-130.0,85.75,1,close,,,,,,,,
2023-08-04,-1.006741573033708,-2240.0,111.25,-1,stop,,,,,,,,
2023-08-08,-0.6908602150537635,-1285.0,93.0,-1,close,,,,,,,,
2023-08-09,0.8009592326139089,1670.0,104.25,-1,close,,,,,,,,
2023-08-10,-1.007177033492823,-2105.0,104.5,1,stop,,,,,,,,
2023-08-11,-1.0101010101010102,-1500.0,74.25,1,stop,,,,,,,,
2023-08-14,1.934984520123839,3125.0,80.75,1,close,,,,,,,,
2023-08-15,0.547979797979798,1085.0,99.0,-1,close,,,,,,,,
2023-08-16,-1.0108303249097472,-1400.0,69.25,1,stop,,,,,,,,
2023-08-17,1.5405405405405406,2850.0,92.5,-1,close,,,,,,,,
2023-08-21,-1.0069444444444444,-2175.0,108.0,1,stop,,,,,,,,
2023-08-22,0.7100977198697068,1090.0,76.75,-1,close,,,,,,,,
2023-08-23,2.5357142857142856,2840.0,56.0,1,close,,,,,,,,
2023-08-24,2.4594594594594597,6825.0,138.75,-1,close,,,,,,,,
2023-08-25,-1.0070093457943925,-2155.0,107.0,1,stop,,,,,,,,
2023-08-29,2.408759124087591,4950.0,102.75,1,close,,,,,,,,
2023-08-30,-1.0097087378640777,-1560.0,77.25,1,stop,,,,,,,,
2023-08-31,-0.4504792332268371,-705.0,78.25,1,close,,,,,,,,
2023-09-01,-0.02578268876611418,-70.0,135.75,-1,close,,,,,,,,
2023-09-04,-1.0340909090909092,-455.0,22.0,1,stop,,,,,,,,
2023-09-05,-1.0121951219512195,-1245.0,61.5,-1,stop,,,,,,,,
2023-09-06,0.13577023498694518,260.0,95.75,-1,close,,,,,,,,
2023-09-08,-1.0080213903743316,-1885.0,93.5,1,stop,,,,,,,,
2023-09-11,-1.0090361445783131,-1675.0,83.0,-1,stop,,,,,,,,
2023-09-12,-1.01171875,-1295.0,64.0,1,stop,,,,,,,,
2023-09-13,-1.0097402597402598,-1555.0,77.0,-1,stop,,,,,,,,
2023-09-14,-1.0095846645367412,-1580.0,78.25,-1,stop,,,,,,,,
2023-09-19,-1.0107913669064748,-1405.0,69.5,-1,stop,,,,,,,,
2023-09-20,3.8095238095238093,4400.0,57.75,-1,close,,,,,,,,
2023-09-21,0.9446153846153846,1535.0,81.25,-1,close,,,,,,,,
2023-09-22,-1.012,-1265.0,62.5,1,stop,,,,,,,,
2023-09-26,1.8842105263157896,1790.0,47.5,-1,close,,,,,,,,
2023-09-27,-1.014218009478673,-1070.0,52.75,-1,stop,,,,,,,,
2023-09-28,1.6666666666666667,2500.0,75.0,1,close,,,,,,,,
2023-09-29,-1.0141509433962264,-1075.0,53.0,1,stop,,,,,,,,
2023-10-02,0.03710575139146568,100.0,134.75,1,close,,,,,,,,
2023-10-03,-1.0129870129870129,-1170.0,57.75,1,stop,,,,,,,,
2023-10-05,-0.24528301886792453,-390.0,79.5,-1,close,,,,,,,,
2023-10-06,2.3647540983606556,5770.0,122.0,1,close,,,,,,,,
2023-10-09,1.1886363636363637,2615.0,110.0,1,close,,,,,,,,
2023-10-10,0.4773662551440329,580.0,60.75,1,close,,,,,,,,
2023-10-11,-0.8733766233766234,-1345.0,77.0,-1,close,,,,,,,,
2023-10-12,-1.013157894736842,-1155.0,57.0,1,stop,,,,,,,,
2023-10-13,2.1378205128205128,3335.0,78.0,-1,close,,,,,,,,
2023-10-16,0.09230769230769231,210.0,113.75,1,close,,,,,,,,
2023-10-17,-1.0128755364806867,-1180.0,58.25,-1,stop,,,,,,,,
2023-10-18,-1.01,-1515.0,75.0,1,stop,,,,,,,,
2023-10-19,-1.0071090047393365,-2125.0,105.5,-1,stop,,,,,,,,
2023-10-20,1.1882640586797066,2430.0,102.25,-1,close,,,,,,,,
2023-10-23,0.5644171779141104,1380.0,122.25,1,close,,,,,,,,
2023-10-25,0.998165137614679,2720.0,136.25,-1,close,,,,,,,,
2023-10-26,1.75,3360.0,96.0,-1,close,,,,,,,,
2023-10-27,-1.0142857142857142,-1065.0,52.5,-1,stop,,,,,,,,
2023-10-30,-1.0058252427184466,-2590.0,128.75,1,stop,,,,,,,,
2023-11-01,2.7520661157024793,3330.0,60.5,1,close,,,,,,,,
2023-11-02,-1.012396694214876,-1225.0,60.5,-1,stop,,,,,,,,
2023-11-03,0.78,1170.0,75.0,1,close,,,,,,,,
2023-11-06,-0.6702127659574468,-945.0,70.5,-1,close,,,,,,,,
2023-11-07,1.037162162162162,1535.0,74.0,1,close,,,,,,,,
2023-11-08,-0.46218487394957986,-550.0,59.5,-1,close,,,,,,,,
2023-11-09,-1.0130434782608695,-1165.0,57.5,1,stop,,,,,,,,
2023-11-13,-1.0118110236220472,-1285.0,63.5,-1,stop,,,,,,,,
2023-11-14,0.2222222222222222,320.0,72.0,1,close,,,,,,,,
2023-11-15,-1.0136986301369864,-1110.0,54.75,-1,stop,,,,,,,,
2023-11-16,-1.0174418604651163,-875.0,43.0,1,stop,,,,,,,,
2023-11-20,0.9039408866995073,1835.0,101.5,1,close,,,,,,,,
2023-11-21,-0.5822368421052632,-885.0,76.0,-1,close,,,,,,,,
2023-11-22,0.08932461873638345,205.0,114.75,-1,close,,,,,,,,
2023-11-23,-1.0483870967741935,-325.0,15.5,-1,stop,,,,,,,,
2023-11-27,-0.5033783783783784,-745.0,74.0,1,close,,,,,,,,
2023-11-28,-1.0157894736842106,-965.0,47.5,-1,stop,,,,,,,,
2023-11-29,1.1441176470588235,1945.0,85.0,-1,close,,,,,,,,
2023-11-30,-0.46153846153846156,-1200.0,130.0,-1,close,,,,,,,,
2023-12-04,-1.0166666666666666,-915.0,45.0,-1,stop,,,,,,,,
2023-12-05,0.8586956521739131,1185.0,69.0,1,close,,,,,,,,
2023-12-06,0.8995726495726496,2105.0,117.0,-1,close,,,,,,,,
2023-12-07,0.47262247838616717,820.0,86.75,1,close,,,,,,,,
2023-12-08,0.5447570332480819,1065.0,97.75,1,close,,,,,,,,
2023-12-11,0.6475,1295.0,100.0,1,close,,,,,,,,
2023-12-12,1.5335689045936396,2170.0,70.75,1,close,,,,,,,,
2023-12-15,-1.008955223880597,-1690.0,83.75,1,stop,,,,,,,,
2023-12-18,1.2634408602150538,1175.0,46.5,1,close,,,,,,,,
2023-12-20,-1.0114503816793894,-1325.0,65.5,1,stop,,,,,,,,
2023-12-21,-1.0114503816793894,-1325.0,65.5,-1,stop,,,,,,,,
2023-12-27,-1.0125,-1215.0,60.0,-1,stop,,,,,,,,
2024-01-02,0.1155963302752293,315.0,136.25,-1,close,2024-01-02 09:50:00,18414.25,18550.5,,2024-01-02 15:59:00,18397.75,16.5,S4_Samir_15mORB_Hold
2024-01-03,0.3883161512027491,565.0,72.75,-1,close,2024-01-03 10:15:00,18246.5,18319.25,,2024-01-03 15:59:00,18217.5,29.0,S4_Samir_15mORB_Hold
2024-01-04,-1.010600706713781,-1430.0,70.75,1,stop,2024-01-04 10:10:00,18190.5,18119.75,,2024-01-04 15:55:00,18119.75,-70.75,S4_Samir_15mORB_Hold
2024-01-05,-1.00726392251816,-2080.0,103.25,1,stop,2024-01-05 10:05:00,18217.25,18114.0,,2024-01-05 13:16:00,18114.0,-103.25,S4_Samir_15mORB_Hold
2024-01-08,2.383954154727794,4160.0,87.25,1,close,2024-01-08 09:55:00,18269.25,18182.0,,2024-01-08 15:59:00,18478.0,208.75,S4_Samir_15mORB_Hold
2024-01-09,1.8458333333333332,2215.0,60.0,1,close,2024-01-09 10:10:00,18397.0,18337.0,,2024-01-09 15:59:00,18508.5,111.5,S4_Samir_15mORB_Hold
2024-01-10,-1.0146341463414634,-1040.0,51.25,-1,stop,2024-01-10 09:55:00,18499.75,18551.0,,2024-01-10 10:42:00,18551.0,-51.25,S4_Samir_15mORB_Hold
2024-01-11,-0.1798941798941798,-340.0,94.5,-1,close,2024-01-11 09:50:00,18626.0,18720.5,,2024-01-11 15:59:00,18642.25,-16.25,S4_Samir_15mORB_Hold
2024-01-12,-0.1744548286604361,-280.0,80.25,-1,close,2024-01-12 10:05:00,18635.75,18716.0,,2024-01-12 15:59:00,18649.0,-13.25,S4_Samir_15mORB_Hold
2024-01-15,-1.0344827586206895,-450.0,21.75,-1,stop,2024-01-15 09:50:00,18621.5,18643.25,,2024-01-15 10:47:00,18643.25,-21.75,S4_Samir_15mORB_Hold
2024-01-16,-1.007915567282322,-1910.0,94.75,1,stop,2024-01-16 10:20:00,18641.5,18546.75,,2024-01-16 14:19:00,18546.75,-94.75,S4_Samir_15mORB_Hold
2024-01-17,-1.0066666666666666,-2265.0,112.5,-1,stop,2024-01-17 10:20:00,18407.5,18520.0,,2024-01-17 15:45:00,18520.0,-112.5,S4_Samir_15mORB_Hold
2024-01-18,-1.012,-1265.0,62.5,-1,stop,2024-01-18 10:05:00,18668.75,18731.25,,2024-01-18 10:37:00,18731.25,-62.5,S4_Samir_15mORB_Hold
2024-01-19,5.267045454545454,4635.0,44.0,1,close,2024-01-19 09:55:00,18886.75,18842.75,,2024-01-19 15:59:00,19119.25,232.5,S4_Samir_15mORB_Hold
2024-01-22,0.2724935732647814,530.0,97.25,-1,close,2024-01-22 10:30:00,19164.75,19262.0,,2024-01-22 15:59:00,19137.5,27.25,S4_Samir_15mORB_Hold
2024-01-24,-1.011406844106464,-1330.0,65.75,1,stop,2024-01-24 10:20:00,19379.75,19314.0,,2024-01-24 14:23:00,19314.0,-65.75,S4_Samir_15mORB_Hold
2024-01-26,-1.0170454545454546,-895.0,44.0,-1,stop,2024-01-26 10:05:00,19204.0,19248.0,,2024-01-26 10:27:00,19248.0,-44.0,S4_Samir_15mORB_Hold
2024-01-31,-1.0083102493074791,-1820.0,90.25,-1,stop,2024-01-31 10:15:00,19013.25,19103.5,,2024-01-31 14:39:00,19103.5,-90.25,S4_Samir_15mORB_Hold
2024-02-01,-1.0128205128205128,-1185.0,58.5,1,stop,2024-02-01 10:10:00,19029.25,18970.75,,2024-02-01 10:54:00,18970.75,-58.5,S4_Samir_15mORB_Hold
2024-02-02,1.1057884231536923,2770.0,125.25,1,close,2024-02-02 10:00:00,19267.25,19142.0,,2024-02-02 15:59:00,19406.5,139.25,S4_Samir_15mORB_Hold
2024-02-05,-1.009118541033435,-1660.0,82.25,-1,stop,2024-02-05 10:05:00,19332.0,19414.25,,2024-02-05 14:37:00,19414.25,-82.25,S4_Samir_15mORB_Hold
2024-02-06,0.5071428571428571,710.0,70.0,-1,close,2024-02-06 09:50:00,19374.75,19444.75,,2024-02-06 15:59:00,19338.5,36.25,S4_Samir_15mORB_Hold
2024-02-07,0.393491124260355,665.0,84.5,1,close,2024-02-07 10:15:00,19484.0,19399.5,,2024-02-07 15:59:00,19518.0,34.0,S4_Samir_15mORB_Hold
2024-02-08,0.1515151515151515,150.0,49.5,1,close,2024-02-08 10:20:00,19534.0,19484.5,,2024-02-08 15:59:00,19542.25,8.25,S4_Samir_15mORB_Hold
2024-02-09,1.4961832061068705,1960.0,65.5,1,close,2024-02-09 10:00:00,19617.0,19551.5,,2024-02-09 15:59:00,19715.75,98.75,S4_Samir_15mORB_Hold
2024-02-13,-1.0081521739130437,-1855.0,92.0,1,stop,2024-02-13 09:55:00,19355.25,19263.25,,2024-02-13 14:53:00,19263.25,-92.0,S4_Samir_15mORB_Hold
2024-02-14,-1.009090909090909,-1665.0,82.5,1,stop,2024-02-14 10:20:00,19502.0,19419.5,,2024-02-14 11:00:00,19419.5,-82.5,S4_Samir_15mORB_Hold
2024-02-15,-1.0095846645367412,-1580.0,78.25,-1,stop,2024-02-15 09:55:00,19502.0,19580.25,,2024-02-15 13:17:00,19580.25,-78.25,S4_Samir_15mORB_Hold
2024-02-16,0.1831442463533225,565.0,154.25,-1,close,2024-02-16 09:55:00,19452.75,19607.0,,2024-02-16 15:59:00,19423.75,29.0,S4_Samir_15mORB_Hold
2024-02-19,-0.27,-135.0,25.0,-1,close,2024-02-19 10:20:00,19459.5,19484.5,,2024-02-19 12:59:00,19465.5,-6.0,S4_Samir_15mORB_Hold
2024-02-20,-0.4024226110363391,-1495.0,185.75,-1,close,2024-02-20 10:05:00,19215.25,19401.0,,2024-02-20 15:59:00,19289.25,-74.0,S4_Samir_15mORB_Hold
2024-02-21,-1.0111524163568772,-1360.0,67.25,1,stop,2024-02-21 10:05:00,19199.25,19132.0,,2024-02-21 10:31:00,19132.0,-67.25,S4_Samir_15mORB_Hold
2024-02-22,1.1914893617021276,1960.0,82.25,1,close,2024-02-22 09:50:00,19622.75,19540.5,,2024-02-22 15:59:00,19721.5,98.75,S4_Samir_15mORB_Hold
2024-02-23,1.426923076923077,1855.0,65.0,-1,close,2024-02-23 10:00:00,19756.75,19821.75,,2024-02-23 15:59:00,19663.25,93.5,S4_Samir_15mORB_Hold
2024-02-26,-1.0113636363636365,-1335.0,66.0,-1,stop,2024-02-26 10:00:00,19661.75,19727.75,,2024-02-26 11:51:00,19727.75,-66.0,S4_Samir_15mORB_Hold
2024-02-27,-1.008595988538682,-1760.0,87.25,1,stop,2024-02-27 10:20:00,19704.75,19617.5,,2024-02-27 12:52:00,19617.5,-87.25,S4_Samir_15mORB_Hold
2024-02-28,-1.012448132780083,-1220.0,60.25,-1,stop,2024-02-28 09:55:00,19563.25,19623.5,,2024-02-28 11:00:00,19623.5,-60.25,S4_Samir_15mORB_Hold
2024-02-29,-1.008849557522124,-1710.0,84.75,-1,stop,2024-02-29 10:15:00,19664.75,19749.5,,2024-02-29 15:48:00,19749.5,-84.75,S4_Samir_15mORB_Hold
2024-03-01,2.0378548895899056,3230.0,79.25,1,close,2024-03-01 10:10:00,19849.5,19770.25,,2024-03-01 15:59:00,20011.75,162.25,S4_Samir_15mORB_Hold
2024-03-05,1.1171875,2145.0,96.0,-1,close,2024-03-05 10:00:00,19716.25,19812.25,,2024-03-05 15:59:00,19608.25,108.0,S4_Samir_15mORB_Hold
2024-03-06,-1.0116731517509727,-1300.0,64.25,-1,stop,2024-03-06 09:55:00,19739.25,19803.5,,2024-03-06 11:55:00,19803.5,-64.25,S4_Samir_15mORB_Hold
2024-03-07,0.9372937293729372,1420.0,75.75,1,close,2024-03-07 10:30:00,19914.25,19838.5,,2024-03-07 15:59:00,19986.0,71.75,S4_Samir_15mORB_Hold
2024-03-08,-1.010948905109489,-1385.0,68.5,1,stop,2024-03-08 09:50:00,20033.0,19964.5,,2024-03-08 11:08:00,19964.5,-68.5,S4_Samir_15mORB_Hold
2024-03-11,-1.007462686567164,-2025.0,100.5,-1,stop,2024-03-11 10:00:00,19576.5,19677.0,,2024-03-11 10:54:00,19677.0,-100.5,S4_Samir_15mORB_Hold
2024-03-12,0.7544715447154472,2320.0,153.75,1,close,2024-03-12 10:25:00,19786.75,19633.0,,2024-03-12 15:59:00,19903.5,116.75,S4_Samir_15mORB_Hold
2024-03-13,0.3086816720257235,480.0,77.75,-1,close,2024-03-13 09:50:00,19781.5,19859.25,,2024-03-13 15:59:00,19756.75,24.75,S4_Samir_15mORB_Hold
2024-03-14,-0.0285714285714285,-70.0,122.5,-1,close,2024-03-14 09:50:00,19701.75,19824.25,,2024-03-14 15:59:00,19704.5,-2.75,S4_Samir_15mORB_Hold
2024-03-18,-1.0092592592592593,-1635.0,81.0,1,stop,2024-03-18 10:25:00,19784.25,19703.25,,2024-03-18 11:53:00,19703.25,-81.0,S4_Samir_15mORB_Hold
2024-03-21,1.11660777385159,1580.0,70.75,-1,close,2024-03-21 09:50:00,20064.5,20135.25,,2024-03-21 15:59:00,19984.75,79.75,S4_Samir_15mORB_Hold
2024-03-22,-1.014218009478673,-1070.0,52.75,1,stop,2024-03-22 10:05:00,19983.5,19930.75,,2024-03-22 10:40:00,19930.75,-52.75,S4_Samir_15mORB_Hold
2024-03-25,0.356115107913669,495.0,69.5,1,close,2024-03-25 09:55:00,19910.0,19840.5,,2024-03-25 15:59:00,19935.5,25.5,S4_Samir_15mORB_Hold
2024-03-26,-1.013215859030837,-1150.0,56.75,1,stop,2024-03-26 10:05:00,20032.5,19975.75,,2024-03-26 10:29:00,19975.75,-56.75,S4_Samir_15mORB_Hold
2024-03-27,-0.3827751196172249,-800.0,104.5,-1,close,2024-03-27 09:55:00,19893.5,19998.0,,2024-03-27 15:59:00,19932.75,-39.25,S4_Samir_15mORB_Hold
2024-03-28,-1.0104895104895104,-1445.0,71.5,1,stop,2024-03-28 09:55:00,19954.5,19883.0,,2024-03-28 13:17:00,19883.0,-71.5,S4_Samir_15mORB_Hold
2024-04-02,-1.0099667774086378,-1520.0,75.25,-1,stop,2024-04-02 10:15:00,19643.0,19718.25,,2024-04-02 13:00:00,19718.25,-75.25,S4_Samir_15mORB_Hold
2024-04-03,0.1570796460176991,355.0,113.0,1,close,2024-04-03 10:05:00,19778.25,19665.25,,2024-04-03 15:59:00,19796.75,18.5,S4_Samir_15mORB_Hold
2024-04-04,8.85,8850.0,50.0,-1,close,2024-04-04 09:55:00,19944.25,19994.25,,2024-04-04 15:59:00,19501.0,443.25,S4_Samir_15mORB_Hold
2024-04-05,0.5510204081632653,1350.0,122.5,1,close,2024-04-05 09:55:00,19650.75,19528.25,,2024-04-05 15:59:00,19719.0,68.25,S4_Samir_15mORB_Hold
2024-04-08,-0.4219512195121951,-865.0,102.5,1,close,2024-04-08 10:30:00,19765.75,19663.25,,2024-04-08 15:59:00,19723.25,-42.5,S4_Samir_15mORB_Hold
2024-04-09,-0.6565040650406504,-1615.0,123.0,-1,close,2024-04-09 10:30:00,19708.25,19831.25,,2024-04-09 15:59:00,19788.25,-80.0,S4_Samir_15mORB_Hold
2024-04-11,-1.0120967741935485,-1255.0,62.0,-1,stop,2024-04-11 10:15:00,19638.25,19700.25,,2024-04-11 11:16:00,19700.25,-62.0,S4_Samir_15mORB_Hold
2024-04-12,-1.0142857142857142,-1065.0,52.5,1,stop,2024-04-12 09:55:00,19759.25,19706.75,,2024-04-12 10:07:00,19706.75,-52.5,S4_Samir_15mORB_Hold
2024-04-15,3.669191919191919,7265.0,99.0,-1,close,2024-04-15 10:10:00,19666.25,19765.25,,2024-04-15 15:59:00,19302.25,364.0,S4_Samir_15mORB_Hold
2024-04-16,-1.011904761904762,-1275.0,63.0,1,stop,2024-04-16 10:00:00,19323.5,19260.5,,2024-04-16 10:37:00,19260.5,-63.0,S4_Samir_15mORB_Hold
2024-04-17,4.540909090909091,4995.0,55.0,-1,close,2024-04-17 09:50:00,19330.75,19385.75,,2024-04-17 15:59:00,19080.25,250.5,S4_Samir_15mORB_Hold
2024-04-19,2.5571030640668524,4590.0,89.75,-1,close,2024-04-19 10:15:00,18838.0,18927.75,,2024-04-19 15:59:00,18607.75,230.25,S4_Samir_15mORB_Hold
2024-04-22,-1.0116279069767442,-1305.0,64.5,1,stop,2024-04-22 09:50:00,18754.25,18689.75,,2024-04-22 10:09:00,18689.75,-64.5,S4_Samir_15mORB_Hold
2024-04-23,1.6529209621993126,2405.0,72.75,1,close,2024-04-23 09:50:00,18912.25,18839.5,,2024-04-23 15:59:00,19033.25,121.0,S4_Samir_15mORB_Hold
2024-04-25,1.5036319612590798,3105.0,103.25,1,close,2024-04-25 10:15:00,18837.25,18734.0,,2024-04-25 15:59:00,18993.25,156.0,S4_Samir_15mORB_Hold
2024-04-26,0.5088495575221239,1150.0,113.0,1,close,2024-04-26 09:55:00,19207.0,19094.0,,2024-04-26 15:59:00,19265.25,58.25,S4_Samir_15mORB_Hold
2024-05-01,-1.0108303249097472,-1400.0,69.25,-1,stop,2024-05-01 10:05:00,18874.5,18943.75,,2024-05-01 14:04:00,18943.75,-69.25,S4_Samir_15mORB_Hold
2024-05-02,-1.006787330316742,-2225.0,110.5,-1,stop,2024-05-02 09:50:00,18918.25,19028.75,,2024-05-02 13:28:00,19028.75,-110.5,S4_Samir_15mORB_Hold
2024-05-03,-1.00990099009901,-1530.0,75.75,1,stop,2024-05-03 09:50:00,19420.75,19345.0,,2024-05-03 10:13:00,19345.0,-75.75,S4_Samir_15mORB_Hold
2024-05-06,1.2899628252788105,1735.0,67.25,1,close,2024-05-06 10:00:00,19535.75,19468.5,,2024-05-06 15:59:00,19623.25,87.5,S4_Samir_15mORB_Hold
2024-05-07,-1.0175438596491229,-870.0,42.75,-1,stop,2024-05-07 10:00:00,19619.5,19662.25,,2024-05-07 10:55:00,19662.25,-42.75,S4_Samir_15mORB_Hold
2024-05-08,0.3462783171521035,535.0,77.25,1,close,2024-05-08 09:50:00,19581.5,19504.25,,2024-05-08 15:59:00,19609.0,27.5,S4_Samir_15mORB_Hold
2024-05-09,-1.0083565459610029,-1810.0,89.75,-1,stop,2024-05-09 09:50:00,19540.5,19630.25,,2024-05-09 10:38:00,19630.25,-89.75,S4_Samir_15mORB_Hold
2024-05-10,-1.0087976539589445,-1720.0,85.25,1,stop,2024-05-10 09:50:00,19768.25,19683.0,,2024-05-10 10:19:00,19683.0,-85.25,S4_Samir_15mORB_Hold
2024-05-13,-0.4666666666666667,-700.0,75.0,-1,close,2024-05-13 09:50:00,19687.5,19762.5,,2024-05-13 15:59:00,19721.75,-34.25,S4_Samir_15mORB_Hold
2024-05-14,0.8535031847133758,1340.0,78.5,1,close,2024-05-14 10:25:00,19769.75,19691.25,,2024-05-14 15:59:00,19837.5,67.75,S4_Samir_15mORB_Hold
2024-05-15,-1.0132743362831858,-1145.0,56.5,-1,stop,2024-05-15 09:50:00,19901.75,19958.25,,2024-05-15 10:18:00,19958.25,-56.5,S4_Samir_15mORB_Hold
2024-05-16,-1.0227272727272727,-675.0,33.0,1,stop,2024-05-16 09:50:00,20130.75,20097.75,,2024-05-16 13:25:00,20097.75,-33.0,S4_Samir_15mORB_Hold
2024-05-17,-1.0208333333333333,-735.0,36.0,-1,stop,2024-05-17 10:10:00,20057.75,20093.75,,2024-05-17 10:31:00,20093.75,-36.0,S4_Samir_15mORB_Hold
2024-05-20,0.2111368909512761,455.0,107.75,1,close,2024-05-20 09:55:00,20168.75,20061.0,,2024-05-20 15:59:00,20192.25,23.5,S4_Samir_15mORB_Hold
2024-05-21,2.09493670886076,1655.0,39.5,1,close,2024-05-21 09:55:00,20143.25,20103.75,,2024-05-21 15:59:00,20226.75,83.5,S4_Samir_15mORB_Hold
2024-05-23,1.254940711462451,3175.0,126.5,-1,close,2024-05-23 09:55:00,20282.25,20408.75,,2024-05-23 15:59:00,20122.75,159.5,S4_Samir_15mORB_Hold
2024-05-24,1.8434343434343436,1825.0,49.5,1,close,2024-05-24 10:05:00,20208.25,20158.75,,2024-05-24 15:59:00,20300.25,92.0,S4_Samir_15mORB_Hold
2024-05-28,-1.0084033613445378,-1800.0,89.25,-1,stop,2024-05-28 09:50:00,20273.5,20362.75,,2024-05-28 11:32:00,20362.75,-89.25,S4_Samir_15mORB_Hold
2024-05-29,-0.3895705521472393,-635.0,81.5,1,close,2024-05-29 09:55:00,20268.25,20186.75,,2024-05-29 15:59:00,20237.25,-31.0,S4_Samir_15mORB_Hold
2024-05-31,-0.6314285714285715,-1105.0,87.5,-1,close,2024-05-31 09:55:00,19970.25,20057.75,,2024-05-31 15:59:00,20024.75,-54.5,S4_Samir_15mORB_Hold
2024-06-03,0.588477366255144,715.0,60.75,-1,close,2024-06-03 09:55:00,20115.25,20176.0,,2024-06-03 15:59:00,20078.75,36.5,S4_Samir_15mORB_Hold
2024-06-05,3.208,4010.0,62.5,1,close,2024-06-05 10:25:00,20302.0,20239.5,,2024-06-05 15:59:00,20503.25,201.25,S4_Samir_15mORB_Hold
2024-06-06,0.0,0.0,49.5,-1,close,2024-06-06 09:50:00,20492.5,20542.0,,2024-06-06 15:59:00,20491.75,0.75,S4_Samir_15mORB_Hold
2024-06-07,-0.236,-295.0,62.5,1,close,2024-06-07 09:55:00,20480.75,20418.25,,2024-06-07 15:59:00,20466.75,-14.0,S4_Samir_15mORB_Hold
2024-06-10,1.3203463203463204,1525.0,57.75,1,close,2024-06-10 10:30:00,20461.25,20403.5,,2024-06-10 15:59:00,20538.25,77.0,S4_Samir_15mORB_Hold
2024-06-11,-1.0102739726027397,-1475.0,73.0,-1,stop,2024-06-11 09:50:00,20440.75,20513.75,,2024-06-11 10:29:00,20513.75,-73.0,S4_Samir_15mORB_Hold
2024-06-12,-0.027027027027027,-65.0,120.25,1,close,2024-06-12 09:50:00,20920.75,20800.5,,2024-06-12 15:59:00,20918.25,-2.5,S4_Samir_15mORB_Hold
2024-06-13,-0.0938511326860841,-145.0,77.25,-1,close,2024-06-13 10:15:00,21012.5,21089.75,,2024-06-13 15:59:00,21019.0,-6.5,S4_Samir_15mORB_Hold
2024-06-14,0.9185185185185184,1240.0,67.5,1,close,2024-06-14 09:50:00,21049.5,20982.0,,2024-06-14 15:59:00,21112.25,62.75,S4_Samir_15mORB_Hold
2024-06-17,-1.011406844106464,-1330.0,65.75,-1,stop,2024-06-17 09:50:00,21072.5,21138.25,,2024-06-17 10:10:00,21138.25,-65.75,S4_Samir_15mORB_Hold
2024-06-18,-1.0171428571428571,-890.0,43.75,-1,stop,2024-06-18 09:50:00,21339.5,21383.25,,2024-06-18 13:45:00,21383.25,-43.75,S4_Samir_15mORB_Hold
2024-06-20,2.199288256227758,3090.0,70.25,-1,close,2024-06-20 10:10:00,21355.5,21425.75,,2024-06-20 15:59:00,21200.25,155.25,S4_Samir_15mORB_Hold
2024-06-21,-1.0106382978723405,-1425.0,70.5,-1,stop,2024-06-21 09:50:00,21121.75,21192.25,,2024-06-21 11:19:00,21192.25,-70.5,S4_Samir_15mORB_Hold
2024-06-24,-1.0078740157480317,-1920.0,95.25,-1,stop,2024-06-24 09:50:00,21034.25,21129.5,,2024-06-24 10:01:00,21129.5,-95.25,S4_Samir_15mORB_Hold
2024-06-25,1.112121212121212,1835.0,82.5,1,close,2024-06-25 10:05:00,21038.5,20956.0,,2024-06-25 15:59:00,21131.0,92.5,S4_Samir_15mORB_Hold
2024-06-26,-1.0127118644067796,-1195.0,59.0,1,stop,2024-06-26 09:50:00,21142.0,21083.0,,2024-06-26 11:11:00,21083.0,-59.0,S4_Samir_15mORB_Hold
2024-06-27,-1.006198347107438,-2435.0,121.0,1,stop,2024-06-27 10:15:00,21274.5,21153.5,,2024-06-27 11:28:00,21153.5,-121.0,S4_Samir_15mORB_Hold
2024-06-28,-1.0086206896551724,-1755.0,87.0,1,stop,2024-06-28 09:50:00,21290.0,21203.0,,2024-06-28 12:16:00,21203.0,-87.0,S4_Samir_15mORB_Hold
2024-07-01,-1.006122448979592,-2465.0,122.5,-1,stop,2024-07-01 09:50:00,21027.5,21150.0,,2024-07-01 12:08:00,21150.0,-122.5,S4_Samir_15mORB_Hold
2024-07-03,2.9038461538461537,3020.0,52.0,1,close,2024-07-03 09:50:00,21431.75,21379.75,,2024-07-03 13:14:00,21583.5,151.75,S4_Samir_15mORB_Hold
2024-07-04,0.2727272727272727,105.0,19.25,-1,close,2024-07-04 09:50:00,21551.25,21570.5,,2024-07-04 12:59:00,21545.25,6.0,S4_Samir_15mORB_Hold
2024-07-05,1.429530201342282,2130.0,74.5,1,close,2024-07-05 10:00:00,21678.5,21604.0,,2024-07-05 15:59:00,21785.75,107.25,S4_Samir_15mORB_Hold
2024-07-09,0.8378378378378378,775.0,46.25,-1,close,2024-07-09 10:25:00,21882.5,21928.75,,2024-07-09 15:59:00,21843.0,39.5,S4_Samir_15mORB_Hold
2024-07-10,-1.0141509433962264,-1075.0,53.0,1,stop,2024-07-10 09:50:00,21938.25,21885.25,,2024-07-10 11:00:00,21885.25,-53.0,S4_Samir_15mORB_Hold
2024-07-11,6.233716475095785,8135.0,65.25,-1,close,2024-07-11 09:55:00,22001.25,22066.5,,2024-07-11 15:59:00,21593.75,407.5,S4_Samir_15mORB_Hold
2024-07-12,0.6276595744680851,885.0,70.5,1,close,2024-07-12 09:50:00,21659.5,21589.0,,2024-07-12 15:59:00,21704.5,45.0,S4_Samir_15mORB_Hold
2024-07-15,-1.0097087378640777,-1560.0,77.25,1,stop,2024-07-15 10:25:00,21836.25,21759.0,,2024-07-15 13:01:00,21759.0,-77.25,S4_Samir_15mORB_Hold
2024-07-16,0.0304878048780487,50.0,82.0,-1,close,2024-07-16 09:50:00,21766.75,21848.75,,2024-07-16 15:59:00,21763.5,3.25,S4_Samir_15mORB_Hold
2024-07-17,2.972508591065292,4325.0,72.75,-1,close,2024-07-17 10:00:00,21373.0,21445.75,,2024-07-17 15:59:00,21156.0,217.0,S4_Samir_15mORB_Hold
2024-07-18,1.058,2645.0,125.0,-1,close,2024-07-18 09:55:00,21188.5,21313.5,,2024-07-18 15:59:00,21055.5,133.0,S4_Samir_15mORB_Hold
2024-07-19,0.51,1785.0,175.0,-1,close,2024-07-19 10:30:00,20965.75,21140.75,,2024-07-19 15:59:00,20875.75,90.0,S4_Samir_15mORB_Hold
2024-07-22,-1.0054054054054054,-2790.0,138.75,1,stop,2024-07-22 09:50:00,21185.25,21046.5,,2024-07-22 11:16:00,21046.5,-138.75,S4_Samir_15mORB_Hold
2024-07-24,2.149122807017544,6125.0,142.5,-1,close,2024-07-24 10:00:00,20675.5,20818.0,,2024-07-24 15:59:00,20368.5,307.0,S4_Samir_15mORB_Hold
2024-07-25,-1.0059642147117296,-2530.0,125.75,-1,stop,2024-07-25 09:55:00,20265.25,20391.0,,2024-07-25 11:12:00,20391.0,-125.75,S4_Samir_15mORB_Hold
2024-07-26,-1.0072463768115942,-2085.0,103.5,-1,stop,2024-07-26 09:50:00,20227.0,20330.5,,2024-07-26 10:01:00,20330.5,-103.5,S4_Samir_15mORB_Hold
2024-07-29,-1.0054945054945057,-2745.0,136.5,1,stop,2024-07-29 10:00:00,20522.25,20385.75,,2024-07-29 10:59:00,20385.75,-136.5,S4_Samir_15mORB_Hold
2024-07-30,3.227777777777778,5810.0,90.0,-1,close,2024-07-30 09:55:00,20394.0,20484.0,,2024-07-30 15:59:00,20102.75,291.25,S4_Samir_15mORB_Hold
2024-07-31,0.3850467289719626,1030.0,133.75,1,close,2024-07-31 10:10:00,20608.25,20474.5,,2024-07-31 15:59:00,20660.5,52.25,S4_Samir_15mORB_Hold
2024-08-01,2.1981627296587924,8375.0,190.5,-1,close,2024-08-01 10:30:00,20610.75,20801.25,,2024-08-01 15:59:00,20191.25,419.5,S4_Samir_15mORB_Hold
2024-08-02,-0.2985074626865671,-1700.0,284.75,-1,close,2024-08-02 10:10:00,19640.5,19925.25,,2024-08-02 15:59:00,19724.75,-84.25,S4_Samir_15mORB_Hold
2024-08-05,0.2436208991494532,2005.0,411.5,1,close,2024-08-05 09:50:00,19084.5,18673.0,,2024-08-05 15:59:00,19185.5,101.0,S4_Samir_15mORB_Hold
2024-08-06,-0.0578512396694214,-245.0,211.75,1,close,2024-08-06 10:15:00,19346.5,19134.75,,2024-08-06 15:59:00,19335.0,-11.5,S4_Samir_15mORB_Hold
2024-08-07,-1.0069767441860464,-2165.0,107.5,-1,stop,2024-08-07 10:30:00,19597.5,19705.0,,2024-08-07 10:47:00,19705.0,-107.5,S4_Samir_15mORB_Hold
2024-08-08,1.6729776247848538,4860.0,145.25,1,close,2024-08-08 10:05:00,19439.5,19294.25,,2024-08-08 15:59:00,19683.25,243.75,S4_Samir_15mORB_Hold
2024-08-09,-1.0077120822622108,-1960.0,97.25,-1,stop,2024-08-09 10:00:00,19595.75,19693.0,,2024-08-09 10:12:00,19693.0,-97.25,S4_Samir_15mORB_Hold
2024-08-12,-1.005681818181818,-2655.0,132.0,-1,stop,2024-08-12 10:00:00,19704.75,19836.75,,2024-08-12 10:16:00,19836.75,-132.0,S4_Samir_15mORB_Hold
2024-08-13,2.2890173410404624,3960.0,86.5,1,close,2024-08-13 09:50:00,20066.5,19980.0,,2024-08-13 15:59:00,20265.25,198.75,S4_Samir_15mORB_Hold
2024-08-14,-1.005128205128205,-2940.0,146.25,-1,stop,2024-08-14 09:55:00,20193.5,20339.75,,2024-08-14 11:53:00,20339.75,-146.25,S4_Samir_15mORB_Hold
2024-08-15,2.4081632653061225,3540.0,73.5,1,close,2024-08-15 09:50:00,20573.5,20500.0,,2024-08-15 15:59:00,20751.25,177.75,S4_Samir_15mORB_Hold
2024-08-16,0.1611570247933884,390.0,121.0,1,close,2024-08-16 10:20:00,20747.25,20626.25,,2024-08-16 15:59:00,20767.5,20.25,S4_Samir_15mORB_Hold
2024-08-19,-1.0090634441087614,-1670.0,82.75,-1,stop,2024-08-19 10:20:00,20698.5,20781.25,,2024-08-19 10:31:00,20781.25,-82.75,S4_Samir_15mORB_Hold
2024-08-20,-1.0081967213114753,-1845.0,91.5,1,stop,2024-08-20 09:55:00,21072.25,20980.75,,2024-08-20 10:17:00,20980.75,-91.5,S4_Samir_15mORB_Hold
2024-08-21,-1.0145631067961165,-1045.0,51.5,1,stop,2024-08-21 09:55:00,21028.25,20976.75,,2024-08-21 10:52:00,20976.75,-51.5,S4_Samir_15mORB_Hold
2024-08-22,2.738297872340425,6435.0,117.5,-1,close,2024-08-22 10:10:00,21072.0,21189.5,,2024-08-22 15:59:00,20749.5,322.5,S4_Samir_15mORB_Hold
2024-08-23,-1.0053475935828875,-2820.0,140.25,1,stop,2024-08-23 10:05:00,21010.5,20870.25,,2024-08-23 10:48:00,20870.25,-140.25,S4_Samir_15mORB_Hold
2024-08-26,1.8819444444444444,2710.0,72.0,-1,close,2024-08-26 09:50:00,20893.75,20965.75,,2024-08-26 15:59:00,20757.5,136.25,S4_Samir_15mORB_Hold
2024-08-27,1.068421052631579,2030.0,95.0,1,close,2024-08-27 09:55:00,20713.0,20618.0,,2024-08-27 15:59:00,20815.25,102.25,S4_Samir_15mORB_Hold
2024-08-28,1.2222222222222223,2585.0,105.75,-1,close,2024-08-28 09:50:00,20715.0,20820.75,,2024-08-28 15:59:00,20585.0,130.0,S4_Samir_15mORB_Hold
2024-08-29,-1.0054446460980035,-2770.0,137.75,1,stop,2024-08-29 09:50:00,20779.75,20642.0,,2024-08-29 14:30:00,20642.0,-137.75,S4_Samir_15mORB_Hold
2024-08-30,-1.0113636363636365,-1335.0,66.0,1,stop,2024-08-30 10:10:00,20743.75,20677.75,,2024-08-30 10:57:00,20677.75,-66.0,S4_Samir_15mORB_Hold
2024-09-02,-1.0206896551724138,-740.0,36.25,-1,stop,2024-09-02 10:10:00,20771.5,20807.75,,2024-09-02 10:35:00,20807.75,-36.25,S4_Samir_15mORB_Hold
2024-09-03,2.2959719789842383,6555.0,142.75,-1,close,2024-09-03 09:55:00,20504.75,20647.5,,2024-09-03 15:59:00,20176.25,328.5,S4_Samir_15mORB_Hold
2024-09-04,-1.006012024048096,-2510.0,124.75,1,stop,2024-09-04 09:50:00,20148.5,20023.75,,2024-09-04 10:00:00,20023.75,-124.75,S4_Samir_15mORB_Hold
2024-09-05,-1.005008347245409,-3010.0,149.75,1,stop,2024-09-05 09:55:00,20198.5,20048.75,,2024-09-05 11:25:00,20048.75,-149.75,S4_Samir_15mORB_Hold
2024-09-06,0.8023049645390071,4525.0,282.0,-1,close,2024-09-06 10:25:00,19849.5,20131.5,,2024-09-06 15:59:00,19622.5,227.0,S4_Samir_15mORB_Hold
2024-09-09,-1.009090909090909,-1665.0,82.5,1,stop,2024-09-09 10:00:00,19851.0,19768.5,,2024-09-09 10:30:00,19768.5,-82.5,S4_Samir_15mORB_Hold
2024-09-10,-1.0067567567567568,-2235.0,111.0,-1,stop,2024-09-10 10:15:00,19875.0,19986.0,,2024-09-10 14:01:00,19986.0,-111.0,S4_Samir_15mORB_Hold
2024-09-11,-1.0055658627087198,-2710.0,134.75,-1,stop,2024-09-11 10:10:00,19936.0,20070.75,,2024-09-11 12:20:00,20070.75,-134.75,S4_Samir_15mORB_Hold
2024-09-12,-1.0094043887147337,-1610.0,79.75,-1,stop,2024-09-12 09:50:00,20373.25,20453.0,,2024-09-12 10:12:00,20453.0,-79.75,S4_Samir_15mORB_Hold
2024-09-13,0.1788990825688073,390.0,109.0,1,close,2024-09-13 10:10:00,20671.0,20562.0,,2024-09-13 15:59:00,20691.25,20.25,S4_Samir_15mORB_Hold
2024-09-16,-1.0059055118110236,-2555.0,127.0,1,stop,2024-09-16 10:15:00,20622.5,20495.5,,2024-09-16 10:34:00,20495.5,-127.0,S4_Samir_15mORB_Hold
2024-09-17,-1.0094043887147337,-1610.0,79.75,-1,stop,2024-09-17 09:50:00,20683.75,20763.5,,2024-09-17 10:45:00,20763.5,-79.75,S4_Samir_15mORB_Hold
2024-09-18,-1.0107913669064748,-1405.0,69.5,-1,stop,2024-09-18 10:20:00,20601.75,20671.25,,2024-09-18 14:00:00,20671.25,-69.5,S4_Samir_15mORB_Hold
2024-09-19,-0.0455927051671732,-75.0,82.25,1,close,2024-09-19 10:20:00,21020.25,20938.0,,2024-09-19 15:59:00,21017.25,-3.0,S4_Samir_15mORB_Hold
2024-09-20,-1.0091743119266054,-1650.0,81.75,-1,stop,2024-09-20 10:00:00,20935.5,21017.25,,2024-09-20 15:39:00,21017.25,-81.75,S4_Samir_15mORB_Hold
2024-09-23,-1.0108303249097472,-1400.0,69.25,1,stop,2024-09-23 09:50:00,21034.75,20965.5,,2024-09-23 13:01:00,20965.5,-69.25,S4_Samir_15mORB_Hold
2024-09-24,-1.004983388704319,-3025.0,150.5,-1,stop,2024-09-24 10:05:00,20938.25,21088.75,,2024-09-24 11:45:00,21088.75,-150.5,S4_Samir_15mORB_Hold
2024-09-25,-1.008,-1890.0,93.75,1,stop,2024-09-25 10:00:00,21166.0,21072.25,,2024-09-25 13:00:00,21072.25,-93.75,S4_Samir_15mORB_Hold
2024-09-26,0.291743119266055,795.0,136.25,-1,close,2024-09-26 10:25:00,21316.0,21452.25,,2024-09-26 15:59:00,21275.5,40.5,S4_Samir_15mORB_Hold
2024-09-27,0.6710182767624021,1285.0,95.75,-1,close,2024-09-27 10:20:00,21222.0,21317.75,,2024-09-27 15:59:00,21157.0,65.0,S4_Samir_15mORB_Hold
2024-09-30,-1.008174386920981,-1850.0,91.75,-1,stop,2024-09-30 10:15:00,21103.0,21194.75,,2024-09-30 15:55:00,21194.75,-91.75,S4_Samir_15mORB_Hold
2024-10-01,0.2869955156950672,1280.0,223.0,-1,close,2024-10-01 09:50:00,20977.75,21200.75,,2024-10-01 15:59:00,20913.0,64.75,S4_Samir_15mORB_Hold
2024-10-02,0.0709876543209876,230.0,162.0,1,close,2024-10-02 10:20:00,20932.25,20770.25,,2024-10-02 15:59:00,20944.5,12.25,S4_Samir_15mORB_Hold
2024-10-03,-1.0064377682403434,-2345.0,116.5,1,stop,2024-10-03 09:55:00,20945.5,20829.0,,2024-10-03 13:00:00,20829.0,-116.5,S4_Samir_15mORB_Hold
2024-10-04,-1.0082872928176796,-1825.0,90.5,-1,stop,2024-10-04 09:55:00,21083.25,21173.75,,2024-10-04 15:57:00,21173.75,-90.5,S4_Samir_15mORB_Hold
2024-10-07,-1.0126582278481011,-1200.0,59.25,-1,stop,2024-10-07 09:55:00,21039.25,21098.5,,2024-10-07 10:16:00,21098.5,-59.25,S4_Samir_15mORB_Hold
2024-10-08,2.3176895306859207,3210.0,69.25,1,close,2024-10-08 09:55:00,21073.25,21004.0,,2024-10-08 15:59:00,21234.5,161.25,S4_Samir_15mORB_Hold
2024-10-09,2.49402390438247,3130.0,62.75,1,close,2024-10-09 10:15:00,21235.5,21172.75,,2024-10-09 15:59:00,21392.75,157.25,S4_Samir_15mORB_Hold
2024-10-10,-1.0095846645367412,-1580.0,78.25,-1,stop,2024-10-10 09:50:00,21246.5,21324.75,,2024-10-10 10:05:00,21324.75,-78.25,S4_Samir_15mORB_Hold
2024-10-11,2.109826589595376,1825.0,43.25,1,close,2024-10-11 09:50:00,21292.25,21249.0,,2024-10-11 15:59:00,21384.25,92.0,S4_Samir_15mORB_Hold
2024-10-14,-1.0075949367088608,-1990.0,98.75,1,stop,2024-10-14 09:50:00,21574.0,21475.25,,2024-10-14 11:01:00,21475.25,-98.75,S4_Samir_15mORB_Hold
2024-10-15,3.0809061488673137,4760.0,77.25,-1,close,2024-10-15 10:15:00,21516.75,21594.0,,2024-10-15 15:59:00,21278.0,238.75,S4_Samir_15mORB_Hold
2024-10-16,-1.0056285178236395,-2680.0,133.25,-1,stop,2024-10-16 10:00:00,21158.75,21292.0,,2024-10-16 14:21:00,21292.0,-133.25,S4_Samir_15mORB_Hold
2024-10-18,-0.3938461538461538,-640.0,81.25,1,close,2024-10-18 10:10:00,21448.5,21367.25,,2024-10-18 15:59:00,21417.25,-31.25,S4_Samir_15mORB_Hold
2024-10-21,-1.011111111111111,-1365.0,67.5,1,stop,2024-10-21 09:50:00,21424.5,21357.0,,2024-10-21 10:40:00,21357.0,-67.5,S4_Samir_15mORB_Hold
2024-10-22,0.1829268292682926,525.0,143.5,1,close,2024-10-22 10:15:00,21447.25,21303.75,,2024-10-22 15:59:00,21474.25,27.0,S4_Samir_15mORB_Hold
2024-10-23,2.078864353312303,3295.0,79.25,-1,close,2024-10-23 10:05:00,21318.25,21397.5,,2024-10-23 15:59:00,21152.75,165.5,S4_Samir_15mORB_Hold
2024-10-24,-1.010135135135135,-1495.0,74.0,-1,stop,2024-10-24 09:50:00,21237.0,21311.0,,2024-10-24 10:02:00,21311.0,-74.0,S4_Samir_15mORB_Hold
2024-10-25,-1.0059880239520955,-2520.0,125.25,1,stop,2024-10-25 09:50:00,21549.75,21424.5,,2024-10-25 13:44:00,21424.5,-125.25,S4_Samir_15mORB_Hold
2024-10-28,0.4169014084507042,740.0,88.75,-1,close,2024-10-28 09:55:00,21472.75,21561.5,,2024-10-28 15:59:00,21435.0,37.75,S4_Samir_15mORB_Hold
2024-10-29,0.6858974358974359,2140.0,156.0,1,close,2024-10-29 10:25:00,21522.5,21366.5,,2024-10-29 15:59:00,21630.25,107.75,S4_Samir_15mORB_Hold
2024-10-30,-1.0054844606946984,-2750.0,136.75,1,stop,2024-10-30 10:20:00,21613.75,21477.0,,2024-10-30 15:54:00,21477.0,-136.75,S4_Samir_15mORB_Hold
2024-10-31,0.8668407310704961,3320.0,191.5,-1,close,2024-10-31 09:50:00,21112.5,21304.0,,2024-10-31 15:59:00,20945.75,166.75,S4_Samir_15mORB_Hold
2024-11-01,-0.2210065645514223,-505.0,114.25,1,close,2024-11-01 10:00:00,21106.0,20991.75,,2024-11-01 15:59:00,21081.5,-24.5,S4_Samir_15mORB_Hold
2024-11-04,-0.5168350168350169,-1535.0,148.5,1,close,2024-11-04 10:20:00,21095.75,20947.25,,2024-11-04 15:59:00,21019.75,-76.0,S4_Samir_15mORB_Hold
2024-11-05,0.8856447688564477,1820.0,102.75,1,close,2024-11-05 09:50:00,21184.0,21081.25,,2024-11-05 15:59:00,21275.75,91.75,S4_Samir_15mORB_Hold
2024-11-07,1.0617577197149644,2235.0,105.25,1,close,2024-11-07 10:00:00,22043.5,21938.25,,2024-11-07 15:59:00,22156.0,112.5,S4_Samir_15mORB_Hold
2024-11-08,-1.0132743362831858,-1145.0,56.5,-1,stop,2024-11-08 10:10:00,22110.5,22167.0,,2024-11-08 11:55:00,22167.0,-56.5,S4_Samir_15mORB_Hold
2024-11-11,-0.2596401028277635,-505.0,97.25,-1,close,2024-11-11 09:50:00,22130.25,22227.5,,2024-11-11 15:59:00,22154.75,-24.5,S4_Samir_15mORB_Hold
2024-11-13,-1.0138888888888888,-1095.0,54.0,-1,stop,2024-11-13 09:50:00,22065.25,22119.25,,2024-11-13 12:08:00,22119.25,-54.0,S4_Samir_15mORB_Hold
2024-11-14,0.2369402985074626,635.0,134.0,-1,close,2024-11-14 10:20:00,21975.5,22109.5,,2024-11-14 15:59:00,21943.0,32.5,S4_Samir_15mORB_Hold
2024-11-15,1.7555012224938875,3590.0,102.25,-1,close,2024-11-15 10:05:00,21606.25,21708.5,,2024-11-15 15:59:00,21426.0,180.25,S4_Samir_15mORB_Hold
2024-11-18,0.6755725190839694,885.0,65.5,1,close,2024-11-18 10:05:00,21521.0,21455.5,,2024-11-18 15:59:00,21566.0,45.0,S4_Samir_15mORB_Hold
2024-11-19,1.7195767195767195,3250.0,94.5,1,close,2024-11-19 10:30:00,21536.75,21442.25,,2024-11-19 15:59:00,21700.0,163.25,S4_Samir_15mORB_Hold
2024-11-20,-1.0052724077328647,-2860.0,142.25,-1,stop,2024-11-20 10:00:00,21548.5,21690.75,,2024-11-20 15:55:00,21690.75,-142.25,S4_Samir_15mORB_Hold
2024-11-21,-0.7175043327556326,-4140.0,288.5,-1,close,2024-11-21 10:05:00,21552.0,21840.5,,2024-11-21 15:59:00,21758.25,-206.25,S4_Samir_15mORB_Hold
2024-11-22,-1.0065217391304349,-2315.0,115.0,-1,stop,2024-11-22 10:30:00,21676.75,21791.75,,2024-11-22 12:50:00,21791.75,-115.0,S4_Samir_15mORB_Hold
2024-11-25,0.3388429752066115,1025.0,151.25,-1,close,2024-11-25 09:55:00,21864.5,22015.75,,2024-11-25 15:59:00,21812.5,52.0,S4_Samir_15mORB_Hold
2024-11-26,-1.0095846645367412,-1580.0,78.25,1,stop,2024-11-26 09:50:00,21950.5,21872.25,,2024-11-26 10:00:00,21872.25,-78.25,S4_Samir_15mORB_Hold
2024-11-27,0.2622107969151671,510.0,97.25,-1,close,2024-11-27 09:55:00,21777.0,21874.25,,2024-11-27 15:59:00,21750.75,26.25,S4_Samir_15mORB_Hold
2024-11-28,-0.392156862745098,-200.0,25.5,1,close,2024-11-28 10:25:00,21833.75,21808.25,,2024-11-28 12:59:00,21824.5,-9.25,S4_Samir_15mORB_Hold
2024-11-29,1.03013698630137,1880.0,91.25,1,close,2024-11-29 09:55:00,21831.0,21739.75,,2024-11-29 13:14:00,21925.75,94.75,S4_Samir_15mORB_Hold
2024-12-02,0.5510204081632653,1350.0,122.5,1,close,2024-12-02 09:50:00,22083.25,21960.75,,2024-12-02 15:59:00,22151.5,68.25,S4_Samir_15mORB_Hold
2024-12-04,2.0306122448979598,1990.0,49.0,1,close,2024-12-04 10:10:00,22371.5,22322.5,,2024-12-04 15:59:00,22471.75,100.25,S4_Samir_15mORB_Hold
2024-12-05,-1.0227272727272727,-675.0,33.0,-1,stop,2024-12-05 09:50:00,22453.25,22486.25,,2024-12-05 12:12:00,22486.25,-33.0,S4_Samir_15mORB_Hold
2024-12-06,0.6150234741784038,1310.0,106.5,1,close,2024-12-06 09:50:00,22526.75,22420.25,,2024-12-06 15:59:00,22593.0,66.25,S4_Samir_15mORB_Hold
2024-12-09,-1.0120967741935485,-1255.0,62.0,1,stop,2024-12-09 09:50:00,22579.0,22517.0,,2024-12-09 10:26:00,22517.0,-62.0,S4_Samir_15mORB_Hold
2024-12-10,-1.0102739726027397,-1475.0,73.0,1,stop,2024-12-10 10:05:00,22512.75,22439.75,,2024-12-10 10:58:00,22439.75,-73.0,S4_Samir_15mORB_Hold
2024-12-11,1.261658031088083,2435.0,96.5,1,close,2024-12-11 09:50:00,22603.75,22507.25,,2024-12-11 15:59:00,22726.25,122.5,S4_Samir_15mORB_Hold
2024-12-12,-1.0162162162162165,-940.0,46.25,-1,stop,2024-12-12 10:10:00,22585.25,22631.5,,2024-12-12 10:23:00,22631.5,-46.25,S4_Samir_15mORB_Hold
2024-12-16,2.031468531468532,2905.0,71.5,1,close,2024-12-16 09:55:00,22896.0,22824.5,,2024-12-16 15:59:00,23042.0,146.0,S4_Samir_15mORB_Hold
2024-12-17,-1.0086206896551724,-1755.0,87.0,-1,stop,2024-12-17 10:05:00,22912.25,22999.25,,2024-12-17 11:34:00,22999.25,-87.0,S4_Samir_15mORB_Hold
2024-12-18,-1.0075376884422111,-2005.0,99.5,1,stop,2024-12-18 10:15:00,22943.5,22844.0,,2024-12-18 14:01:00,22844.0,-99.5,S4_Samir_15mORB_Hold
2024-12-19,1.3664825046040516,3710.0,135.75,-1,close,2024-12-19 09:55:00,22195.25,22331.0,,2024-12-19 15:59:00,22009.0,186.25,S4_Samir_15mORB_Hold
2024-12-20,1.4340222575516692,4510.0,157.25,1,close,2024-12-20 10:15:00,21974.25,21817.0,,2024-12-20 15:59:00,22200.5,226.25,S4_Samir_15mORB_Hold
2024-12-23,-1.0077319587628866,-1955.0,97.0,-1,stop,2024-12-23 09:50:00,22211.75,22308.75,,2024-12-23 11:43:00,22308.75,-97.0,S4_Samir_15mORB_Hold
2024-12-24,1.3669064748201438,2850.0,104.25,1,close,2024-12-24 10:00:00,22536.25,22432.0,,2024-12-24 13:14:00,22679.5,143.25,S4_Samir_15mORB_Hold
2024-12-26,-1.0137614678899085,-1105.0,54.5,-1,stop,2024-12-26 09:50:00,22586.75,22641.25,,2024-12-26 10:38:00,22641.25,-54.5,S4_Samir_15mORB_Hold
2024-12-27,-0.3775609756097561,-1935.0,256.25,-1,close,2024-12-27 10:05:00,22240.0,22496.25,,2024-12-27 15:59:00,22336.0,-96.0,S4_Samir_15mORB_Hold
2024-12-30,-1.0058479532163742,-2580.0,128.25,-1,stop,2024-12-30 10:00:00,21921.0,22049.25,,2024-12-30 11:20:00,22049.25,-128.25,S4_Samir_15mORB_Hold
2024-12-31,0.9228007181328546,2570.0,139.25,-1,close,2024-12-31 10:10:00,21982.5,22121.75,,2024-12-31 15:59:00,21853.25,129.25,S4_Samir_15mORB_Hold
2025-01-02,-1.0035128805620608,-4285.0,213.5,1,stop,2025-01-02 09:55:00,22012.75,21799.25,,2025-01-02 12:29:00,21799.25,-213.5,S4_Samir_15mORB_Hold
2025-01-06,-1.0069767441860464,-2165.0,107.5,1,stop,2025-01-06 09:50:00,22463.75,22356.25,,2025-01-06 13:45:00,22356.25,-107.5,S4_Samir_15mORB_Hold
2025-01-07,1.2022194821208383,4875.0,202.75,-1,close,2025-01-07 10:05:00,22236.5,22439.25,,2025-01-07 15:59:00,21992.0,244.5,S4_Samir_15mORB_Hold
2025-01-08,-1.0076530612244898,-1975.0,98.0,1,stop,2025-01-08 10:05:00,22020.5,21922.5,,2025-01-08 10:12:00,21922.5,-98.0,S4_Samir_15mORB_Hold
2025-01-10,0.1153846153846153,375.0,162.5,-1,close,2025-01-10 09:50:00,21668.0,21830.5,,2025-01-10 15:59:00,21648.5,19.5,S4_Samir_15mORB_Hold
2025-01-13,1.3021077283372364,2780.0,106.75,1,close,2025-01-13 09:55:00,21441.5,21334.75,,2025-01-13 15:59:00,21581.25,139.75,S4_Samir_15mORB_Hold
2025-01-14,0.6606060606060606,1635.0,123.75,-1,close,2025-01-14 09:55:00,21639.25,21763.0,,2025-01-14 15:59:00,21556.75,82.5,S4_Samir_15mORB_Hold
2025-01-15,0.3217115689381933,1015.0,157.75,1,close,2025-01-15 09:50:00,21977.25,21819.5,,2025-01-15 15:59:00,22028.75,51.5,S4_Samir_15mORB_Hold
2025-01-16,1.212860310421286,2735.0,112.75,-1,close,2025-01-16 09:50:00,22018.5,22131.25,,2025-01-16 15:59:00,21881.0,137.5,S4_Samir_15mORB_Hold
2025-01-20,0.0916905444126074,160.0,87.25,-1,close,2025-01-20 10:25:00,22324.75,22412.0,,2025-01-20 12:59:00,22316.0,8.75,S4_Samir_15mORB_Hold
2025-01-21,-1.005514705882353,-2735.0,136.0,-1,stop,2025-01-21 09:55:00,22215.5,22351.5,,2025-01-21 12:42:00,22351.5,-136.0,S4_Samir_15mORB_Hold
2025-01-22,0.1213017751479289,205.0,84.5,1,close,2025-01-22 09:50:00,22619.75,22535.25,,2025-01-22 15:59:00,22630.75,11.0,S4_Samir_15mORB_Hold
2025-01-24,-1.0116731517509727,-1300.0,64.25,1,stop,2025-01-24 09:50:00,22696.75,22632.5,,2025-01-24 10:16:00,22632.5,-64.25,S4_Samir_15mORB_Hold
2025-01-27,-1.0033296337402886,-4520.0,225.25,1,stop,2025-01-27 10:00:00,21967.0,21741.75,,2025-01-27 14:50:00,21741.75,-225.25,S4_Samir_15mORB_Hold
2025-01-28,1.1802168021680215,4355.0,184.5,1,close,2025-01-28 10:05:00,21990.0,21805.5,,2025-01-28 15:59:00,22208.5,218.5,S4_Samir_15mORB_Hold
2025-01-30,-1.0053859964093357,-2800.0,139.25,1,stop,2025-01-30 09:50:00,22368.75,22229.5,,2025-01-30 10:02:00,22229.5,-139.25,S4_Samir_15mORB_Hold
2025-01-31,-1.0080645161290325,-1875.0,93.0,1,stop,2025-01-31 09:55:00,22490.75,22397.75,,2025-01-31 13:34:00,22397.75,-93.0,S4_Samir_15mORB_Hold
2025-02-03,-1.005128205128205,-2940.0,146.25,-1,stop,2025-02-03 10:05:00,21801.5,21947.75,,2025-02-03 10:24:00,21947.75,-146.25,S4_Samir_15mORB_Hold
2025-02-04,0.8518518518518519,2415.0,141.75,1,close,2025-02-04 09:55:00,22179.75,22038.0,,2025-02-04 15:59:00,22301.25,121.5,S4_Samir_15mORB_Hold
2025-02-06,-1.0092879256965943,-1630.0,80.75,1,stop,2025-02-06 10:10:00,22451.75,22371.0,,2025-02-06 14:33:00,22371.0,-80.75,S4_Samir_15mORB_Hold
2025-02-07,0.759860788863109,3275.0,215.5,-1,close,2025-02-07 10:05:00,22385.75,22601.25,,2025-02-07 15:59:00,22221.25,164.5,S4_Samir_15mORB_Hold
2025-02-10,0.397887323943662,565.0,71.0,1,close,2025-02-10 10:05:00,22447.75,22376.75,,2025-02-10 15:59:00,22476.75,29.0,S4_Samir_15mORB_Hold
2025-02-11,-0.3496376811594203,-965.0,138.0,1,close,2025-02-11 10:30:00,22471.5,22333.5,,2025-02-11 15:59:00,22424.0,-47.5,S4_Samir_15mORB_Hold
2025-02-12,0.8812056737588653,2485.0,141.0,1,close,2025-02-12 10:00:00,22310.0,22169.0,,2025-02-12 15:59:00,22435.0,125.0,S4_Samir_15mORB_Hold
2025-02-13,0.9783783783783784,2715.0,138.75,1,close,2025-02-13 10:20:00,22606.25,22467.5,,2025-02-13 15:59:00,22742.75,136.5,S4_Samir_15mORB_Hold
2025-02-14,0.9036697247706422,985.0,54.5,1,close,2025-02-14 10:10:00,22777.25,22722.75,,2025-02-14 15:59:00,22827.25,50.0,S4_Samir_15mORB_Hold
2025-02-18,-0.6637426900584795,-1135.0,85.5,-1,close,2025-02-18 09:50:00,22815.75,22901.25,,2025-02-18 15:59:00,22871.75,-56.0,S4_Samir_15mORB_Hold
2025-02-19,-1.014018691588785,-1085.0,53.5,-1,stop,2025-02-19 10:00:00,22801.25,22854.75,,2025-02-19 11:11:00,22854.75,-53.5,S4_Samir_15mORB_Hold
2025-02-20,-0.066860465116279,-115.0,86.0,-1,close,2025-02-20 09:50:00,22772.75,22858.75,,2025-02-20 15:59:00,22777.75,-5.0,S4_Samir_15mORB_Hold
2025-02-21,2.204437400950872,6955.0,157.75,-1,close,2025-02-21 10:25:00,22663.5,22821.25,,2025-02-21 15:59:00,22315.0,348.5,S4_Samir_15mORB_Hold
2025-02-24,1.0013175230566536,3800.0,189.75,-1,close,2025-02-24 09:55:00,22245.25,22435.0,,2025-02-24 15:59:00,22054.5,190.75,S4_Samir_15mORB_Hold
2025-02-25,0.5404984423676013,1735.0,160.5,-1,close,2025-02-25 09:55:00,21870.25,22030.75,,2025-02-25 15:59:00,21782.75,87.5,S4_Samir_15mORB_Hold
2025-02-26,-1.0084985835694051,-1780.0,88.25,1,stop,2025-02-26 09:50:00,21910.0,21821.75,,2025-02-26 13:29:00,21821.75,-88.25,S4_Samir_15mORB_Hold
2025-02-27,1.505271695052717,9280.0,308.25,-1,close,2025-02-27 09:55:00,21706.0,22014.25,,2025-02-27 15:59:00,21241.25,464.75,S4_Samir_15mORB_Hold
2025-02-28,0.9752421959095802,4530.0,232.25,1,close,2025-02-28 10:15:00,21325.5,21093.25,,2025-02-28 15:59:00,21552.75,227.25,S4_Samir_15mORB_Hold
2025-03-03,2.033997655334115,8675.0,213.25,-1,close,2025-03-03 09:55:00,21541.0,21754.25,,2025-03-03 15:59:00,21106.5,434.5,S4_Samir_15mORB_Hold
2025-03-04,-1.0037546933667083,-4010.0,199.75,-1,stop,2025-03-04 10:00:00,20863.5,21063.25,,2025-03-04 12:28:00,21063.25,-199.75,S4_Samir_15mORB_Hold
2025-03-06,-1.0057251908396947,-2635.0,131.0,1,stop,2025-03-06 10:05:00,20992.0,20861.0,,2025-03-06 12:03:00,20861.0,-131.0,S4_Samir_15mORB_Hold
2025-03-07,-1.0043859649122806,-3435.0,171.0,1,stop,2025-03-07 09:50:00,20827.5,20656.5,,2025-03-07 10:31:00,20656.5,-171.0,S4_Samir_15mORB_Hold
2025-03-10,2.2,6105.0,138.75,-1,close,2025-03-10 09:55:00,20399.0,20537.75,,2025-03-10 15:59:00,20093.0,306.0,S4_Samir_15mORB_Hold
2025-03-11,-1.0044510385756678,-3385.0,168.5,-1,stop,2025-03-11 10:05:00,20017.5,20186.0,,2025-03-11 14:41:00,20186.0,-168.5,S4_Samir_15mORB_Hold
2025-03-12,0.2462962962962963,665.0,135.0,-1,close,2025-03-12 10:15:00,20276.0,20411.0,,2025-03-12 15:59:00,20242.0,34.0,S4_Samir_15mORB_Hold
2025-03-13,0.8786127167630058,3040.0,173.0,-1,close,2025-03-13 09:55:00,20037.25,20210.25,,2025-03-13 15:59:00,19884.5,152.75,S4_Samir_15mORB_Hold
2025-03-18,-0.1527472527472527,-695.0,227.5,-1,close,2025-03-18 10:00:00,20100.25,20327.75,,2025-03-18 15:59:00,20134.25,-34.0,S4_Samir_15mORB_Hold
2025-03-19,0.9333333333333332,2380.0,127.5,1,close,2025-03-19 09:55:00,20260.75,20133.25,,2025-03-19 15:59:00,20380.5,119.75,S4_Samir_15mORB_Hold
2025-03-20,-0.1865793780687397,-570.0,152.75,1,close,2025-03-20 09:50:00,20335.75,20183.0,,2025-03-20 15:59:00,20308.0,-27.75,S4_Samir_15mORB_Hold
2025-03-21,2.136363636363636,4700.0,110.0,1,close,2025-03-21 10:15:00,20144.5,20034.5,,2025-03-21 15:59:00,20380.25,235.75,S4_Samir_15mORB_Hold
2025-03-24,0.6,1020.0,85.0,1,close,2025-03-24 09:50:00,20741.25,20656.25,,2025-03-24 15:59:00,20793.0,51.75,S4_Samir_15mORB_Hold
2025-03-25,0.3952802359882006,670.0,84.75,1,close,2025-03-25 10:30:00,20880.75,20796.0,,2025-03-25 15:59:00,20915.0,34.25,S4_Samir_15mORB_Hold
2025-03-26,3.782178217821782,5730.0,75.75,-1,close,2025-03-26 09:50:00,20826.75,20902.5,,2025-03-26 15:59:00,20539.5,287.25,S4_Samir_15mORB_Hold
2025-03-27,-0.6907356948228883,-2535.0,183.5,1,close,2025-03-27 10:30:00,20547.75,20364.25,,2025-03-27 15:59:00,20421.75,-126.0,S4_Samir_15mORB_Hold
2025-03-28,1.6158038147138964,5930.0,183.5,-1,close,2025-03-28 10:10:00,20185.5,20369.0,,2025-03-28 15:59:00,19888.25,297.25,S4_Samir_15mORB_Hold
2025-04-01,-1.007177033492823,-2105.0,104.5,1,stop,2025-04-01 09:50:00,19869.75,19765.25,,2025-04-01 10:07:00,19765.25,-104.5,S4_Samir_15mORB_Hold
2025-04-02,0.7101593625498008,3565.0,251.0,1,close,2025-04-02 09:50:00,19994.5,19743.5,,2025-04-02 15:59:00,20173.5,179.0,S4_Samir_15mORB_Hold
2025-04-04,1.8683417085427136,9295.0,248.75,-1,close,2025-04-04 10:15:00,18427.5,18676.25,,2025-04-04 15:59:00,17962.0,465.5,S4_Samir_15mORB_Hold
2025-04-07,0.9815229563269876,8765.0,446.5,1,close,2025-04-07 09:55:00,17547.0,17100.5,,2025-04-07 15:59:00,17986.0,439.0,S4_Samir_15mORB_Hold
2025-04-08,-1.004823151125402,-3125.0,155.5,1,stop,2025-04-08 09:55:00,18641.75,18486.25,,2025-04-08 11:12:00,18486.25,-155.5,S4_Samir_15mORB_Hold
2025-04-10,0.8444180522565321,3555.0,210.5,-1,close,2025-04-10 10:00:00,19088.5,19299.0,,2025-04-10 15:59:00,18910.0,178.5,S4_Samir_15mORB_Hold
2025-04-11,-1.0031914893617022,-4715.0,235.0,1,stop,2025-04-11 10:10:00,19013.25,18778.25,,2025-04-11 10:21:00,18778.25,-235.0,S4_Samir_15mORB_Hold
2025-04-16,-1.005940594059406,-2540.0,126.25,-1,stop,2025-04-16 09:55:00,18980.75,19107.0,,2025-04-16 11:24:00,19107.0,-126.25,S4_Samir_15mORB_Hold
2025-04-17,-1.0049586776859505,-3040.0,151.25,-1,stop,2025-04-17 10:25:00,18785.75,18937.0,,2025-04-17 14:11:00,18937.0,-151.25,S4_Samir_15mORB_Hold
2025-04-21,1.1972789115646258,2640.0,110.25,-1,close,2025-04-21 09:55:00,18482.25,18592.5,,2025-04-21 15:59:00,18349.5,132.75,S4_Samir_15mORB_Hold
2025-04-22,0.9752212389380532,2755.0,141.25,1,close,2025-04-22 09:50:00,18668.75,18527.5,,2025-04-22 15:59:00,18807.25,138.5,S4_Samir_15mORB_Hold
2025-04-24,2.501851851851852,6755.0,135.0,1,close,2025-04-24 09:50:00,19408.5,19273.5,,2025-04-24 15:59:00,19747.0,338.5,S4_Samir_15mORB_Hold
2025-04-25,-1.0062370062370063,-2420.0,120.25,1,stop,2025-04-25 10:10:00,19803.25,19683.0,,2025-04-25 10:23:00,19683.0,-120.25,S4_Samir_15mORB_Hold
2025-04-28,-0.45,-1215.0,135.0,-1,close,2025-04-28 10:00:00,19891.75,20026.75,,2025-04-28 15:59:00,19951.75,-60.0,S4_Samir_15mORB_Hold
2025-04-29,1.1588366890380313,2590.0,111.75,1,close,2025-04-29 09:50:00,19942.5,19830.75,,2025-04-29 15:59:00,20072.75,130.25,S4_Samir_15mORB_Hold
2025-04-30,-1.0040705563093624,-3700.0,184.25,-1,stop,2025-04-30 10:00:00,19547.75,19732.0,,2025-04-30 10:29:00,19732.0,-184.25,S4_Samir_15mORB_Hold
2025-05-01,-1.006578947368421,-2295.0,114.0,-1,stop,2025-05-01 10:00:00,20304.25,20418.25,,2025-05-01 10:27:00,20418.25,-114.0,S4_Samir_15mORB_Hold
2025-05-02,0.55,1100.0,100.0,1,close,2025-05-02 10:10:00,20558.0,20458.0,,2025-05-02 15:59:00,20613.75,55.75,S4_Samir_15mORB_Hold
2025-05-05,-0.19,-380.0,100.0,1,close,2025-05-05 10:20:00,20512.25,20412.25,,2025-05-05 15:59:00,20494.0,-18.25,S4_Samir_15mORB_Hold
2025-05-06,-1.0067720090293453,-2230.0,110.75,-1,stop,2025-05-06 09:55:00,20180.75,20291.5,,2025-05-06 10:17:00,20291.5,-110.75,S4_Samir_15mORB_Hold
2025-05-07,-1.0105633802816902,-1435.0,71.0,1,stop,2025-05-07 10:00:00,20364.0,20293.0,,2025-05-07 10:54:00,20293.0,-71.0,S4_Samir_15mORB_Hold
2025-05-08,-1.0076923076923077,-1965.0,97.5,-1,stop,2025-05-08 09:50:00,20504.0,20601.5,,2025-05-08 11:28:00,20601.5,-97.5,S4_Samir_15mORB_Hold
2025-05-09,0.9066666666666666,1360.0,75.0,-1,close,2025-05-09 10:20:00,20632.25,20707.25,,2025-05-09 15:59:00,20563.5,68.75,S4_Samir_15mORB_Hold
2025-05-12,-1.004149377593361,-3630.0,180.75,-1,stop,2025-05-12 10:30:00,21169.0,21349.75,,2025-05-12 13:08:00,21349.75,-180.75,S4_Samir_15mORB_Hold
2025-05-13,1.1675774134790529,3205.0,137.25,1,close,2025-05-13 09:55:00,21537.0,21399.75,,2025-05-13 15:59:00,21698.0,161.0,S4_Samir_15mORB_Hold
2025-05-15,-1.0104529616724738,-1450.0,71.75,-1,stop,2025-05-15 09:50:00,21695.0,21766.75,,2025-05-15 10:01:00,21766.75,-71.75,S4_Samir_15mORB_Hold
2025-05-19,1.003125,3210.0,160.0,1,close,2025-05-19 09:50:00,21789.25,21629.25,,2025-05-19 15:59:00,21950.5,161.25,S4_Samir_15mORB_Hold
2025-05-20,-1.0115830115830116,-1310.0,64.75,-1,stop,2025-05-20 09:50:00,21802.5,21867.25,,2025-05-20 10:39:00,21867.25,-64.75,S4_Samir_15mORB_Hold
2025-05-21,-1.0070921985815602,-2130.0,105.75,1,stop,2025-05-21 09:50:00,21809.75,21704.0,,2025-05-21 13:24:00,21704.0,-105.75,S4_Samir_15mORB_Hold
2025-05-22,-0.4381338742393509,-1080.0,123.25,1,close,2025-05-22 09:55:00,21664.0,21540.75,,2025-05-22 15:59:00,21610.75,-53.25,S4_Samir_15mORB_Hold
2025-05-23,0.0542372881355932,160.0,147.5,1,close,2025-05-23 10:15:00,21397.0,21249.5,,2025-05-23 15:59:00,21405.75,8.75,S4_Samir_15mORB_Hold
2025-05-27,1.7256857855361596,3460.0,100.25,1,close,2025-05-27 10:00:00,21720.0,21619.75,,2025-05-27 15:59:00,21893.75,173.75,S4_Samir_15mORB_Hold
2025-05-28,1.301775147928994,2200.0,84.5,-1,close,2025-05-28 09:50:00,21910.5,21995.0,,2025-05-28 15:59:00,21799.75,110.75,S4_Samir_15mORB_Hold
2025-05-29,0.4198675496688742,1585.0,188.75,-1,close,2025-05-29 09:50:00,21918.5,22107.25,,2025-05-29 15:59:00,21838.5,80.0,S4_Samir_15mORB_Hold
2025-05-30,-1.0056285178236395,-2680.0,133.25,-1,stop,2025-05-30 10:00:00,21684.75,21818.0,,2025-05-30 10:28:00,21818.0,-133.25,S4_Samir_15mORB_Hold
2025-06-03,0.738255033557047,1650.0,111.75,1,close,2025-06-03 10:30:00,22048.5,21936.75,,2025-06-03 15:59:00,22131.75,83.25,S4_Samir_15mORB_Hold
2025-06-04,-1.0075566750629723,-2000.0,99.25,-1,stop,2025-06-04 10:05:00,22121.5,22220.75,,2025-06-04 14:00:00,22220.75,-99.25,S4_Samir_15mORB_Hold
2025-06-05,-1.0055762081784387,-2705.0,134.5,-1,stop,2025-06-05 10:10:00,22133.5,22268.0,,2025-06-05 10:42:00,22268.0,-134.5,S4_Samir_15mORB_Hold
2025-06-06,-1.0083565459610029,-1810.0,89.75,1,stop,2025-06-06 09:50:00,22285.0,22195.25,,2025-06-06 10:29:00,22195.25,-89.75,S4_Samir_15mORB_Hold
2025-06-09,-0.0692041522491349,-100.0,72.25,1,close,2025-06-09 10:10:00,22250.0,22177.75,,2025-06-09 15:59:00,22245.75,-4.25,S4_Samir_15mORB_Hold
2025-06-11,-1.0104166666666667,-1455.0,72.0,1,stop,2025-06-11 10:25:00,22458.0,22386.0,,2025-06-11 12:07:00,22386.0,-72.0,S4_Samir_15mORB_Hold
2025-06-12,0.6151202749140894,895.0,72.75,1,close,2025-06-12 10:10:00,22318.25,22245.5,,2025-06-12 15:59:00,22363.75,45.5,S4_Samir_15mORB_Hold
2025-06-13,-1.0046082949308757,-3270.0,162.75,-1,stop,2025-06-13 10:30:00,22062.0,22224.75,,2025-06-13 11:22:00,22224.75,-162.75,S4_Samir_15mORB_Hold
2025-06-16,0.0302066772655007,95.0,157.25,1,close,2025-06-16 10:05:00,22386.5,22229.25,,2025-06-16 15:59:00,22392.0,5.5,S4_Samir_15mORB_Hold
2025-06-17,-1.0080862533692725,-1870.0,92.75,1,stop,2025-06-17 10:15:00,22337.0,22244.25,,2025-06-17 12:59:00,22244.25,-92.75,S4_Samir_15mORB_Hold
2025-06-18,-1.009771986970684,-1550.0,76.75,1,stop,2025-06-18 09:50:00,22218.25,22141.5,,2025-06-18 14:57:00,22141.5,-76.75,S4_Samir_15mORB_Hold
2025-06-19,-0.2255813953488372,-485.0,107.5,-1,close,2025-06-19 09:50:00,21895.0,22002.5,,2025-06-19 12:59:00,21918.5,-23.5,S4_Samir_15mORB_Hold
2025-06-20,1.551111111111111,3490.0,112.5,-1,close,2025-06-20 10:00:00,22233.75,22346.25,,2025-06-20 15:59:00,22058.5,175.25,S4_Samir_15mORB_Hold
2025-06-23,-1.0045523520485584,-3310.0,164.75,1,stop,2025-06-23 09:55:00,22138.5,21973.75,,2025-06-23 12:37:00,21973.75,-164.75,S4_Samir_15mORB_Hold
2025-06-25,0.1457627118644067,215.0,73.75,-1,close,2025-06-25 10:15:00,22690.25,22764.0,,2025-06-25 15:59:00,22678.75,11.5,S4_Samir_15mORB_Hold
2025-06-26,1.330065359477124,2035.0,76.5,1,close,2025-06-26 10:25:00,22786.75,22710.25,,2025-06-26 15:59:00,22889.25,102.5,S4_Samir_15mORB_Hold
2025-06-27,-1.009433962264151,-1605.0,79.5,1,stop,2025-06-27 10:00:00,22980.0,22900.5,,2025-06-27 14:19:00,22900.5,-79.5,S4_Samir_15mORB_Hold
2025-07-01,-1.015228426395939,-1000.0,49.25,1,stop,2025-07-01 10:15:00,23044.5,22995.25,,2025-07-01 10:22:00,22995.25,-49.25,S4_Samir_15mORB_Hold
2025-07-02,1.5785953177257526,2360.0,74.75,1,close,2025-07-02 09:55:00,22941.25,22866.5,,2025-07-02 15:59:00,23060.0,118.75,S4_Samir_15mORB_Hold
2025-07-03,1.011764705882353,1290.0,63.75,1,close,2025-07-03 09:55:00,23209.25,23145.5,,2025-07-03 13:14:00,23274.5,65.25,S4_Samir_15mORB_Hold
2025-07-04,-0.5680473372781065,-480.0,42.25,1,close,2025-07-04 09:55:00,23145.5,23103.25,,2025-07-04 12:59:00,23122.25,-23.25,S4_Samir_15mORB_Hold
2025-07-08,-1.0121457489878545,-1250.0,61.75,-1,stop,2025-07-08 10:00:00,23097.5,23159.25,,2025-07-08 12:23:00,23159.25,-61.75,S4_Samir_15mORB_Hold
2025-07-09,-1.0069284064665127,-2180.0,108.25,1,stop,2025-07-09 09:50:00,23301.5,23193.25,,2025-07-09 10:36:00,23193.25,-108.25,S4_Samir_15mORB_Hold
2025-07-10,-0.2325581395348837,-450.0,96.75,-1,close,2025-07-10 09:50:00,23209.0,23305.75,,2025-07-10 15:59:00,23230.75,-21.75,S4_Samir_15mORB_Hold
2025-07-11,-0.0994623655913978,-185.0,93.0,1,close,2025-07-11 10:00:00,23179.25,23086.25,,2025-07-11 15:59:00,23170.75,-8.5,S4_Samir_15mORB_Hold
2025-07-16,-1.0060483870967742,-2495.0,124.0,-1,stop,2025-07-16 09:55:00,23181.25,23305.25,,2025-07-16 15:40:00,23305.25,-124.0,S4_Samir_15mORB_Hold
2025-07-17,1.716312056737589,2420.0,70.5,1,close,2025-07-17 09:50:00,23351.5,23281.0,,2025-07-17 15:59:00,23473.25,121.75,S4_Samir_15mORB_Hold
2025-07-18,0.0375,60.0,80.0,-1,close,2025-07-18 10:15:00,23445.75,23525.75,,2025-07-18 15:59:00,23442.0,3.75,S4_Samir_15mORB_Hold
2025-07-21,-0.2778904665314402,-685.0,123.25,1,close,2025-07-21 09:50:00,23593.75,23470.5,,2025-07-21 15:59:00,23560.25,-33.5,S4_Samir_15mORB_Hold
2025-07-22,-0.0711678832116788,-195.0,137.0,-1,close,2025-07-22 09:50:00,23428.5,23565.5,,2025-07-22 15:59:00,23437.5,-9.0,S4_Samir_15mORB_Hold
2025-07-23,-1.0076142131979695,-1985.0,98.5,-1,stop,2025-07-23 10:00:00,23381.0,23479.5,,2025-07-23 11:54:00,23479.5,-98.5,S4_Samir_15mORB_Hold
2025-07-25,0.7023255813953488,755.0,53.75,1,close,2025-07-25 09:50:00,23599.75,23546.0,,2025-07-25 15:59:00,23638.25,38.5,S4_Samir_15mORB_Hold
2025-07-28,-1.0134529147982063,-1130.0,55.75,1,stop,2025-07-28 10:00:00,23735.75,23680.0,,2025-07-28 11:19:00,23680.0,-55.75,S4_Samir_15mORB_Hold
2025-07-29,2.1115537848605577,2650.0,62.75,-1,close,2025-07-29 09:50:00,23805.5,23868.25,,2025-07-29 15:59:00,23672.25,133.25,S4_Samir_15mORB_Hold
2025-07-30,-1.0115830115830116,-1310.0,64.75,1,stop,2025-07-30 10:25:00,23730.75,23666.0,,2025-07-30 14:56:00,23666.0,-64.75,S4_Samir_15mORB_Hold
2025-08-01,-0.0673181324647122,-310.0,230.25,-1,close,2025-08-01 09:50:00,23081.25,23311.5,,2025-08-01 15:59:00,23096.0,-14.75,S4_Samir_15mORB_Hold
2025-08-04,0.6186770428015564,1590.0,128.5,1,close,2025-08-04 09:50:00,23432.5,23304.0,,2025-08-04 15:59:00,23512.75,80.25,S4_Samir_15mORB_Hold
2025-08-05,-1.0096153846153846,-1575.0,78.0,1,stop,2025-08-05 09:50:00,23596.75,23518.75,,2025-08-05 10:17:00,23518.75,-78.0,S4_Samir_15mORB_Hold
2025-08-06,1.2742268041237113,3090.0,121.25,1,close,2025-08-06 10:05:00,23485.0,23363.75,,2025-08-06 15:59:00,23640.25,155.25,S4_Samir_15mORB_Hold
2025-08-07,-1.0103806228373702,-1460.0,72.25,1,stop,2025-08-07 10:00:00,23869.5,23797.25,,2025-08-07 10:10:00,23797.25,-72.25,S4_Samir_15mORB_Hold
2025-08-08,0.8775510204081632,1720.0,98.0,1,close,2025-08-08 09:50:00,23843.25,23745.25,,2025-08-08 15:59:00,23930.0,86.75,S4_Samir_15mORB_Hold
2025-08-11,-1.0116731517509727,-1300.0,64.25,1,stop,2025-08-11 10:00:00,23960.25,23896.0,,2025-08-11 14:04:00,23896.0,-64.25,S4_Samir_15mORB_Hold
2025-08-12,-1.0048465266558966,-3110.0,154.75,-1,stop,2025-08-12 10:00:00,23869.25,24024.0,,2025-08-12 11:07:00,24024.0,-154.75,S4_Samir_15mORB_Hold
2025-08-13,1.4271844660194175,1470.0,51.5,-1,close,2025-08-13 10:00:00,24232.75,24284.25,,2025-08-13 15:59:00,24158.5,74.25,S4_Samir_15mORB_Hold
2025-08-14,-0.233890214797136,-490.0,104.75,1,close,2025-08-14 10:20:00,24161.25,24056.5,,2025-08-14 15:59:00,24137.5,-23.75,S4_Samir_15mORB_Hold
2025-08-15,-0.1787819253438114,-455.0,127.25,-1,close,2025-08-15 09:50:00,23999.5,24126.75,,2025-08-15 15:59:00,24021.5,-22.0,S4_Samir_15mORB_Hold
2025-08-18,-1.0125523012552302,-1210.0,59.75,-1,stop,2025-08-18 09:55:00,23973.25,24033.0,,2025-08-18 10:24:00,24033.0,-59.75,S4_Samir_15mORB_Hold
2025-08-19,1.4979166666666666,3595.0,120.0,-1,close,2025-08-19 09:50:00,23866.25,23986.25,,2025-08-19 15:59:00,23685.75,180.5,S4_Samir_15mORB_Hold
2025-08-20,-0.3617339312406577,-1210.0,167.25,-1,close,2025-08-20 09:50:00,23480.5,23647.75,,2025-08-20 15:59:00,23540.25,-59.75,S4_Samir_15mORB_Hold
2025-08-21,-1.0070754716981132,-2135.0,106.0,-1,stop,2025-08-21 10:00:00,23400.0,23506.0,,2025-08-21 10:12:00,23506.0,-106.0,S4_Samir_15mORB_Hold
2025-08-22,0.2787177203918076,1565.0,280.75,1,close,2025-08-22 10:05:00,23701.5,23420.75,,2025-08-22 15:59:00,23780.5,79.0,S4_Samir_15mORB_Hold
2025-08-25,-0.3190789473684211,-485.0,76.0,1,close,2025-08-25 10:00:00,23734.5,23658.5,,2025-08-25 15:59:00,23711.0,-23.5,S4_Samir_15mORB_Hold
2025-08-26,-1.01,-1515.0,75.0,-1,stop,2025-08-26 09:50:00,23659.25,23734.25,,2025-08-26 10:10:00,23734.25,-75.0,S4_Samir_15mORB_Hold
2025-08-27,-1.0113636363636365,-1335.0,66.0,-1,stop,2025-08-27 09:50:00,23715.0,23781.0,,2025-08-27 10:14:00,23781.0,-66.0,S4_Samir_15mORB_Hold
2025-08-28,-1.005893909626719,-2560.0,127.25,-1,stop,2025-08-28 09:55:00,23830.75,23958.0,,2025-08-28 11:16:00,23958.0,-127.25,S4_Samir_15mORB_Hold
2025-08-29,0.5528942115768463,1385.0,125.25,-1,close,2025-08-29 09:50:00,23758.5,23883.75,,2025-08-29 15:59:00,23688.5,70.0,S4_Samir_15mORB_Hold
2025-09-01,0.3793103448275862,330.0,43.5,1,close,2025-09-01 10:30:00,23700.5,23657.0,,2025-09-01 12:59:00,23717.75,17.25,S4_Samir_15mORB_Hold
2025-09-02,0.4446043165467626,1545.0,173.75,1,close,2025-09-02 09:50:00,23414.25,23240.5,,2025-09-02 15:59:00,23492.25,78.0,S4_Samir_15mORB_Hold
2025-09-03,-1.010600706713781,-1430.0,70.75,1,stop,2025-09-03 10:20:00,23657.75,23587.0,,2025-09-03 13:45:00,23587.0,-70.75,S4_Samir_15mORB_Hold
2025-09-04,-1.0064655172413792,-2335.0,116.0,-1,stop,2025-09-04 10:05:00,23648.0,23764.0,,2025-09-04 11:22:00,23764.0,-116.0,S4_Samir_15mORB_Hold
2025-09-05,0.997624703087886,2100.0,105.25,-1,close,2025-09-05 10:10:00,24012.5,24117.75,,2025-09-05 15:59:00,23906.75,105.75,S4_Samir_15mORB_Hold
2025-09-08,-1.0082417582417582,-1835.0,91.0,1,stop,2025-09-08 10:30:00,24078.0,23987.0,,2025-09-08 13:52:00,23987.0,-91.0,S4_Samir_15mORB_Hold
2025-09-09,-1.0148514851485149,-1025.0,50.5,-1,stop,2025-09-09 09:55:00,24023.0,24073.5,,2025-09-09 15:23:00,24073.5,-50.5,S4_Samir_15mORB_Hold
2025-09-10,0.4837758112094395,820.0,84.75,-1,close,2025-09-10 09:55:00,24131.5,24216.25,,2025-09-10 15:59:00,24089.75,41.75,S4_Samir_15mORB_Hold
2025-09-12,0.5555555555555556,775.0,69.75,1,close,2025-09-12 10:25:00,24286.5,24216.75,,2025-09-12 15:59:00,24326.0,39.5,S4_Samir_15mORB_Hold
2025-09-15,1.4034334763948495,1635.0,58.25,1,close,2025-09-15 09:50:00,24687.0,24628.75,,2025-09-15 15:59:00,24769.5,82.5,S4_Samir_15mORB_Hold
2025-09-16,0.2023809523809523,255.0,63.0,-1,close,2025-09-16 09:55:00,24754.0,24817.0,,2025-09-16 15:59:00,24740.5,13.5,S4_Samir_15mORB_Hold
2025-09-17,-1.0074257425742574,-2035.0,101.0,-1,stop,2025-09-17 10:30:00,24656.25,24757.25,,2025-09-17 15:27:00,24757.25,-101.0,S4_Samir_15mORB_Hold
2025-09-18,-0.2481012658227848,-490.0,98.75,1,close,2025-09-18 10:05:00,24938.5,24839.75,,2025-09-18 15:59:00,24914.75,-23.75,S4_Samir_15mORB_Hold
2025-09-19,-1.015075376884422,-1010.0,49.75,1,stop,2025-09-19 10:10:00,25003.25,24953.5,,2025-09-19 10:47:00,24953.5,-49.75,S4_Samir_15mORB_Hold
2025-09-22,1.9090909090909087,2415.0,63.25,1,close,2025-09-22 09:55:00,25093.5,25030.25,,2025-09-22 15:59:00,25215.0,121.5,S4_Samir_15mORB_Hold
2025-09-23,1.402027027027027,2075.0,74.0,-1,close,2025-09-23 10:25:00,25152.25,25226.25,,2025-09-23 15:59:00,25047.75,104.5,S4_Samir_15mORB_Hold
2025-09-24,0.6941489361702128,1305.0,94.0,-1,close,2025-09-24 09:50:00,25021.75,25115.75,,2025-09-24 15:59:00,24955.75,66.0,S4_Samir_15mORB_Hold
2025-09-25,0.1418826739427012,520.0,183.25,1,close,2025-09-25 10:20:00,24821.75,24638.5,,2025-09-25 15:59:00,24848.5,26.75,S4_Samir_15mORB_Hold
2025-09-26,-1.0052910052910051,-2850.0,141.75,-1,stop,2025-09-26 10:25:00,24787.25,24929.0,,2025-09-26 13:13:00,24929.0,-141.75,S4_Samir_15mORB_Hold
2025-09-29,-1.0075566750629723,-2000.0,99.25,1,stop,2025-09-29 09:50:00,25163.5,25064.25,,2025-09-29 11:36:00,25064.25,-99.25,S4_Samir_15mORB_Hold
2025-09-30,-1.0077720207253886,-1945.0,96.5,-1,stop,2025-09-30 09:55:00,24951.0,25047.5,,2025-09-30 10:48:00,25047.5,-96.5,S4_Samir_15mORB_Hold
2025-10-01,-1.0071428571428571,-2115.0,105.0,-1,stop,2025-10-01 09:50:00,24953.0,25058.0,,2025-10-01 10:18:00,25058.0,-105.0,S4_Samir_15mORB_Hold
2025-10-03,1.8041666666666667,2165.0,60.0,-1,close,2025-10-03 10:00:00,25322.0,25382.0,,2025-10-03 15:59:00,25213.0,109.0,S4_Samir_15mORB_Hold
2025-10-07,3.371859296482412,3355.0,49.75,-1,close,2025-10-07 10:30:00,25430.0,25479.75,,2025-10-07 15:59:00,25261.5,168.5,S4_Samir_15mORB_Hold
2025-10-08,1.9034090909090908,3350.0,88.0,1,close,2025-10-08 09:50:00,25378.0,25290.0,,2025-10-08 15:59:00,25546.25,168.25,S4_Samir_15mORB_Hold
2025-10-09,-0.5196374622356495,-860.0,82.75,-1,close,2025-10-09 10:30:00,25468.5,25551.25,,2025-10-09 15:59:00,25510.75,-42.25,S4_Samir_15mORB_Hold
2025-10-13,0.1993865030674846,650.0,163.0,1,close,2025-10-13 10:00:00,25103.5,24940.5,,2025-10-13 15:59:00,25136.75,33.25,S4_Samir_15mORB_Hold
2025-10-14,0.2660194174757281,1370.0,257.5,1,close,2025-10-14 10:25:00,24904.25,24646.75,,2025-10-14 15:59:00,24973.5,69.25,S4_Samir_15mORB_Hold
2025-10-15,-1.0080213903743316,-1885.0,93.5,1,stop,2025-10-15 10:00:00,25230.0,25136.5,,2025-10-15 11:49:00,25136.5,-93.5,S4_Samir_15mORB_Hold
2025-10-17,0.7864214992927864,2780.0,176.75,1,close,2025-10-17 09:55:00,25065.25,24888.5,,2025-10-17 15:59:00,25205.0,139.75,S4_Samir_15mORB_Hold
2025-10-20,0.3805970149253731,1020.0,134.0,1,close,2025-10-20 10:10:00,25464.75,25330.75,,2025-10-20 15:59:00,25516.5,51.75,S4_Samir_15mORB_Hold
2025-10-21,-1.0089285714285714,-1695.0,84.0,-1,stop,2025-10-21 10:30:00,25437.0,25521.0,,2025-10-21 11:47:00,25521.0,-84.0,S4_Samir_15mORB_Hold
2025-10-22,-1.0069124423963134,-2185.0,108.5,1,stop,2025-10-22 09:55:00,25496.75,25388.25,,2025-10-22 10:27:00,25388.25,-108.5,S4_Samir_15mORB_Hold
2025-10-23,0.8237410071942446,2290.0,139.0,1,close,2025-10-23 09:50:00,25354.0,25215.0,,2025-10-23 15:59:00,25469.25,115.25,S4_Samir_15mORB_Hold
2025-10-27,1.3309608540925266,1870.0,70.25,1,close,2025-10-27 10:05:00,26082.75,26012.5,,2025-10-27 15:59:00,26177.0,94.25,S4_Samir_15mORB_Hold
2025-10-28,-1.0122950819672132,-1235.0,61.0,-1,stop,2025-10-28 09:55:00,26250.25,26311.25,,2025-10-28 12:27:00,26311.25,-61.0,S4_Samir_15mORB_Hold
2025-10-29,-1.0116279069767442,-1305.0,64.5,1,stop,2025-10-29 10:00:00,26535.25,26470.75,,2025-10-29 10:50:00,26470.75,-64.5,S4_Samir_15mORB_Hold
2025-10-30,-1.0039267015706803,-3835.0,191.0,1,stop,2025-10-30 09:55:00,26349.25,26158.25,,2025-10-30 15:16:00,26158.25,-191.0,S4_Samir_15mORB_Hold
2025-10-31,0.5277777777777778,1425.0,135.0,-1,close,2025-10-31 10:05:00,26281.0,26416.0,,2025-10-31 15:59:00,26209.0,72.0,S4_Samir_15mORB_Hold
2025-11-03,0.0,0.0,155.25,-1,close,2025-11-03 10:05:00,26327.25,26482.5,,2025-11-03 15:59:00,26326.5,0.75,S4_Samir_15mORB_Hold
2025-11-04,-1.0039525691699605,-3810.0,189.75,1,stop,2025-11-04 09:55:00,26068.75,25879.0,,2025-11-04 12:19:00,25879.0,-189.75,S4_Samir_15mORB_Hold
2025-11-05,1.095435684647303,2640.0,120.5,1,close,2025-11-05 09:50:00,25824.5,25704.0,,2025-11-05 15:59:00,25957.25,132.75,S4_Samir_15mORB_Hold
2025-11-06,2.2821497120921306,5945.0,130.25,-1,close,2025-11-06 09:55:00,25772.0,25902.25,,2025-11-06 15:59:00,25474.0,298.0,S4_Samir_15mORB_Hold
2025-11-10,-1.005791505791506,-2605.0,129.5,1,stop,2025-11-10 10:25:00,25870.75,25741.25,,2025-11-10 10:59:00,25741.25,-129.5,S4_Samir_15mORB_Hold
2025-11-11,-1.011904761904762,-1275.0,63.0,-1,stop,2025-11-11 09:50:00,25799.5,25862.5,,2025-11-11 13:18:00,25862.5,-63.0,S4_Samir_15mORB_Hold
2025-11-12,-0.2345679012345679,-950.0,202.5,-1,close,2025-11-12 09:50:00,25794.75,25997.25,,2025-11-12 15:59:00,25841.5,-46.75,S4_Samir_15mORB_Hold
2025-11-14,0.7766450417052827,4190.0,269.75,1,close,2025-11-14 09:50:00,25111.75,24842.0,,2025-11-14 15:59:00,25322.0,210.25,S4_Samir_15mORB_Hold
2025-11-17,-1.0028409090909092,-5295.0,264.0,1,stop,2025-11-17 09:50:00,25435.0,25171.0,,2025-11-17 11:16:00,25171.0,-264.0,S4_Samir_15mORB_Hold
2025-11-18,-0.0417475728155339,-215.0,257.5,-1,close,2025-11-18 09:55:00,24791.0,25048.5,,2025-11-18 15:59:00,24801.0,-10.0,S4_Samir_15mORB_Hold
2025-11-19,-1.0028011204481793,-5370.0,267.75,1,stop,2025-11-19 09:55:00,25056.25,24788.5,,2025-11-19 12:33:00,24788.5,-267.75,S4_Samir_15mORB_Hold
2025-11-21,-1.0058823529411764,-2565.0,127.5,1,stop,2025-11-21 09:55:00,24496.5,24369.0,,2025-11-21 10:01:00,24369.0,-127.5,S4_Samir_15mORB_Hold
2025-11-24,0.9174311926605504,4000.0,218.0,1,close,2025-11-24 10:05:00,24950.75,24732.75,,2025-11-24 15:59:00,25151.5,200.75,S4_Samir_15mORB_Hold
2025-11-25,-1.0030181086519114,-4985.0,248.5,-1,stop,2025-11-25 09:50:00,24847.5,25096.0,,2025-11-25 11:22:00,25096.0,-248.5,S4_Samir_15mORB_Hold
2025-11-26,-1.0072289156626506,-2090.0,103.75,-1,stop,2025-11-26 10:00:00,25383.25,25487.0,,2025-11-26 10:59:00,25487.0,-103.75,S4_Samir_15mORB_Hold
2025-12-01,0.4051094890510949,1110.0,137.0,1,close,2025-12-01 09:55:00,25562.25,25425.25,,2025-12-01 15:59:00,25618.5,56.25,S4_Samir_15mORB_Hold
2025-12-02,-1.0045592705167172,-3305.0,164.5,1,stop,2025-12-02 10:05:00,25851.75,25687.25,,2025-12-02 11:23:00,25687.25,-164.5,S4_Samir_15mORB_Hold
2025-12-03,0.7142857142857143,1700.0,119.0,1,close,2025-12-03 10:05:00,25788.0,25669.0,,2025-12-03 15:59:00,25873.75,85.75,S4_Samir_15mORB_Hold
2025-12-05,-1.0061475409836065,-2455.0,122.0,1,stop,2025-12-05 09:55:00,26011.5,25889.5,,2025-12-05 11:31:00,25889.5,-122.0,S4_Samir_15mORB_Hold
2025-12-08,0.8774509803921569,1790.0,102.0,-1,close,2025-12-08 09:50:00,25975.25,26077.25,,2025-12-08 15:59:00,25885.0,90.25,S4_Samir_15mORB_Hold
2025-12-11,-1.004566210045662,-3300.0,164.25,-1,stop,2025-12-11 09:50:00,25702.5,25866.75,,2025-12-11 13:36:00,25866.75,-164.25,S4_Samir_15mORB_Hold
2025-12-12,2.648106904231626,5945.0,112.25,-1,close,2025-12-12 09:50:00,25723.75,25836.0,,2025-12-12 15:59:00,25425.75,298.0,S4_Samir_15mORB_Hold
2025-12-15,1.146774193548387,3555.0,155.0,-1,close,2025-12-15 09:55:00,25729.75,25884.75,,2025-12-15 15:59:00,25551.25,178.5,S4_Samir_15mORB_Hold
2025-12-16,-1.004054054054054,-3715.0,185.0,1,stop,2025-12-16 10:00:00,25611.0,25426.0,,2025-12-16 10:25:00,25426.0,-185.0,S4_Samir_15mORB_Hold
2025-12-19,0.1051980198019802,425.0,202.0,1,close,2025-12-19 10:00:00,25775.25,25573.25,,2025-12-19 15:59:00,25797.25,22.0,S4_Samir_15mORB_Hold
2025-12-23,-1.007462686567164,-2025.0,100.5,-1,stop,2025-12-23 10:05:00,25854.25,25954.75,,2025-12-23 10:58:00,25954.75,-100.5,S4_Samir_15mORB_Hold
2025-12-26,-0.2821229050279329,-505.0,89.5,-1,close,2025-12-26 10:15:00,26058.75,26148.25,,2025-12-26 15:59:00,26083.25,-24.5,S4_Samir_15mORB_Hold
2025-12-30,-1.013574660633484,-1120.0,55.25,1,stop,2025-12-30 09:50:00,25953.25,25898.0,,2025-12-30 10:43:00,25898.0,-55.25,S4_Samir_15mORB_Hold
2025-12-31,1.747093023255814,3005.0,86.0,-1,close,2025-12-31 10:00:00,25822.75,25908.75,,2025-12-31 15:59:00,25671.75,151.0,S4_Samir_15mORB_Hold
2026-01-02,-1.0064102564102564,-2355.0,117.0,1,stop,2026-01-02 09:50:00,25971.5,25854.5,,2026-01-02 10:12:00,25854.5,-117.0,S4_Samir_15mORB_Hold
2026-01-06,1.0,2050.0,102.5,1,close,2026-01-06 09:50:00,25926.75,25824.25,,2026-01-06 15:59:00,26030.0,103.25,S4_Samir_15mORB_Hold
2026-01-08,-0.3984962406015037,-1590.0,199.5,-1,close,2026-01-08 10:00:00,25820.25,26019.75,,2026-01-08 15:59:00,25899.0,-78.75,S4_Samir_15mORB_Hold
2026-01-09,-1.0050933786078098,-2960.0,147.25,-1,stop,2026-01-09 10:10:00,25859.75,26007.0,,2026-01-09 10:22:00,26007.0,-147.25,S4_Samir_15mORB_Hold
2026-01-12,0.2795698924731182,910.0,162.75,1,close,2026-01-12 10:15:00,26122.5,25959.75,,2026-01-12 15:59:00,26168.75,46.25,S4_Samir_15mORB_Hold
2026-01-13,-0.1357254290171607,-435.0,160.25,-1,close,2026-01-13 10:20:00,26099.25,26259.5,,2026-01-13 15:59:00,26120.25,-21.0,S4_Samir_15mORB_Hold
2026-01-14,-0.2496940024479804,-1020.0,204.25,-1,close,2026-01-14 10:00:00,25802.75,26007.0,,2026-01-14 15:59:00,25853.0,-50.25,S4_Samir_15mORB_Hold
2026-01-16,0.9479905437352246,2005.0,105.75,-1,close,2026-01-16 09:55:00,26002.0,26107.75,,2026-01-16 15:59:00,25901.0,101.0,S4_Samir_15mORB_Hold
2026-01-19,1.0723684210526316,1630.0,76.0,1,close,2026-01-19 10:00:00,25532.5,25456.5,,2026-01-19 12:59:00,25614.75,82.25,S4_Samir_15mORB_Hold
2026-01-20,-1.0058479532163742,-2580.0,128.25,1,stop,2026-01-20 10:30:00,25578.25,25450.0,,2026-01-20 13:33:00,25450.0,-128.25,S4_Samir_15mORB_Hold
2026-01-21,2.1513761467889907,4690.0,109.0,1,close,2026-01-21 09:50:00,25452.75,25343.75,,2026-01-21 15:59:00,25688.0,235.25,S4_Samir_15mORB_Hold
2026-01-22,-0.5603174603174603,-1765.0,157.5,-1,close,2026-01-22 09:50:00,25791.0,25948.5,,2026-01-22 15:59:00,25878.5,-87.5,S4_Samir_15mORB_Hold
2026-01-23,0.6264775413711584,1325.0,105.75,1,close,2026-01-23 10:00:00,25884.5,25778.75,,2026-01-23 15:59:00,25951.5,67.0,S4_Samir_15mORB_Hold
2026-01-26,-0.1614349775784753,-540.0,167.25,1,close,2026-01-26 10:20:00,26087.75,25920.5,,2026-01-26 15:59:00,26061.5,-26.25,S4_Samir_15mORB_Hold
2026-01-27,0.3132780082987552,755.0,120.5,1,close,2026-01-27 09:55:00,26254.0,26133.5,,2026-01-27 15:59:00,26292.5,38.5,S4_Samir_15mORB_Hold
2026-01-29,-0.2196162046908315,-1030.0,234.5,-1,close,2026-01-29 09:55:00,26157.25,26391.75,,2026-01-29 15:59:00,26208.0,-50.75,S4_Samir_15mORB_Hold
2026-01-30,0.8085470085470086,2365.0,146.25,-1,close,2026-01-30 10:30:00,26010.5,26156.75,,2026-01-30 15:59:00,25891.5,119.0,S4_Samir_15mORB_Hold
2026-02-02,0.3396825396825397,1605.0,236.25,1,close,2026-02-02 09:55:00,25992.25,25756.0,,2026-02-02 15:59:00,26073.25,81.0,S4_Samir_15mORB_Hold
2026-02-03,1.1750805585392052,5470.0,232.75,-1,close,2026-02-03 09:55:00,25936.25,26169.0,,2026-02-03 15:59:00,25662.0,274.25,S4_Samir_15mORB_Hold
2026-02-04,1.0153061224489797,3980.0,196.0,-1,close,2026-02-04 10:00:00,25410.75,25606.75,,2026-02-04 15:59:00,25211.0,199.75,S4_Samir_15mORB_Hold
2026-02-05,-0.2127236580516898,-1605.0,377.25,-1,close,2026-02-05 10:15:00,24775.5,25152.75,,2026-02-05 15:59:00,24855.0,-79.5,S4_Samir_15mORB_Hold
2026-02-09,0.8331332533013205,3470.0,208.25,1,close,2026-02-09 10:05:00,25380.0,25171.75,,2026-02-09 15:59:00,25554.25,174.25,S4_Samir_15mORB_Hold
2026-02-10,-1.0044052863436124,-3420.0,170.25,1,stop,2026-02-10 10:10:00,25651.75,25481.5,,2026-02-10 15:06:00,25481.5,-170.25,S4_Samir_15mORB_Hold
2026-02-11,0.1713836477987421,545.0,159.0,-1,close,2026-02-11 10:00:00,25523.0,25682.0,,2026-02-11 15:59:00,25495.0,28.0,S4_Samir_15mORB_Hold
2026-02-12,3.441696113074205,9740.0,141.5,-1,close,2026-02-12 09:50:00,25467.75,25609.25,,2026-02-12 15:59:00,24980.0,487.75,S4_Samir_15mORB_Hold
2026-02-13,-0.1757631822386679,-950.0,270.25,1,close,2026-02-13 10:30:00,25065.25,24795.0,,2026-02-13 15:59:00,25018.5,-46.75,S4_Samir_15mORB_Hold
2026-02-16,-1.0098039215686274,-1545.0,76.5,1,stop,2026-02-16 10:05:00,25004.25,24927.75,,2026-02-16 10:29:00,24927.75,-76.5,S4_Samir_15mORB_Hold
2026-02-17,-1.0026385224274406,-5700.0,284.25,-1,stop,2026-02-17 09:55:00,24748.25,25032.5,,2026-02-17 13:39:00,25032.5,-284.25,S4_Samir_15mORB_Hold
2026-02-18,0.5157116451016636,1395.0,135.25,1,close,2026-02-18 09:55:00,25103.5,24968.25,,2026-02-18 15:59:00,25174.0,70.5,S4_Samir_15mORB_Hold
2026-02-19,-1.005703422053232,-2645.0,131.5,1,stop,2026-02-19 10:10:00,25110.75,24979.25,,2026-02-19 13:20:00,24979.25,-131.5,S4_Samir_15mORB_Hold
2026-02-20,0.2027334851936218,1335.0,329.25,1,close,2026-02-20 10:25:00,25224.0,24894.75,,2026-02-20 15:59:00,25291.5,67.5,S4_Samir_15mORB_Hold
2026-02-23,0.5625899280575539,1955.0,173.75,-1,close,2026-02-23 10:05:00,25083.0,25256.75,,2026-02-23 15:59:00,24984.5,98.5,S4_Samir_15mORB_Hold
2026-02-24,0.3440320962888666,1715.0,249.25,1,close,2026-02-24 09:50:00,25160.0,24910.75,,2026-02-24 15:59:00,25246.5,86.5,S4_Samir_15mORB_Hold
2026-02-25,0.3880368098159509,1265.0,163.0,1,close,2026-02-25 09:50:00,25536.0,25373.0,,2026-02-25 15:59:00,25600.0,64.0,S4_Samir_15mORB_Hold
2026-02-26,0.3155216284987277,1240.0,196.5,-1,close,2026-02-26 10:10:00,25362.25,25558.75,,2026-02-26 15:59:00,25299.5,62.75,S4_Samir_15mORB_Hold
2026-02-27,0.4896551724137931,1420.0,145.0,1,close,2026-02-27 09:50:00,25143.25,24998.25,,2026-02-27 15:59:00,25215.0,71.75,S4_Samir_15mORB_Hold
2026-03-02,0.4530434782608695,2605.0,287.5,1,close,2026-03-02 09:50:00,25108.75,24821.25,,2026-03-02 15:59:00,25239.75,131.0,S4_Samir_15mORB_Hold
2026-03-03,-1.0043478260869565,-3465.0,172.5,-1,stop,2026-03-03 10:00:00,24705.5,24878.0,,2026-03-03 11:45:00,24878.0,-172.5,S4_Samir_15mORB_Hold
2026-03-04,0.7863924050632911,2485.0,158.0,1,close,2026-03-04 10:10:00,25211.5,25053.5,,2026-03-04 15:59:00,25336.5,125.0,S4_Samir_15mORB_Hold
2026-03-05,-1.0047694753577106,-3160.0,157.25,1,stop,2026-03-05 09:55:00,25358.75,25201.5,,2026-03-05 10:30:00,25201.5,-157.25,S4_Samir_15mORB_Hold
2026-03-06,-1.0047846889952152,-3150.0,156.75,1,stop,2026-03-06 10:05:00,24981.75,24825.0,,2026-03-06 15:37:00,24825.0,-156.75,S4_Samir_15mORB_Hold
2026-03-10,-1.0041608876560333,-3620.0,180.25,-1,stop,2026-03-10 10:10:00,25118.25,25298.5,,2026-03-10 10:39:00,25298.5,-180.25,S4_Samir_15mORB_Hold
2026-03-11,0.3671875,705.0,96.0,-1,close,2026-03-11 10:25:00,25236.25,25332.25,,2026-03-11 15:59:00,25200.25,36.0,S4_Samir_15mORB_Hold
2026-03-12,0.6766917293233082,2250.0,166.25,-1,close,2026-03-12 09:55:00,24885.0,25051.25,,2026-03-12 15:59:00,24771.75,113.25,S4_Samir_15mORB_Hold
2026-03-13,-1.0042134831460674,-3575.0,178.0,1,stop,2026-03-13 09:55:00,25004.75,24826.75,,2026-03-13 10:42:00,24826.75,-178.0,S4_Samir_15mORB_Hold
2026-03-16,-1.0066518847006651,-2270.0,112.75,1,stop,2026-03-16 10:00:00,24950.0,24837.25,,2026-03-16 10:50:00,24837.25,-112.75,S4_Samir_15mORB_Hold
2026-03-17,-1.005,-3015.0,150.0,1,stop,2026-03-17 09:50:00,25114.75,24964.75,,2026-03-17 11:36:00,24964.75,-150.0,S4_Samir_15mORB_Hold
2026-03-18,2.564643799472296,4860.0,94.75,-1,close,2026-03-18 10:15:00,24896.25,24991.0,,2026-03-18 15:59:00,24652.5,243.75,S4_Samir_15mORB_Hold
2026-03-19,0.3129973474801061,1180.0,188.5,1,close,2026-03-19 09:55:00,24516.0,24327.5,,2026-03-19 15:59:00,24575.75,59.75,S4_Samir_15mORB_Hold
2026-03-20,1.9415204678362568,4980.0,128.25,-1,close,2026-03-20 09:55:00,24364.25,24492.5,,2026-03-20 15:59:00,24114.5,249.75,S4_Samir_15mORB_Hold
2026-03-23,-1.0051993067590987,-2900.0,144.25,1,stop,2026-03-23 09:50:00,24577.5,24433.25,,2026-03-23 11:52:00,24433.25,-144.25,S4_Samir_15mORB_Hold
2026-03-25,0.4358974358974359,935.0,107.25,-1,close,2026-03-25 09:50:00,24420.0,24527.25,,2026-03-25 15:59:00,24372.5,47.5,S4_Samir_15mORB_Hold
2026-03-26,-1.0044776119402985,-3365.0,167.5,1,stop,2026-03-26 09:55:00,24232.25,24064.75,,2026-03-26 10:55:00,24064.75,-167.5,S4_Samir_15mORB_Hold
2026-03-27,1.5613718411552346,4325.0,138.5,-1,close,2026-03-27 09:55:00,23526.75,23665.25,,2026-03-27 15:59:00,23309.75,217.0,S4_Samir_15mORB_Hold
2026-03-30,1.2409470752089136,4455.0,179.5,-1,close,2026-03-30 09:50:00,23360.0,23539.5,,2026-03-30 15:59:00,23136.5,223.5,S4_Samir_15mORB_Hold
2026-03-31,-1.0049261083743843,-3060.0,152.25,1,stop,2026-03-31 09:50:00,23531.75,23379.5,,2026-03-31 10:56:00,23379.5,-152.25,S4_Samir_15mORB_Hold
2026-04-02,2.227678571428572,7485.0,168.0,1,close,2026-04-02 09:55:00,23846.75,23678.75,,2026-04-02 15:59:00,24221.75,375.0,S4_Samir_15mORB_Hold
2026-04-06,-1.0045317220543806,-3325.0,165.5,1,stop,2026-04-06 10:00:00,24412.0,24246.5,,2026-04-06 13:12:00,24246.5,-165.5,S4_Samir_15mORB_Hold
2026-04-07,-1.0053285968028418,-2830.0,140.75,-1,stop,2026-04-07 09:50:00,24168.5,24309.25,,2026-04-07 15:45:00,24309.25,-140.75,S4_Samir_15mORB_Hold
2026-04-08,0.0,0.0,169.5,-1,close,2026-04-08 09:55:00,25081.5,25251.0,,2026-04-08 15:59:00,25080.75,0.75,S4_Samir_15mORB_Hold
2026-04-09,-1.00625,-2415.0,120.0,-1,stop,2026-04-09 10:20:00,24990.25,25110.25,,2026-04-09 11:32:00,25110.25,-120.0,S4_Samir_15mORB_Hold
2026-04-10,-1.0094637223974765,-1600.0,79.25,-1,stop,2026-04-10 10:05:00,25291.25,25370.5,,2026-04-10 10:32:00,25370.5,-79.25,S4_Samir_15mORB_Hold
2026-04-13,2.7161125319693094,5310.0,97.75,1,close,2026-04-13 09:50:00,25272.5,25174.75,,2026-04-13 15:59:00,25538.75,266.25,S4_Samir_15mORB_Hold
2026-04-14,2.3503649635036497,4830.0,102.75,1,close,2026-04-14 10:10:00,25759.5,25656.75,,2026-04-14 15:59:00,26001.75,242.25,S4_Samir_15mORB_Hold
2026-04-15,3.372492836676218,5885.0,87.25,1,close,2026-04-15 10:00:00,26070.25,25983.0,,2026-04-15 15:59:00,26365.25,295.0,S4_Samir_15mORB_Hold
2026-04-16,-1.0043859649122806,-3435.0,171.0,-1,stop,2026-04-16 09:55:00,26283.5,26454.5,,2026-04-16 11:08:00,26454.5,-171.0,S4_Samir_15mORB_Hold
2026-04-17,0.6342975206611571,1535.0,121.0,1,close,2026-04-17 10:05:00,26751.25,26630.25,,2026-04-17 15:59:00,26828.75,77.5,S4_Samir_15mORB_Hold
2026-04-20,-0.1683673469387755,-330.0,98.0,-1,close,2026-04-20 10:30:00,26731.0,26829.0,,2026-04-20 15:59:00,26746.75,-15.75,S4_Samir_15mORB_Hold
2026-04-21,-1.0066815144766148,-2260.0,112.25,1,stop,2026-04-21 10:00:00,26839.75,26727.5,,2026-04-21 11:00:00,26727.5,-112.25,S4_Samir_15mORB_Hold
2026-04-22,1.4136363636363636,3110.0,110.0,1,close,2026-04-22 10:15:00,26924.25,26814.25,,2026-04-22 15:59:00,27080.5,156.25,S4_Samir_15mORB_Hold
2026-04-24,-1.008595988538682,-1760.0,87.25,-1,stop,2026-04-24 09:55:00,27174.0,27261.25,,2026-04-24 10:12:00,27261.25,-87.25,S4_Samir_15mORB_Hold
2026-04-27,-1.0089020771513353,-1700.0,84.25,-1,stop,2026-04-27 09:50:00,27352.0,27436.25,,2026-04-27 13:33:00,27436.25,-84.25,S4_Samir_15mORB_Hold
2026-04-29,1.078239608801956,2205.0,102.25,1,close,2026-04-29 09:55:00,27227.25,27125.0,,2026-04-29 15:59:00,27338.25,111.0,S4_Samir_15mORB_Hold
2026-04-30,-1.003024193548387,-4975.0,248.0,-1,stop,2026-04-30 09:55:00,27244.75,27492.75,,2026-04-30 13:30:00,27492.75,-248.0,S4_Samir_15mORB_Hold
2026-05-01,-0.14453125,-740.0,256.0,1,close,2026-05-01 10:00:00,27874.5,27618.5,,2026-05-01 15:59:00,27838.25,-36.25,S4_Samir_15mORB_Hold
2026-05-04,-1.008849557522124,-1710.0,84.75,1,stop,2026-05-04 10:15:00,27893.75,27809.0,,2026-05-04 11:19:00,27809.0,-84.75,S4_Samir_15mORB_Hold
2026-05-05,0.1967213114754098,540.0,137.25,1,close,2026-05-05 10:25:00,28109.0,27971.75,,2026-05-05 15:59:00,28136.75,27.75,S4_Samir_15mORB_Hold
2026-05-07,-1.0111940298507462,-1355.0,67.0,1,stop,2026-05-07 09:55:00,28788.5,28721.5,,2026-05-07 12:08:00,28721.5,-67.0,S4_Samir_15mORB_Hold
2026-05-08,1.3148371531966223,5450.0,207.25,1,close,2026-05-08 09:50:00,29067.5,28860.25,,2026-05-08 15:59:00,29340.75,273.25,S4_Samir_15mORB_Hold
2026-05-12,-0.2929936305732484,-920.0,157.0,-1,close,2026-05-12 10:00:00,29130.0,29287.0,,2026-05-12 15:59:00,29175.25,-45.25,S4_Samir_15mORB_Hold
2026-05-13,-1.0049019607843137,-3075.0,153.0,-1,stop,2026-05-13 09:50:00,29136.75,29289.75,,2026-05-13 10:52:00,29289.75,-153.0,S4_Samir_15mORB_Hold
2026-05-14,0.0962695547533092,400.0,207.75,1,close,2026-05-14 09:50:00,29667.0,29459.25,,2026-05-14 15:59:00,29687.75,20.75,S4_Samir_15mORB_Hold
2026-05-15,-1.0050933786078098,-2960.0,147.25,-1,stop,2026-05-15 10:00:00,29145.0,29292.25,,2026-05-15 10:13:00,29292.25,-147.25,S4_Samir_15mORB_Hold
2026-05-18,0.2691358024691358,1090.0,202.5,-1,close,2026-05-18 10:30:00,29155.0,29357.5,,2026-05-18 15:59:00,29099.75,55.25,S4_Samir_15mORB_Hold
2026-05-19,-1.00271985494107,-5530.0,275.75,-1,stop,2026-05-19 10:10:00,28793.5,29069.25,,2026-05-19 13:09:00,29069.25,-275.75,S4_Samir_15mORB_Hold
2026-05-20,1.5645438898450947,4545.0,145.25,1,close,2026-05-20 10:20:00,29169.25,29024.0,,2026-05-20 15:59:00,29397.25,228.0,S4_Samir_15mORB_Hold
2026-05-21,-1.0062240663900417,-2425.0,120.5,1,stop,2026-05-21 09:55:00,29295.25,29174.75,,2026-05-21 10:20:00,29174.75,-120.5,S4_Samir_15mORB_Hold
2026-05-25,-1.0145631067961165,-1045.0,51.5,1,stop,2026-05-25 09:55:00,29992.0,29940.5,,2026-05-25 10:30:00,29940.5,-51.5,S4_Samir_15mORB_Hold
2026-05-26,0.7147707979626485,2105.0,147.25,1,close,2026-05-26 09:50:00,29974.75,29827.5,,2026-05-26 15:59:00,30080.75,106.0,S4_Samir_15mORB_Hold
2026-05-27,-0.3624309392265193,-1640.0,226.25,-1,close,2026-05-27 10:25:00,29967.0,30193.25,,2026-05-27 15:59:00,30048.25,-81.25,S4_Samir_15mORB_Hold
2026-05-28,0.6628440366972477,2890.0,218.0,1,close,2026-05-28 10:15:00,30162.0,29944.0,,2026-05-28 15:59:00,30307.25,145.25,S4_Samir_15mORB_Hold
2026-05-29,-1.0061601642710472,-2450.0,121.75,1,stop,2026-05-29 09:50:00,30487.25,30365.5,,2026-05-29 10:26:00,30365.5,-121.75,S4_Samir_15mORB_Hold
2026-06-02,0.5766016713091922,2070.0,179.5,1,close,2026-06-02 10:00:00,30604.0,30424.5,,2026-06-02 15:59:00,30708.25,104.25,S4_Samir_15mORB_Hold
2026-06-03,-0.3961267605633803,-2250.0,284.0,-1,close,2026-06-03 09:50:00,30525.0,30809.0,,2026-06-03 15:59:00,30636.75,-111.75,S4_Samir_15mORB_Hold
2026-06-04,-1.0044776119402985,-3365.0,167.5,-1,stop,2026-06-04 10:05:00,30198.25,30365.75,,2026-06-04 11:00:00,30365.75,-167.5,S4_Samir_15mORB_Hold
2026-06-05,3.4563206577595067,16815.0,243.25,-1,close,2026-06-05 09:50:00,29858.5,30101.75,,2026-06-05 15:59:00,29017.0,841.5,S4_Samir_15mORB_Hold
2026-06-08,-1.0032051282051282,-4695.0,234.0,-1,stop,2026-06-08 10:00:00,29351.25,29585.25,,2026-06-08 10:36:00,29585.25,-234.0,S4_Samir_15mORB_Hold
2026-06-09,-1.0035502958579885,-4240.0,211.25,1,stop,2026-06-09 09:50:00,29845.25,29634.0,,2026-06-09 10:00:00,29634.0,-211.25,S4_Samir_15mORB_Hold
2026-06-10,-1.001684446939921,-8920.0,445.25,1,stop,2026-06-10 10:25:00,29218.5,28773.25,,2026-06-10 11:11:00,28773.25,-445.25,S4_Samir_15mORB_Hold
2026-06-11,-1.002364066193853,-6360.0,317.25,1,stop,2026-06-11 09:55:00,28968.75,28651.5,,2026-06-11 10:58:00,28651.5,-317.25,S4_Samir_15mORB_Hold
2026-06-12,0.2214285714285714,1395.0,315.0,1,close,2026-06-12 10:10:00,29579.25,29264.25,,2026-06-12 15:59:00,29649.75,70.5,S4_Samir_15mORB_Hold
2026-06-15,0.5162659123055162,1825.0,176.75,1,close,2026-06-15 09:50:00,30781.25,30604.5,,2026-06-15 15:59:00,30873.25,92.0,S4_Samir_15mORB_Hold
2026-06-16,3.5454545454545454,8580.0,121.0,-1,close,2026-06-16 10:20:00,30739.75,30860.75,,2026-06-16 15:59:00,30310.0,429.75,S4_Samir_15mORB_Hold
2026-06-17,-1.004120879120879,-3655.0,182.0,-1,stop,2026-06-17 10:00:00,30346.0,30528.0,,2026-06-17 10:24:00,30528.0,-182.0,S4_Samir_15mORB_Hold
2026-06-22,-1.004172461752434,-3610.0,179.75,1,stop,2026-06-22 10:00:00,30936.25,30756.5,,2026-06-22 10:27:00,30756.5,-179.75,S4_Samir_15mORB_Hold
2026-06-23,-1.0028901734104043,-5205.0,259.5,1,stop,2026-06-23 09:55:00,29875.75,29616.25,,2026-06-23 14:45:00,29616.25,-259.5,S4_Samir_15mORB_Hold
2026-06-24,-1.0028929604628736,-5200.0,259.25,-1,stop,2026-06-24 10:20:00,29582.5,29841.75,,2026-06-24 10:46:00,29841.75,-259.25,S4_Samir_15mORB_Hold
2026-06-25,-0.4248217757615035,-6555.0,771.5,-1,close,2026-06-25 09:55:00,29421.75,30193.25,,2026-06-25 15:59:00,29748.75,-327.0,S4_Samir_15mORB_Hold
2026-06-26,-0.5042816365366318,-2650.0,262.75,1,close,2026-06-26 10:00:00,29444.0,29181.25,,2026-06-26 15:59:00,29312.25,-131.75,S4_Samir_15mORB_Hold
2026-06-29,-1.002982107355865,-5045.0,251.5,-1,stop,2026-06-29 10:05:00,29543.75,29795.25,,2026-06-29 11:30:00,29795.25,-251.5,S4_Samir_15mORB_Hold
2026-06-30,0.8400383141762452,4385.0,261.0,1,close,2026-06-30 09:55:00,30293.75,30032.75,,2026-06-30 15:59:00,30513.75,220.0,S4_Samir_15mORB_Hold
